hour,day_of_week,day_of_year,temperature_c,demand
0,0,1,15.0,23126.0
1,0,1,14.8,23165.0
2,0,1,12.9,24138.0
3,0,1,11.6,25999.0
4,0,1,11.3,25812.0
5,0,1,11.5,25007.0
6,0,1,10.2,24317.0
7,0,1,9.8,23918.0
8,0,1,9.4,23066.0
9,0,1,9.4,22365.0
10,0,1,9.3,21604.0
11,0,1,10.2,21007.0
12,0,1,9.4,20402.0
13,0,1,8.8,20119.0
14,0,1,8.5,19740.0
15,0,1,8.0,20059.0
16,0,1,8.6,20697.0
17,0,1,11.7,21060.0
18,0,1,13.7,20827.0
19,0,1,15.2,20608.0
20,0,1,16.3,20707.0
21,0,1,16.8,20191.0
22,0,1,17.1,19778.0
23,0,1,17.3,19756.0
0,1,2,16.5,19820.0
1,1,2,14.0,20302.0
2,1,2,12.6,22243.0
3,1,2,11.7,24523.0
4,1,2,10.3,24851.0
5,1,2,8.8,24529.0
6,1,2,7.5,24327.0
7,1,2,7.3,24078.0
8,1,2,6.9,22808.0
9,1,2,6.6,21576.0
10,1,2,7.5,20779.0
11,1,2,7.5,20227.0
12,1,2,9.1,19834.0
13,1,2,12.2,19611.0
14,1,2,7.9,20025.0
15,1,2,8.0,21422.0
16,1,2,10.1,23274.0
17,1,2,12.6,24578.0
18,1,2,14.8,25319.0
19,1,2,15.8,25332.0
20,1,2,16.6,24774.0
21,1,2,17.0,24306.0
22,1,2,17.2,23267.0
23,1,2,17.2,23088.0
0,2,3,16.8,23720.0
1,2,3,14.3,24304.0
2,2,3,13.1,25631.0
3,2,3,12.4,27425.0
4,2,3,12.9,27329.0
5,2,3,12.7,26871.0
6,2,3,12.5,26561.0
7,2,3,9.7,25692.0
8,2,3,8.5,24252.0
9,2,3,8.8,22981.0
10,2,3,8.8,22117.0
11,2,3,9.0,21614.0
12,2,3,10.0,21392.0
13,2,3,10.2,21195.0
14,2,3,10.3,20947.0
15,2,3,10.1,21893.0
16,2,3,10.6,23583.0
17,2,3,11.8,24968.0
18,2,3,13.0,25498.0
19,2,3,14.6,25244.0
20,2,3,15.7,24591.0
21,2,3,15.7,23535.0
22,2,3,16.1,23240.0
23,2,3,16.0,22838.0
0,3,4,15.0,23562.0
1,3,4,13.1,24280.0
2,3,4,12.1,25786.0
3,3,4,11.5,27524.0
4,3,4,10.8,27613.0
5,3,4,10.8,27137.0
6,3,4,10.7,26620.0
7,3,4,10.0,25908.0
8,3,4,8.7,24599.0
9,3,4,8.3,23340.0
10,3,4,7.9,22150.0
11,3,4,7.9,21707.0
12,3,4,7.2,21499.0
13,3,4,7.5,21182.0
14,3,4,6.5,21178.0
15,3,4,5.7,22424.0
16,3,4,7.2,24394.0
17,3,4,9.9,25560.0
18,3,4,11.5,25655.0
19,3,4,12.3,24749.0
20,3,4,13.2,23839.0
21,3,4,14.4,23412.0
22,3,4,15.2,23655.0
23,3,4,15.0,23570.0
0,4,5,14.2,23519.0
1,4,5,12.1,23229.0
2,4,5,13.6,24896.0
3,4,5,9.2,27069.0
4,4,5,8.2,27288.0
5,4,5,7.6,27142.0
6,4,5,6.8,26536.0
7,4,5,6.3,25702.0
8,4,5,5.8,24875.0
9,4,5,6.1,23809.0
10,4,5,6.7,22782.0
11,4,5,6.3,21926.0
12,4,5,6.5,21340.0
13,4,5,11.1,21250.0
14,4,5,8.7,21522.0
15,4,5,8.3,22574.0
16,4,5,9.7,24315.0
17,4,5,11.6,25508.0
18,4,5,12.4,25581.0
19,4,5,14.1,24296.0
20,4,5,14.9,23747.0
21,4,5,15.4,22297.0
22,4,5,15.6,22171.0
23,4,5,16.0,22841.0
0,5,6,15.2,23741.0
1,5,6,14.0,23666.0
2,5,6,11.8,24623.0
3,5,6,9.1,26595.0
4,5,6,7.6,26752.0
5,5,6,6.8,26363.0
6,5,6,6.0,26007.0
7,5,6,5.5,25615.0
8,5,6,5.0,24460.0
9,5,6,4.4,23211.0
10,5,6,4.0,22631.0
11,5,6,3.6,21797.0
12,5,6,3.8,21259.0
13,5,6,4.7,21015.0
14,5,6,7.8,21125.0
15,5,6,7.3,21691.0
16,5,6,8.1,22692.0
17,5,6,11.5,23106.0
18,5,6,13.9,22751.0
19,5,6,15.5,22499.0
20,5,6,16.5,22773.0
21,5,6,16.7,22832.0
22,5,6,16.8,22822.0
23,5,6,16.7,23221.0
0,6,7,15.4,22580.0
1,6,7,13.5,22891.0
2,6,7,12.0,23957.0
3,6,7,12.7,25939.0
4,6,7,11.7,26008.0
5,6,7,10.8,25784.0
6,6,7,9.0,25197.0
7,6,7,8.4,24632.0
8,6,7,8.4,23705.0
9,6,7,9.5,22824.0
10,6,7,9.4,22183.0
11,6,7,10.0,21494.0
12,6,7,9.5,21113.0
13,6,7,9.4,20635.0
14,6,7,8.6,20563.0
15,6,7,8.6,20776.0
16,6,7,8.6,21597.0
17,6,7,9.7,22186.0
18,6,7,11.0,21518.0
19,6,7,12.1,20532.0
20,6,7,13.0,20204.0
21,6,7,13.3,20479.0
22,6,7,13.1,20558.0
23,6,7,12.4,21072.0
0,0,8,10.7,21096.0
1,0,8,10.0,21000.0
2,0,8,9.1,23142.0
3,0,8,8.3,26032.0
4,0,8,7.4,26570.0
5,0,8,7.1,26611.0
6,0,8,7.3,26336.0
7,0,8,7.1,25652.0
8,0,8,6.5,24385.0
9,0,8,5.5,23262.0
10,0,8,3.9,22903.0
11,0,8,3.1,22259.0
12,0,8,2.6,22426.0
13,0,8,3.5,22475.0
14,0,8,3.0,22605.0
15,0,8,2.2,24095.0
16,0,8,4.3,26713.0
17,0,8,8.0,27988.0
18,0,8,9.9,27600.0
19,0,8,11.5,26740.0
20,0,8,12.9,24807.0
21,0,8,13.9,24499.0
22,0,8,14.5,23640.0
23,0,8,14.3,23745.0
0,1,9,13.0,24514.0
1,1,9,10.7,24195.0
2,1,9,9.3,25769.0
3,1,9,9.0,28345.0
4,1,9,7.7,28795.0
5,1,9,6.6,28393.0
6,1,9,5.3,27873.0
7,1,9,4.3,26939.0
8,1,9,4.0,25477.0
9,1,9,4.7,23860.0
10,1,9,6.2,23659.0
11,1,9,6.2,23472.0
12,1,9,5.7,22895.0
13,1,9,7.1,22874.0
14,1,9,6.2,22716.0
15,1,9,4.6,23876.0
16,1,9,6.8,25274.0
17,1,9,9.7,27506.0
18,1,9,11.9,27720.0
19,1,9,13.1,27254.0
20,1,9,13.7,26279.0
21,1,9,14.5,25455.0
22,1,9,15.0,24337.0
23,1,9,15.2,23412.0
0,2,10,13.8,23545.0
1,2,10,12.3,23507.0
2,2,10,12.2,25339.0
3,2,10,11.8,27559.0
4,2,10,8.2,28040.0
5,2,10,7.5,27769.0
6,2,10,6.5,27493.0
7,2,10,6.1,26517.0
8,2,10,5.9,24986.0
9,2,10,6.0,23515.0
10,2,10,6.0,22907.0
11,2,10,6.1,22994.0
12,2,10,5.8,22309.0
13,2,10,6.3,21997.0
14,2,10,5.8,22195.0
15,2,10,5.4,23232.0
16,2,10,6.6,25601.0
17,2,10,9.0,27146.0
18,2,10,10.7,27313.0
19,2,10,12.3,26526.0
20,2,10,13.9,26025.0
21,2,10,15.4,25710.0
22,2,10,15.0,25480.0
23,2,10,13.7,25209.0
0,3,11,13.0,25170.0
1,3,11,12.2,25140.0
2,3,11,10.1,26360.0
3,3,11,9.1,28408.0
4,3,11,8.4,28592.0
5,3,11,7.9,27968.0
6,3,11,7.3,27359.0
7,3,11,6.5,26734.0
8,3,11,6.6,25166.0
9,3,11,6.0,23721.0
10,3,11,6.2,22918.0
11,3,11,6.9,22923.0
12,3,11,8.5,22802.0
13,3,11,9.4,22081.0
14,3,11,10.2,22287.0
15,3,11,9.5,22977.0
16,3,11,9.4,25314.0
17,3,11,11.5,26814.0
18,3,11,13.4,26513.0
19,3,11,13.3,24963.0
20,3,11,14.2,23373.0
21,3,11,15.3,22544.0
22,3,11,16.0,22399.0
23,3,11,16.2,23008.0
0,4,12,15.3,23059.0
1,4,12,11.9,23294.0
2,4,12,10.2,25231.0
3,4,12,9.7,27711.0
4,4,12,8.2,28068.0
5,4,12,6.4,27825.0
6,4,12,5.4,27351.0
7,4,12,4.7,26856.0
8,4,12,5.1,25446.0
9,4,12,7.4,23965.0
10,4,12,6.3,23850.0
11,4,12,6.2,23418.0
12,4,12,6.0,22694.0
13,4,12,5.4,22608.0
14,4,12,4.7,22992.0
15,4,12,3.9,24165.0
16,4,12,6.3,26404.0
17,4,12,10.2,27703.0
18,4,12,12.7,27276.0
19,4,12,14.1,25988.0
20,4,12,14.8,25259.0
21,4,12,15.3,24489.0
22,4,12,15.8,24946.0
23,4,12,15.8,24676.0
0,5,13,15.5,24534.0
1,5,13,12.0,24750.0
2,5,13,10.0,25734.0
3,5,13,9.2,27538.0
4,5,13,11.6,27584.0
5,5,13,11.4,27225.0
6,5,13,11.0,26849.0
7,5,13,10.6,26293.0
8,5,13,10.1,25225.0
9,5,13,6.3,23885.0
10,5,13,6.2,22787.0
11,5,13,6.3,22008.0
12,5,13,6.2,21658.0
13,5,13,6.3,21337.0
14,5,13,6.5,21620.0
15,5,13,6.3,21863.0
16,5,13,8.0,22800.0
17,5,13,10.6,23409.0
18,5,13,12.5,24473.0
19,5,13,13.5,24020.0
20,5,13,14.4,24199.0
21,5,13,15.2,23842.0
22,5,13,16.1,23096.0
23,5,13,16.1,22463.0
0,6,14,14.7,22568.0
1,6,14,12.6,22665.0
2,6,14,11.9,23632.0
3,6,14,12.0,25794.0
4,6,14,9.4,26298.0
5,6,14,9.0,26013.0
6,6,14,8.4,25436.0
7,6,14,7.3,24982.0
8,6,14,6.8,23847.0
9,6,14,6.5,23192.0
10,6,14,6.4,22174.0
11,6,14,6.5,21339.0
12,6,14,6.5,21001.0
13,6,14,6.4,20325.0
14,6,14,6.7,20097.0
15,6,14,7.5,20410.0
16,6,14,8.7,21087.0
17,6,14,10.2,21747.0
18,6,14,11.6,22412.0
19,6,14,12.5,22745.0
20,6,14,13.4,22500.0
21,6,14,14.7,21564.0
22,6,14,15.7,20611.0
23,6,14,15.2,19998.0
0,0,15,13.7,19754.0
1,0,15,12.7,19919.0
2,0,15,11.1,22055.0
3,0,15,10.6,24381.0
4,0,15,9.8,24682.0
5,0,15,8.9,24583.0
6,0,15,8.7,24146.0
7,0,15,8.4,23691.0
8,0,15,7.8,22585.0
9,0,15,7.2,21614.0
10,0,15,7.8,20997.0
11,0,15,8.3,20327.0
12,0,15,9.9,20313.0
13,0,15,11.2,20345.0
14,0,15,9.3,20261.0
15,0,15,9.2,21451.0
16,0,15,9.7,23196.0
17,0,15,11.9,24254.0
18,0,15,13.4,25195.0
19,0,15,14.8,24879.0
20,0,15,16.1,23249.0
21,0,15,17.1,22744.0
22,0,15,17.9,22771.0
23,0,15,18.1,23119.0
0,1,16,16.5,23891.0
1,1,16,14.2,24425.0
2,1,16,12.2,24625.0
3,1,16,12.5,26800.0
4,1,16,12.2,27007.0
5,1,16,10.5,26581.0
6,1,16,9.6,26104.0
7,1,16,9.1,25248.0
8,1,16,9.3,23740.0
9,1,16,10.4,22853.0
10,1,16,9.8,21703.0
11,1,16,12.2,21557.0
12,1,16,11.2,20845.0
13,1,16,12.9,20695.0
14,1,16,11.9,21290.0
15,1,16,11.2,22629.0
16,1,16,10.5,24876.0
17,1,16,12.5,26530.0
18,1,16,15.1,26777.0
19,1,16,17.0,26253.0
20,1,16,18.5,25243.0
21,1,16,19.7,24895.0
22,1,16,19.4,24957.0
23,1,16,18.4,24926.0
0,2,17,15.7,25237.0
1,2,17,13.6,24999.0
2,2,17,12.3,25519.0
3,2,17,12.2,27388.0
4,2,17,10.7,27415.0
5,2,17,10.3,26938.0
6,2,17,9.8,26562.0
7,2,17,9.9,25580.0
8,2,17,10.0,23894.0
9,2,17,10.2,22880.0
10,2,17,10.0,22443.0
11,2,17,10.1,21856.0
12,2,17,10.3,21500.0
13,2,17,10.4,21175.0
14,2,17,10.4,21054.0
15,2,17,10.5,21797.0
16,2,17,11.1,24075.0
17,2,17,11.9,25821.0
18,2,17,13.2,26205.0
19,2,17,14.1,26041.0
20,2,17,15.3,25265.0
21,2,17,16.7,24924.0
22,2,17,17.6,24361.0
23,2,17,18.0,24596.0
0,3,18,17.3,24072.0
1,3,18,15.1,24045.0
2,3,18,13.6,24514.0
3,3,18,11.9,26742.0
4,3,18,12.4,27056.0
5,3,18,10.6,26768.0
6,3,18,10.4,25925.0
7,3,18,10.0,25115.0
8,3,18,9.9,23946.0
9,3,18,9.7,22829.0
10,3,18,9.4,22089.0
11,3,18,9.4,21852.0
12,3,18,10.3,21396.0
13,3,18,11.3,21146.0
14,3,18,10.7,21178.0
15,3,18,10.5,22591.0
16,3,18,11.9,24655.0
17,3,18,13.7,26287.0
18,3,18,15.4,26380.0
19,3,18,16.7,25694.0
20,3,18,17.5,24839.0
21,3,18,18.3,24535.0
22,3,18,18.7,24061.0
23,3,18,18.7,24078.0
0,4,19,17.7,23904.0
1,4,19,15.0,23678.0
2,4,19,13.8,24584.0
3,4,19,13.1,26920.0
4,4,19,14.4,26919.0
5,4,19,14.0,26443.0
6,4,19,14.0,25823.0
7,4,19,14.0,25176.0
8,4,19,11.5,23809.0
9,4,19,12.4,22524.0
10,4,19,12.2,22208.0
11,4,19,11.5,21535.0
12,4,19,9.7,21409.0
13,4,19,11.0,21207.0
14,4,19,11.9,21304.0
15,4,19,11.6,22434.0
16,4,19,11.5,24247.0
17,4,19,12.6,25746.0
18,4,19,13.8,25664.0
19,4,19,15.5,25600.0
20,4,19,16.4,25207.0
21,4,19,17.1,25395.0
22,4,19,17.7,25128.0
23,4,19,18.4,24840.0
0,5,20,18.2,24390.0
1,5,20,16.8,24970.0
2,5,20,14.5,25396.0
3,5,20,14.2,26717.0
4,5,20,14.5,26682.0
5,5,20,13.9,26047.0
6,5,20,13.5,25332.0
7,5,20,13.8,24645.0
8,5,20,13.5,23475.0
9,5,20,13.2,22294.0
10,5,20,12.9,21769.0
11,5,20,12.8,21150.0
12,5,20,12.8,20847.0
13,5,20,12.7,20262.0
14,5,20,12.9,20258.0
15,5,20,12.9,20542.0
16,5,20,13.3,21539.0
17,5,20,13.7,21743.0
18,5,20,14.4,22339.0
19,5,20,14.6,22563.0
20,5,20,15.4,23461.0
21,5,20,14.8,23563.0
22,5,20,14.8,23374.0
23,5,20,14.1,23716.0
0,6,21,13.9,23973.0
1,6,21,13.6,24287.0
2,6,21,12.7,24554.0
3,6,21,12.5,25542.0
4,6,21,12.9,25426.0
5,6,21,12.9,25032.0
6,6,21,12.7,24304.0
7,6,21,12.3,23995.0
8,6,21,12.1,23296.0
9,6,21,12.2,22461.0
10,6,21,12.4,21905.0
11,6,21,12.0,21718.0
12,6,21,12.0,21394.0
13,6,21,12.1,21293.0
14,6,21,12.2,20875.0
15,6,21,12.0,20519.0
16,6,21,12.5,21107.0
17,6,21,13.0,21092.0
18,6,21,13.9,21464.0
19,6,21,15.0,21926.0
20,6,21,15.1,22282.0
21,6,21,16.2,21901.0
22,6,21,16.7,22067.0
23,6,21,17.0,21974.0
0,0,22,16.5,21967.0
1,0,22,15.4,21975.0
2,0,22,13.9,23094.0
3,0,22,13.1,24931.0
4,0,22,12.5,24955.0
5,0,22,13.0,24694.0
6,0,22,12.8,24000.0
7,0,22,13.2,23313.0
8,0,22,13.5,22605.0
9,0,22,13.5,21825.0
10,0,22,13.3,22241.0
11,0,22,13.1,21561.0
12,0,22,12.7,20840.0
13,0,22,13.1,20243.0
14,0,22,12.9,20246.0
15,0,22,12.5,21453.0
16,0,22,13.0,23561.0
17,0,22,13.8,25285.0
18,0,22,15.4,26327.0
19,0,22,15.3,26990.0
20,0,22,14.2,27077.0
21,0,22,15.2,26257.0
22,0,22,16.7,25253.0
23,0,22,16.7,25303.0
0,1,23,15.3,25432.0
1,1,23,13.5,25124.0
2,1,23,13.3,25783.0
3,1,23,13.1,27042.0
4,1,23,12.7,27267.0
5,1,23,11.0,26565.0
6,1,23,11.7,25829.0
7,1,23,12.7,24935.0
8,1,23,12.3,23767.0
9,1,23,12.0,22468.0
10,1,23,11.9,21451.0
11,1,23,10.1,20793.0
12,1,23,10.0,20876.0
13,1,23,12.5,20605.0
14,1,23,11.7,20651.0
15,1,23,11.2,21304.0
16,1,23,11.2,23202.0
17,1,23,12.2,24690.0
18,1,23,14.4,24419.0
19,1,23,16.8,23578.0
20,1,23,18.8,23383.0
21,1,23,20.4,23075.0
22,1,23,20.7,22274.0
23,1,23,20.0,22185.0
0,2,24,18.2,22496.0
1,2,24,16.4,22993.0
2,2,24,14.5,23937.0
3,2,24,12.8,25921.0
4,2,24,11.6,26564.0
5,2,24,11.6,26052.0
6,2,24,11.6,25318.0
7,2,24,10.8,24758.0
8,2,24,10.6,23627.0
9,2,24,10.5,22276.0
10,2,24,11.1,21745.0
11,2,24,12.5,20993.0
12,2,24,12.3,20922.0
13,2,24,11.6,20578.0
14,2,24,10.5,20629.0
15,2,24,10.7,21700.0
16,2,24,11.5,23632.0
17,2,24,12.9,25086.0
18,2,24,14.1,25590.0
19,2,24,15.1,25917.0
20,2,24,16.1,26124.0
21,2,24,16.8,25969.0
22,2,24,17.5,26379.0
23,2,24,17.4,25671.0
0,3,25,16.6,25093.0
1,3,25,15.2,25054.0
2,3,25,13.5,25658.0
3,3,25,13.4,26909.0
4,3,25,12.1,27009.0
5,3,25,12.6,26451.0
6,3,25,12.4,25869.0
7,3,25,12.2,25118.0
8,3,25,12.8,23838.0
9,3,25,12.4,22845.0
10,3,25,12.4,21769.0
11,3,25,12.5,21438.0
12,3,25,12.5,20950.0
13,3,25,13.3,21161.0
14,3,25,13.3,21138.0
15,3,25,13.3,22041.0
16,3,25,13.5,23899.0
17,3,25,13.9,25082.0
18,3,25,14.8,25158.0
19,3,25,16.0,24679.0
20,3,25,17.2,24325.0
21,3,25,17.9,23316.0
22,3,25,17.9,22133.0
23,3,25,16.7,22388.0
0,4,26,16.0,22263.0
1,4,26,14.1,21919.0
2,4,26,12.1,23612.0
3,4,26,11.3,25764.0
4,4,26,11.1,26189.0
5,4,26,10.6,25826.0
6,4,26,10.8,25585.0
7,4,26,9.8,24818.0
8,4,26,9.1,23579.0
9,4,26,8.7,22294.0
10,4,26,8.8,21789.0
11,4,26,8.0,21157.0
12,4,26,8.5,20514.0
13,4,26,8.2,20337.0
14,4,26,8.3,20617.0
15,4,26,8.4,21661.0
16,4,26,11.3,23854.0
17,4,26,13.0,25095.0
18,4,26,14.7,25039.0
19,4,26,16.9,24652.0
20,4,26,18.6,24434.0
21,4,26,20.1,23426.0
22,4,26,21.2,22860.0
23,4,26,21.3,23221.0
0,5,27,19.4,23206.0
1,5,27,16.2,22903.0
2,5,27,16.4,23864.0
3,5,27,13.7,25638.0
4,5,27,11.8,25861.0
5,5,27,10.9,25138.0
6,5,27,10.6,24404.0
7,5,27,10.3,23723.0
8,5,27,10.0,22797.0
9,5,27,9.6,22086.0
10,5,27,9.6,21227.0
11,5,27,9.8,20461.0
12,5,27,9.8,19970.0
13,5,27,9.1,19446.0
14,5,27,8.8,19378.0
15,5,27,8.8,19831.0
16,5,27,11.1,20701.0
17,5,27,14.4,21208.0
18,5,27,16.7,21929.0
19,5,27,18.4,21211.0
20,5,27,20.0,20507.0
21,5,27,21.8,19987.0
22,5,27,22.5,19596.0
23,5,27,21.8,18871.0
0,6,28,20.3,19307.0
1,6,28,18.2,20460.0
2,6,28,17.0,22244.0
3,6,28,18.3,24047.0
4,6,28,15.9,24360.0
5,6,28,13.8,23819.0
6,6,28,13.2,23286.0
7,6,28,13.0,22668.0
8,6,28,12.6,22066.0
9,6,28,12.4,20683.0
10,6,28,11.9,20224.0
11,6,28,11.2,19620.0
12,6,28,10.9,19065.0
13,6,28,13.5,18729.0
14,6,28,12.9,18623.0
15,6,28,12.2,18972.0
16,6,28,14.5,19729.0
17,6,28,17.2,20194.0
18,6,28,19.2,20716.0
19,6,28,21.0,21183.0
20,6,28,22.2,20807.0
21,6,28,23.2,19492.0
22,6,28,23.8,18930.0
23,6,28,23.7,18884.0
0,0,29,22.9,18506.0
1,0,29,21.2,19483.0
2,0,29,20.1,21416.0
3,0,29,16.7,23637.0
4,0,29,15.9,23999.0
5,0,29,15.0,23781.0
6,0,29,14.3,23246.0
7,0,29,14.5,22619.0
8,0,29,14.4,21566.0
9,0,29,15.4,20460.0
10,0,29,18.5,20103.0
11,0,29,18.1,19677.0
12,0,29,18.0,19132.0
13,0,29,11.1,19169.0
14,0,29,11.1,19532.0
15,0,29,12.0,20892.0
16,0,29,15.5,22884.0
17,0,29,17.0,24184.0
18,0,29,19.1,23571.0
19,0,29,21.3,22847.0
20,0,29,23.1,22679.0
21,0,29,24.0,21568.0
22,0,29,24.3,21675.0
23,0,29,24.2,22183.0
0,1,30,22.6,22291.0
1,1,30,19.6,22056.0
2,1,30,16.7,23632.0
3,1,30,17.2,25684.0
4,1,30,14.3,26001.0
5,1,30,13.3,25273.0
6,1,30,12.2,24459.0
7,1,30,11.9,23589.0
8,1,30,16.4,22228.0
9,1,30,16.6,21195.0
10,1,30,12.6,20995.0
11,1,30,14.9,20348.0
12,1,30,14.9,20093.0
13,1,30,17.1,20136.0
14,1,30,16.1,19962.0
15,1,30,15.0,21098.0
16,1,30,13.1,23165.0
17,1,30,15.7,24284.0
18,1,30,18.1,23814.0
19,1,30,20.2,22808.0
20,1,30,21.6,21533.0
21,1,30,22.6,21363.0
22,1,30,23.0,21266.0
23,1,30,22.5,21496.0
0,2,31,20.8,22143.0
1,2,31,17.8,22727.0
2,2,31,15.5,23771.0
3,2,31,15.8,25613.0
4,2,31,15.1,26043.0
5,2,31,13.4,25492.0
6,2,31,11.4,24769.0
7,2,31,12.8,23953.0
8,2,31,13.2,22702.0
9,2,31,13.8,21680.0
10,2,31,13.2,21083.0
11,2,31,11.3,20613.0
12,2,31,10.5,20122.0
13,2,31,12.6,20005.0
14,2,31,11.2,20376.0
15,2,31,11.9,21276.0
16,2,31,12.3,23045.0
17,2,31,14.0,24322.0
18,2,31,15.6,24863.0
19,2,31,17.4,24796.0
20,2,31,18.9,24144.0
21,2,31,19.1,24047.0
22,2,31,18.4,23405.0
23,2,31,17.5,23489.0
0,3,32,16.8,23353.0
1,3,32,15.7,23818.0
2,3,32,14.0,24982.0
3,3,32,12.7,26332.0
4,3,32,11.6,26671.0
5,3,32,11.9,26224.0
6,3,32,12.0,25364.0
7,3,32,11.7,24789.0
8,3,32,12.1,23936.0
9,3,32,12.2,22751.0
10,3,32,12.4,22173.0
11,3,32,12.3,21603.0
12,3,32,12.1,21279.0
13,3,32,10.7,20974.0
14,3,32,10.9,21033.0
15,3,32,10.8,21672.0
16,3,32,10.9,23694.0
17,3,32,11.2,25159.0
18,3,32,12.0,25785.0
19,3,32,12.3,25911.0
20,3,32,13.8,25815.0
21,3,32,15.5,25303.0
22,3,32,15.8,25395.0
23,3,32,15.3,24617.0
0,4,33,14.6,24109.0
1,4,33,12.2,23933.0
2,4,33,11.3,24841.0
3,4,33,10.8,26593.0
4,4,33,9.8,27307.0
5,4,33,9.3,26757.0
6,4,33,9.4,25747.0
7,4,33,8.7,24994.0
8,4,33,8.0,23875.0
9,4,33,7.8,22595.0
10,4,33,8.6,22042.0
11,4,33,9.3,21476.0
12,4,33,8.6,20927.0
13,4,33,7.2,20642.0
14,4,33,8.1,21164.0
15,4,33,9.4,22091.0
16,4,33,9.9,23852.0
17,4,33,11.8,25187.0
18,4,33,13.2,25477.0
19,4,33,14.3,24604.0
20,4,33,15.4,24364.0
21,4,33,16.2,23628.0
22,4,33,16.5,23215.0
23,4,33,16.0,22546.0
0,5,34,15.5,22410.0
1,5,34,13.9,22108.0
2,5,34,12.6,23833.0
3,5,34,11.8,26106.0
4,5,34,10.7,26895.0
5,5,34,11.4,26526.0
6,5,34,11.5,25862.0
7,5,34,8.6,25066.0
8,5,34,7.8,23993.0
9,5,34,7.7,22749.0
10,5,34,7.4,22024.0
11,5,34,7.1,21133.0
12,5,34,7.0,20779.0
13,5,34,8.0,20246.0
14,5,34,8.2,20194.0
15,5,34,8.2,20726.0
16,5,34,9.9,21387.0
17,5,34,11.8,21982.0
18,5,34,13.7,22858.0
19,5,34,14.5,22554.0
20,5,34,15.1,22605.0
21,5,34,15.4,22136.0
22,5,34,15.0,21369.0
23,5,34,14.4,20966.0
0,6,35,13.8,20879.0
1,6,35,12.8,21642.0
2,6,35,11.7,22859.0
3,6,35,11.2,24802.0
4,6,35,12.2,25207.0
5,6,35,12.6,24914.0
6,6,35,11.7,24422.0
7,6,35,11.5,24008.0
8,6,35,11.1,23186.0
9,6,35,10.5,22036.0
10,6,35,10.2,21703.0
11,6,35,10.2,20948.0
12,6,35,10.6,20502.0
13,6,35,10.3,20170.0
14,6,35,10.2,20302.0
15,6,35,10.6,20536.0
16,6,35,11.6,20628.0
17,6,35,12.9,21066.0
18,6,35,14.3,21846.0
19,6,35,13.9,22242.0
20,6,35,14.0,22689.0
21,6,35,13.3,22704.0
22,6,35,12.4,22964.0
23,6,35,12.7,22236.0
0,0,36,12.5,22536.0
1,0,36,12.9,22963.0
2,0,36,12.5,23577.0
3,0,36,12.0,24926.0
4,0,36,11.9,25237.0
5,0,36,12.0,24821.0
6,0,36,12.1,24238.0
7,0,36,12.2,23679.0
8,0,36,12.3,22352.0
9,0,36,12.5,21370.0
10,0,36,12.4,21191.0
11,0,36,12.4,20674.0
12,0,36,12.3,20764.0
13,0,36,12.4,20565.0
14,0,36,12.3,20552.0
15,0,36,12.2,21061.0
16,0,36,12.4,22820.0
17,0,36,12.3,24401.0
18,0,36,12.6,24654.0
19,0,36,12.7,24700.0
20,0,36,13.3,24904.0
21,0,36,14.4,25403.0
22,0,36,14.1,25690.0
23,0,36,13.7,25491.0
0,1,37,13.4,25180.0
1,1,37,12.7,25133.0
2,1,37,12.3,25891.0
3,1,37,12.1,27099.0
4,1,37,11.8,27575.0
5,1,37,11.4,27029.0
6,1,37,11.2,26331.0
7,1,37,10.7,25415.0
8,1,37,10.8,23831.0
9,1,37,10.8,23099.0
10,1,37,10.8,21927.0
11,1,37,10.8,21561.0
12,1,37,10.9,21596.0
13,1,37,11.5,21240.0
14,1,37,11.3,21055.0
15,1,37,10.9,21943.0
16,1,37,11.1,24238.0
17,1,37,11.1,25733.0
18,1,37,11.6,25925.0
19,1,37,11.7,25718.0
20,1,37,12.6,25901.0
21,1,37,13.3,25985.0
22,1,37,13.9,25732.0
23,1,37,13.6,24524.0
0,2,38,12.5,23990.0
1,2,38,10.2,24247.0
2,2,38,9.8,25323.0
3,2,38,9.4,27117.0
4,2,38,9.4,27761.0
5,2,38,8.3,27264.0
6,2,38,7.9,26642.0
7,2,38,8.6,25933.0
8,2,38,8.5,24668.0
9,2,38,8.1,23871.0
10,2,38,7.5,22918.0
11,2,38,7.0,22220.0
12,2,38,6.1,21610.0
13,2,38,7.6,21170.0
14,2,38,7.1,21295.0
15,2,38,7.4,22556.0
16,2,38,8.8,24811.0
17,2,38,10.7,26106.0
18,2,38,12.0,26220.0
19,2,38,13.3,26592.0
20,2,38,14.0,26556.0
21,2,38,14.0,26813.0
22,2,38,14.4,26314.0
23,2,38,14.4,26217.0
0,3,39,13.8,25719.0
1,3,39,12.2,25088.0
2,3,39,11.5,25940.0
3,3,39,11.3,27692.0
4,3,39,10.9,28462.0
5,3,39,10.9,28283.0
6,3,39,10.9,27617.0
7,3,39,10.0,26826.0
8,3,39,9.3,25508.0
9,3,39,8.2,23853.0
10,3,39,5.8,23689.0
11,3,39,4.3,22620.0
12,3,39,3.8,22102.0
13,3,39,4.4,21992.0
14,3,39,5.7,22318.0
15,3,39,4.9,23129.0
16,3,39,6.3,25363.0
17,3,39,8.3,26752.0
18,3,39,10.0,26327.0
19,3,39,11.5,24982.0
20,3,39,12.3,24178.0
21,3,39,13.1,23684.0
22,3,39,13.7,24165.0
23,3,39,14.3,24257.0
0,4,40,14.2,24423.0
1,4,40,12.4,23765.0
2,4,40,11.8,24317.0
3,4,40,9.9,26891.0
4,4,40,9.2,27951.0
5,4,40,8.5,27722.0
6,4,40,8.2,27301.0
7,4,40,8.5,26399.0
8,4,40,8.1,25194.0
9,4,40,8.0,23967.0
10,4,40,7.7,22787.0
11,4,40,7.3,22346.0
12,4,40,7.1,22118.0
13,4,40,7.9,22003.0
14,4,40,7.1,22306.0
15,4,40,5.9,23135.0
16,4,40,7.7,25290.0
17,4,40,10.8,26439.0
18,4,40,12.4,25982.0
19,4,40,13.0,25389.0
20,4,40,13.7,24038.0
21,4,40,14.0,23181.0
22,4,40,14.2,22795.0
23,4,40,14.4,21832.0
0,5,41,14.1,22230.0
1,5,41,12.4,22418.0
2,5,41,10.9,23134.0
3,5,41,10.4,25634.0
4,5,41,9.5,26925.0
5,5,41,8.7,26569.0
6,5,41,8.6,26260.0
7,5,41,8.4,25719.0
8,5,41,8.1,24629.0
9,5,41,7.4,23446.0
10,5,41,6.6,22735.0
11,5,41,5.5,21887.0
12,5,41,5.0,21295.0
13,5,41,5.4,21213.0
14,5,41,4.8,21466.0
15,5,41,4.5,22290.0
16,5,41,7.4,22816.0
17,5,41,11.1,22705.0
18,5,41,13.5,21335.0
19,5,41,14.9,19882.0
20,5,41,15.3,19472.0
21,5,41,15.4,18772.0
22,5,41,15.6,19030.0
23,5,41,15.8,19447.0
0,6,42,15.9,19098.0
1,6,42,14.0,18646.0
2,6,42,14.0,20475.0
3,6,42,11.0,23485.0
4,6,42,9.0,24974.0
5,6,42,6.9,24836.0
6,6,42,5.8,24694.0
7,6,42,5.2,24326.0
8,6,42,4.8,23455.0
9,6,42,4.6,22336.0
10,6,42,4.4,22057.0
11,6,42,4.1,21568.0
12,6,42,4.9,21266.0
13,6,42,4.4,21169.0
14,6,42,4.3,21216.0
15,6,42,4.6,21485.0
16,6,42,7.9,22422.0
17,6,42,10.0,22585.0
18,6,42,12.2,21925.0
19,6,42,14.0,20941.0
20,6,42,15.4,20521.0
21,6,42,16.4,20071.0
22,6,42,16.9,19872.0
23,6,42,17.1,19438.0
0,0,43,16.4,19067.0
1,0,43,14.0,18465.0
2,0,43,11.3,19703.0
3,0,43,10.0,22105.0
4,0,43,10.2,23272.0
5,0,43,9.3,23253.0
6,0,43,7.8,23874.0
7,0,43,6.7,23775.0
8,0,43,6.1,23331.0
9,0,43,6.3,21828.0
10,0,43,7.7,21560.0
11,0,43,10.6,21135.0
12,0,43,10.9,21144.0
13,0,43,6.7,21105.0
14,0,43,5.4,21214.0
15,0,43,5.3,22452.0
16,0,43,9.4,24642.0
17,0,43,11.3,25601.0
18,0,43,13.4,24566.0
19,0,43,15.3,23992.0
20,0,43,16.6,23145.0
21,0,43,17.4,21538.0
22,0,43,17.9,21028.0
23,0,43,17.9,20942.0
0,1,44,16.9,20539.0
1,1,44,14.5,20623.0
2,1,44,11.6,22404.0
3,1,44,13.6,25686.0
4,1,44,13.3,27157.0
5,1,44,12.1,26933.0
6,1,44,8.5,26241.0
7,1,44,7.3,25856.0
8,1,44,6.8,23877.0
9,1,44,7.9,22469.0
10,1,44,6.9,21861.0
11,1,44,7.2,21146.0
12,1,44,8.1,20664.0
13,1,44,10.8,20351.0
14,1,44,7.8,20921.0
15,1,44,6.7,22724.0
16,1,44,9.7,24972.0
17,1,44,12.2,25726.0
18,1,44,13.9,24930.0
19,1,44,15.2,23932.0
20,1,44,16.1,22397.0
21,1,44,17.0,21055.0
22,1,44,17.5,21026.0
23,1,44,17.5,20808.0
0,2,45,16.5,20963.0
1,2,45,14.2,20998.0
2,2,45,12.1,22951.0
3,2,45,12.4,25517.0
4,2,45,10.0,26696.0
5,2,45,9.3,26665.0
6,2,45,9.1,26196.0
7,2,45,8.5,25341.0
8,2,45,8.1,24060.0
9,2,45,7.9,22813.0
10,2,45,7.7,22225.0
11,2,45,7.7,21320.0
12,2,45,7.6,20821.0
13,2,45,9.5,20361.0
14,2,45,9.9,20716.0
15,2,45,9.5,22047.0
16,2,45,10.4,24161.0
17,2,45,11.7,25284.0
18,2,45,12.8,24531.0
19,2,45,14.2,23768.0
20,2,45,15.1,23193.0
21,2,45,15.5,23024.0
22,2,45,15.9,22526.0
23,2,45,15.9,22497.0
0,3,46,15.9,22624.0
1,3,46,14.6,22687.0
2,3,46,12.3,24299.0
3,3,46,11.0,26488.0
4,3,46,10.6,27307.0
5,3,46,9.8,26687.0
6,3,46,9.3,25860.0
7,3,46,8.5,24933.0
8,3,46,7.8,24273.0
9,3,46,7.9,22510.0
10,3,46,8.2,22168.0
11,3,46,7.7,21629.0
12,3,46,7.7,21571.0
13,3,46,10.3,21229.0
14,3,46,8.6,21490.0
15,3,46,9.0,22515.0
16,3,46,10.0,24456.0
17,3,46,11.9,25366.0
18,3,46,13.4,24102.0
19,3,46,14.8,22621.0
20,3,46,16.1,22158.0
21,3,46,17.1,21802.0
22,3,46,17.6,21988.0
23,3,46,16.4,22172.0
0,4,47,15.2,22345.0
1,4,47,14.9,21808.0
2,4,47,14.0,23339.0
3,4,47,13.4,25621.0
4,4,47,11.1,26536.0
5,4,47,10.9,26090.0
6,4,47,10.2,25439.0
7,4,47,10.4,24584.0
8,4,47,11.0,23452.0
9,4,47,11.7,22140.0
10,4,47,12.1,21815.0
11,4,47,12.1,21527.0
12,4,47,12.0,20941.0
13,4,47,12.1,20599.0
14,4,47,11.9,21087.0
15,4,47,11.7,22287.0
16,4,47,12.4,24110.0
17,4,47,13.4,24700.0
18,4,47,14.4,24050.0
19,4,47,15.7,23000.0
20,4,47,17.0,22361.0
21,4,47,18.0,22241.0
22,4,47,18.7,21939.0
23,4,47,18.4,22075.0
0,5,48,16.9,22400.0
1,5,48,16.0,22374.0
2,5,48,13.7,23088.0
3,5,48,12.4,25013.0
4,5,48,12.0,25901.0
5,5,48,11.0,25600.0
6,5,48,10.4,25118.0
7,5,48,10.0,24405.0
8,5,48,9.9,23359.0
9,5,48,10.0,22339.0
10,5,48,9.9,21653.0
11,5,48,8.9,20885.0
12,5,48,8.9,20480.0
13,5,48,10.5,20310.0
14,5,48,10.7,20152.0
15,5,48,10.9,20434.0
16,5,48,11.2,20980.0
17,5,48,11.7,21661.0
18,5,48,12.7,22037.0
19,5,48,14.2,22666.0
20,5,48,15.5,22814.0
21,5,48,16.7,22803.0
22,5,48,18.0,22988.0
23,5,48,17.7,22722.0
0,6,49,15.8,22302.0
1,6,49,14.5,22286.0
2,6,49,13.0,22690.0
3,6,49,12.1,23906.0
4,6,49,11.7,24722.0
5,6,49,11.3,24394.0
6,6,49,11.2,23733.0
7,6,49,12.0,23295.0
8,6,49,11.9,22724.0
9,6,49,11.5,21243.0
10,6,49,11.1,20799.0
11,6,49,10.7,20530.0
12,6,49,12.0,19707.0
13,6,49,11.9,19458.0
14,6,49,11.8,19556.0
15,6,49,11.8,19913.0
16,6,49,12.6,20398.0
17,6,49,13.1,20560.0
18,6,49,13.8,20722.0
19,6,49,15.6,20473.0
20,6,49,16.2,19600.0
21,6,49,16.1,18640.0
22,6,49,16.1,18425.0
23,6,49,16.2,18211.0
0,0,50,16.0,18871.0
1,0,50,15.3,19904.0
2,0,50,14.3,21564.0
3,0,50,13.5,23474.0
4,0,50,13.1,24473.0
5,0,50,13.2,24149.0
6,0,50,13.0,23546.0
7,0,50,12.8,22952.0
8,0,50,12.9,22030.0
9,0,50,13.0,20812.0
10,0,50,13.0,20323.0
11,0,50,12.9,19920.0
12,0,50,12.7,19809.0
13,0,50,13.4,19627.0
14,0,50,13.2,19821.0
15,0,50,13.2,20493.0
16,0,50,13.6,21787.0
17,0,50,13.9,22285.0
18,0,50,14.4,24029.0
19,0,50,14.1,23253.0
20,0,50,14.3,23333.0
21,0,50,15.2,23544.0
22,0,50,15.3,23209.0
23,0,50,15.0,22685.0
0,1,51,14.8,22518.0
1,1,51,14.1,22839.0
2,1,51,13.8,24300.0
3,1,51,13.5,25923.0
4,1,51,13.5,26645.0
5,1,51,13.4,26032.0
6,1,51,13.4,25169.0
7,1,51,13.3,24349.0
8,1,51,13.2,23029.0
9,1,51,13.2,21714.0
10,1,51,13.0,21357.0
11,1,51,12.9,20925.0
12,1,51,13.0,20327.0
13,1,51,13.0,20153.0
14,1,51,13.1,20506.0
15,1,51,13.0,21440.0
16,1,51,13.1,23398.0
17,1,51,13.6,24757.0
18,1,51,14.2,25867.0
19,1,51,14.5,25684.0
20,1,51,14.3,24913.0
21,1,51,13.9,25046.0
22,1,51,14.5,25388.0
23,1,51,14.3,25674.0
0,2,52,14.5,25743.0
1,2,52,13.8,25317.0
2,2,52,13.5,25657.0
3,2,52,13.4,26699.0
4,2,52,13.3,27584.0
5,2,52,13.2,26982.0
6,2,52,13.0,26230.0
7,2,52,12.5,25362.0
8,2,52,12.2,23851.0
9,2,52,12.5,22538.0
10,2,52,12.4,21827.0
11,2,52,12.3,21262.0
12,2,52,12.2,20922.0
13,2,52,12.1,20643.0
14,2,52,11.2,21219.0
15,2,52,11.0,22463.0
16,2,52,12.2,24311.0
17,2,52,13.8,25165.0
18,2,52,15.1,23977.0
19,2,52,16.1,23140.0
20,2,52,17.0,22705.0
21,2,52,17.5,22643.0
22,2,52,17.1,21935.0
23,2,52,16.5,21243.0
0,3,53,16.1,20988.0
1,3,53,16.0,21391.0
2,3,53,13.5,22604.0
3,3,53,12.4,25523.0
4,3,53,13.2,26786.0
5,3,53,12.8,26593.0
6,3,53,10.9,25845.0
7,3,53,10.0,24913.0
8,3,53,9.4,23560.0
9,3,53,9.1,22258.0
10,3,53,8.9,21801.0
11,3,53,8.8,21052.0
12,3,53,8.8,20763.0
13,3,53,9.6,20337.0
14,3,53,9.1,21011.0
15,3,53,9.5,22481.0
16,3,53,11.9,24411.0
17,3,53,13.7,24804.0
18,3,53,15.0,23613.0
19,3,53,16.3,21973.0
20,3,53,17.0,20940.0
21,3,53,17.9,20367.0
22,3,53,18.7,20088.0
23,3,53,18.3,19773.0
0,4,54,16.5,19526.0
1,4,54,15.4,20159.0
2,4,54,14.0,22014.0
3,4,54,13.8,25029.0
4,4,54,12.6,26473.0
5,4,54,11.1,26205.0
6,4,54,11.1,25397.0
7,4,54,10.4,24530.0
8,4,54,9.9,23245.0
9,4,54,9.2,21938.0
10,4,54,8.8,21516.0
11,4,54,8.7,21020.0
12,4,54,8.8,20681.0
13,4,54,9.4,20360.0
14,4,54,9.3,20688.0
15,4,54,10.1,21932.0
16,4,54,12.2,23733.0
17,4,54,14.8,24622.0
18,4,54,16.3,24113.0
19,4,54,18.5,22703.0
20,4,54,21.1,21880.0
21,4,54,22.1,21863.0
22,4,54,22.3,22188.0
23,4,54,22.3,22218.0
0,5,55,22.0,21438.0
1,5,55,20.6,20717.0
2,5,55,18.8,22485.0
3,5,55,15.4,24821.0
4,5,55,14.7,25345.0
5,5,55,13.1,24991.0
6,5,55,11.3,24244.0
7,5,55,11.2,23708.0
8,5,55,12.2,23051.0
9,5,55,12.9,21772.0
10,5,55,12.4,21141.0
11,5,55,15.6,20517.0
12,5,55,15.9,19923.0
13,5,55,14.5,19704.0
14,5,55,14.5,19747.0
15,5,55,14.1,20223.0
16,5,55,14.7,21005.0
17,5,55,15.9,20881.0
18,5,55,17.9,20606.0
19,5,55,19.2,19628.0
20,5,55,20.0,19277.0
21,5,55,20.7,18395.0
22,5,55,21.1,17654.0
23,5,55,21.7,17801.0
0,6,56,20.8,18280.0
1,6,56,19.6,18281.0
2,6,56,15.9,19832.0
3,6,56,15.0,22514.0
4,6,56,15.0,23923.0
5,6,56,13.3,23622.0
6,6,56,11.9,23178.0
7,6,56,11.6,22726.0
8,6,56,12.3,21847.0
9,6,56,13.8,21017.0
10,6,56,14.0,20336.0
11,6,56,13.7,19675.0
12,6,56,13.4,19169.0
13,6,56,14.2,18882.0
14,6,56,13.5,18996.0
15,6,56,11.4,19475.0
16,6,56,12.6,19904.0
17,6,56,13.9,19557.0
18,6,56,15.8,19084.0
19,6,56,17.4,18265.0
20,6,56,18.3,18111.0
21,6,56,19.0,17427.0
22,6,56,19.4,17065.0
23,6,56,19.2,17229.0
0,0,57,18.6,17033.0
1,0,57,16.1,18176.0
2,0,57,13.9,20335.0
3,0,57,12.9,22656.0
4,0,57,12.6,24164.0
5,0,57,12.6,24027.0
6,0,57,12.3,23480.0
7,0,57,12.4,22859.0
8,0,57,11.7,21649.0
9,0,57,11.4,20593.0
10,0,57,11.2,20455.0
11,0,57,10.6,19956.0
12,0,57,11.2,19388.0
13,0,57,11.5,19367.0
14,0,57,11.6,19951.0
15,0,57,11.2,21172.0
16,0,57,12.6,23208.0
17,0,57,13.2,24401.0
18,0,57,14.2,23975.0
19,0,57,14.9,23727.0
20,0,57,15.1,24067.0
21,0,57,15.4,24824.0
22,0,57,15.4,24506.0
23,0,57,16.1,23494.0
0,1,58,15.4,23663.0
1,1,58,14.1,23556.0
2,1,58,13.1,23798.0
3,1,58,12.9,25133.0
4,1,58,12.0,26136.0
5,1,58,10.4,25956.0
6,1,58,10.8,25367.0
7,1,58,12.0,24367.0
8,1,58,11.8,22964.0
9,1,58,10.9,21973.0
10,1,58,10.7,21150.0
11,1,58,11.0,20648.0
12,1,58,11.3,20076.0
13,1,58,10.9,19706.0
14,1,58,9.8,19987.0
15,1,58,10.1,21411.0
16,1,58,11.0,23488.0
17,1,58,12.8,24193.0
18,1,58,14.9,23547.0
19,1,58,16.4,23022.0
20,1,58,17.1,22201.0
21,1,58,17.6,21172.0
22,1,58,18.1,20692.0
23,1,58,17.9,20368.0
0,2,59,17.0,20303.0
1,2,59,15.7,20823.0
2,2,59,14.3,21745.0
3,2,59,13.7,24100.0
4,2,59,13.1,25875.0
5,2,59,13.5,25773.0
6,2,59,13.1,25230.0
7,2,59,11.0,24483.0
8,2,59,10.6,23361.0
9,2,59,10.5,22108.0
10,2,59,11.8,21310.0
11,2,59,11.9,20737.0
12,2,59,11.5,20374.0
13,2,59,11.0,20275.0
14,2,59,9.8,20732.0
15,2,59,10.7,22021.0
16,2,59,11.9,24032.0
17,2,59,13.6,24289.0
18,2,59,15.7,22852.0
19,2,59,17.5,21348.0
20,2,59,19.0,20761.0
21,2,59,19.8,20054.0
22,2,59,20.0,19326.0
23,2,59,19.1,19282.0
0,3,60,17.9,19513.0
1,3,60,16.5,20358.0
2,3,60,14.4,21837.0
3,3,60,13.3,24376.0
4,3,60,12.2,25993.0
5,3,60,12.0,25609.0
6,3,60,11.9,25065.0
7,3,60,12.3,24285.0
8,3,60,12.7,23116.0
9,3,60,12.6,21783.0
10,3,60,12.5,21080.0
11,3,60,12.7,20437.0
12,3,60,12.7,20114.0
13,3,60,12.9,20232.0
14,3,60,13.0,20126.0
15,3,60,13.2,21454.0
16,3,60,13.5,23337.0
17,3,60,13.9,24398.0
18,3,60,14.4,24594.0
19,3,60,15.4,24323.0
20,3,60,16.0,24168.0
21,3,60,16.8,23717.0
22,3,60,16.6,23876.0
23,3,60,16.7,23997.0
0,4,61,16.2,22689.0
1,4,61,15.2,22536.0
2,4,61,13.9,23280.0
3,4,61,13.0,25220.0
4,4,61,11.9,26589.0
5,4,61,11.2,26242.0
6,4,61,12.2,25585.0
7,4,61,12.4,24815.0
8,4,61,12.4,23718.0
9,4,61,12.0,22091.0
10,4,61,11.6,21425.0
11,4,61,11.8,20639.0
12,4,61,11.6,20124.0
13,4,61,12.1,19982.0
14,4,61,12.2,20540.0
15,4,61,12.4,21590.0
16,4,61,13.2,23326.0
17,4,61,13.8,24340.0
18,4,61,14.9,24809.0
19,4,61,15.1,24163.0
20,4,61,15.2,23440.0
21,4,61,15.8,23466.0
22,4,61,16.4,22747.0
23,4,61,16.3,22457.0
0,5,62,15.4,21952.0
1,5,62,14.8,22132.0
2,5,62,14.0,23377.0
3,5,62,13.8,25161.0
4,5,62,13.7,26248.0
5,5,62,13.6,25790.0
6,5,62,13.4,24922.0
7,5,62,13.3,24418.0
8,5,62,13.3,23455.0
9,5,62,13.4,22220.0
10,5,62,13.3,21663.0
11,5,62,13.0,20825.0
12,5,62,12.9,20101.0
13,5,62,13.1,19680.0
14,5,62,12.9,19741.0
15,5,62,12.5,20120.0
16,5,62,13.9,21010.0
17,5,62,14.4,21723.0
18,5,62,14.4,21552.0
19,5,62,14.2,21624.0
20,5,62,14.2,21370.0
21,5,62,14.7,21563.0
22,5,62,14.5,21391.0
23,5,62,14.5,21507.0
0,6,63,14.7,21867.0
1,6,63,13.5,21390.0
2,6,63,12.8,22108.0
3,6,63,12.7,23860.0
4,6,63,12.0,25197.0
5,6,63,11.8,24894.0
6,6,63,11.2,24394.0
7,6,63,11.5,23944.0
8,6,63,10.8,23089.0
9,6,63,11.0,21986.0
10,6,63,11.0,21405.0
11,6,63,10.6,20428.0
12,6,63,11.0,20010.0
13,6,63,10.7,19597.0
14,6,63,10.6,19568.0
15,6,63,10.6,19974.0
16,6,63,11.6,20525.0
17,6,63,13.0,20533.0
18,6,63,14.0,20695.0
19,6,63,15.5,20489.0
20,6,63,16.6,20593.0
21,6,63,16.5,20207.0
22,6,63,16.5,19982.0
23,6,63,16.2,20247.0
0,0,64,15.2,19905.0
1,0,64,14.3,19741.0
2,0,64,13.1,20570.0
3,0,64,12.5,23146.0
4,0,64,12.5,25090.0
5,0,64,10.7,25110.0
6,0,64,9.9,24565.0
7,0,64,9.5,23938.0
8,0,64,8.8,22787.0
9,0,64,8.6,21613.0
10,0,64,9.4,21252.0
11,0,64,9.2,20722.0
12,0,64,8.0,19896.0
13,0,64,7.7,19917.0
14,0,64,8.1,20664.0
15,0,64,9.1,21924.0
16,0,64,10.6,23902.0
17,0,64,12.4,24652.0
18,0,64,13.8,23233.0
19,0,64,15.1,22685.0
20,0,64,16.3,22484.0
21,0,64,17.5,22419.0
22,0,64,18.5,21928.0
23,0,64,16.1,21429.0
0,1,65,14.6,21307.0
1,1,65,14.2,21100.0
2,1,65,12.4,22499.0
3,1,65,11.3,24889.0
4,1,65,11.2,26694.0
5,1,65,11.0,26632.0
6,1,65,10.4,25970.0
7,1,65,9.5,25096.0
8,1,65,9.1,23414.0
9,1,65,9.1,22239.0
10,1,65,9.0,21634.0
11,1,65,8.6,21377.0
12,1,65,8.1,21158.0
13,1,65,8.4,21003.0
14,1,65,8.5,20904.0
15,1,65,9.4,22458.0
16,1,65,12.1,24247.0
17,1,65,13.4,24730.0
18,1,65,14.7,23399.0
19,1,65,16.3,22664.0
20,1,65,17.5,22685.0
21,1,65,18.4,22562.0
22,1,65,18.5,22167.0
23,1,65,18.2,22204.0
0,2,66,17.3,21655.0
1,2,66,14.8,21765.0
2,2,66,13.5,22647.0
3,2,66,11.9,24763.0
4,2,66,12.6,26675.0
5,2,66,11.3,26718.0
6,2,66,11.4,25623.0
7,2,66,10.6,24497.0
8,2,66,10.3,23258.0
9,2,66,10.0,21809.0
10,2,66,9.7,21687.0
11,2,66,10.1,21258.0
12,2,66,9.0,20400.0
13,2,66,10.6,20347.0
14,2,66,9.7,20634.0
15,2,66,10.2,22000.0
16,2,66,11.9,23770.0
17,2,66,13.5,24432.0
18,2,66,14.9,23913.0
19,2,66,15.6,23391.0
20,2,66,15.2,22973.0
21,2,66,13.8,22368.0
22,2,66,13.5,22446.0
23,2,66,13.2,23569.0
0,3,67,13.0,23489.0
1,3,67,12.3,24108.0
2,3,67,11.8,24763.0
3,3,67,11.9,25930.0
4,3,67,11.7,26950.0
5,3,67,11.4,26368.0
6,3,67,8.9,25440.0
7,3,67,9.2,24606.0
8,3,67,9.2,23372.0
9,3,67,8.0,22264.0
10,3,67,9.0,22028.0
11,3,67,11.0,21412.0
12,3,67,7.7,21351.0
13,3,67,9.7,21057.0
14,3,67,10.1,21213.0
15,3,67,9.2,22349.0
16,3,67,11.2,24152.0
17,3,67,12.7,25033.0
18,3,67,14.8,24373.0
19,3,67,17.4,23720.0
20,3,67,18.4,22389.0
21,3,67,18.2,22351.0
22,3,67,17.3,22002.0
23,3,67,16.3,21229.0
0,4,68,16.4,21188.0
1,4,68,13.2,20914.0
2,4,68,13.0,22718.0
3,4,68,12.0,24772.0
4,4,68,10.9,26514.0
5,4,68,10.6,25886.0
6,4,68,10.1,25052.0
7,4,68,9.6,24445.0
8,4,68,9.1,23244.0
9,4,68,8.8,22061.0
10,4,68,8.6,22016.0
11,4,68,8.6,21404.0
12,4,68,8.1,20830.0
13,4,68,10.6,20482.0
14,4,68,8.7,20946.0
15,4,68,10.0,22251.0
16,4,68,10.9,23887.0
17,4,68,12.5,23847.0
18,4,68,14.1,22176.0
19,4,68,15.6,20428.0
20,4,68,17.5,19987.0
21,4,68,18.6,19460.0
22,4,68,18.8,19178.0
23,4,68,17.8,19211.0
0,5,69,16.5,19222.0
1,5,69,15.6,19626.0
2,5,69,13.5,21059.0
3,5,69,14.0,23278.0
4,5,69,11.7,24904.0
5,5,69,10.6,24806.0
6,5,69,9.0,24307.0
7,5,69,8.7,23799.0
8,5,69,9.4,22763.0
9,5,69,9.5,21729.0
10,5,69,9.3,21368.0
11,5,69,12.0,20706.0
12,5,69,11.8,20130.0
13,5,69,13.0,19947.0
14,5,69,12.6,19897.0
15,5,69,11.4,20352.0
16,5,69,12.9,20643.0
17,5,69,14.6,20337.0
18,5,69,16.7,19445.0
19,5,69,18.3,19478.0
20,5,69,19.7,19385.0
21,5,69,20.6,18866.0
22,5,69,20.7,18645.0
23,5,69,20.4,18319.0
0,6,70,19.6,17596.0
1,6,70,17.4,17747.0
2,6,70,14.3,18793.0
3,6,70,14.7,21422.0
4,6,70,14.3,23575.0
5,6,70,12.1,23516.0
6,6,70,11.1,22983.0
7,6,70,10.1,22474.0
8,6,70,9.4,21611.0
9,6,70,9.0,20720.0
10,6,70,10.6,20246.0
11,6,70,11.5,19650.0
12,6,70,11.8,19452.0
13,6,70,12.3,19185.0
14,6,70,11.8,19360.0
15,6,70,11.1,19963.0
16,6,70,12.8,20414.0
17,6,70,14.7,19919.0
18,6,70,16.3,18758.0
19,6,70,17.8,17876.0
20,6,70,19.1,17625.0
21,6,70,20.0,17040.0
22,6,70,20.3,16306.0
23,6,70,19.8,16051.0
0,0,71,18.3,16332.0
1,0,71,16.1,18176.0
2,0,71,14.2,19802.0
3,0,71,12.6,22013.0
4,0,71,13.6,23558.0
5,0,71,11.7,23553.0
6,0,71,10.6,23017.0
7,0,71,10.0,21943.0
8,0,71,9.6,20688.0
9,0,71,9.4,20418.0
10,0,71,9.1,19766.0
11,0,71,8.9,19379.0
12,0,71,9.2,19333.0
13,0,71,10.7,19629.0
14,0,71,10.7,20766.0
15,0,71,11.0,23130.0
16,0,71,12.0,25032.0
17,0,71,13.5,24575.0
18,0,71,14.5,22876.0
19,0,71,16.4,21939.0
20,0,71,17.8,20707.0
21,0,71,18.6,20405.0
22,0,71,17.7,20021.0
23,0,71,16.7,19982.0
0,1,72,16.0,20052.0
1,1,72,15.9,20700.0
2,1,72,13.7,22221.0
3,1,72,12.2,24298.0
4,1,72,12.9,25749.0
5,1,72,12.7,25469.0
6,1,72,11.4,24724.0
7,1,72,10.9,23282.0
8,1,72,10.1,22128.0
9,1,72,10.2,21064.0
10,1,72,9.7,20301.0
11,1,72,10.0,20151.0
12,1,72,9.7,20151.0
13,1,72,10.0,20257.0
14,1,72,9.6,21327.0
15,1,72,10.6,23451.0
16,1,72,12.6,24920.0
17,1,72,13.8,25313.0
18,1,72,15.3,24706.0
19,1,72,16.7,23373.0
20,1,72,17.8,23309.0
21,1,72,18.4,23836.0
22,1,72,17.9,23995.0
23,1,72,16.9,22964.0
0,2,73,16.3,22140.0
1,2,73,15.4,21575.0
2,2,73,14.2,22453.0
3,2,73,13.2,24003.0
4,2,73,12.7,25439.0
5,2,73,12.1,25359.0
6,2,73,12.0,24766.0
7,2,73,11.5,23424.0
8,2,73,10.7,22115.0
9,2,73,10.0,21678.0
10,2,73,9.5,20824.0
11,2,73,9.2,20472.0
12,2,73,9.5,20022.0
13,2,73,12.2,20407.0
14,2,73,12.4,21818.0
15,2,73,12.3,24042.0
16,2,73,12.6,25344.0
17,2,73,13.3,25098.0
18,2,73,14.7,23591.0
19,2,73,16.1,21678.0
20,2,73,17.2,21028.0
21,2,73,18.5,20307.0
22,2,73,19.5,19940.0
23,2,73,19.6,20035.0
0,3,74,19.3,20265.0
1,3,74,17.6,19966.0
2,3,74,14.9,21565.0
3,3,74,13.8,23509.0
4,3,74,12.8,25457.0
5,3,74,12.1,25432.0
6,3,74,11.1,24826.0
7,3,74,10.9,23490.0
8,3,74,10.6,22243.0
9,3,74,10.4,21300.0
10,3,74,9.6,20405.0
11,3,74,8.6,20231.0
12,3,74,8.3,20248.0
13,3,74,10.0,20405.0
14,3,74,9.3,21569.0
15,3,74,11.6,23594.0
16,3,74,14.5,24751.0
17,3,74,16.3,24605.0
18,3,74,17.1,22369.0
19,3,74,17.6,21203.0
20,3,74,18.5,19664.0
21,3,74,19.3,19396.0
22,3,74,20.2,19235.0
23,3,74,19.9,18805.0
0,4,75,20.0,18830.0
1,4,75,18.4,19214.0
2,4,75,16.3,21340.0
3,4,75,13.7,23382.0
4,4,75,14.6,25270.0
5,4,75,11.5,25368.0
6,4,75,10.4,24818.0
7,4,75,9.5,23463.0
8,4,75,8.6,22502.0
9,4,75,8.7,21507.0
10,4,75,9.6,20743.0
11,4,75,8.3,20291.0
12,4,75,8.5,20286.0
13,4,75,11.7,20407.0
14,4,75,9.7,21438.0
15,4,75,10.1,23417.0
16,4,75,12.4,24641.0
17,4,75,14.4,24137.0
18,4,75,16.0,22199.0
19,4,75,17.0,19749.0
20,4,75,17.6,19196.0
21,4,75,16.1,19207.0
22,4,75,15.9,19783.0
23,4,75,15.8,19560.0
0,5,76,15.0,19142.0
1,5,76,16.3,19770.0
2,5,76,14.1,21597.0
3,5,76,12.5,23259.0
4,5,76,11.2,24796.0
5,5,76,11.0,24552.0
6,5,76,11.2,24054.0
7,5,76,11.5,22949.0
8,5,76,11.2,21871.0
9,5,76,10.4,21014.0
10,5,76,10.3,20150.0
11,5,76,10.1,19492.0
12,5,76,9.0,19420.0
13,5,76,11.9,19216.0
14,5,76,11.5,19761.0
15,5,76,11.2,20764.0
16,5,76,13.1,21433.0
17,5,76,14.5,21161.0
18,5,76,15.9,20103.0
19,5,76,17.1,18627.0
20,5,76,18.1,17735.0
21,5,76,18.4,16619.0
22,5,76,18.9,16545.0
23,5,76,17.5,16523.0
0,6,77,16.9,16734.0
1,6,77,16.7,17427.0
2,6,77,14.8,19263.0
3,6,77,13.3,21459.0
4,6,77,13.4,23060.0
5,6,77,11.4,23072.0
6,6,77,10.8,22734.0
7,6,77,9.9,21862.0
8,6,77,9.7,20751.0
9,6,77,9.5,20396.0
10,6,77,9.4,19474.0
11,6,77,9.4,18925.0
12,6,77,9.4,18587.0
13,6,77,9.4,18542.0
14,6,77,8.7,18829.0
15,6,77,10.5,19699.0
16,6,77,12.0,20134.0
17,6,77,14.1,19746.0
18,6,77,15.8,18091.0
19,6,77,17.2,17916.0
20,6,77,18.6,17531.0
21,6,77,19.6,17224.0
22,6,77,20.1,17215.0
23,6,77,19.3,16333.0
0,0,78,17.6,15424.0
1,0,78,17.7,16926.0
2,0,78,16.5,18632.0
3,0,78,14.7,21298.0
4,0,78,13.3,23346.0
5,0,78,12.8,23380.0
6,0,78,12.9,22581.0
7,0,78,12.2,21503.0
8,0,78,11.5,20481.0
9,0,78,10.9,20094.0
10,0,78,10.3,19738.0
11,0,78,9.8,19235.0
12,0,78,9.3,18975.0
13,0,78,9.1,19459.0
14,0,78,8.6,20811.0
15,0,78,10.1,22871.0
16,0,78,13.5,24374.0
17,0,78,16.1,24289.0
18,0,78,18.6,22692.0
19,0,78,20.4,22123.0
20,0,78,22.1,21052.0
21,0,78,23.0,20295.0
22,0,78,21.0,20081.0
23,0,78,21.4,20476.0
0,1,79,20.6,21121.0
1,1,79,19.5,21841.0
2,1,79,17.5,22932.0
3,1,79,16.1,24003.0
4,1,79,15.8,25451.0
5,1,79,14.3,25344.0
6,1,79,13.2,24636.0
7,1,79,12.4,23023.0
8,1,79,11.4,21649.0
9,1,79,11.5,21328.0
10,1,79,11.4,20619.0
11,1,79,11.0,20597.0
12,1,79,10.7,20219.0
13,1,79,11.8,20020.0
14,1,79,11.0,20854.0
15,1,79,13.4,22676.0
16,1,79,14.7,23813.0
17,1,79,16.9,23682.0
18,1,79,18.6,22523.0
19,1,79,20.3,21173.0
20,1,79,21.6,20444.0
21,1,79,22.3,19707.0
22,1,79,21.9,19069.0
23,1,79,21.3,18234.0
0,2,80,20.5,17987.0
1,2,80,19.0,19463.0
2,2,80,16.6,21580.0
3,2,80,15.5,23980.0
4,2,80,14.9,25597.0
5,2,80,15.1,25368.0
6,2,80,14.3,24507.0
7,2,80,14.8,22847.0
8,2,80,15.7,21487.0
9,2,80,15.0,20945.0
10,2,80,14.7,20475.0
11,2,80,14.9,19838.0
12,2,80,14.7,19491.0
13,2,80,11.9,19731.0
14,2,80,11.8,20841.0
15,2,80,13.3,22623.0
16,2,80,14.8,24019.0
17,2,80,16.2,24012.0
18,2,80,17.8,22529.0
19,2,80,19.4,21871.0
20,2,80,20.9,20628.0
21,2,80,22.0,19877.0
22,2,80,22.1,19405.0
23,2,80,21.5,18443.0
0,3,81,20.9,18458.0
1,3,81,18.7,19526.0
2,3,81,16.0,21849.0
3,3,81,14.9,23990.0
4,3,81,14.3,25440.0
5,3,81,13.4,25245.0
6,3,81,12.9,24557.0
7,3,81,12.7,23012.0
8,3,81,12.6,21875.0
9,3,81,12.3,20999.0
10,3,81,11.9,20234.0
11,3,81,11.2,19700.0
12,3,81,10.7,19531.0
13,3,81,11.7,19695.0
14,3,81,11.6,20758.0
15,3,81,12.5,22727.0
16,3,81,13.7,23783.0
17,3,81,15.0,23582.0
18,3,81,16.8,22566.0
19,3,81,18.6,21291.0
20,3,81,20.5,19625.0
21,3,81,21.8,18830.0
22,3,81,21.9,18360.0
23,3,81,21.4,18481.0
0,4,82,19.9,19122.0
1,4,82,17.5,20242.0
2,4,82,15.4,22212.0
3,4,82,14.4,23776.0
4,4,82,13.6,25411.0
5,4,82,12.9,25481.0
6,4,82,12.6,24735.0
7,4,82,12.1,23133.0
8,4,82,11.7,21762.0
9,4,82,11.9,20948.0
10,4,82,12.0,20406.0
11,4,82,11.9,19922.0
12,4,82,11.7,19688.0
13,4,82,12.1,19599.0
14,4,82,11.9,20787.0
15,4,82,11.9,22909.0
16,4,82,12.7,23990.0
17,4,82,14.4,23477.0
18,4,82,16.1,22135.0
19,4,82,18.1,21584.0
20,4,82,19.9,20735.0
21,4,82,21.4,20603.0
22,4,82,21.8,21171.0
23,4,82,20.4,21691.0
0,5,83,18.9,21612.0
1,5,83,17.5,21532.0
2,5,83,15.3,22597.0
3,5,83,14.4,23685.0
4,5,83,14.0,24838.0
5,5,83,13.4,24639.0
6,5,83,13.2,23953.0
7,5,83,13.2,22791.0
8,5,83,12.8,21618.0
9,5,83,12.5,20958.0
10,5,83,11.8,20230.0
11,5,83,12.0,19685.0
12,5,83,11.7,19359.0
13,5,83,11.3,19155.0
14,5,83,12.0,19504.0
15,5,83,13.3,20368.0
16,5,83,13.6,20708.0
17,5,83,14.1,20801.0
18,5,83,15.5,20634.0
19,5,83,16.6,20474.0
20,5,83,17.2,20598.0
21,5,83,17.4,20378.0
22,5,83,17.8,20163.0
23,5,83,17.1,19238.0
0,6,84,16.3,19485.0
1,6,84,15.5,19158.0
2,6,84,13.7,20573.0
3,6,84,12.3,21570.0
4,6,84,11.6,23307.0
5,6,84,11.3,23377.0
6,6,84,10.6,22982.0
7,6,84,10.0,22035.0
8,6,84,9.3,21207.0
9,6,84,8.4,20654.0
10,6,84,7.7,20255.0
11,6,84,7.3,19450.0
12,6,84,6.9,19335.0
13,6,84,7.7,19226.0
14,6,84,7.4,19253.0
15,6,84,9.2,19748.0
16,6,84,12.5,20013.0
17,6,84,14.2,20098.0
18,6,84,15.2,19258.0
19,6,84,16.2,18803.0
20,6,84,17.1,17912.0
21,6,84,16.4,16613.0
22,6,84,16.5,16997.0
23,6,84,16.6,16980.0
0,0,85,13.7,17262.0
1,0,85,13.1,18548.0
2,0,85,12.9,20041.0
3,0,85,12.4,21595.0
4,0,85,11.8,23515.0
5,0,85,11.1,23659.0
6,0,85,11.1,23252.0
7,0,85,10.0,22081.0
8,0,85,7.9,21018.0
9,0,85,6.7,20241.0
10,0,85,6.1,19824.0
11,0,85,5.5,19759.0
12,0,85,5.2,19664.0
13,0,85,5.8,19940.0
14,0,85,6.2,21138.0
15,0,85,8.3,23236.0
16,0,85,10.9,24472.0
17,0,85,13.1,24283.0
18,0,85,14.6,22720.0
19,0,85,16.1,21821.0
20,0,85,17.6,20589.0
21,0,85,18.2,20064.0
22,0,85,17.5,19425.0
23,0,85,16.8,18762.0
0,1,86,16.8,19315.0
1,1,86,15.5,20126.0
2,1,86,14.6,21731.0
3,1,86,13.3,23259.0
4,1,86,12.4,25007.0
5,1,86,11.5,24981.0
6,1,86,10.6,24286.0
7,1,86,10.2,22996.0
8,1,86,9.9,21604.0
9,1,86,9.6,21039.0
10,1,86,9.5,20323.0
11,1,86,9.5,20244.0
12,1,86,9.2,20056.0
13,1,86,9.8,20079.0
14,1,86,9.2,21167.0
15,1,86,11.0,23155.0
16,1,86,13.3,24453.0
17,1,86,14.5,23834.0
18,1,86,15.8,22689.0
19,1,86,17.1,22182.0
20,1,86,18.4,21180.0
21,1,86,19.5,20106.0
22,1,86,18.9,19849.0
23,1,86,17.4,19172.0
0,2,87,17.0,18283.0
1,2,87,16.3,18533.0
2,2,87,14.8,20286.0
3,2,87,13.3,22680.0
4,2,87,12.6,24796.0
5,2,87,12.0,25056.0
6,2,87,11.3,24299.0
7,2,87,10.9,23015.0
8,2,87,10.2,21639.0
9,2,87,9.5,20889.0
10,2,87,8.9,20553.0
11,2,87,8.6,20129.0
12,2,87,8.5,20101.0
13,2,87,8.8,20498.0
14,2,87,8.5,21840.0
15,2,87,11.3,23600.0
16,2,87,13.3,24604.0
17,2,87,15.0,24842.0
18,2,87,16.5,23525.0
19,2,87,17.8,22922.0
20,2,87,19.1,22518.0
21,2,87,20.2,22139.0
22,2,87,20.3,21989.0
23,2,87,19.5,21171.0
0,3,88,18.1,21206.0
1,3,88,16.8,21714.0
2,3,88,15.0,23028.0
3,3,88,13.8,24091.0
4,3,88,12.6,25491.0
5,3,88,11.6,25420.0
6,3,88,10.9,24545.0
7,3,88,10.3,23295.0
8,3,88,10.7,22199.0
9,3,88,11.2,21520.0
10,3,88,9.7,20690.0
11,3,88,9.5,20101.0
12,3,88,9.4,19704.0
13,3,88,10.5,20141.0
14,3,88,10.4,21380.0
15,3,88,10.5,23225.0
16,3,88,11.3,24412.0
17,3,88,13.1,24671.0
18,3,88,15.3,23728.0
19,3,88,17.2,22788.0
20,3,88,18.7,21950.0
21,3,88,20.2,20885.0
22,3,88,19.7,19990.0
23,3,88,18.9,19962.0
0,4,89,18.5,19562.0
1,4,89,16.0,20176.0
2,4,89,14.7,21457.0
3,4,89,14.0,23233.0
4,4,89,13.3,24946.0
5,4,89,12.7,24830.0
6,4,89,12.6,24172.0
7,4,89,12.2,22916.0
8,4,89,11.7,22015.0
9,4,89,10.5,21019.0
10,4,89,10.1,20431.0
11,4,89,9.7,19796.0
12,4,89,9.4,19648.0
13,4,89,10.0,19965.0
14,4,89,10.0,20860.0
15,4,89,10.8,22542.0
16,4,89,12.6,23883.0
17,4,89,14.3,24919.0
18,4,89,15.4,24452.0
19,4,89,16.0,23274.0
20,4,89,16.2,22519.0
21,4,89,16.8,22214.0
22,4,89,16.4,22043.0
23,4,89,16.5,21332.0
0,5,90,16.3,20842.0
1,5,90,15.1,21111.0
2,5,90,14.2,22054.0
3,5,90,12.9,23639.0
4,5,90,12.9,24980.0
5,5,90,12.8,24991.0
6,5,90,12.4,24314.0
7,5,90,12.0,23136.0
8,5,90,12.0,22156.0
9,5,90,11.5,21239.0
10,5,90,11.2,20523.0
11,5,90,11.4,19850.0
12,5,90,11.9,19792.0
13,5,90,12.1,19591.0
14,5,90,12.4,19858.0
15,5,90,12.3,20522.0
16,5,90,11.7,21179.0
17,5,90,11.8,22129.0
18,5,90,12.1,22031.0
19,5,90,12.6,21755.0
20,5,90,13.0,21515.0
21,5,90,14.4,21227.0
22,5,90,14.1,20630.0
23,5,90,14.2,19558.0
0,6,91,12.7,19492.0
1,6,91,11.5,19350.0
2,6,91,11.0,21216.0
3,6,91,10.3,22729.0
4,6,91,10.1,23814.0
5,6,91,10.1,24063.0
6,6,91,10.2,23676.0
7,6,91,10.0,22743.0
8,6,91,9.9,21637.0
9,6,91,9.8,20978.0
10,6,91,9.9,20382.0
11,6,91,9.7,19874.0
12,6,91,9.9,19464.0
13,6,91,9.8,19368.0
14,6,91,9.6,19484.0
15,6,91,10.3,19965.0
16,6,91,11.4,20300.0
17,6,91,12.6,20949.0
18,6,91,13.9,20334.0
19,6,91,15.5,19276.0
20,6,91,15.5,18380.0
21,6,91,15.2,18256.0
22,6,91,14.0,17639.0
23,6,91,15.0,17641.0
0,0,92,14.9,17971.0
1,0,92,13.0,17716.0
2,0,92,12.3,18816.0
3,0,92,11.0,20554.0
4,0,92,10.8,22641.0
5,0,92,11.6,23131.0
6,0,92,9.3,22697.0
7,0,92,9.2,21592.0
8,0,92,8.2,20331.0
9,0,92,7.7,19914.0
10,0,92,7.1,19389.0
11,0,92,7.1,19310.0
12,0,92,6.8,19343.0
13,0,92,7.9,19727.0
14,0,92,7.8,20898.0
15,0,92,9.4,22817.0
16,0,92,11.7,23849.0
17,0,92,13.4,23002.0
18,0,92,15.0,21046.0
19,0,92,16.5,19333.0
20,0,92,17.9,19102.0
21,0,92,18.3,18443.0
22,0,92,17.4,18659.0
23,0,92,16.5,18391.0
0,1,93,16.5,18590.0
1,1,93,16.5,18629.0
2,1,93,14.9,20507.0
3,1,93,13.0,22862.0
4,1,93,12.6,24627.0
5,1,93,11.7,24500.0
6,1,93,10.9,23643.0
7,1,93,10.3,22204.0
8,1,93,10.2,20955.0
9,1,93,10.1,20702.0
10,1,93,9.8,20404.0
11,1,93,9.7,19834.0
12,1,93,9.7,19633.0
13,1,93,9.9,20081.0
14,1,93,9.6,21330.0
15,1,93,11.6,23094.0
16,1,93,12.9,23634.0
17,1,93,14.9,23160.0
18,1,93,17.1,22435.0
19,1,93,19.2,20786.0
20,1,93,21.2,20360.0
21,1,93,22.4,20295.0
22,1,93,22.5,20060.0
23,1,93,20.6,19252.0
0,2,94,19.8,18077.0
1,2,94,20.4,18880.0
2,2,94,17.7,21090.0
3,2,94,16.7,23369.0
4,2,94,16.3,24996.0
5,2,94,13.5,25155.0
6,2,94,13.0,23741.0
7,2,94,12.2,22570.0
8,2,94,11.9,21771.0
9,2,94,11.7,20968.0
10,2,94,11.8,20528.0
11,2,94,12.5,19996.0
12,2,94,11.4,19988.0
13,2,94,11.6,19797.0
14,2,94,11.4,20821.0
15,2,94,13.9,22733.0
16,2,94,16.1,23733.0
17,2,94,18.5,23605.0
18,2,94,20.4,22464.0
19,2,94,21.9,21666.0
20,2,94,22.8,21328.0
21,2,94,23.0,20798.0
22,2,94,22.5,20303.0
23,2,94,21.3,19769.0
0,3,95,19.9,19964.0
1,3,95,18.3,20547.0
2,3,95,16.2,22425.0
3,3,95,14.2,24227.0
4,3,95,13.0,25734.0
5,3,95,12.1,25539.0
6,3,95,11.6,24697.0
7,3,95,11.2,23285.0
8,3,95,11.1,21912.0
9,3,95,11.5,21196.0
10,3,95,11.7,20604.0
11,3,95,11.8,20058.0
12,3,95,11.4,19855.0
13,3,95,12.3,20228.0
14,3,95,11.9,21136.0
15,3,95,12.8,23091.0
16,3,95,14.1,24537.0
17,3,95,14.7,25673.0
18,3,95,15.4,25583.0
19,3,95,15.9,26097.0
20,3,95,16.0,25470.0
21,3,95,15.0,24787.0
22,3,95,15.5,23819.0
23,3,95,14.5,23171.0
0,4,96,13.8,22478.0
1,4,96,12.8,22897.0
2,4,96,11.7,23765.0
3,4,96,11.3,24429.0
4,4,96,10.6,26040.0
5,4,96,9.4,25952.0
6,4,96,8.4,25436.0
7,4,96,8.0,24097.0
8,4,96,7.9,22856.0
9,4,96,8.0,22326.0
10,4,96,8.3,21472.0
11,4,96,7.5,21164.0
12,4,96,6.7,21072.0
13,4,96,6.7,21252.0
14,4,96,7.0,22382.0
15,4,96,7.6,24097.0
16,4,96,8.1,25147.0
17,4,96,9.7,25967.0
18,4,96,10.7,24679.0
19,4,96,11.7,24276.0
20,4,96,12.8,23612.0
21,4,96,12.2,23652.0
22,4,96,13.7,23420.0
23,4,96,13.6,21794.0
0,5,97,13.5,20204.0
1,5,97,12.5,20477.0
2,5,97,11.0,21415.0
3,5,97,9.4,23093.0
4,5,97,8.1,25047.0
5,5,97,6.9,25476.0
6,5,97,5.7,25148.0
7,5,97,4.4,24063.0
8,5,97,3.9,23159.0
9,5,97,4.2,22302.0
10,5,97,4.0,21522.0
11,5,97,3.3,21142.0
12,5,97,2.7,21061.0
13,5,97,3.7,21148.0
14,5,97,4.3,21655.0
15,5,97,7.8,22449.0
16,5,97,10.9,22393.0
17,5,97,12.5,21769.0
18,5,97,13.8,19759.0
19,5,97,14.9,18547.0
20,5,97,15.9,17973.0
21,5,97,16.8,17891.0
22,5,97,17.5,17802.0
23,5,97,16.8,17090.0
0,6,98,15.6,16445.0
1,6,98,14.6,16718.0
2,6,98,12.9,18336.0
3,6,98,11.5,20127.0
4,6,98,10.5,22413.0
5,6,98,11.2,23015.0
6,6,98,9.0,22869.0
7,6,98,8.0,22231.0
8,6,98,7.3,21084.0
9,6,98,7.0,20626.0
10,6,98,6.7,19902.0
11,6,98,7.1,19546.0
12,6,98,8.0,19447.0
13,6,98,10.2,19262.0
14,6,98,9.6,19573.0
15,6,98,10.2,20060.0
16,6,98,12.1,20054.0
17,6,98,14.2,20046.0
18,6,98,15.8,19037.0
19,6,98,17.1,18326.0
20,6,98,18.2,17559.0
21,6,98,18.8,16988.0
22,6,98,18.7,16971.0
23,6,98,18.2,16627.0
0,0,99,17.0,15764.0
1,0,99,15.5,16513.0
2,0,99,13.9,18396.0
3,0,99,11.7,20217.0
4,0,99,11.3,22505.0
5,0,99,9.7,23154.0
6,0,99,8.7,22712.0
7,0,99,8.0,21630.0
8,0,99,7.6,20414.0
9,0,99,7.4,19818.0
10,0,99,7.5,19281.0
11,0,99,7.1,18904.0
12,0,99,6.6,19236.0
13,0,99,8.7,20422.0
14,0,99,8.2,22899.0
15,0,99,10.2,25269.0
16,0,99,11.7,25719.0
17,0,99,14.8,24259.0
18,0,99,18.5,21724.0
19,0,99,21.4,20982.0
20,0,99,22.7,20613.0
21,0,99,23.6,18859.0
22,0,99,25.1,18346.0
23,0,99,25.4,18202.0
0,1,100,25.5,18570.0
1,1,100,22.3,19376.0
2,1,100,20.0,20805.0
3,1,100,17.4,22606.0
4,1,100,14.7,24311.0
5,1,100,12.3,24504.0
6,1,100,10.9,23865.0
7,1,100,10.1,22458.0
8,1,100,9.1,21107.0
9,1,100,8.4,20746.0
10,1,100,8.0,20378.0
11,1,100,7.7,20083.0
12,1,100,7.1,20076.0
13,1,100,8.2,20354.0
14,1,100,8.0,21425.0
15,1,100,11.8,23295.0
16,1,100,17.1,23749.0
17,1,100,19.9,23062.0
18,1,100,22.3,21234.0
19,1,100,24.4,20836.0
20,1,100,25.6,19967.0
21,1,100,26.5,19821.0
22,1,100,26.5,19559.0
23,1,100,25.3,19346.0
0,2,101,23.7,19059.0
1,2,101,22.4,20088.0
2,2,101,21.7,22185.0
3,2,101,20.5,23507.0
4,2,101,18.0,24814.0
5,2,101,16.2,25052.0
6,2,101,14.8,24099.0
7,2,101,13.9,22607.0
8,2,101,13.5,21188.0
9,2,101,13.2,20457.0
10,2,101,12.9,19869.0
11,2,101,13.2,19585.0
12,2,101,12.6,19525.0
13,2,101,13.7,19718.0
14,2,101,12.3,20749.0
15,2,101,15.7,22385.0
16,2,101,18.2,22954.0
17,2,101,21.1,22834.0
18,2,101,23.4,21867.0
19,2,101,25.3,20881.0
20,2,101,27.1,20310.0
21,2,101,28.3,20111.0
22,2,101,28.8,20052.0
23,2,101,28.7,20331.0
0,3,102,27.8,21026.0
1,3,102,23.8,22041.0
2,3,102,21.1,23633.0
3,3,102,19.1,24818.0
4,3,102,17.4,25691.0
5,3,102,16.1,25793.0
6,3,102,15.3,25122.0
7,3,102,14.6,23425.0
8,3,102,14.7,21931.0
9,3,102,15.5,20946.0
10,3,102,15.5,20223.0
11,3,102,15.6,19758.0
12,3,102,15.3,19377.0
13,3,102,14.2,19423.0
14,3,102,13.8,20611.0
15,3,102,15.3,22242.0
16,3,102,17.7,23415.0
17,3,102,21.0,23067.0
18,3,102,24.4,21869.0
19,3,102,27.0,21215.0
20,3,102,29.0,20473.0
21,3,102,29.0,20347.0
22,3,102,28.0,20596.0
23,3,102,26.8,21013.0
0,4,103,25.5,21738.0
1,4,103,22.4,23133.0
2,4,103,19.5,24601.0
3,4,103,17.3,25405.0
4,4,103,14.9,26562.0
5,4,103,14.0,26395.0
6,4,103,14.4,25328.0
7,4,103,13.5,23734.0
8,4,103,13.1,22494.0
9,4,103,12.6,21445.0
10,4,103,12.3,20595.0
11,4,103,12.2,20316.0
12,4,103,12.0,20181.0
13,4,103,11.9,20094.0
14,4,103,11.8,21016.0
15,4,103,12.4,22653.0
16,4,103,13.8,23504.0
17,4,103,15.6,23403.0
18,4,103,17.8,22724.0
19,4,103,20.0,22493.0
20,4,103,20.9,22262.0
21,4,103,20.2,22564.0
22,4,103,19.7,22267.0
23,4,103,19.6,22440.0
0,5,104,19.1,21750.0
1,5,104,16.4,21027.0
2,5,104,15.4,21889.0
3,5,104,14.7,22865.0
4,5,104,14.3,24320.0
5,5,104,14.0,24659.0
6,5,104,13.4,24231.0
7,5,104,13.6,22859.0
8,5,104,13.4,21538.0
9,5,104,13.1,20834.0
10,5,104,12.7,19800.0
11,5,104,12.5,19590.0
12,5,104,12.1,19294.0
13,5,104,13.0,19209.0
14,5,104,13.0,19447.0
15,5,104,14.0,20162.0
16,5,104,14.5,20659.0
17,5,104,15.9,22029.0
18,5,104,17.9,22246.0
19,5,104,18.2,22175.0
20,5,104,17.5,22302.0
21,5,104,16.9,21958.0
22,5,104,16.3,22248.0
23,5,104,15.9,21831.0
0,6,105,15.3,21379.0
1,6,105,13.8,21387.0
2,6,105,11.5,21537.0
3,6,105,10.8,22691.0
4,6,105,11.1,23362.0
5,6,105,10.6,23632.0
6,6,105,10.0,23432.0
7,6,105,8.7,22471.0
8,6,105,8.8,21118.0
9,6,105,9.6,20671.0
10,6,105,9.5,20168.0
11,6,105,9.4,19659.0
12,6,105,7.5,19330.0
13,6,105,7.9,19244.0
14,6,105,9.0,19669.0
15,6,105,10.3,19999.0
16,6,105,10.9,20349.0
17,6,105,11.4,20217.0
18,6,105,12.3,19978.0
19,6,105,14.1,19957.0
20,6,105,13.1,20392.0
21,6,105,14.1,19948.0
22,6,105,14.1,19729.0
23,6,105,14.1,18996.0
0,0,106,14.1,18720.0
1,0,106,13.0,18778.0
2,0,106,12.6,20071.0
3,0,106,12.5,21792.0
4,0,106,12.1,23441.0
5,0,106,11.7,24094.0
6,0,106,11.1,23638.0
7,0,106,9.2,22015.0
8,0,106,8.4,20843.0
9,0,106,7.5,20320.0
10,0,106,6.8,20087.0
11,0,106,6.5,19614.0
12,0,106,6.7,19470.0
13,0,106,8.7,20114.0
14,0,106,9.2,21388.0
15,0,106,10.4,23078.0
16,0,106,12.1,23200.0
17,0,106,13.9,23217.0
18,0,106,15.6,22645.0
19,0,106,17.0,21917.0
20,0,106,18.4,21785.0
21,0,106,19.2,21106.0
22,0,106,19.4,20320.0
23,0,106,19.0,19610.0
0,1,107,17.8,18617.0
1,1,107,17.3,18828.0
2,1,107,14.9,20408.0
3,1,107,13.2,22303.0
4,1,107,12.8,24289.0
5,1,107,12.2,24779.0
6,1,107,11.3,24283.0
7,1,107,10.9,22859.0
8,1,107,10.5,21601.0
9,1,107,11.5,21035.0
10,1,107,11.1,20350.0
11,1,107,12.7,20132.0
12,1,107,13.0,19984.0
13,1,107,13.7,20053.0
14,1,107,13.5,21107.0
15,1,107,14.1,22740.0
16,1,107,15.9,23214.0
17,1,107,18.1,23200.0
18,1,107,20.3,22560.0
19,1,107,22.4,21744.0
20,1,107,24.0,20925.0
21,1,107,25.3,20394.0
22,1,107,25.6,20022.0
23,1,107,24.4,19144.0
0,2,108,22.7,19292.0
1,2,108,21.6,20153.0
2,2,108,19.1,22078.0
3,2,108,16.6,23184.0
4,2,108,15.7,24760.0
5,2,108,14.8,25119.0
6,2,108,14.1,24213.0
7,2,108,13.6,22854.0
8,2,108,13.0,21460.0
9,2,108,12.6,20639.0
10,2,108,12.0,20197.0
11,2,108,11.6,19930.0
12,2,108,11.0,19482.0
13,2,108,11.3,19617.0
14,2,108,11.5,20758.0
15,2,108,13.6,22168.0
16,2,108,16.2,22794.0
17,2,108,18.8,22493.0
18,2,108,21.3,21519.0
19,2,108,23.5,21486.0
20,2,108,25.1,21264.0
21,2,108,25.9,21443.0
22,2,108,25.4,20511.0
23,2,108,24.7,21540.0
0,3,109,23.3,21259.0
1,3,109,20.7,22703.0
2,3,109,18.5,23596.0
3,3,109,16.7,24636.0
4,3,109,15.6,25989.0
5,3,109,14.9,26240.0
6,3,109,14.5,25527.0
7,3,109,13.5,23914.0
8,3,109,13.0,22276.0
9,3,109,12.4,21326.0
10,3,109,12.3,20320.0
11,3,109,12.1,20032.0
12,3,109,12.0,19866.0
13,3,109,11.9,20019.0
14,3,109,11.7,20844.0
15,3,109,12.1,22226.0
16,3,109,13.5,22772.0
17,3,109,15.4,22541.0
18,3,109,18.5,22197.0
19,3,109,20.9,21769.0
20,3,109,22.8,21899.0
21,3,109,22.1,21868.0
22,3,109,22.7,21393.0
23,3,109,22.3,21347.0
0,4,110,21.2,21194.0
1,4,110,19.4,21450.0
2,4,110,17.8,23333.0
3,4,110,15.8,24557.0
4,4,110,14.7,25887.0
5,4,110,14.1,26221.0
6,4,110,13.6,25318.0
7,4,110,12.8,23310.0
8,4,110,12.4,21764.0
9,4,110,11.8,20790.0
10,4,110,11.7,19868.0
11,4,110,11.6,19671.0
12,4,110,11.8,19623.0
13,4,110,12.5,19776.0
14,4,110,12.5,20728.0
15,4,110,12.8,21880.0
16,4,110,13.5,23427.0
17,4,110,15.0,23688.0
18,4,110,17.4,22877.0
19,4,110,19.8,21928.0
20,4,110,21.6,21478.0
21,4,110,21.8,20791.0
22,4,110,21.6,20740.0
23,4,110,21.0,20694.0
0,5,111,20.0,20763.0
1,5,111,17.4,21046.0
2,5,111,16.2,22005.0
3,5,111,14.7,23493.0
4,5,111,13.9,24818.0
5,5,111,13.4,24573.0
6,5,111,13.0,23950.0
7,5,111,12.7,22971.0
8,5,111,12.3,21588.0
9,5,111,11.7,20935.0
10,5,111,10.8,20022.0
11,5,111,10.7,19363.0
12,5,111,10.6,19077.0
13,5,111,11.9,18836.0
14,5,111,12.3,19174.0
15,5,111,12.7,19794.0
16,5,111,13.4,20212.0
17,5,111,14.6,20972.0
18,5,111,17.2,20782.0
19,5,111,19.3,19861.0
20,5,111,21.7,18686.0
21,5,111,23.2,17366.0
22,5,111,23.2,17020.0
23,5,111,22.7,16720.0
0,6,112,21.8,17196.0
1,6,112,18.9,18037.0
2,6,112,16.9,19410.0
3,6,112,15.7,21687.0
4,6,112,14.9,23426.0
5,6,112,14.3,23774.0
6,6,112,13.9,23417.0
7,6,112,13.4,22292.0
8,6,112,12.9,21260.0
9,6,112,12.4,20468.0
10,6,112,11.8,19509.0
11,6,112,11.7,18931.0
12,6,112,11.4,18462.0
13,6,112,12.1,18294.0
14,6,112,11.8,18503.0
15,6,112,12.2,18611.0
16,6,112,14.6,18848.0
17,6,112,17.7,18983.0
18,6,112,21.2,19260.0
19,6,112,23.9,18787.0
20,6,112,25.6,18005.0
21,6,112,25.7,17563.0
22,6,112,24.9,17216.0
23,6,112,23.5,16711.0
0,0,113,21.8,17565.0
1,0,113,19.5,19312.0
2,0,113,17.1,21723.0
3,0,113,15.6,23576.0
4,0,113,14.8,24882.0
5,0,113,14.4,25080.0
6,0,113,14.1,24381.0
7,0,113,13.8,23056.0
8,0,113,13.3,21602.0
9,0,113,13.0,20613.0
10,0,113,12.7,19816.0
11,0,113,12.3,19226.0
12,0,113,12.1,19059.0
13,0,113,13.1,19347.0
14,0,113,13.1,20464.0
15,0,113,13.9,21766.0
16,0,113,15.4,22972.0
17,0,113,17.1,23351.0
18,0,113,19.4,23074.0
19,0,113,21.6,23855.0
20,0,113,23.2,23732.0
21,0,113,24.0,23256.0
22,0,113,24.2,23541.0
23,0,113,22.9,23410.0
0,1,114,21.0,22991.0
1,1,114,17.8,23615.0
2,1,114,16.5,24540.0
3,1,114,15.6,25718.0
4,1,114,15.0,26524.0
5,1,114,14.7,26625.0
6,1,114,14.6,25706.0
7,1,114,14.8,23858.0
8,1,114,15.0,22215.0
9,1,114,14.9,21465.0
10,1,114,14.7,20523.0
11,1,114,14.5,19952.0
12,1,114,14.4,19686.0
13,1,114,14.7,19766.0
14,1,114,14.9,20830.0
15,1,114,15.2,22262.0
16,1,114,15.8,23516.0
17,1,114,17.0,24049.0
18,1,114,18.1,23426.0
19,1,114,18.7,23302.0
20,1,114,19.4,23479.0
21,1,114,20.1,22488.0
22,1,114,20.1,22408.0
23,1,114,20.0,21621.0
0,2,115,19.5,21944.0
1,2,115,17.5,21984.0
2,2,115,16.0,22585.0
3,2,115,14.8,23341.0
4,2,115,14.2,24820.0
5,2,115,13.9,25244.0
6,2,115,13.3,24744.0
7,2,115,12.6,23258.0
8,2,115,12.3,21673.0
9,2,115,11.8,21021.0
10,2,115,11.8,20122.0
11,2,115,11.2,19609.0
12,2,115,10.6,19350.0
13,2,115,11.2,19583.0
14,2,115,11.8,20724.0
15,2,115,13.6,22120.0
16,2,115,15.5,23189.0
17,2,115,17.3,23734.0
18,2,115,19.1,23583.0
19,2,115,21.4,23009.0
20,2,115,21.7,23298.0
21,2,115,20.5,22539.0
22,2,115,20.3,22176.0
23,2,115,19.8,22233.0
0,3,116,19.2,22072.0
1,3,116,16.8,22300.0
2,3,116,15.9,23120.0
3,3,116,14.8,23607.0
4,3,116,14.8,25019.0
5,3,116,14.8,25559.0
6,3,116,14.5,25151.0
7,3,116,14.2,23533.0
8,3,116,13.9,22100.0
9,3,116,13.5,21217.0
10,3,116,13.3,20355.0
11,3,116,13.2,20109.0
12,3,116,13.0,19942.0
13,3,116,13.5,19846.0
14,3,116,13.5,20969.0
15,3,116,14.5,22640.0
16,3,116,15.4,23792.0
17,3,116,16.3,23832.0
18,3,116,17.5,23556.0
19,3,116,18.2,22410.0
20,3,116,19.2,22029.0
21,3,116,19.7,21943.0
22,3,116,19.6,22032.0
23,3,116,19.4,22174.0
0,4,117,18.2,22213.0
1,4,117,16.8,22002.0
2,4,117,15.7,22844.0
3,4,117,14.5,23728.0
4,4,117,13.8,25023.0
5,4,117,13.3,25463.0
6,4,117,13.0,25015.0
7,4,117,12.8,23519.0
8,4,117,12.6,22082.0
9,4,117,12.5,21468.0
10,4,117,12.4,20526.0
11,4,117,12.4,19955.0
12,4,117,12.2,19737.0
13,4,117,13.0,20107.0
14,4,117,13.1,21131.0
15,4,117,13.9,22416.0
16,4,117,15.0,23561.0
17,4,117,16.7,23661.0
18,4,117,19.1,23083.0
19,4,117,20.3,22030.0
20,4,117,19.7,21969.0
21,4,117,19.8,21733.0
22,4,117,21.6,21495.0
23,4,117,23.1,21458.0
0,5,118,23.2,20878.0
1,5,118,20.0,21174.0
2,5,118,19.1,22409.0
3,5,118,17.2,22698.0
4,5,118,16.0,23783.0
5,5,118,14.4,24367.0
6,5,118,13.3,24141.0
7,5,118,12.6,22966.0
8,5,118,12.2,21740.0
9,5,118,11.7,21022.0
10,5,118,11.5,20415.0
11,5,118,10.8,19802.0
12,5,118,10.2,19475.0
13,5,118,11.3,19415.0
14,5,118,12.2,19628.0
15,5,118,13.8,20066.0
16,5,118,15.6,20521.0
17,5,118,17.2,20547.0
18,5,118,19.2,19565.0
19,5,118,21.7,19288.0
20,5,118,23.8,18493.0
21,5,118,22.6,18192.0
22,5,118,22.0,17556.0
23,5,118,21.8,17304.0
0,6,119,21.5,17150.0
1,6,119,19.8,17051.0
2,6,119,18.3,18938.0
3,6,119,16.7,20679.0
4,6,119,15.6,22395.0
5,6,119,15.0,23106.0
6,6,119,14.3,22892.0
7,6,119,13.4,21811.0
8,6,119,12.7,20981.0
9,6,119,12.0,20455.0
10,6,119,11.5,20050.0
11,6,119,11.0,19523.0
12,6,119,10.7,19410.0
13,6,119,11.4,19247.0
14,6,119,13.0,19171.0
15,6,119,14.7,19250.0
16,6,119,16.3,19212.0
17,6,119,18.3,18949.0
18,6,119,20.3,18026.0
19,6,119,22.4,17233.0
20,6,119,24.0,16379.0
21,6,119,24.5,16453.0
22,6,119,23.6,15936.0
23,6,119,22.9,15503.0
0,0,120,21.9,15937.0
1,0,120,20.9,16912.0
2,0,120,19.5,19433.0
3,0,120,18.0,21303.0
4,0,120,16.9,23058.0
5,0,120,15.9,23752.0
6,0,120,15.3,23243.0
7,0,120,15.3,21828.0
8,0,120,15.4,20578.0
9,0,120,15.1,19891.0
10,0,120,14.8,19243.0
11,0,120,12.4,18769.0
12,0,120,13.2,18735.0
13,0,120,13.6,18927.0
14,0,120,13.1,20365.0
15,0,120,14.7,21605.0
16,0,120,16.9,22594.0
17,0,120,19.2,23171.0
18,0,120,21.9,22198.0
19,0,120,24.0,21651.0
20,0,120,25.3,21259.0
21,0,120,25.5,20621.0
22,0,120,25.1,20379.0
23,0,120,24.7,20096.0
0,1,121,24.0,20375.0
1,1,121,22.2,21329.0
2,1,121,20.0,23080.0
3,1,121,18.0,24356.0
4,1,121,17.5,25639.0
5,1,121,17.8,26135.0
6,1,121,16.4,25470.0
7,1,121,14.8,23669.0
8,1,121,13.7,22338.0
9,1,121,13.2,21400.0
10,1,121,12.8,20630.0
11,1,121,12.3,20131.0
12,1,121,12.3,19575.0
13,1,121,13.6,19915.0
14,1,121,13.8,21151.0
15,1,121,14.6,22497.0
16,1,121,16.2,23582.0
17,1,121,18.6,24185.0
18,1,121,21.3,23419.0
19,1,121,23.7,22424.0
20,1,121,25.7,21785.0
21,1,121,26.1,21599.0
22,1,121,25.2,21533.0
23,1,121,24.2,20993.0
0,2,122,23.0,21521.0
1,2,122,20.2,22169.0
2,2,122,18.5,23974.0
3,2,122,16.9,24456.0
4,2,122,16.2,25727.0
5,2,122,15.7,26307.0
6,2,122,15.0,25564.0
7,2,122,14.3,24035.0
8,2,122,14.3,22738.0
9,2,122,14.4,21925.0
10,2,122,14.5,21106.0
11,2,122,14.7,20711.0
12,2,122,14.7,20409.0
13,2,122,15.3,20711.0
14,2,122,15.6,21817.0
15,2,122,15.6,23294.0
16,2,122,16.2,24272.0
17,2,122,17.8,24313.0
18,2,122,19.7,23264.0
19,2,122,21.8,22655.0
20,2,122,23.2,22169.0
21,2,122,22.9,21814.0
22,2,122,22.1,21841.0
23,2,122,21.3,22061.0
0,3,123,20.4,21642.0
1,3,123,18.8,22632.0
2,3,123,17.2,23885.0
3,3,123,15.8,24618.0
4,3,123,15.4,25842.0
5,3,123,15.3,26546.0
6,3,123,14.9,25885.0
7,3,123,14.4,24251.0
8,3,123,13.7,22911.0
9,3,123,12.9,22325.0
10,3,123,12.5,21120.0
11,3,123,12.7,20467.0
12,3,123,13.1,20242.0
13,3,123,14.2,20524.0
14,3,123,14.2,21694.0
15,3,123,14.7,23253.0
16,3,123,15.4,23790.0
17,3,123,17.0,24338.0
18,3,123,19.6,24491.0
19,3,123,22.0,23680.0
20,3,123,24.2,23450.0
21,3,123,24.9,22399.0
22,3,123,24.2,22837.0
23,3,123,23.3,22521.0
0,4,124,22.4,22778.0
1,4,124,19.3,22620.0
2,4,124,17.8,23985.0
3,4,124,16.2,24794.0
4,4,124,15.2,25761.0
5,4,124,14.4,26112.0
6,4,124,14.1,25653.0
7,4,124,13.9,24226.0
8,4,124,13.6,22896.0
9,4,124,13.3,22267.0
10,4,124,13.0,21574.0
11,4,124,12.6,21068.0
12,4,124,12.2,20778.0
13,4,124,14.0,20912.0
14,4,124,14.2,22068.0
15,4,124,14.8,23137.0
16,4,124,15.9,24237.0
17,4,124,17.3,24720.0
18,4,124,19.3,24548.0
19,4,124,21.5,23957.0
20,4,124,23.1,23185.0
21,4,124,23.2,22938.0
22,4,124,22.8,22793.0
23,4,124,22.2,21488.0
0,5,125,21.3,21270.0
1,5,125,19.1,21969.0
2,5,125,18.0,23190.0
3,5,125,16.6,24107.0
4,5,125,15.7,25260.0
5,5,125,15.2,25920.0
6,5,125,14.8,25285.0
7,5,125,14.4,24015.0
8,5,125,13.8,22751.0
9,5,125,13.4,21922.0
10,5,125,14.1,21070.0
11,5,125,14.4,20396.0
12,5,125,14.5,19882.0
13,5,125,13.8,19762.0
14,5,125,14.4,19889.0
15,5,125,15.1,20363.0
16,5,125,16.0,21962.0
17,5,125,17.3,23136.0
18,5,125,19.1,23476.0
19,5,125,20.8,24108.0
20,5,125,22.1,24503.0
21,5,125,20.7,24783.0
22,5,125,19.7,23141.0
23,5,125,18.8,22028.0
0,6,126,18.1,20770.0
1,6,126,16.1,20790.0
2,6,126,15.3,21023.0
3,6,126,14.6,21547.0
4,6,126,14.4,22636.0
5,6,126,14.4,23455.0
6,6,126,14.3,23135.0
7,6,126,14.5,22326.0
8,6,126,14.5,21392.0
9,6,126,14.6,20705.0
10,6,126,14.7,20425.0
11,6,126,14.1,19952.0
12,6,126,13.2,19741.0
13,6,126,12.7,19729.0
14,6,126,12.4,19803.0
15,6,126,13.3,20408.0
16,6,126,14.8,20098.0
17,6,126,16.2,19452.0
18,6,126,17.7,18118.0
19,6,126,19.2,18227.0
20,6,126,19.8,17617.0
21,6,126,20.9,17247.0
22,6,126,21.2,17074.0
23,6,126,22.2,15746.0
0,0,127,21.2,14794.0
1,0,127,20.0,15556.0
2,0,127,18.8,18110.0
3,0,127,16.9,20328.0
4,0,127,15.9,21986.0
5,0,127,15.2,23318.0
6,0,127,14.0,23126.0
7,0,127,12.1,21950.0
8,0,127,10.8,20714.0
9,0,127,10.7,20389.0
10,0,127,10.2,20098.0
11,0,127,9.4,19746.0
12,0,127,8.8,19301.0
13,0,127,9.7,19535.0
14,0,127,10.6,20746.0
15,0,127,11.9,22249.0
16,0,127,13.9,23395.0
17,0,127,15.5,23478.0
18,0,127,18.2,21686.0
19,0,127,21.0,21370.0
20,0,127,21.6,20621.0
21,0,127,21.3,19851.0
22,0,127,21.9,19175.0
23,0,127,22.3,19106.0
0,1,128,21.9,18721.0
1,1,128,19.5,19236.0
2,1,128,18.0,21151.0
3,1,128,16.1,23029.0
4,1,128,15.2,24713.0
5,1,128,14.5,25513.0
6,1,128,14.2,24995.0
7,1,128,13.4,23507.0
8,1,128,12.6,22002.0
9,1,128,12.0,21440.0
10,1,128,11.5,20644.0
11,1,128,13.1,20244.0
12,1,128,13.0,20333.0
13,1,128,10.7,20391.0
14,1,128,12.6,21187.0
15,1,128,14.0,22608.0
16,1,128,15.8,23856.0
17,1,128,18.3,23805.0
18,1,128,21.0,22812.0
19,1,128,23.1,22111.0
20,1,128,23.9,21702.0
21,1,128,24.1,20519.0
22,1,128,23.7,19322.0
23,1,128,22.9,18906.0
0,2,129,22.0,18990.0
1,2,129,20.2,20050.0
2,2,129,18.7,21818.0
3,2,129,17.2,23810.0
4,2,129,16.4,25474.0
5,2,129,15.7,26030.0
6,2,129,14.8,25463.0
7,2,129,14.0,23883.0
8,2,129,13.1,22445.0
9,2,129,12.5,21757.0
10,2,129,12.1,21071.0
11,2,129,11.9,20456.0
12,2,129,11.8,20017.0
13,2,129,13.7,20241.0
14,2,129,13.7,21133.0
15,2,129,13.6,22486.0
16,2,129,14.7,23378.0
17,2,129,17.2,23883.0
18,2,129,19.7,22762.0
19,2,129,22.2,22337.0
20,2,129,24.3,21629.0
21,2,129,25.1,20830.0
22,2,129,24.5,20252.0
23,2,129,23.6,19414.0
0,3,130,23.0,19420.0
1,3,130,20.6,20717.0
2,3,130,19.1,23234.0
3,3,130,17.4,24598.0
4,3,130,16.4,26050.0
5,3,130,15.9,26738.0
6,3,130,15.3,25969.0
7,3,130,14.6,24365.0
8,3,130,13.9,22691.0
9,3,130,13.2,22025.0
10,3,130,12.7,20918.0
11,3,130,12.5,20509.0
12,3,130,12.4,20355.0
13,3,130,14.1,20497.0
14,3,130,14.1,21395.0
15,3,130,14.0,22609.0
16,3,130,14.8,23785.0
17,3,130,17.2,23890.0
18,3,130,19.6,23886.0
19,3,130,22.3,23745.0
20,3,130,24.4,22531.0
21,3,130,25.6,22229.0
22,3,130,26.0,21582.0
23,3,130,25.2,21644.0
0,4,131,23.4,21636.0
1,4,131,18.9,23095.0
2,4,131,17.0,25104.0
3,4,131,15.7,26024.0
4,4,131,14.9,26998.0
5,4,131,14.4,27354.0
6,4,131,14.1,26541.0
7,4,131,13.6,24898.0
8,4,131,13.0,23339.0
9,4,131,12.6,22337.0
10,4,131,12.4,21323.0
11,4,131,11.9,20753.0
12,4,131,11.7,20346.0
13,4,131,11.6,20683.0
14,4,131,11.3,21607.0
15,4,131,11.7,22672.0
16,4,131,14.4,23497.0
17,4,131,17.2,23751.0
18,4,131,20.2,23517.0
19,4,131,22.7,23391.0
20,4,131,23.9,22874.0
21,4,131,23.3,22498.0
22,4,131,22.9,21720.0
23,4,131,21.9,22051.0
0,5,132,21.6,22839.0
1,5,132,18.5,24123.0
2,5,132,16.7,25238.0
3,5,132,14.8,26533.0
4,5,132,14.2,27411.0
5,5,132,14.1,27254.0
6,5,132,13.7,26606.0
7,5,132,13.3,25126.0
8,5,132,12.8,23713.0
9,5,132,12.4,22696.0
10,5,132,12.4,21552.0
11,5,132,12.2,20612.0
12,5,132,11.9,20180.0
13,5,132,11.8,20197.0
14,5,132,11.3,20180.0
15,5,132,11.0,20371.0
16,5,132,11.4,20984.0
17,5,132,15.4,21595.0
18,5,132,19.2,20283.0
19,5,132,22.3,20278.0
20,5,132,23.4,20239.0
21,5,132,23.0,19623.0
22,5,132,22.7,19539.0
23,5,132,22.5,19446.0
0,6,133,21.8,19921.0
1,6,133,19.8,21732.0
2,6,133,17.6,23496.0
3,6,133,15.4,25131.0
4,6,133,14.7,26272.0
5,6,133,14.6,26323.0
6,6,133,14.2,25650.0
7,6,133,13.9,24272.0
8,6,133,13.8,22795.0
9,6,133,13.6,22003.0
10,6,133,13.1,20932.0
11,6,133,12.9,20174.0
12,6,133,12.5,19788.0
13,6,133,13.0,19475.0
14,6,133,13.1,19577.0
15,6,133,14.0,19344.0
16,6,133,15.1,19982.0
17,6,133,17.7,21168.0
18,6,133,20.1,20877.0
19,6,133,23.2,20328.0
20,6,133,25.2,19525.0
21,6,133,25.3,18878.0
22,6,133,25.0,18376.0
23,6,133,24.0,17698.0
0,0,134,23.1,18535.0
1,0,134,19.6,20435.0
2,0,134,17.7,23051.0
3,0,134,15.7,24773.0
4,0,134,15.2,25977.0
5,0,134,14.8,26310.0
6,0,134,14.2,25639.0
7,0,134,13.8,24065.0
8,0,134,13.1,22388.0
9,0,134,12.7,21521.0
10,0,134,12.9,20684.0
11,0,134,13.1,20148.0
12,0,134,13.4,19911.0
13,0,134,14.1,20296.0
14,0,134,14.6,21139.0
15,0,134,15.1,22535.0
16,0,134,16.1,23872.0
17,0,134,18.1,24545.0
18,0,134,20.3,24493.0
19,0,134,22.2,23976.0
20,0,134,23.5,23117.0
21,0,134,23.6,22621.0
22,0,134,23.1,22005.0
23,0,134,21.9,21986.0
0,1,135,20.7,23120.0
1,1,135,19.0,24063.0
2,1,135,17.7,25169.0
3,1,135,16.3,26462.0
4,1,135,15.4,27521.0
5,1,135,14.7,27952.0
6,1,135,14.1,27072.0
7,1,135,13.8,25306.0
8,1,135,13.5,23743.0
9,1,135,13.7,22579.0
10,1,135,14.0,21546.0
11,1,135,13.9,20924.0
12,1,135,13.8,20780.0
13,1,135,14.5,20805.0
14,1,135,14.7,21816.0
15,1,135,15.5,23144.0
16,1,135,16.8,24505.0
17,1,135,18.4,25443.0
18,1,135,20.3,25216.0
19,1,135,22.2,24253.0
20,1,135,22.6,22675.0
21,1,135,22.7,22640.0
22,1,135,23.2,21838.0
23,1,135,22.9,21980.0
0,2,136,21.9,22858.0
1,2,136,18.9,24615.0
2,2,136,17.1,25754.0
3,2,136,15.7,27400.0
4,2,136,14.7,27959.0
5,2,136,14.4,28174.0
6,2,136,14.1,27379.0
7,2,136,13.9,25522.0
8,2,136,13.5,23838.0
9,2,136,13.4,22947.0
10,2,136,13.4,21948.0
11,2,136,13.7,21390.0
12,2,136,13.9,21217.0
13,2,136,13.8,21281.0
14,2,136,14.0,22147.0
15,2,136,14.6,23414.0
16,2,136,15.6,24573.0
17,2,136,16.8,25332.0
18,2,136,18.2,25422.0
19,2,136,19.5,25786.0
20,2,136,20.7,24844.0
21,2,136,21.3,24130.0
22,2,136,20.9,24427.0
23,2,136,21.1,24717.0
0,3,137,20.0,24820.0
1,3,137,17.8,25648.0
2,3,137,16.6,27118.0
3,3,137,14.9,27568.0
4,3,137,13.9,28282.0
5,3,137,13.5,28433.0
6,3,137,13.1,27673.0
7,3,137,13.1,25921.0
8,3,137,12.9,24324.0
9,3,137,12.8,23266.0
10,3,137,12.7,22177.0
11,3,137,12.9,21680.0
12,3,137,13.0,21343.0
13,3,137,13.2,21404.0
14,3,137,12.8,22348.0
15,3,137,13.4,23833.0
16,3,137,14.2,24900.0
17,3,137,15.9,26162.0
18,3,137,18.4,26282.0
19,3,137,20.8,26577.0
20,3,137,21.8,26127.0
21,3,137,22.6,25785.0
22,3,137,22.6,25570.0
23,3,137,21.6,25079.0
0,4,138,20.2,24916.0
1,4,138,17.1,24868.0
2,4,138,15.9,25918.0
3,4,138,14.5,26583.0
4,4,138,13.7,27647.0
5,4,138,13.1,28173.0
6,4,138,12.9,27240.0
7,4,138,12.8,25496.0
8,4,138,13.1,23937.0
9,4,138,13.4,22875.0
10,4,138,13.6,22063.0
11,4,138,13.5,21508.0
12,4,138,13.5,21560.0
13,4,138,14.4,21659.0
14,4,138,14.7,22625.0
15,4,138,14.7,23812.0
16,4,138,15.4,26014.0
17,4,138,16.5,26835.0
18,4,138,18.1,26744.0
19,4,138,19.8,26442.0
20,4,138,20.5,26903.0
21,4,138,21.9,25189.0
22,4,138,22.3,24319.0
23,4,138,22.0,23097.0
0,5,139,20.6,22941.0
1,5,139,18.7,23161.0
2,5,139,16.6,24686.0
3,5,139,15.0,26116.0
4,5,139,14.4,27060.0
5,5,139,14.3,27602.0
6,5,139,14.7,27111.0
7,5,139,15.1,25675.0
8,5,139,15.0,23928.0
9,5,139,14.9,23181.0
10,5,139,14.6,22533.0
11,5,139,14.4,21782.0
12,5,139,14.4,21430.0
13,5,139,14.8,21168.0
14,5,139,15.2,21214.0
15,5,139,16.1,21177.0
16,5,139,17.1,21947.0
17,5,139,19.0,21500.0
18,5,139,21.0,21581.0
19,5,139,22.4,21155.0
20,5,139,22.9,21029.0
21,5,139,22.9,20487.0
22,5,139,22.1,20078.0
23,5,139,21.1,19083.0
0,6,140,20.3,18997.0
1,6,140,18.8,20101.0
2,6,140,17.4,22390.0
3,6,140,15.9,24454.0
4,6,140,15.2,25123.0
5,6,140,14.4,25648.0
6,6,140,13.9,25163.0
7,6,140,13.5,23953.0
8,6,140,12.9,22572.0
9,6,140,12.2,22336.0
10,6,140,11.6,21508.0
11,6,140,11.1,20721.0
12,6,140,10.8,20397.0
13,6,140,12.7,20097.0
14,6,140,13.9,20139.0
15,6,140,14.3,20136.0
16,6,140,14.9,20561.0
17,6,140,16.2,21300.0
18,6,140,17.8,19757.0
19,6,140,19.9,18724.0
20,6,140,21.2,18359.0
21,6,140,21.7,18001.0
22,6,140,20.9,17642.0
23,6,140,20.3,17336.0
0,0,141,19.7,17828.0
1,0,141,17.8,19357.0
2,0,141,16.6,21504.0
3,0,141,15.6,23764.0
4,0,141,14.6,25173.0
5,0,141,14.0,25898.0
6,0,141,13.6,25427.0
7,0,141,13.3,24030.0
8,0,141,12.9,22450.0
9,0,141,12.6,21600.0
10,0,141,12.2,20804.0
11,0,141,12.2,20454.0
12,0,141,12.5,20215.0
13,0,141,13.6,20400.0
14,0,141,14.0,21539.0
15,0,141,14.7,22822.0
16,0,141,15.5,23550.0
17,0,141,16.5,23740.0
18,0,141,17.9,22896.0
19,0,141,19.5,21952.0
20,0,141,20.7,22269.0
21,0,141,21.7,22211.0
22,0,141,21.4,22667.0
23,0,141,19.9,22823.0
0,1,142,18.8,22768.0
1,1,142,17.1,23575.0
2,1,142,16.0,24053.0
3,1,142,14.7,25047.0
4,1,142,13.8,26378.0
5,1,142,13.2,27043.0
6,1,142,12.7,26432.0
7,1,142,12.6,24834.0
8,1,142,12.5,23189.0
9,1,142,11.9,22473.0
10,1,142,11.4,21545.0
11,1,142,11.5,21050.0
12,1,142,12.2,21015.0
13,1,142,12.2,21134.0
14,1,142,13.2,21970.0
15,1,142,14.0,22941.0
16,1,142,15.0,23496.0
17,1,142,16.5,24285.0
18,1,142,19.0,23977.0
19,1,142,21.3,23519.0
20,1,142,22.6,23411.0
21,1,142,22.5,22332.0
22,1,142,21.9,22260.0
23,1,142,21.3,21910.0
0,2,143,20.6,22216.0
1,2,143,18.8,23224.0
2,2,143,17.3,24794.0
3,2,143,15.9,26154.0
4,2,143,14.9,27372.0
5,2,143,14.4,27878.0
6,2,143,13.8,27093.0
7,2,143,13.3,25293.0
8,2,143,13.0,23440.0
9,2,143,12.4,22630.0
10,2,143,12.0,21897.0
11,2,143,11.8,21712.0
12,2,143,11.8,21743.0
13,2,143,12.9,21845.0
14,2,143,13.1,22153.0
15,2,143,13.6,23027.0
16,2,143,14.5,24423.0
17,2,143,16.3,24722.0
18,2,143,18.8,24790.0
19,2,143,20.7,24065.0
20,2,143,22.8,23089.0
21,2,143,23.2,22838.0
22,2,143,22.7,23187.0
23,2,143,21.7,23011.0
0,3,144,20.3,23699.0
1,3,144,18.4,24486.0
2,3,144,16.8,25425.0
3,3,144,15.5,26674.0
4,3,144,15.0,27710.0
5,3,144,14.8,27837.0
6,3,144,14.8,27181.0
7,3,144,14.7,25435.0
8,3,144,14.6,23708.0
9,3,144,14.4,22834.0
10,3,144,14.3,22100.0
11,3,144,14.1,21416.0
12,3,144,14.0,21055.0
13,3,144,14.1,21119.0
14,3,144,14.5,22211.0
15,3,144,15.0,23051.0
16,3,144,15.7,25330.0
17,3,144,16.6,25867.0
18,3,144,18.1,25031.0
19,3,144,20.0,24696.0
20,3,144,21.9,24069.0
21,3,144,22.6,23131.0
22,3,144,22.1,22773.0
23,3,144,21.3,22387.0
0,4,145,20.0,22462.0
1,4,145,18.9,22985.0
2,4,145,17.4,23946.0
3,4,145,15.9,25679.0
4,4,145,15.0,26605.0
5,4,145,14.3,27265.0
6,4,145,13.8,26763.0
7,4,145,13.5,25318.0
8,4,145,13.3,23588.0
9,4,145,13.2,22768.0
10,4,145,13.1,21907.0
11,4,145,13.0,21195.0
12,4,145,13.0,20874.0
13,4,145,14.5,20951.0
14,4,145,14.8,21802.0
15,4,145,15.4,22780.0
16,4,145,16.0,23584.0
17,4,145,17.0,24333.0
18,4,145,18.3,23543.0
19,4,145,19.6,23119.0
20,4,145,20.8,22943.0
21,4,145,21.3,22737.0
22,4,145,21.6,23203.0
23,4,145,21.4,22977.0
0,5,146,20.0,22205.0
1,5,146,18.2,22621.0
2,5,146,16.9,22921.0
3,5,146,16.1,24111.0
4,5,146,15.3,25273.0
5,5,146,14.7,25788.0
6,5,146,14.1,25522.0
7,5,146,13.6,24390.0
8,5,146,13.3,23205.0
9,5,146,13.1,22329.0
10,5,146,12.7,21442.0
11,5,146,12.3,20714.0
12,5,146,12.1,20444.0
13,5,146,12.8,20301.0
14,5,146,13.8,20507.0
15,5,146,14.5,20152.0
16,5,146,15.5,20708.0
17,5,146,17.2,21410.0
18,5,146,18.9,21301.0
19,5,146,20.3,20425.0
20,5,146,20.6,19999.0
21,5,146,21.0,19555.0
22,5,146,21.5,19343.0
23,5,146,20.9,18835.0
0,6,147,20.2,18455.0
1,6,147,19.5,18720.0
2,6,147,17.8,19964.0
3,6,147,16.3,21590.0
4,6,147,15.5,23162.0
5,6,147,15.3,24187.0
6,6,147,15.0,24109.0
7,6,147,14.8,23184.0
8,6,147,14.4,21827.0
9,6,147,13.7,21540.0
10,6,147,13.0,20867.0
11,6,147,12.6,20207.0
12,6,147,12.9,19581.0
13,6,147,13.5,19305.0
14,6,147,14.0,19261.0
15,6,147,14.9,19254.0
16,6,147,15.9,20004.0
17,6,147,17.1,20467.0
18,6,147,19.1,19494.0
19,6,147,20.3,18673.0
20,6,147,21.9,18184.0
21,6,147,23.0,17231.0
22,6,147,23.1,16785.0
23,6,147,22.3,16549.0
0,0,148,21.1,16801.0
1,0,148,19.2,18124.0
2,0,148,18.1,20213.0
3,0,148,16.4,22254.0
4,0,148,15.4,23839.0
5,0,148,14.7,24646.0
6,0,148,14.1,24398.0
7,0,148,13.9,23279.0
8,0,148,13.5,21960.0
9,0,148,13.1,21131.0
10,0,148,12.6,20159.0
11,0,148,12.2,19504.0
12,0,148,11.7,19088.0
13,0,148,12.4,19124.0
14,0,148,13.2,19491.0
15,0,148,14.4,19284.0
16,0,148,15.6,19752.0
17,0,148,17.3,20147.0
18,0,148,19.8,19528.0
19,0,148,21.7,19500.0
20,0,148,23.5,19199.0
21,0,148,23.9,18586.0
22,0,148,23.4,18644.0
23,0,148,22.7,19246.0
0,1,149,21.8,19855.0
1,1,149,20.1,21191.0
2,1,149,18.5,23287.0
3,1,149,16.7,24862.0
4,1,149,15.6,26351.0
5,1,149,14.8,26793.0
6,1,149,14.3,26322.0
7,1,149,13.9,24662.0
8,1,149,13.5,23083.0
9,1,149,13.0,22156.0
10,1,149,12.6,21054.0
11,1,149,12.4,20367.0
12,1,149,12.0,20195.0
13,1,149,12.3,20388.0
14,1,149,12.3,21077.0
15,1,149,13.2,21935.0
16,1,149,14.7,23324.0
17,1,149,17.3,24009.0
18,1,149,19.9,22961.0
19,1,149,22.5,22235.0
20,1,149,23.4,22474.0
21,1,149,23.8,22346.0
22,1,149,24.3,21968.0
23,1,149,24.1,22428.0
0,2,150,22.1,23177.0
1,2,150,19.5,24161.0
2,2,150,18.1,25824.0
3,2,150,16.5,27273.0
4,2,150,15.5,28313.0
5,2,150,15.0,28738.0
6,2,150,14.7,28235.0
7,2,150,14.2,26476.0
8,2,150,13.4,24637.0
9,2,150,12.8,23640.0
10,2,150,12.7,22521.0
11,2,150,12.5,22019.0
12,2,150,12.2,21622.0
13,2,150,12.0,21598.0
14,2,150,12.1,22608.0
15,2,150,12.8,23610.0
16,2,150,14.2,24888.0
17,2,150,17.0,25715.0
18,2,150,19.6,24598.0
19,2,150,22.6,23819.0
20,2,150,24.1,23631.0
21,2,150,24.7,22960.0
22,2,150,24.5,23193.0
23,2,150,24.0,23500.0
0,3,151,23.1,23762.0
1,3,151,20.5,24954.0
2,3,151,18.9,26292.0
3,3,151,17.3,27701.0
4,3,151,16.2,28453.0
5,3,151,15.5,28766.0
6,3,151,14.9,28200.0
7,3,151,14.7,26478.0
8,3,151,14.3,24723.0
9,3,151,13.6,23735.0
10,3,151,13.3,22734.0
11,3,151,12.5,21931.0
12,3,151,11.9,21476.0
13,3,151,12.4,21723.0
14,3,151,13.9,22381.0
15,3,151,16.0,23240.0
16,3,151,18.1,24021.0
17,3,151,20.4,24952.0
18,3,151,22.8,24253.0
19,3,151,24.7,24068.0
20,3,151,25.8,23482.0
21,3,151,26.1,23249.0
22,3,151,25.6,22916.0
23,3,151,24.4,23733.0
0,4,152,23.4,25482.0
1,4,152,20.7,26955.0
2,4,152,18.8,28408.0
3,4,152,16.8,29579.0
4,4,152,15.6,30191.0
5,4,152,14.7,30332.0
6,4,152,14.1,29516.0
7,4,152,13.8,27541.0
8,4,152,13.7,25758.0
9,4,152,13.5,24589.0
10,4,152,13.4,23317.0
11,4,152,13.6,22414.0
12,4,152,13.7,21978.0
13,4,152,13.7,22015.0
14,4,152,14.1,22625.0
15,4,152,14.6,23696.0
16,4,152,15.4,25118.0
17,4,152,17.0,25683.0
18,4,152,19.5,25308.0
19,4,152,21.9,24678.0
20,4,152,23.6,24116.0
21,4,152,24.4,23461.0
22,4,152,24.5,24600.0
23,4,152,23.7,25270.0
0,5,153,22.2,26474.0
1,5,153,19.7,27749.0
2,5,153,18.0,28771.0
3,5,153,16.6,29429.0
4,5,153,15.5,29783.0
5,5,153,15.1,29595.0
6,5,153,14.7,28851.0
7,5,153,14.4,27100.0
8,5,153,14.2,25316.0
9,5,153,13.9,24152.0
10,5,153,13.6,23340.0
11,5,153,13.5,22496.0
12,5,153,13.4,21792.0
13,5,153,13.8,21630.0
14,5,153,14.2,21798.0
15,5,153,14.7,21452.0
16,5,153,15.3,23268.0
17,5,153,16.9,23790.0
18,5,153,18.9,23160.0
19,5,153,21.2,22937.0
20,5,153,23.2,22208.0
21,5,153,24.1,21401.0
22,5,153,23.3,21041.0
23,5,153,22.4,20925.0
0,6,154,21.2,21549.0
1,6,154,18.6,22738.0
2,6,154,17.0,23956.0
3,6,154,15.4,25549.0
4,6,154,14.5,26532.0
5,6,154,14.1,27010.0
6,6,154,14.3,26395.0
7,6,154,14.3,25448.0
8,6,154,14.7,24013.0
9,6,154,14.8,22587.0
10,6,154,14.8,21554.0
11,6,154,14.7,20820.0
12,6,154,14.5,20761.0
13,6,154,14.2,20593.0
14,6,154,14.4,20922.0
15,6,154,15.2,20707.0
16,6,154,16.4,21054.0
17,6,154,18.0,21598.0
18,6,154,19.9,21592.0
19,6,154,21.6,20735.0
20,6,154,22.7,20322.0
21,6,154,23.1,20040.0
22,6,154,23.3,20454.0
23,6,154,23.4,20124.0
0,0,155,22.9,19895.0
1,0,155,20.4,20408.0
2,0,155,19.2,22289.0
3,0,155,17.8,24595.0
4,0,155,16.8,25975.0
5,0,155,16.2,26660.0
6,0,155,15.7,26505.0
7,0,155,15.3,24852.0
8,0,155,15.0,23301.0
9,0,155,14.9,22308.0
10,0,155,14.9,21350.0
11,0,155,15.0,20755.0
12,0,155,15.1,20682.0
13,0,155,15.1,21008.0
14,0,155,15.4,21943.0
15,0,155,15.9,23408.0
16,0,155,16.7,25357.0
17,0,155,17.8,25753.0
18,0,155,20.4,25691.0
19,0,155,22.7,25577.0
20,0,155,24.7,24965.0
21,0,155,25.2,24809.0
22,0,155,24.9,24641.0
23,0,155,24.1,24296.0
0,1,156,22.9,24462.0
1,1,156,19.0,25377.0
2,1,156,18.1,26531.0
3,1,156,17.2,27217.0
4,1,156,16.5,27779.0
5,1,156,15.9,28309.0
6,1,156,15.7,27812.0
7,1,156,15.6,26089.0
8,1,156,15.1,24397.0
9,1,156,14.9,23827.0
10,1,156,14.5,22982.0
11,1,156,14.2,22426.0
12,1,156,14.0,22054.0
13,1,156,15.4,22218.0
14,1,156,15.7,22670.0
15,1,156,16.2,23895.0
16,1,156,17.7,25131.0
17,1,156,19.8,26533.0
18,1,156,22.2,26438.0
19,1,156,24.8,26896.0
20,1,156,26.5,26401.0
21,1,156,27.0,26047.0
22,1,156,26.7,25376.0
23,1,156,26.3,25638.0
0,2,157,25.2,27252.0
1,2,157,22.6,28602.0
2,2,157,20.7,30456.0
3,2,157,18.8,31941.0
4,2,157,17.8,32648.0
5,2,157,17.0,32621.0
6,2,157,16.6,31736.0
7,2,157,16.1,29492.0
8,2,157,15.7,27296.0
9,2,157,15.3,25859.0
10,2,157,14.9,24511.0
11,2,157,14.4,23540.0
12,2,157,14.0,23095.0
13,2,157,14.8,22932.0
14,2,157,14.7,23713.0
15,2,157,15.3,25192.0
16,2,157,17.4,27221.0
17,2,157,20.2,29160.0
18,2,157,22.6,29075.0
19,2,157,25.0,29100.0
20,2,157,26.7,29198.0
21,2,157,27.7,30013.0
22,2,157,27.4,29849.0
23,2,157,26.0,30456.0
0,3,158,24.4,31929.0
1,3,158,22.7,32950.0
2,3,158,20.4,34769.0
3,3,158,18.7,35698.0
4,3,158,17.8,35522.0
5,3,158,16.9,34904.0
6,3,158,16.7,33718.0
7,3,158,16.4,31240.0
8,3,158,16.1,29103.0
9,3,158,15.8,27213.0
10,3,158,15.6,25429.0
11,3,158,15.4,24559.0
12,3,158,15.1,23860.0
13,3,158,15.6,23618.0
14,3,158,15.7,24057.0
15,3,158,16.4,25030.0
16,3,158,18.0,26662.0
17,3,158,20.9,28395.0
18,3,158,23.5,28362.0
19,3,158,25.4,28332.0
20,3,158,26.0,28478.0
21,3,158,25.5,29008.0
22,3,158,24.8,28892.0
23,3,158,24.6,30338.0
0,4,159,24.4,31123.0
1,4,159,23.0,32777.0
2,4,159,21.3,34171.0
3,4,159,18.9,34457.0
4,4,159,17.4,34440.0
5,4,159,16.6,33750.0
6,4,159,16.1,32709.0
7,4,159,15.9,30492.0
8,4,159,15.4,28423.0
9,4,159,15.0,26911.0
10,4,159,15.1,25227.0
11,4,159,15.1,23760.0
12,4,159,15.1,23318.0
13,4,159,15.9,23222.0
14,4,159,16.5,23730.0
15,4,159,17.0,24818.0
16,4,159,17.9,26695.0
17,4,159,19.1,28392.0
18,4,159,20.5,28723.0
19,4,159,22.8,28348.0
20,4,159,24.9,28125.0
21,4,159,26.1,28009.0
22,4,159,26.6,27415.0
23,4,159,26.1,28082.0
0,5,160,24.8,28569.0
1,5,160,22.1,28676.0
2,5,160,20.2,29995.0
3,5,160,18.8,30803.0
4,5,160,17.8,30926.0
5,5,160,17.2,30513.0
6,5,160,16.9,29783.0
7,5,160,16.8,28071.0
8,5,160,16.5,26371.0
9,5,160,16.4,24894.0
10,5,160,16.2,23630.0
11,5,160,16.1,22652.0
12,5,160,16.2,22122.0
13,5,160,17.0,21900.0
14,5,160,17.3,21769.0
15,5,160,17.4,21863.0
16,5,160,18.1,23136.0
17,5,160,19.3,23794.0
18,5,160,20.8,23691.0
19,5,160,22.7,22918.0
20,5,160,24.8,22731.0
21,5,160,25.1,22208.0
22,5,160,24.9,21884.0
23,5,160,24.1,22056.0
0,6,161,23.3,22676.0
1,6,161,21.5,23706.0
2,6,161,19.6,25325.0
3,6,161,17.9,26772.0
4,6,161,16.9,27545.0
5,6,161,16.7,27710.0
6,6,161,16.4,27222.0
7,6,161,16.4,25888.0
8,6,161,16.4,24320.0
9,6,161,16.5,23172.0
10,6,161,16.5,22130.0
11,6,161,16.5,21399.0
12,6,161,16.6,20841.0
13,6,161,16.9,20355.0
14,6,161,17.1,20195.0
15,6,161,17.5,20151.0
16,6,161,18.2,21080.0
17,6,161,19.2,22632.0
18,6,161,21.7,22112.0
19,6,161,23.3,21514.0
20,6,161,24.2,21353.0
21,6,161,24.3,20709.0
22,6,161,24.1,20143.0
23,6,161,23.6,19930.0
0,0,162,22.9,20757.0
1,0,162,20.9,22189.0
2,0,162,19.1,24454.0
3,0,162,17.5,26394.0
4,0,162,16.4,27293.0
5,0,162,15.8,27503.0
6,0,162,15.4,27082.0
7,0,162,15.0,25422.0
8,0,162,14.5,23580.0
9,0,162,14.1,22526.0
10,0,162,13.7,21612.0
11,0,162,13.4,20904.0
12,0,162,13.0,20514.0
13,0,162,14.1,20730.0
14,0,162,14.3,21528.0
15,0,162,15.2,23021.0
16,0,162,16.9,25463.0
17,0,162,19.2,26777.0
18,0,162,21.5,27604.0
19,0,162,24.1,27270.0
20,0,162,26.0,26629.0
21,0,162,26.2,25867.0
22,0,162,25.1,25081.0
23,0,162,24.5,25600.0
0,1,163,23.2,26587.0
1,1,163,21.2,27697.0
2,1,163,19.4,29634.0
3,1,163,17.4,31072.0
4,1,163,16.3,31489.0
5,1,163,15.9,31237.0
6,1,163,15.5,30421.0
7,1,163,15.1,28332.0
8,1,163,14.5,26058.0
9,1,163,14.2,24803.0
10,1,163,13.9,23683.0
11,1,163,13.7,22734.0
12,1,163,13.5,22086.0
13,1,163,14.2,22229.0
14,1,163,14.2,22838.0
15,1,163,14.5,24094.0
16,1,163,16.3,26061.0
17,1,163,18.4,27356.0
18,1,163,21.2,28306.0
19,1,163,23.6,27582.0
20,1,163,25.1,27610.0
21,1,163,25.3,27414.0
22,1,163,25.0,28587.0
23,1,163,24.1,29454.0
0,2,164,23.2,30679.0
1,2,164,20.4,31844.0
2,2,164,18.7,33345.0
3,2,164,17.4,34216.0
4,2,164,16.5,34352.0
5,2,164,15.9,33864.0
6,2,164,15.5,32649.0
7,2,164,15.2,30314.0
8,2,164,14.9,28131.0
9,2,164,14.7,26376.0
10,2,164,14.6,25127.0
11,2,164,14.7,24078.0
12,2,164,15.1,23427.0
13,2,164,15.8,23361.0
14,2,164,16.3,23997.0
15,2,164,17.1,25201.0
16,2,164,18.5,27489.0
17,2,164,20.0,29136.0
18,2,164,21.9,29353.0
19,2,164,24.2,28779.0
20,2,164,26.4,28132.0
21,2,164,27.2,28690.0
22,2,164,27.0,28495.0
23,2,164,26.1,28008.0
0,3,165,25.2,29024.0
1,3,165,23.1,30220.0
2,3,165,20.9,31917.0
3,3,165,18.6,33121.0
4,3,165,17.3,33140.0
5,3,165,16.7,32409.0
6,3,165,16.4,31313.0
7,3,165,16.0,29221.0
8,3,165,14.9,27174.0
9,3,165,14.5,25590.0
10,3,165,14.1,24270.0
11,3,165,13.8,23061.0
12,3,165,13.6,22517.0
13,3,165,13.9,22536.0
14,3,165,14.1,23239.0
15,3,165,14.8,24427.0
16,3,165,16.2,25862.0
17,3,165,19.3,27017.0
18,3,165,21.9,26713.0
19,3,165,24.3,25679.0
20,3,165,25.0,24960.0
21,3,165,25.2,24579.0
22,3,165,25.2,24669.0
23,3,165,25.7,25054.0
0,4,166,25.0,25890.0
1,4,166,22.6,27396.0
2,4,166,20.2,29104.0
3,4,166,17.9,30391.0
4,4,166,16.4,30842.0
5,4,166,15.7,30449.0
6,4,166,15.4,29964.0
7,4,166,15.1,28216.0
8,4,166,14.8,26555.0
9,4,166,14.4,24996.0
10,4,166,14.2,23623.0
11,4,166,14.0,22668.0
12,4,166,13.7,22324.0
13,4,166,13.9,22305.0
14,4,166,14.6,22676.0
15,4,166,15.6,23897.0
16,4,166,17.8,25956.0
17,4,166,20.7,26609.0
18,4,166,23.6,26146.0
19,4,166,26.2,25696.0
20,4,166,27.7,25119.0
21,4,166,28.0,24917.0
22,4,166,27.6,25217.0
23,4,166,27.6,25648.0
0,5,167,27.0,26775.0
1,5,167,24.6,28413.0
2,5,167,22.7,30232.0
3,5,167,20.7,31140.0
4,5,167,19.2,31391.0
5,5,167,18.4,30958.0
6,5,167,17.8,30361.0
7,5,167,17.6,28374.0
8,5,167,17.3,26926.0
9,5,167,16.6,25237.0
10,5,167,15.8,23839.0
11,5,167,15.2,22853.0
12,5,167,14.6,22107.0
13,5,167,14.4,21796.0
14,5,167,14.6,21864.0
15,5,167,15.5,22051.0
16,5,167,18.0,23202.0
17,5,167,21.4,24194.0
18,5,167,25.0,24312.0
19,5,167,27.7,24150.0
20,5,167,28.6,23479.0
21,5,167,28.6,23183.0
22,5,167,28.9,22741.0
23,5,167,29.4,23178.0
0,6,168,28.1,24263.0
1,6,168,26.4,25963.0
2,6,168,24.2,28058.0
3,6,168,22.5,29380.0
4,6,168,21.2,29780.0
5,6,168,20.0,29418.0
6,6,168,19.2,28895.0
7,6,168,18.7,27152.0
8,6,168,18.3,25320.0
9,6,168,17.6,24242.0
10,6,168,16.6,22803.0
11,6,168,16.2,21773.0
12,6,168,15.9,21038.0
13,6,168,15.1,20677.0
14,6,168,15.9,20593.0
15,6,168,17.6,20734.0
16,6,168,19.9,21208.0
17,6,168,22.7,22218.0
18,6,168,25.5,21927.0
19,6,168,27.8,21891.0
20,6,168,28.8,21646.0
21,6,168,29.0,20918.0
22,6,168,28.8,20658.0
23,6,168,28.0,21228.0
0,0,169,27.0,22031.0
1,0,169,24.7,23830.0
2,0,169,23.0,25660.0
3,0,169,21.2,27316.0
4,0,169,19.5,28067.0
5,0,169,18.0,28151.0
6,0,169,17.1,27863.0
7,0,169,16.6,26262.0
8,0,169,16.2,24504.0
9,0,169,15.9,23428.0
10,0,169,15.6,22124.0
11,0,169,15.2,21356.0
12,0,169,15.0,21093.0
13,0,169,15.8,21171.0
14,0,169,16.2,21982.0
15,0,169,16.7,23059.0
16,0,169,17.8,24236.0
17,0,169,20.2,25671.0
18,0,169,23.5,26213.0
19,0,169,24.9,26456.0
20,0,169,25.4,26231.0
21,0,169,25.8,26006.0
22,0,169,25.6,25141.0
23,0,169,25.2,24250.0
0,1,170,24.8,24238.0
1,1,170,22.2,25420.0
2,1,170,21.3,27354.0
3,1,170,20.2,28353.0
4,1,170,19.0,28937.0
5,1,170,17.8,29331.0
6,1,170,17.2,28758.0
7,1,170,16.7,27140.0
8,1,170,16.4,25320.0
9,1,170,15.9,24333.0
10,1,170,15.5,23174.0
11,1,170,15.0,22204.0
12,1,170,14.7,22015.0
13,1,170,16.0,21995.0
14,1,170,16.1,22750.0
15,1,170,16.6,23992.0
16,1,170,18.2,25956.0
17,1,170,20.0,27250.0
18,1,170,22.8,26869.0
19,1,170,25.8,26634.0
20,1,170,27.5,25911.0
21,1,170,27.5,25819.0
22,1,170,27.1,25292.0
23,1,170,26.6,26098.0
0,2,171,25.8,27067.0
1,2,171,23.2,27783.0
2,2,171,21.5,28617.0
3,2,171,19.9,29922.0
4,2,171,19.0,30149.0
5,2,171,18.4,30203.0
6,2,171,18.0,29542.0
7,2,171,17.7,27644.0
8,2,171,17.3,26206.0
9,2,171,17.1,24513.0
10,2,171,16.8,23263.0
11,2,171,16.4,22457.0
12,2,171,15.9,21891.0
13,2,171,16.6,22056.0
14,2,171,16.9,22627.0
15,2,171,17.7,23703.0
16,2,171,19.7,25162.0
17,2,171,21.6,25707.0
18,2,171,24.2,25846.0
19,2,171,26.7,25542.0
20,2,171,27.6,25045.0
21,2,171,26.8,25028.0
22,2,171,26.0,24168.0
23,2,171,25.6,24539.0
0,3,172,24.8,25025.0
1,3,172,22.4,26868.0
2,3,172,21.0,28166.0
3,3,172,19.6,29221.0
4,3,172,18.3,29816.0
5,3,172,17.6,29867.0
6,3,172,17.2,29353.0
7,3,172,17.0,27642.0
8,3,172,16.7,26063.0
9,3,172,16.3,24721.0
10,3,172,15.9,23538.0
11,3,172,15.4,22753.0
12,3,172,15.0,22017.0
13,3,172,15.9,22167.0
14,3,172,15.9,22848.0
15,3,172,17.6,24074.0
16,3,172,19.6,25867.0
17,3,172,22.1,26647.0
18,3,172,25.0,26195.0
19,3,172,27.6,25636.0
20,3,172,28.1,25266.0
21,3,172,27.7,25144.0
22,3,172,27.4,25526.0
23,3,172,26.6,25794.0
0,4,173,25.9,27019.0
1,4,173,23.9,28309.0
2,4,173,21.9,29758.0
3,4,173,19.8,30500.0
4,4,173,18.4,30863.0
5,4,173,17.4,30734.0
6,4,173,16.9,30279.0
7,4,173,16.5,28350.0
8,4,173,16.1,26395.0
9,4,173,15.7,25023.0
10,4,173,15.1,23591.0
11,4,173,14.9,22590.0
12,4,173,14.5,22244.0
13,4,173,14.8,22096.0
14,4,173,15.7,22814.0
15,4,173,17.8,23981.0
16,4,173,20.1,25886.0
17,4,173,22.7,27847.0
18,4,173,25.8,27202.0
19,4,173,28.4,26792.0
20,4,173,29.5,26398.0
21,4,173,29.4,26635.0
22,4,173,28.9,26081.0
23,4,173,28.2,26636.0
0,5,174,27.4,28246.0
1,5,174,27.1,29983.0
2,5,174,24.8,32002.0
3,5,174,21.9,33271.0
4,5,174,20.4,33291.0
5,5,174,19.3,32624.0
6,5,174,18.4,31780.0
7,5,174,17.7,29720.0
8,5,174,17.1,27621.0
9,5,174,16.5,26032.0
10,5,174,16.1,24692.0
11,5,174,15.9,23543.0
12,5,174,15.7,22917.0
13,5,174,15.4,22410.0
14,5,174,16.1,22354.0
15,5,174,17.9,23042.0
16,5,174,20.5,24729.0
17,5,174,23.8,27254.0
18,5,174,27.5,27336.0
19,5,174,30.6,27095.0
20,5,174,32.2,27215.0
21,5,174,32.3,26969.0
22,5,174,31.1,27353.0
23,5,174,30.0,28657.0
0,6,175,29.2,30489.0
1,6,175,28.7,32534.0
2,6,175,26.3,34868.0
3,6,175,23.1,36525.0
4,6,175,21.2,36569.0
5,6,175,21.1,35379.0
6,6,175,20.8,34183.0
7,6,175,20.9,31885.0
8,6,175,20.7,29634.0
9,6,175,19.2,27790.0
10,6,175,19.6,26069.0
11,6,175,19.0,24669.0
12,6,175,18.5,23731.0
13,6,175,18.2,22873.0
14,6,175,18.7,22655.0
15,6,175,21.1,22824.0
16,6,175,26.1,24206.0
17,6,175,29.8,27123.0
18,6,175,30.8,28241.0
19,6,175,32.1,28374.0
20,6,175,31.6,28928.0
21,6,175,30.7,29313.0
22,6,175,30.1,29390.0
23,6,175,28.6,30732.0
0,0,176,27.7,32352.0
1,0,176,29.6,33909.0
2,0,176,26.5,36048.0
3,0,176,23.9,37484.0
4,0,176,22.5,36954.0
5,0,176,22.1,35896.0
6,0,176,22.1,34765.0
7,0,176,21.9,32438.0
8,0,176,21.6,29846.0
9,0,176,21.1,27813.0
10,0,176,20.7,26185.0
11,0,176,20.3,24933.0
12,0,176,20.0,24015.0
13,0,176,20.3,24177.0
14,0,176,21.2,24722.0
15,0,176,23.1,26103.0
16,0,176,25.5,29272.0
17,0,176,28.0,31805.0
18,0,176,30.8,32197.0
19,0,176,33.4,32265.0
20,0,176,33.4,32412.0
21,0,176,31.2,33467.0
22,0,176,30.1,34271.0
23,0,176,29.1,35576.0
0,1,177,28.0,37243.0
1,1,177,26.5,37600.0
2,1,177,24.0,38117.0
3,1,177,21.9,38678.0
4,1,177,20.9,37933.0
5,1,177,20.9,36772.0
6,1,177,20.9,35545.0
7,1,177,20.6,33115.0
8,1,177,20.2,30571.0
9,1,177,19.9,28759.0
10,1,177,19.5,27116.0
11,1,177,18.9,25801.0
12,1,177,18.5,25239.0
13,1,177,18.9,25105.0
14,1,177,19.7,25639.0
15,1,177,21.2,27299.0
16,1,177,23.2,29686.0
17,1,177,25.5,31757.0
18,1,177,28.0,31667.0
19,1,177,29.3,32207.0
20,1,177,29.5,32497.0
21,1,177,29.1,32569.0
22,1,177,28.2,33166.0
23,1,177,27.4,34218.0
0,2,178,26.6,35701.0
1,2,178,25.5,36814.0
2,2,178,23.3,37620.0
3,2,178,21.1,37762.0
4,2,178,20.0,37249.0
5,2,178,19.5,36197.0
6,2,178,19.3,34966.0
7,2,178,19.1,32544.0
8,2,178,18.8,30230.0
9,2,178,18.5,28289.0
10,2,178,18.0,26450.0
11,2,178,17.6,25401.0
12,2,178,17.3,24659.0
13,2,178,17.9,24483.0
14,2,178,18.5,24993.0
15,2,178,19.7,26248.0
16,2,178,21.5,28921.0
17,2,178,23.8,30470.0
18,2,178,26.2,30719.0
19,2,178,28.4,30442.0
20,2,178,29.7,30113.0
21,2,178,29.9,29773.0
22,2,178,29.7,30002.0
23,2,178,29.3,30490.0
0,3,179,27.9,31764.0
1,3,179,25.5,33088.0
2,3,179,23.8,34945.0
3,3,179,22.2,35785.0
4,3,179,20.5,35419.0
5,3,179,19.7,34519.0
6,3,179,19.5,33666.0
7,3,179,19.2,31333.0
8,3,179,18.7,29166.0
9,3,179,18.2,27441.0
10,3,179,17.8,25932.0
11,3,179,17.4,25170.0
12,3,179,16.9,24360.0
13,3,179,17.1,24298.0
14,3,179,17.5,24863.0
15,3,179,18.0,25893.0
16,3,179,19.9,28496.0
17,3,179,22.2,30290.0
18,3,179,25.0,30205.0
19,3,179,27.4,29489.0
20,3,179,29.3,29351.0
21,3,179,30.3,29617.0
22,3,179,30.2,29576.0
23,3,179,29.5,30705.0
0,4,180,28.1,31848.0
1,4,180,25.1,32698.0
2,4,180,23.5,34393.0
3,4,180,21.6,35411.0
4,4,180,20.2,35126.0
5,4,180,19.3,34306.0
6,4,180,18.7,33461.0
7,4,180,18.3,31198.0
8,4,180,18.1,28857.0
9,4,180,17.8,27394.0
10,4,180,17.3,25840.0
11,4,180,16.8,25016.0
12,4,180,16.6,24405.0
13,4,180,16.8,24016.0
14,4,180,17.9,24472.0
15,4,180,18.8,25617.0
16,4,180,21.1,28209.0
17,4,180,23.1,30270.0
18,4,180,25.5,30117.0
19,4,180,28.1,29390.0
20,4,180,29.4,28915.0
21,4,180,29.5,28638.0
22,4,180,29.3,28997.0
23,4,180,28.8,29769.0
0,5,181,27.9,30762.0
1,5,181,25.8,32261.0
2,5,181,23.5,34003.0
3,5,181,21.4,34862.0
4,5,181,20.0,34656.0
5,5,181,19.4,33814.0
6,5,181,18.8,32858.0
7,5,181,18.2,30671.0
8,5,181,17.7,28808.0
9,5,181,17.2,26986.0
10,5,181,16.7,25325.0
11,5,181,16.2,24159.0
12,5,181,15.6,23381.0
13,5,181,15.7,23068.0
14,5,181,16.0,23060.0
15,5,181,17.2,23373.0
16,5,181,19.3,25371.0
17,5,181,22.0,26976.0
18,5,181,24.9,26590.0
19,5,181,27.7,25766.0
20,5,181,29.3,25499.0
21,5,181,29.5,25816.0
22,5,181,29.2,26756.0
23,5,181,28.7,27279.0
0,6,182,27.5,28521.0
1,6,182,25.8,30467.0
2,6,182,23.5,32670.0
3,6,182,20.8,34162.0
4,6,182,19.2,34173.0
5,6,182,18.4,33335.0
6,6,182,17.6,32249.0
7,6,182,17.0,30233.0
8,6,182,16.6,28441.0
9,6,182,16.1,26540.0
10,6,182,15.6,25174.0
11,6,182,15.2,24074.0
12,6,182,14.9,23468.0
13,6,182,15.5,23013.0
14,6,182,15.5,22661.0
15,6,182,17.2,23194.0
16,6,182,20.6,25342.0
17,6,182,24.2,27135.0
18,6,182,28.1,26867.0
19,6,182,31.2,26115.0
20,6,182,32.3,25319.0
21,6,182,32.1,25129.0
22,6,182,31.9,25439.0
23,6,182,31.7,27155.0
0,0,183,30.1,29408.0
1,0,183,28.2,31482.0
2,0,183,24.9,33579.0
3,0,183,22.0,35137.0
4,0,183,20.6,35172.0
5,0,183,19.8,34059.0
6,0,183,19.3,32978.0
7,0,183,19.1,30736.0
8,0,183,18.3,28251.0
9,0,183,17.6,26610.0
10,0,183,17.1,25130.0
11,0,183,16.6,23940.0
12,0,183,16.2,23774.0
13,0,183,16.6,23568.0
14,0,183,16.7,24108.0
15,0,183,18.6,25946.0
16,0,183,21.2,28696.0
17,0,183,24.0,31281.0
18,0,183,27.1,31293.0
19,0,183,29.8,30731.0
20,0,183,31.3,30119.0
21,0,183,31.7,30427.0
22,0,183,31.1,30748.0
23,0,183,30.5,32163.0
0,1,184,29.4,34240.0
1,1,184,26.6,36113.0
2,1,184,24.3,38024.0
3,1,184,21.6,38956.0
4,1,184,19.9,38457.0
5,1,184,19.4,37259.0
6,1,184,19.0,35781.0
7,1,184,18.5,33014.0
8,1,184,17.7,30269.0
9,1,184,17.0,28633.0
10,1,184,16.4,27675.0
11,1,184,16.0,27000.0
12,1,184,15.8,26215.0
13,1,184,16.2,25908.0
14,1,184,16.3,26162.0
15,1,184,16.9,27437.0
16,1,184,18.6,29734.0
17,1,184,21.6,31254.0
18,1,184,24.9,30825.0
19,1,184,28.4,30340.0
20,1,184,30.7,30842.0
21,1,184,31.1,31571.0
22,1,184,30.2,32835.0
23,1,184,29.2,34832.0
0,2,185,27.7,36844.0
1,2,185,27.6,38509.0
2,2,185,24.8,40599.0
3,2,185,21.1,41428.0
4,2,185,19.4,41063.0
5,2,185,18.8,39776.0
6,2,185,18.4,38217.0
7,2,185,18.0,35339.0
8,2,185,17.6,32546.0
9,2,185,17.0,30593.0
10,2,185,16.6,28728.0
11,2,185,16.1,27650.0
12,2,185,15.8,27250.0
13,2,185,15.7,26972.0
14,2,185,16.0,27200.0
15,2,185,18.4,28137.0
16,2,185,21.5,30484.0
17,2,185,24.6,32275.0
18,2,185,27.0,32564.0
19,2,185,29.0,32433.0
20,2,185,30.0,33401.0
21,2,185,29.9,34237.0
22,2,185,29.4,35745.0
23,2,185,28.1,37628.0
0,3,186,26.0,39555.0
1,3,186,24.9,40991.0
2,3,186,22.6,42141.0
3,3,186,20.1,42598.0
4,3,186,18.5,41684.0
5,3,186,17.9,40144.0
6,3,186,17.8,38435.0
7,3,186,17.4,35678.0
8,3,186,17.0,33127.0
9,3,186,16.7,30701.0
10,3,186,16.2,28724.0
11,3,186,15.9,27193.0
12,3,186,15.8,26025.0
13,3,186,15.7,25484.0
14,3,186,16.2,25355.0
15,3,186,18.4,25890.0
16,3,186,21.1,29003.0
17,3,186,23.8,29992.0
18,3,186,26.0,29852.0
19,3,186,27.8,29974.0
20,3,186,29.1,29862.0
21,3,186,29.3,30292.0
22,3,186,28.9,31883.0
23,3,186,28.3,33076.0
0,4,187,27.1,34618.0
1,4,187,25.7,36111.0
2,4,187,23.7,37406.0
3,4,187,22.2,38211.0
4,4,187,20.7,37733.0
5,4,187,19.7,36228.0
6,4,187,19.2,34660.0
7,4,187,18.8,33114.0
8,4,187,18.1,31122.0
9,4,187,17.6,30633.0
10,4,187,17.4,29020.0
11,4,187,17.2,27253.0
12,4,187,16.9,25943.0
13,4,187,16.7,25130.0
14,4,187,17.9,25514.0
15,4,187,18.8,26374.0
16,4,187,20.2,29234.0
17,4,187,23.8,30313.0
18,4,187,28.7,30408.0
19,4,187,33.0,30528.0
20,4,187,34.7,31495.0
21,4,187,33.6,32823.0
22,4,187,32.9,34332.0
23,4,187,32.9,36406.0
0,5,188,32.6,38531.0
1,5,188,29.5,40225.0
2,5,188,27.6,41565.0
3,5,188,25.8,42126.0
4,5,188,24.4,41502.0
5,5,188,23.1,40100.0
6,5,188,21.6,38511.0
7,5,188,20.6,35841.0
8,5,188,20.0,33623.0
9,5,188,19.4,31050.0
10,5,188,18.8,28933.0
11,5,188,18.5,27229.0
12,5,188,18.0,26306.0
13,5,188,18.2,25514.0
14,5,188,18.4,25301.0
15,5,188,18.8,25598.0
16,5,188,20.1,28184.0
17,5,188,22.5,29581.0
18,5,188,25.3,29713.0
19,5,188,28.1,30195.0
20,5,188,30.8,29654.0
21,5,188,32.1,30162.0
22,5,188,32.4,31813.0
23,5,188,31.2,34005.0
0,6,189,29.7,35975.0
1,6,189,29.5,37930.0
2,6,189,27.6,39678.0
3,6,189,25.5,40642.0
4,6,189,23.9,40419.0
5,6,189,22.5,39102.0
6,6,189,21.6,37565.0
7,6,189,20.6,34965.0
8,6,189,19.8,32659.0
9,6,189,19.6,30353.0
10,6,189,19.2,28426.0
11,6,189,18.8,26799.0
12,6,189,18.2,25909.0
13,6,189,18.6,25247.0
14,6,189,18.6,24784.0
15,6,189,19.3,24737.0
16,6,189,20.6,27047.0
17,6,189,23.3,29097.0
18,6,189,25.9,29046.0
19,6,189,28.7,28734.0
20,6,189,30.6,29304.0
21,6,189,31.3,29752.0
22,6,189,31.1,30807.0
23,6,189,30.0,32146.0
0,0,190,28.5,33932.0
1,0,190,27.1,35830.0
2,0,190,25.0,37861.0
3,0,190,22.8,39261.0
4,0,190,21.1,38988.0
5,0,190,20.2,37854.0
6,0,190,19.3,36537.0
7,0,190,18.6,34062.0
8,0,190,18.1,31440.0
9,0,190,17.6,29759.0
10,0,190,17.2,28179.0
11,0,190,16.8,27652.0
12,0,190,16.6,26824.0
13,0,190,17.7,26806.0
14,0,190,17.4,26616.0
15,0,190,17.6,27686.0
16,0,190,20.1,30815.0
17,0,190,23.2,32928.0
18,0,190,26.7,32810.0
19,0,190,29.1,33140.0
20,0,190,29.2,32228.0
21,0,190,28.8,32678.0
22,0,190,28.2,33811.0
23,0,190,27.8,35556.0
0,1,191,27.1,37186.0
1,1,191,25.6,38939.0
2,1,191,23.4,40603.0
3,1,191,21.0,41249.0
4,1,191,19.5,40453.0
5,1,191,18.8,38954.0
6,1,191,18.6,37329.0
7,1,191,18.2,34654.0
8,1,191,18.0,32048.0
9,1,191,17.7,29915.0
10,1,191,17.3,28436.0
11,1,191,16.9,26968.0
12,1,191,16.4,26271.0
13,1,191,15.7,25970.0
14,1,191,16.0,26713.0
15,1,191,16.9,28275.0
16,1,191,19.8,31441.0
17,1,191,22.9,33612.0
18,1,191,26.5,33351.0
19,1,191,29.8,33158.0
20,1,191,32.4,32329.0
21,1,191,33.3,32545.0
22,1,191,32.9,33809.0
23,1,191,32.1,35271.0
0,2,192,29.9,37098.0
1,2,192,25.9,38950.0
2,2,192,24.1,40165.0
3,2,192,22.2,40913.0
4,2,192,20.7,40085.0
5,2,192,19.8,38942.0
6,2,192,19.7,37530.0
7,2,192,19.6,34831.0
8,2,192,18.8,31959.0
9,2,192,19.1,30559.0
10,2,192,18.4,28712.0
11,2,192,17.8,27191.0
12,2,192,17.3,26410.0
13,2,192,16.8,26254.0
14,2,192,17.1,26625.0
15,2,192,19.6,28474.0
16,2,192,22.4,31952.0
17,2,192,25.9,33769.0
18,2,192,29.3,34139.0
19,2,192,31.8,33866.0
20,2,192,33.6,33277.0
21,2,192,34.8,33203.0
22,2,192,35.2,34687.0
23,2,192,33.7,36565.0
0,3,193,31.5,39054.0
1,3,193,27.9,40959.0
2,3,193,26.4,42926.0
3,3,193,23.4,43417.0
4,3,193,21.1,42939.0
5,3,193,20.2,41564.0
6,3,193,19.7,40112.0
7,3,193,19.2,37046.0
8,3,193,18.7,33624.0
9,3,193,18.2,31396.0
10,3,193,18.1,30039.0
11,3,193,17.4,28436.0
12,3,193,16.3,27936.0
13,3,193,17.2,27924.0
14,3,193,17.5,28127.0
15,3,193,18.6,28604.0
16,3,193,21.1,31455.0
17,3,193,23.5,33303.0
18,3,193,26.2,33770.0
19,3,193,29.1,34030.0
20,3,193,31.6,34373.0
21,3,193,32.2,34829.0
22,3,193,31.2,36149.0
23,3,193,29.5,38317.0
0,4,194,27.6,40450.0
1,4,194,25.3,42089.0
2,4,194,23.2,43058.0
3,4,194,20.5,43602.0
4,4,194,19.4,43002.0
5,4,194,19.2,41740.0
6,4,194,18.8,40166.0
7,4,194,18.3,37129.0
8,4,194,17.9,34143.0
9,4,194,17.6,31839.0
10,4,194,17.0,30031.0
11,4,194,16.2,28473.0
12,4,194,16.1,28020.0
13,4,194,16.9,28313.0
14,4,194,16.7,27813.0
15,4,194,17.4,29125.0
16,4,194,19.7,31308.0
17,4,194,21.6,33412.0
18,4,194,23.8,33804.0
19,4,194,27.3,33947.0
20,4,194,29.0,33927.0
21,4,194,30.7,34364.0
22,4,194,29.0,34761.0
23,4,194,25.6,36267.0
0,5,195,24.4,37803.0
1,5,195,25.7,38509.0
2,5,195,25.9,39705.0
3,5,195,22.3,39709.0
4,5,195,19.5,38901.0
5,5,195,19.0,38197.0
6,5,195,20.4,37087.0
7,5,195,19.6,34716.0
8,5,195,19.0,32209.0
9,5,195,19.1,30367.0
10,5,195,18.6,28500.0
11,5,195,18.1,27235.0
12,5,195,17.0,26162.0
13,5,195,17.4,25703.0
14,5,195,18.0,25466.0
15,5,195,19.4,25602.0
16,5,195,21.1,26542.0
17,5,195,23.7,28886.0
18,5,195,27.1,29376.0
19,5,195,28.8,29615.0
20,5,195,29.6,29559.0
21,5,195,29.8,29410.0
22,5,195,30.9,30154.0
23,5,195,28.3,30988.0
0,6,196,28.1,32629.0
1,6,196,25.3,33206.0
2,6,196,22.3,34666.0
3,6,196,21.2,35833.0
4,6,196,20.2,35585.0
5,6,196,20.1,34806.0
6,6,196,20.3,33875.0
7,6,196,19.8,31995.0
8,6,196,19.8,29721.0
9,6,196,18.9,28223.0
10,6,196,18.3,26637.0
11,6,196,17.9,25384.0
12,6,196,17.8,24581.0
13,6,196,18.5,24073.0
14,6,196,18.5,23805.0
15,6,196,20.0,23827.0
16,6,196,21.8,24597.0
17,6,196,24.3,25553.0
18,6,196,26.3,26201.0
19,6,196,28.5,26172.0
20,6,196,29.7,25680.0
21,6,196,29.7,26513.0
22,6,196,28.6,27596.0
23,6,196,28.2,28775.0
0,0,197,27.1,29846.0
1,0,197,24.9,31671.0
2,0,197,23.3,33795.0
3,0,197,21.6,35290.0
4,0,197,20.5,35303.0
5,0,197,19.8,34761.0
6,0,197,19.4,33708.0
7,0,197,19.1,31664.0
8,0,197,18.6,29322.0
9,0,197,18.2,27457.0
10,0,197,18.0,26085.0
11,0,197,17.6,24937.0
12,0,197,17.2,24061.0
13,0,197,17.2,24088.0
14,0,197,17.7,24893.0
15,0,197,19.2,25966.0
16,0,197,21.0,28073.0
17,0,197,23.2,30312.0
18,0,197,25.8,30982.0
19,0,197,28.1,31597.0
20,0,197,29.4,31573.0
21,0,197,29.3,31119.0
22,0,197,28.8,31334.0
23,0,197,28.1,31359.0
0,1,198,26.7,33036.0
1,1,198,24.9,34455.0
2,1,198,23.6,36016.0
3,1,198,21.7,37290.0
4,1,198,20.2,37333.0
5,1,198,19.4,36699.0
6,1,198,19.0,35205.0
7,1,198,18.5,32913.0
8,1,198,17.9,30538.0
9,1,198,17.6,28628.0
10,1,198,17.5,26899.0
11,1,198,17.1,25830.0
12,1,198,16.6,25202.0
13,1,198,17.4,24981.0
14,1,198,17.9,25668.0
15,1,198,18.9,26641.0
16,1,198,20.9,28991.0
17,1,198,23.1,30586.0
18,1,198,25.4,31129.0
19,1,198,27.7,30845.0
20,1,198,29.0,30377.0
21,1,198,28.8,30076.0
22,1,198,28.6,30146.0
23,1,198,28.4,30742.0
0,2,199,27.7,32332.0
1,2,199,26.0,34010.0
2,2,199,24.4,35606.0
3,2,199,22.6,36665.0
4,2,199,21.0,36824.0
5,2,199,20.2,35620.0
6,2,199,19.5,34441.0
7,2,199,18.9,32292.0
8,2,199,18.4,29614.0
9,2,199,17.8,27998.0
10,2,199,17.8,26611.0
11,2,199,17.7,25399.0
12,2,199,17.4,25033.0
13,2,199,17.7,24859.0
14,2,199,18.1,25317.0
15,2,199,19.1,26575.0
16,2,199,20.6,28099.0
17,2,199,22.4,29656.0
18,2,199,24.8,29621.0
19,2,199,27.3,29801.0
20,2,199,29.6,29363.0
21,2,199,30.3,29335.0
22,2,199,30.7,29458.0
23,2,199,30.1,29707.0
0,3,200,29.0,31962.0
1,3,200,26.3,33989.0
2,3,200,24.3,35886.0
3,3,200,22.6,37114.0
4,3,200,21.0,37026.0
5,3,200,20.3,36231.0
6,3,200,19.7,35099.0
7,3,200,19.5,32783.0
8,3,200,19.3,30387.0
9,3,200,18.8,28763.0
10,3,200,18.4,27387.0
11,3,200,18.3,26195.0
12,3,200,18.3,25740.0
13,3,200,18.2,25397.0
14,3,200,18.9,25888.0
15,3,200,19.6,27166.0
16,3,200,21.4,28886.0
17,3,200,24.0,30933.0
18,3,200,27.2,30696.0
19,3,200,30.5,31873.0
20,3,200,31.5,31745.0
21,3,200,30.6,31371.0
22,3,200,30.5,32200.0
23,3,200,29.6,33657.0
0,4,201,28.5,35156.0
1,4,201,26.3,37009.0
2,4,201,24.4,38363.0
3,4,201,22.6,39279.0
4,4,201,21.3,39015.0
5,4,201,20.5,37949.0
6,4,201,20.0,36733.0
7,4,201,19.8,33835.0
8,4,201,19.5,31249.0
9,4,201,18.9,29930.0
10,4,201,18.4,28833.0
11,4,201,17.9,27856.0
12,4,201,17.6,27001.0
13,4,201,16.9,26714.0
14,4,201,17.0,26285.0
15,4,201,17.6,27007.0
16,4,201,20.0,29427.0
17,4,201,23.3,31236.0
18,4,201,27.0,31562.0
19,4,201,30.7,31557.0
20,4,201,33.2,32129.0
21,4,201,33.9,32600.0
22,4,201,33.1,33989.0
23,4,201,31.6,35790.0
0,5,202,30.2,37950.0
1,5,202,28.0,39304.0
2,5,202,25.8,40674.0
3,5,202,23.2,41418.0
4,5,202,21.4,40882.0
5,5,202,20.6,39544.0
6,5,202,19.9,37905.0
7,5,202,19.6,35218.0
8,5,202,19.2,32498.0
9,5,202,18.8,30523.0
10,5,202,18.3,28501.0
11,5,202,17.8,27145.0
12,5,202,17.4,26017.0
13,5,202,16.9,25443.0
14,5,202,17.3,25301.0
15,5,202,19.7,25713.0
16,5,202,22.6,27666.0
17,5,202,26.3,30052.0
18,5,202,30.9,30616.0
19,5,202,34.5,30809.0
20,5,202,35.9,30591.0
21,5,202,35.3,30918.0
22,5,202,34.4,31503.0
23,5,202,33.9,32918.0
0,6,203,32.9,34691.0
1,6,203,29.7,36118.0
2,6,203,27.7,37905.0
3,6,203,25.0,39059.0
4,6,203,23.3,38872.0
5,6,203,22.1,37658.0
6,6,203,21.3,36140.0
7,6,203,21.1,33694.0
8,6,203,20.9,31424.0
9,6,203,20.4,29536.0
10,6,203,19.6,27579.0
11,6,203,19.1,26169.0
12,6,203,18.8,25224.0
13,6,203,18.4,24442.0
14,6,203,18.8,24555.0
15,6,203,20.7,24223.0
16,6,203,23.1,25648.0
17,6,203,26.8,27891.0
18,6,203,30.1,28336.0
19,6,203,32.7,28442.0
20,6,203,34.0,28047.0
21,6,203,32.8,28345.0
22,6,203,32.0,28935.0
23,6,203,31.3,29778.0
0,0,204,30.7,31366.0
1,0,204,28.3,33241.0
2,0,204,26.6,34999.0
3,0,204,24.3,36651.0
4,0,204,23.1,36766.0
5,0,204,22.2,36006.0
6,0,204,21.4,34840.0
7,0,204,20.7,32550.0
8,0,204,20.3,30043.0
9,0,204,19.8,28486.0
10,0,204,19.4,26721.0
11,0,204,19.0,25751.0
12,0,204,18.5,25279.0
13,0,204,18.4,25183.0
14,0,204,19.3,25963.0
15,0,204,21.1,27354.0
16,0,204,23.7,30360.0
17,0,204,27.0,32403.0
18,0,204,30.0,33363.0
19,0,204,31.7,33926.0
20,0,204,32.1,34038.0
21,0,204,31.4,34801.0
22,0,204,31.3,35972.0
23,0,204,30.6,37332.0
0,1,205,29.6,39587.0
1,1,205,27.3,40955.0
2,1,205,24.9,42682.0
3,1,205,23.0,43010.0
4,1,205,22.1,42390.0
5,1,205,21.3,40959.0
6,1,205,20.8,39303.0
7,1,205,20.4,36070.0
8,1,205,20.1,33092.0
9,1,205,19.9,31061.0
10,1,205,19.4,29275.0
11,1,205,19.0,28447.0
12,1,205,19.0,27780.0
13,1,205,19.6,27642.0
14,1,205,20.0,28122.0
15,1,205,21.4,29217.0
16,1,205,23.7,32532.0
17,1,205,26.8,34989.0
18,1,205,30.0,35634.0
19,1,205,31.4,36423.0
20,1,205,32.2,36591.0
21,1,205,32.7,37308.0
22,1,205,32.0,38298.0
23,1,205,30.7,39856.0
0,2,206,29.3,41576.0
1,2,206,28.0,42877.0
2,2,206,25.1,44094.0
3,2,206,23.4,44561.0
4,2,206,22.6,43536.0
5,2,206,21.8,42297.0
6,2,206,21.1,40730.0
7,2,206,21.1,37838.0
8,2,206,20.6,34868.0
9,2,206,20.2,32523.0
10,2,206,19.9,30917.0
11,2,206,19.9,29491.0
12,2,206,19.6,28872.0
13,2,206,19.5,28124.0
14,2,206,20.0,28298.0
15,2,206,22.1,29679.0
16,2,206,24.4,32690.0
17,2,206,26.8,35053.0
18,2,206,29.7,35893.0
19,2,206,32.1,36956.0
20,2,206,33.1,37353.0
21,2,206,33.0,38129.0
22,2,206,32.5,39951.0
23,2,206,31.6,40638.0
0,3,207,30.0,42275.0
1,3,207,28.0,43091.0
2,3,207,26.1,44152.0
3,3,207,24.3,44673.0
4,3,207,22.8,43425.0
5,3,207,21.9,42231.0
6,3,207,21.7,40692.0
7,3,207,21.6,37649.0
8,3,207,21.3,34544.0
9,3,207,20.9,32314.0
10,3,207,20.7,30520.0
11,3,207,20.3,29399.0
12,3,207,19.9,28561.0
13,3,207,19.6,27947.0
14,3,207,19.7,28381.0
15,3,207,21.1,29029.0
16,3,207,23.7,31963.0
17,3,207,27.1,35150.0
18,3,207,30.8,36118.0
19,3,207,33.9,37766.0
20,3,207,35.5,38122.0
21,3,207,35.8,38301.0
22,3,207,34.6,38800.0
23,3,207,33.4,40058.0
0,4,208,31.4,41505.0
1,4,208,29.4,43126.0
2,4,208,27.1,44232.0
3,4,208,24.4,44727.0
4,4,208,22.9,43584.0
5,4,208,21.8,41832.0
6,4,208,21.2,40094.0
7,4,208,20.9,37021.0
8,4,208,20.1,34021.0
9,4,208,19.4,31875.0
10,4,208,19.2,30125.0
11,4,208,19.0,29034.0
12,4,208,18.5,28297.0
13,4,208,18.1,28006.0
14,4,208,19.1,27832.0
15,4,208,20.7,28618.0
16,4,208,23.1,30760.0
17,4,208,26.4,33417.0
18,4,208,29.8,33760.0
19,4,208,32.7,34246.0
20,4,208,34.1,34357.0
21,4,208,33.2,35002.0
22,4,208,32.7,35949.0
23,4,208,32.8,36899.0
0,5,209,32.0,38140.0
1,5,209,28.9,39031.0
2,5,209,26.1,39733.0
3,5,209,23.6,40013.0
4,5,209,22.2,38959.0
5,5,209,21.5,37374.0
6,5,209,21.0,35814.0
7,5,209,20.5,33363.0
8,5,209,20.0,30733.0
9,5,209,19.4,29011.0
10,5,209,18.7,27318.0
11,5,209,18.1,26006.0
12,5,209,17.6,25021.0
13,5,209,16.7,24381.0
14,5,209,16.7,24275.0
15,5,209,17.4,24117.0
16,5,209,20.0,25244.0
17,5,209,22.8,27949.0
18,5,209,26.1,28490.0
19,5,209,29.1,27965.0
20,5,209,31.0,28197.0
21,5,209,30.8,27121.0
22,5,209,30.1,26795.0
23,5,209,29.1,26738.0
0,6,210,28.2,28062.0
1,6,210,26.2,29448.0
2,6,210,24.0,31182.0
3,6,210,21.6,32202.0
4,6,210,20.4,32220.0
5,6,210,19.5,31722.0
6,6,210,18.7,30898.0
7,6,210,18.1,29076.0
8,6,210,17.6,27367.0
9,6,210,17.1,25944.0
10,6,210,16.6,24731.0
11,6,210,16.2,23692.0
12,6,210,16.1,22843.0
13,6,210,15.2,22760.0
14,6,210,15.2,22837.0
15,6,210,16.7,22692.0
16,6,210,19.3,24195.0
17,6,210,22.3,25632.0
18,6,210,25.6,25496.0
19,6,210,27.9,25210.0
20,6,210,28.6,24588.0
21,6,210,28.9,24298.0
22,6,210,28.8,24091.0
23,6,210,27.9,24489.0
0,0,211,27.0,25962.0
1,0,211,25.7,28167.0
2,0,211,23.8,30634.0
3,0,211,21.1,32182.0
4,0,211,19.5,32379.0
5,0,211,18.7,31927.0
6,0,211,18.0,30892.0
7,0,211,17.4,28927.0
8,0,211,16.9,27064.0
9,0,211,16.4,25781.0
10,0,211,15.8,24525.0
11,0,211,15.6,23575.0
12,0,211,15.1,22853.0
13,0,211,14.7,23039.0
14,0,211,15.0,24027.0
15,0,211,16.9,25044.0
16,0,211,19.6,26986.0
17,0,211,22.8,29438.0
18,0,211,26.2,29703.0
19,0,211,28.2,29658.0
20,0,211,28.7,29107.0
21,0,211,28.3,28805.0
22,0,211,27.8,28562.0
23,0,211,27.5,29291.0
0,1,212,27.1,31086.0
1,1,212,26.4,32615.0
2,1,212,24.3,34260.0
3,1,212,21.4,35321.0
4,1,212,19.7,35111.0
5,1,212,18.9,34274.0
6,1,212,18.1,33199.0
7,1,212,17.4,31168.0
8,1,212,17.0,29077.0
9,1,212,16.5,27000.0
10,1,212,15.7,25736.0
11,1,212,15.0,24607.0
12,1,212,14.6,24061.0
13,1,212,15.0,24072.0
14,1,212,15.3,24945.0
15,1,212,16.6,25861.0
16,1,212,19.4,27301.0
17,1,212,22.6,29958.0
18,1,212,26.2,30525.0
19,1,212,29.0,30040.0
20,1,212,30.2,30212.0
21,1,212,30.0,29756.0
22,1,212,29.6,29495.0
23,1,212,28.9,30457.0
0,2,213,28.3,31940.0
1,2,213,26.0,33681.0
2,2,213,23.3,35067.0
3,2,213,20.4,36115.0
4,2,213,19.1,35781.0
5,2,213,18.4,34902.0
6,2,213,17.7,33738.0
7,2,213,17.0,31424.0
8,2,213,16.6,29325.0
9,2,213,16.3,27670.0
10,2,213,15.8,26085.0
11,2,213,15.4,25115.0
12,2,213,15.2,24415.0
13,2,213,15.6,24327.0
14,2,213,15.7,24976.0
15,2,213,16.6,25923.0
16,2,213,19.3,28319.0
17,2,213,22.2,30879.0
18,2,213,25.1,31278.0
19,2,213,28.0,31098.0
20,2,213,30.0,30985.0
21,2,213,30.1,30847.0
22,2,213,29.4,31444.0
23,2,213,28.2,32104.0
0,3,214,27.1,33920.0
1,3,214,25.8,35329.0
2,3,214,22.9,37120.0
3,3,214,20.6,38344.0
4,3,214,19.4,38019.0
5,3,214,18.7,36967.0
6,3,214,18.0,35172.0
7,3,214,17.0,32727.0
8,3,214,16.3,30202.0
9,3,214,16.1,28604.0
10,3,214,15.7,27121.0
11,3,214,15.1,25970.0
12,3,214,14.8,25381.0
13,3,214,15.7,25402.0
14,3,214,16.0,25882.0
15,3,214,17.6,26600.0
16,3,214,19.6,28533.0
17,3,214,23.1,31290.0
18,3,214,27.2,32088.0
19,3,214,30.5,31746.0
20,3,214,30.7,32252.0
21,3,214,28.6,31925.0
22,3,214,27.3,32303.0
23,3,214,27.6,33141.0
0,4,215,26.9,35581.0
1,4,215,25.3,37351.0
2,4,215,24.1,38690.0
3,4,215,21.4,39147.0
4,4,215,20.4,38409.0
5,4,215,20.2,37488.0
6,4,215,19.6,36104.0
7,4,215,19.3,33586.0
8,4,215,19.3,31024.0
9,4,215,19.1,29101.0
10,4,215,18.8,27615.0
11,4,215,18.6,26980.0
12,4,215,18.4,26456.0
13,4,215,19.4,25923.0
14,4,215,19.5,26249.0
15,4,215,21.8,27292.0
16,4,215,24.4,29023.0
17,4,215,27.9,31346.0
18,4,215,30.0,31791.0
19,4,215,31.6,33033.0
20,4,215,32.5,34074.0
21,4,215,33.1,35720.0
22,4,215,33.4,36608.0
23,4,215,31.7,37881.0
0,5,216,29.8,39628.0
1,5,216,29.8,40560.0
2,5,216,27.6,40473.0
3,5,216,24.7,39852.0
4,5,216,23.3,38255.0
5,5,216,22.0,37510.0
6,5,216,21.8,36262.0
7,5,216,21.2,33793.0
8,5,216,20.7,31572.0
9,5,216,19.7,29541.0
10,5,216,19.1,27996.0
11,5,216,18.7,26593.0
12,5,216,18.5,25992.0
13,5,216,18.1,25228.0
14,5,216,18.2,25064.0
15,5,216,20.4,25232.0
16,5,216,23.3,27850.0
17,5,216,27.0,30075.0
18,5,216,30.9,30583.0
19,5,216,33.9,31161.0
20,5,216,35.5,31103.0
21,5,216,34.7,31196.0
22,5,216,32.8,32126.0
23,5,216,31.3,33361.0
0,6,217,30.0,35807.0
1,6,217,29.7,37281.0
2,6,217,26.8,38807.0
3,6,217,23.9,39811.0
4,6,217,22.2,39023.0
5,6,217,21.1,37649.0
6,6,217,20.2,35947.0
7,6,217,20.0,33449.0
8,6,217,19.5,31004.0
9,6,217,18.9,28701.0
10,6,217,18.9,27121.0
11,6,217,18.4,25549.0
12,6,217,18.1,24412.0
13,6,217,17.0,24032.0
14,6,217,17.0,24122.0
15,6,217,19.5,23679.0
16,6,217,22.8,26283.0
17,6,217,26.6,28252.0
18,6,217,30.4,27858.0
19,6,217,33.4,27593.0
20,6,217,34.0,27499.0
21,6,217,33.4,28481.0
22,6,217,32.7,29522.0
23,6,217,32.2,31699.0
0,0,218,31.3,34086.0
1,0,218,28.9,36125.0
2,0,218,25.7,38096.0
3,0,218,23.1,39125.0
4,0,218,21.8,38589.0
5,0,218,20.9,37345.0
6,0,218,20.4,35900.0
7,0,218,20.4,33310.0
8,0,218,20.2,30708.0
9,0,218,19.7,29076.0
10,0,218,18.9,27675.0
11,0,218,18.7,27036.0
12,0,218,18.6,26538.0
13,0,218,18.2,25935.0
14,0,218,18.4,25707.0
15,0,218,20.9,27042.0
16,0,218,24.1,30465.0
17,0,218,28.2,33589.0
18,0,218,32.9,33504.0
19,0,218,36.3,33910.0
20,0,218,36.4,33955.0
21,0,218,33.7,34368.0
22,0,218,32.6,35743.0
23,0,218,32.0,37038.0
0,1,219,31.4,39279.0
1,1,219,30.3,40299.0
2,1,219,27.1,41888.0
3,1,219,24.4,42281.0
4,1,219,22.3,41181.0
5,1,219,21.4,39787.0
6,1,219,21.7,37878.0
7,1,219,21.1,34986.0
8,1,219,20.2,32194.0
9,1,219,19.3,30262.0
10,1,219,18.8,29359.0
11,1,219,18.5,28294.0
12,1,219,18.1,27180.0
13,1,219,19.0,26809.0
14,1,219,19.3,27099.0
15,1,219,20.7,27681.0
16,1,219,22.9,30412.0
17,1,219,25.8,32070.0
18,1,219,29.4,32703.0
19,1,219,33.6,33391.0
20,1,219,37.0,33811.0
21,1,219,38.3,34729.0
22,1,219,34.2,35588.0
23,1,219,31.0,37467.0
0,2,220,29.8,39691.0
1,2,220,28.9,41350.0
2,2,220,27.5,42701.0
3,2,220,25.6,43106.0
4,2,220,24.0,42142.0
5,2,220,22.6,40948.0
6,2,220,21.9,38973.0
7,2,220,21.3,35938.0
8,2,220,20.8,33071.0
9,2,220,20.5,30913.0
10,2,220,20.5,28889.0
11,2,220,19.9,27383.0
12,2,220,19.3,26816.0
13,2,220,19.4,27065.0
14,2,220,19.4,27851.0
15,2,220,20.9,28203.0
16,2,220,23.2,30400.0
17,2,220,25.2,33409.0
18,2,220,27.9,34386.0
19,2,220,30.4,34945.0
20,2,220,32.2,35342.0
21,2,220,33.0,35797.0
22,2,220,33.0,36482.0
23,2,220,31.5,37480.0
0,3,221,29.2,39268.0
1,3,221,27.2,39851.0
2,3,221,25.1,40460.0
3,3,221,23.4,40645.0
4,3,221,22.4,39814.0
5,3,221,21.9,38728.0
6,3,221,21.6,37072.0
7,3,221,21.1,34363.0
8,3,221,20.6,31702.0
9,3,221,20.0,29518.0
10,3,221,19.5,27824.0
11,3,221,19.0,26510.0
12,3,221,18.5,25762.0
13,3,221,19.0,25652.0
14,3,221,19.5,26143.0
15,3,221,20.8,27288.0
16,3,221,22.7,29174.0
17,3,221,24.5,31183.0
18,3,221,27.1,31714.0
19,3,221,29.2,32100.0
20,3,221,30.4,32364.0
21,3,221,30.4,32369.0
22,3,221,29.5,32230.0
23,3,221,28.3,33492.0
0,4,222,27.2,35008.0
1,4,222,25.7,36423.0
2,4,222,23.6,38158.0
3,4,222,21.4,39153.0
4,4,222,20.0,38584.0
5,4,222,19.4,37613.0
6,4,222,19.1,36031.0
7,4,222,18.5,33581.0
8,4,222,18.1,30966.0
9,4,222,17.7,29242.0
10,4,222,17.5,27612.0
11,4,222,17.2,26354.0
12,4,222,16.8,25734.0
13,4,222,17.5,25271.0
14,4,222,17.6,25810.0
15,4,222,19.0,26809.0
16,4,222,20.9,28561.0
17,4,222,24.0,30531.0
18,4,222,27.1,31639.0
19,4,222,30.0,32034.0
20,4,222,31.6,32535.0
21,4,222,31.0,32979.0
22,4,222,30.8,33611.0
23,4,222,30.6,34783.0
0,5,223,29.4,36414.0
1,5,223,26.6,38201.0
2,5,223,23.9,39416.0
3,5,223,21.9,39492.0
4,5,223,20.7,38437.0
5,5,223,19.8,37172.0
6,5,223,19.4,35480.0
7,5,223,19.4,33115.0
8,5,223,19.4,30930.0
9,5,223,19.1,28975.0
10,5,223,18.8,27231.0
11,5,223,18.6,25725.0
12,5,223,18.2,24791.0
13,5,223,18.0,24275.0
14,5,223,18.0,24353.0
15,5,223,19.3,24532.0
16,5,223,21.6,26135.0
17,5,223,24.9,28482.0
18,5,223,28.4,28841.0
19,5,223,31.8,28723.0
20,5,223,34.0,28374.0
21,5,223,34.2,28800.0
22,5,223,32.9,29718.0
23,5,223,31.3,31405.0
0,6,224,29.8,33897.0
1,6,224,27.9,35761.0
2,6,224,26.1,37309.0
3,6,224,24.1,38175.0
4,6,224,23.0,37569.0
5,6,224,22.4,36395.0
6,6,224,22.0,34985.0
7,6,224,21.9,32675.0
8,6,224,21.3,30733.0
9,6,224,21.0,28898.0
10,6,224,20.4,27195.0
11,6,224,20.2,25775.0
12,6,224,20.8,25021.0
13,6,224,19.0,24369.0
14,6,224,19.5,24051.0
15,6,224,21.3,24038.0
16,6,224,23.8,25132.0
17,6,224,27.2,28421.0
18,6,224,29.6,29069.0
19,6,224,32.0,29266.0
20,6,224,33.5,29592.0
21,6,224,34.2,29460.0
22,6,224,33.6,29949.0
23,6,224,31.8,31348.0
0,0,225,30.4,33582.0
1,0,225,27.9,34927.0
2,0,225,26.3,36205.0
3,0,225,24.7,36678.0
4,0,225,23.8,36548.0
5,0,225,23.2,35907.0
6,0,225,22.8,34695.0
7,0,225,22.4,32411.0
8,0,225,22.2,30328.0
9,0,225,21.7,28582.0
10,0,225,21.0,26795.0
11,0,225,20.4,25703.0
12,0,225,19.8,25121.0
13,0,225,19.7,25051.0
14,0,225,19.8,25691.0
15,0,225,21.8,27059.0
16,0,225,24.4,29529.0
17,0,225,27.5,32502.0
18,0,225,30.3,33915.0
19,0,225,32.1,33452.0
20,0,225,32.5,33788.0
21,0,225,32.1,34010.0
22,0,225,31.4,34661.0
23,0,225,30.6,35685.0
0,1,226,29.2,36784.0
1,1,226,27.8,38719.0
2,1,226,25.6,39249.0
3,1,226,23.1,39109.0
4,1,226,21.7,38466.0
5,1,226,21.0,37311.0
6,1,226,20.6,35623.0
7,1,226,20.2,32871.0
8,1,226,20.0,30594.0
9,1,226,19.7,28331.0
10,1,226,19.3,26797.0
11,1,226,18.8,25777.0
12,1,226,18.7,25145.0
13,1,226,18.4,25010.0
14,1,226,18.6,25717.0
15,1,226,20.5,26950.0
16,1,226,23.1,29227.0
17,1,226,25.9,31568.0
18,1,226,28.5,32421.0
19,1,226,31.3,32211.0
20,1,226,33.1,32458.0
21,1,226,33.1,32654.0
22,1,226,32.0,32917.0
23,1,226,31.3,33277.0
0,2,227,30.2,35209.0
1,2,227,27.0,36639.0
2,2,227,25.0,38136.0
3,2,227,23.1,38677.0
4,2,227,21.9,38033.0
5,2,227,20.8,36874.0
6,2,227,20.2,35233.0
7,2,227,19.9,32539.0
8,2,227,19.7,30234.0
9,2,227,19.3,28558.0
10,2,227,18.9,26640.0
11,2,227,18.3,25692.0
12,2,227,17.8,25095.0
13,2,227,18.0,24831.0
14,2,227,18.7,25304.0
15,2,227,20.5,26691.0
16,2,227,22.7,28803.0
17,2,227,25.2,31783.0
18,2,227,28.1,32029.0
19,2,227,30.9,31765.0
20,2,227,32.6,32085.0
21,2,227,32.8,32026.0
22,2,227,32.6,32362.0
23,2,227,31.8,33057.0
0,3,228,30.5,35288.0
1,3,228,27.6,37104.0
2,3,228,25.6,38615.0
3,3,228,23.7,39009.0
4,3,228,22.6,38224.0
5,3,228,21.7,37204.0
6,3,228,20.9,35520.0
7,3,228,20.5,32775.0
8,3,228,20.2,30223.0
9,3,228,19.7,28662.0
10,3,228,20.4,27068.0
11,3,228,19.4,26003.0
12,3,228,18.4,25480.0
13,3,228,18.7,25263.0
14,3,228,18.7,25770.0
15,3,228,20.8,27115.0
16,3,228,23.5,29572.0
17,3,228,26.3,32394.0
18,3,228,29.4,32825.0
19,3,228,31.9,32330.0
20,3,228,33.4,32209.0
21,3,228,33.6,31968.0
22,3,228,32.4,32500.0
23,3,228,31.8,33229.0
0,4,229,31.4,35237.0
1,4,229,29.6,37451.0
2,4,229,28.2,39056.0
3,4,229,26.5,39628.0
4,4,229,24.7,38853.0
5,4,229,23.3,37635.0
6,4,229,22.7,36009.0
7,4,229,22.2,33381.0
8,4,229,21.3,30851.0
9,4,229,20.1,28874.0
10,4,229,19.3,27077.0
11,4,229,18.5,25453.0
12,4,229,18.0,25008.0
13,4,229,19.0,25182.0
14,4,229,19.0,25322.0
15,4,229,19.1,26658.0
16,4,229,21.1,29094.0
17,4,229,24.8,32238.0
18,4,229,28.5,33133.0
19,4,229,31.6,33322.0
20,4,229,33.6,32410.0
21,4,229,34.1,32361.0
22,4,229,33.4,32849.0
23,4,229,31.3,33799.0
0,5,230,29.5,35864.0
1,5,230,27.3,37901.0
2,5,230,24.7,39105.0
3,5,230,22.6,38920.0
4,5,230,22.1,37900.0
5,5,230,21.7,36687.0
6,5,230,21.4,35042.0
7,5,230,20.9,32704.0
8,5,230,20.2,30359.0
9,5,230,19.8,28880.0
10,5,230,19.5,27223.0
11,5,230,19.2,25861.0
12,5,230,19.1,25043.0
13,5,230,20.0,24664.0
14,5,230,20.2,24533.0
15,5,230,20.9,24812.0
16,5,230,21.9,26219.0
17,5,230,23.6,28096.0
18,5,230,26.2,28581.0
19,5,230,28.8,28780.0
20,5,230,29.9,28864.0
21,5,230,29.8,28859.0
22,5,230,29.7,27993.0
23,5,230,28.7,28261.0
0,6,231,27.4,29694.0
1,6,231,25.4,31365.0
2,6,231,23.2,32567.0
3,6,231,21.4,33347.0
4,6,231,20.6,32999.0
5,6,231,20.0,32434.0
6,6,231,19.4,31333.0
7,6,231,19.0,29503.0
8,6,231,18.5,27563.0
9,6,231,18.1,26257.0
10,6,231,17.8,24913.0
11,6,231,17.4,23863.0
12,6,231,16.9,23314.0
13,6,231,17.5,23047.0
14,6,231,17.5,23181.0
15,6,231,18.2,23025.0
16,6,231,20.0,23711.0
17,6,231,23.1,26215.0
18,6,231,26.3,26090.0
19,6,231,29.2,25711.0
20,6,231,30.5,25464.0
21,6,231,30.0,25678.0
22,6,231,29.4,25367.0
23,6,231,28.9,26291.0
0,0,232,28.0,28991.0
1,0,232,26.0,30725.0
2,0,232,23.9,32808.0
3,0,232,21.8,34125.0
4,0,232,20.8,33820.0
5,0,232,20.0,33219.0
6,0,232,19.4,32063.0
7,0,232,19.0,29915.0
8,0,232,18.6,27637.0
9,0,232,18.1,26302.0
10,0,232,17.6,25150.0
11,0,232,17.6,24517.0
12,0,232,16.9,23815.0
13,0,232,17.0,24083.0
14,0,232,17.1,24838.0
15,0,232,18.9,26411.0
16,0,232,22.0,28122.0
17,0,232,25.5,30892.0
18,0,232,29.2,31428.0
19,0,232,32.4,31316.0
20,0,232,33.7,30928.0
21,0,232,33.8,30858.0
22,0,232,33.4,31865.0
23,0,232,32.8,33291.0
0,1,233,31.5,34995.0
1,1,233,29.4,36987.0
2,1,233,26.8,38485.0
3,1,233,24.8,39298.0
4,1,233,23.3,38252.0
5,1,233,22.1,36967.0
6,1,233,21.3,35093.0
7,1,233,20.7,32413.0
8,1,233,20.0,29836.0
9,1,233,19.3,28247.0
10,1,233,19.7,26702.0
11,1,233,20.6,25658.0
12,1,233,20.5,24893.0
13,1,233,20.0,24379.0
14,1,233,18.3,24639.0
15,1,233,20.7,25441.0
16,1,233,24.0,27628.0
17,1,233,27.7,30709.0
18,1,233,32.0,30937.0
19,1,233,35.5,30919.0
20,1,233,37.3,30472.0
21,1,233,37.3,30669.0
22,1,233,36.0,32079.0
23,1,233,35.1,33447.0
0,2,234,34.8,35822.0
1,2,234,31.8,37731.0
2,2,234,28.6,39651.0
3,2,234,25.6,40120.0
4,2,234,24.2,38965.0
5,2,234,22.6,37434.0
6,2,234,21.5,35407.0
7,2,234,21.3,32360.0
8,2,234,21.4,29808.0
9,2,234,20.6,27926.0
10,2,234,19.6,26407.0
11,2,234,18.5,25317.0
12,2,234,18.0,24829.0
13,2,234,17.6,24559.0
14,2,234,18.4,25203.0
15,2,234,19.6,26760.0
16,2,234,22.2,28804.0
17,2,234,25.3,31290.0
18,2,234,28.8,31987.0
19,2,234,32.1,31811.0
20,2,234,34.8,31763.0
21,2,234,35.6,32266.0
22,2,234,34.3,32608.0
23,2,234,32.2,34413.0
0,3,235,30.4,36730.0
1,3,235,28.4,37762.0
2,3,235,26.0,38939.0
3,3,235,23.6,39140.0
4,3,235,22.6,38238.0
5,3,235,22.3,36982.0
6,3,235,21.7,35226.0
7,3,235,20.7,32477.0
8,3,235,20.1,30002.0
9,3,235,19.5,28265.0
10,3,235,18.9,26750.0
11,3,235,18.7,25692.0
12,3,235,18.5,24991.0
13,3,235,19.0,24892.0
14,3,235,19.1,25596.0
15,3,235,19.8,27014.0
16,3,235,21.1,28721.0
17,3,235,23.6,30520.0
18,3,235,26.6,31430.0
19,3,235,29.5,31227.0
20,3,235,30.8,30976.0
21,3,235,30.4,30830.0
22,3,235,29.7,30178.0
23,3,235,29.0,30642.0
0,4,236,27.7,32415.0
1,4,236,25.2,34276.0
2,4,236,22.9,35427.0
3,4,236,20.6,35426.0
4,4,236,19.6,34653.0
5,4,236,18.9,33875.0
6,4,236,18.4,32726.0
7,4,236,18.0,30482.0
8,4,236,17.7,28349.0
9,4,236,17.3,26846.0
10,4,236,16.9,25377.0
11,4,236,16.8,24583.0
12,4,236,17.0,24053.0
13,4,236,17.7,23897.0
14,4,236,17.7,24686.0
15,4,236,18.9,25683.0
16,4,236,20.7,27479.0
17,4,236,22.9,29750.0
18,4,236,25.1,30154.0
19,4,236,27.2,30055.0
20,4,236,28.7,29959.0
21,4,236,29.3,29419.0
22,4,236,28.9,28503.0
23,4,236,27.7,28439.0
0,5,237,26.6,29737.0
1,5,237,24.5,30588.0
2,5,237,22.7,31418.0
3,5,237,21.2,31432.0
4,5,237,20.3,31020.0
5,5,237,19.3,30807.0
6,5,237,18.6,30005.0
7,5,237,18.1,28403.0
8,5,237,17.7,26746.0
9,5,237,17.1,25619.0
10,5,237,16.5,24422.0
11,5,237,15.8,23371.0
12,5,237,15.2,22970.0
13,5,237,15.9,22843.0
14,5,237,16.1,23168.0
15,5,237,17.8,23115.0
16,5,237,20.0,23941.0
17,5,237,22.5,25785.0
18,5,237,24.7,25579.0
19,5,237,26.8,25152.0
20,5,237,28.3,24695.0
21,5,237,28.6,25480.0
22,5,237,28.2,26226.0
23,5,237,27.2,26666.0
0,6,238,26.7,26516.0
1,6,238,24.5,26842.0
2,6,238,23.2,27932.0
3,6,238,21.6,29179.0
4,6,238,20.5,29360.0
5,6,238,19.7,29270.0
6,6,238,19.0,28398.0
7,6,238,18.5,26869.0
8,6,238,18.1,25320.0
9,6,238,17.7,24427.0
10,6,238,17.2,23415.0
11,6,238,16.8,22463.0
12,6,238,16.5,21893.0
13,6,238,17.0,21736.0
14,6,238,17.8,21686.0
15,6,238,19.5,21608.0
16,6,238,21.3,22706.0
17,6,238,23.6,24466.0
18,6,238,25.8,24292.0
19,6,238,28.1,24004.0
20,6,238,30.0,23921.0
21,6,238,30.1,23890.0
22,6,238,29.4,22939.0
23,6,238,28.5,23486.0
0,0,239,27.8,25533.0
1,0,239,26.3,27770.0
2,0,239,24.3,29923.0
3,0,239,22.4,31236.0
4,0,239,21.2,31451.0
5,0,239,20.2,31272.0
6,0,239,19.6,29991.0
7,0,239,19.2,27941.0
8,0,239,18.7,26108.0
9,0,239,18.1,24883.0
10,0,239,17.8,23706.0
11,0,239,17.9,22838.0
12,0,239,17.3,22227.0
13,0,239,17.1,22649.0
14,0,239,18.0,23337.0
15,0,239,20.0,25053.0
16,0,239,22.4,27056.0
17,0,239,24.9,29907.0
18,0,239,27.4,30836.0
19,0,239,29.9,30631.0
20,0,239,32.1,30341.0
21,0,239,33.1,30419.0
22,0,239,32.5,30467.0
23,0,239,31.0,31445.0
0,1,240,29.2,33814.0
1,1,240,27.6,35905.0
2,1,240,24.6,37259.0
3,1,240,22.1,37869.0
4,1,240,21.1,37030.0
5,1,240,20.7,35767.0
6,1,240,20.7,33953.0
7,1,240,20.3,31220.0
8,1,240,20.1,28749.0
9,1,240,20.0,27169.0
10,1,240,19.6,25588.0
11,1,240,17.9,24524.0
12,1,240,17.4,24068.0
13,1,240,17.3,24140.0
14,1,240,17.7,25108.0
15,1,240,19.8,26364.0
16,1,240,21.9,28267.0
17,1,240,24.4,31688.0
18,1,240,27.1,31939.0
19,1,240,29.8,31706.0
20,1,240,31.9,31434.0
21,1,240,32.6,31232.0
22,1,240,32.0,31984.0
23,1,240,30.3,33000.0
0,2,241,28.6,35506.0
1,2,241,25.7,37248.0
2,2,241,23.2,38868.0
3,2,241,21.0,39222.0
4,2,241,20.1,38152.0
5,2,241,19.3,36732.0
6,2,241,18.8,34861.0
7,2,241,18.4,32048.0
8,2,241,17.9,29552.0
9,2,241,17.4,27793.0
10,2,241,16.8,26112.0
11,2,241,16.4,24971.0
12,2,241,16.0,24451.0
13,2,241,16.7,24356.0
14,2,241,16.8,25206.0
15,2,241,17.6,26723.0
16,2,241,18.9,28650.0
17,2,241,21.3,31590.0
18,2,241,24.0,32246.0
19,2,241,26.8,32151.0
20,2,241,29.1,31597.0
21,2,241,29.8,31152.0
22,2,241,28.9,31113.0
23,2,241,27.4,32340.0
0,3,242,25.6,34370.0
1,3,242,23.8,36587.0
2,3,242,21.3,37587.0
3,3,242,19.3,37732.0
4,3,242,18.8,36593.0
5,3,242,18.3,35314.0
6,3,242,17.6,33514.0
7,3,242,16.9,30821.0
8,3,242,16.6,28563.0
9,3,242,16.2,26919.0
10,3,242,15.9,26263.0
11,3,242,15.6,25028.0
12,3,242,15.2,24078.0
13,3,242,16.1,24103.0
14,3,242,16.3,24858.0
15,3,242,17.4,26634.0
16,3,242,19.0,28243.0
17,3,242,21.0,31089.0
18,3,242,23.5,31467.0
19,3,242,26.0,30485.0
20,3,242,27.6,29743.0
21,3,242,27.8,29411.0
22,3,242,27.3,29252.0
23,3,242,26.6,29870.0
0,4,243,25.4,31726.0
1,4,243,22.9,33804.0
2,4,243,20.9,35544.0
3,4,243,19.2,35787.0
4,4,243,18.4,35009.0
5,4,243,18.0,34076.0
6,4,243,17.6,32576.0
7,4,243,17.1,30303.0
8,4,243,16.4,28111.0
9,4,243,16.0,26506.0
10,4,243,15.8,25158.0
11,4,243,15.7,24333.0
12,4,243,15.5,23760.0
13,4,243,15.7,23733.0
14,4,243,15.6,24412.0
15,4,243,15.9,25933.0
16,4,243,16.8,27838.0
17,4,243,19.9,29936.0
18,4,243,22.8,31197.0
19,4,243,25.5,30628.0
20,4,243,27.0,29595.0
21,4,243,27.4,29618.0
22,4,243,27.3,29055.0
23,4,243,26.9,29402.0
0,5,244,25.7,31313.0
1,5,244,22.6,33574.0
2,5,244,20.8,34870.0
3,5,244,19.5,35154.0
4,5,244,18.8,34200.0
5,5,244,18.6,33258.0
6,5,244,18.5,32040.0
7,5,244,17.9,29927.0
8,5,244,17.5,28026.0
9,5,244,17.0,26638.0
10,5,244,16.6,25238.0
11,5,244,16.2,24034.0
12,5,244,15.9,23570.0
13,5,244,16.3,22953.0
14,5,244,16.0,22922.0
15,5,244,16.4,23433.0
16,5,244,18.1,24332.0
17,5,244,21.1,26656.0
18,5,244,24.3,27721.0
19,5,244,27.7,27289.0
20,5,244,30.5,26650.0
21,5,244,31.2,27058.0
22,5,244,30.6,27283.0
23,5,244,29.7,28467.0
0,6,245,28.2,30269.0
1,6,245,25.7,32357.0
2,6,245,23.3,34255.0
3,6,245,21.7,35033.0
4,6,245,21.0,34316.0
5,6,245,20.3,33461.0
6,6,245,20.0,31878.0
7,6,245,19.8,29787.0
8,6,245,19.1,27917.0
9,6,245,18.8,26322.0
10,6,245,18.2,24840.0
11,6,245,17.7,23710.0
12,6,245,17.3,23244.0
13,6,245,17.4,22664.0
14,6,245,17.3,22534.0
15,6,245,17.9,22616.0
16,6,245,20.2,23923.0
17,6,245,23.1,27071.0
18,6,245,26.3,28309.0
19,6,245,30.1,28089.0
20,6,245,32.3,27261.0
21,6,245,32.0,27108.0
22,6,245,31.1,27472.0
23,6,245,30.0,28295.0
0,0,246,28.7,30161.0
1,0,246,25.6,32407.0
2,0,246,23.4,33979.0
3,0,246,21.9,34618.0
4,0,246,21.0,33936.0
5,0,246,21.2,32856.0
6,0,246,20.9,31422.0
7,0,246,20.4,29332.0
8,0,246,19.9,27525.0
9,0,246,19.2,26083.0
10,0,246,18.7,24506.0
11,0,246,18.2,23485.0
12,0,246,18.2,22870.0
13,0,246,17.9,22650.0
14,0,246,18.1,22825.0
15,0,246,19.0,23317.0
16,0,246,21.4,24489.0
17,0,246,24.6,28046.0
18,0,246,28.2,28971.0
19,0,246,31.4,28282.0
20,0,246,33.1,28336.0
21,0,246,32.6,28864.0
22,0,246,32.1,29735.0
23,0,246,30.5,30659.0
0,1,247,29.6,32662.0
1,1,247,27.2,34744.0
2,1,247,24.0,36076.0
3,1,247,22.4,36592.0
4,1,247,22.0,35780.0
5,1,247,21.8,34672.0
6,1,247,21.8,32890.0
7,1,247,21.4,30387.0
8,1,247,20.6,27973.0
9,1,247,19.8,26547.0
10,1,247,19.3,25006.0
11,1,247,18.8,24380.0
12,1,247,18.5,24144.0
13,1,247,18.6,23783.0
14,1,247,18.2,24637.0
15,1,247,19.1,26333.0
16,1,247,21.4,28429.0
17,1,247,24.5,32309.0
18,1,247,28.2,33771.0
19,1,247,31.8,34086.0
20,1,247,34.2,34303.0
21,1,247,34.0,34780.0
22,1,247,32.6,34855.0
23,1,247,31.8,36259.0
0,2,248,30.6,38442.0
1,2,248,28.1,40325.0
2,2,248,26.3,41773.0
3,2,248,24.5,41881.0
4,2,248,23.7,40362.0
5,2,248,23.3,38580.0
6,2,248,22.6,36499.0
7,2,248,21.8,33370.0
8,2,248,21.7,30574.0
9,2,248,21.8,29236.0
10,2,248,21.2,27583.0
11,2,248,20.3,26828.0
12,2,248,19.8,25826.0
13,2,248,23.5,25637.0
14,2,248,21.0,26086.0
15,2,248,22.9,27659.0
16,2,248,25.6,30693.0
17,2,248,28.7,34568.0
18,2,248,32.2,35635.0
19,2,248,34.9,35648.0
20,2,248,36.2,35714.0
21,2,248,36.5,36245.0
22,2,248,37.1,37694.0
23,2,248,39.1,39171.0
0,3,249,40.9,41638.0
1,3,249,38.0,43550.0
2,3,249,36.4,44418.0
3,3,249,34.3,44022.0
4,3,249,32.1,42584.0
5,3,249,32.3,40958.0
6,3,249,27.9,38570.0
7,3,249,25.5,35298.0
8,3,249,25.3,32364.0
9,3,249,25.4,30540.0
10,3,249,25.3,29686.0
11,3,249,24.9,28934.0
12,3,249,24.0,28439.0
13,3,249,27.2,27540.0
14,3,249,26.9,27449.0
15,3,249,27.1,28321.0
16,3,249,28.2,30790.0
17,3,249,31.3,34421.0
18,3,249,35.2,35066.0
19,3,249,38.3,35389.0
20,3,249,40.5,36422.0
21,3,249,41.7,37808.0
22,3,249,42.8,39892.0
23,3,249,42.5,42582.0
0,4,250,41.1,45395.0
1,4,250,39.3,47025.0
2,4,250,37.8,47571.0
3,4,250,36.3,46891.0
4,4,250,34.6,45108.0
5,4,250,33.7,43523.0
6,4,250,31.2,41189.0
7,4,250,29.9,37803.0
8,4,250,29.6,34854.0
9,4,250,28.9,32577.0
10,4,250,30.4,30799.0
11,4,250,27.3,30112.0
12,4,250,23.8,29256.0
13,4,250,30.5,28784.0
14,4,250,29.8,28545.0
15,4,250,31.1,30021.0
16,4,250,30.3,31608.0
17,4,250,32.4,34806.0
18,4,250,36.3,37015.0
19,4,250,40.2,37563.0
20,4,250,43.5,38962.0
21,4,250,45.7,40700.0
22,4,250,41.8,41941.0
23,4,250,39.4,43679.0
0,5,251,38.0,45633.0
1,5,251,35.6,46804.0
2,5,251,32.8,46776.0
3,5,251,31.2,45517.0
4,5,251,29.2,43837.0
5,5,251,27.0,42095.0
6,5,251,25.3,39937.0
7,5,251,26.3,37080.0
8,5,251,25.1,34241.0
9,5,251,23.0,32097.0
10,5,251,22.5,30366.0
11,5,251,22.3,28733.0
12,5,251,22.5,27484.0
13,5,251,22.8,26695.0
14,5,251,22.5,26493.0
15,5,251,24.1,26985.0
16,5,251,27.5,28548.0
17,5,251,30.7,31814.0
18,5,251,34.5,32979.0
19,5,251,37.8,34047.0
20,5,251,38.6,35347.0
21,5,251,38.2,36468.0
22,5,251,38.6,37192.0
23,5,251,38.8,38956.0
0,6,252,38.3,40339.0
1,6,252,35.0,41667.0
2,6,252,31.2,42567.0
3,6,252,28.8,42471.0
4,6,252,28.9,41126.0
5,6,252,28.8,39659.0
6,6,252,28.4,37766.0
7,6,252,29.9,35025.0
8,6,252,28.3,32541.0
9,6,252,26.4,30692.0
10,6,252,25.9,29392.0
11,6,252,27.1,27260.0
12,6,252,28.8,26711.0
13,6,252,25.2,26225.0
14,6,252,25.6,26088.0
15,6,252,27.7,26351.0
16,6,252,30.6,27606.0
17,6,252,35.8,30845.0
18,6,252,39.4,32321.0
19,6,252,41.5,33547.0
20,6,252,42.1,34117.0
21,6,252,41.4,35782.0
22,6,252,40.8,37944.0
23,6,252,40.9,39112.0
0,0,253,40.3,40235.0
1,0,253,35.7,41229.0
2,0,253,32.3,42410.0
3,0,253,31.2,42998.0
4,0,253,31.6,42139.0
5,0,253,29.7,40310.0
6,0,253,29.0,38270.0
7,0,253,28.0,35194.0
8,0,253,28.9,32116.0
9,0,253,28.6,30467.0
10,0,253,26.3,29249.0
11,0,253,27.9,28347.0
12,0,253,27.7,27482.0
13,0,253,30.2,27845.0
14,0,253,29.8,27934.0
15,0,253,30.2,29446.0
16,0,253,32.7,31870.0
17,0,253,35.6,36006.0
18,0,253,38.4,37441.0
19,0,253,40.0,38262.0
20,0,253,39.6,38887.0
21,0,253,39.6,39477.0
22,0,253,40.5,40250.0
23,0,253,41.7,41703.0
0,1,254,42.4,43479.0
1,1,254,39.8,44504.0
2,1,254,36.5,45112.0
3,1,254,34.6,44420.0
4,1,254,33.3,42834.0
5,1,254,31.7,41028.0
6,1,254,30.3,38875.0
7,1,254,28.6,35376.0
8,1,254,27.5,32364.0
9,1,254,25.3,30653.0
10,1,254,24.2,28938.0
11,1,254,23.6,27385.0
12,1,254,23.2,26581.0
13,1,254,22.6,26630.0
14,1,254,21.6,26873.0
15,1,254,23.0,28258.0
16,1,254,25.5,29983.0
17,1,254,28.7,33248.0
18,1,254,31.1,34417.0
19,1,254,32.5,34461.0
20,1,254,33.8,34275.0
21,1,254,33.9,33449.0
22,1,254,33.5,34074.0
23,1,254,32.1,35087.0
0,2,255,29.6,36092.0
1,2,255,26.2,37314.0
2,2,255,23.3,38179.0
3,2,255,21.4,37909.0
4,2,255,20.7,36688.0
5,2,255,19.9,35223.0
6,2,255,19.1,33639.0
7,2,255,18.5,31240.0
8,2,255,17.7,29150.0
9,2,255,16.8,27019.0
10,2,255,16.1,26109.0
11,2,255,15.7,24633.0
12,2,255,15.7,23895.0
13,2,255,15.4,23926.0
14,2,255,15.4,24745.0
15,2,255,16.6,26253.0
16,2,255,18.8,27508.0
17,2,255,21.4,28576.0
18,2,255,23.8,29736.0
19,2,255,26.1,29816.0
20,2,255,27.5,30208.0
21,2,255,28.0,30022.0
22,2,255,28.1,30227.0
23,2,255,27.7,29897.0
0,3,256,26.7,30380.0
1,3,256,24.6,31634.0
2,3,256,22.9,32706.0
3,3,256,21.4,32839.0
4,3,256,20.2,32478.0
5,3,256,19.2,31778.0
6,3,256,18.2,30689.0
7,3,256,17.5,28649.0
8,3,256,16.9,26930.0
9,3,256,16.3,25750.0
10,3,256,15.9,24943.0
11,3,256,15.6,23742.0
12,3,256,15.2,23094.0
13,3,256,16.4,23254.0
14,3,256,16.7,24196.0
15,3,256,17.2,25745.0
16,3,256,18.5,27030.0
17,3,256,20.9,29464.0
18,3,256,23.2,30985.0
19,3,256,25.5,29679.0
20,3,256,27.1,28845.0
21,3,256,27.5,28204.0
22,3,256,27.4,26967.0
23,3,256,26.7,26884.0
0,4,257,25.7,28335.0
1,4,257,23.8,29881.0
2,4,257,22.3,31262.0
3,4,257,21.1,31672.0
4,4,257,20.4,31627.0
5,4,257,19.8,30977.0
6,4,257,19.1,29963.0
7,4,257,18.4,28100.0
8,4,257,17.9,26359.0
9,4,257,17.5,25216.0
10,4,257,16.9,24503.0
11,4,257,17.0,23276.0
12,4,257,17.7,22532.0
13,4,257,19.0,22630.0
14,4,257,19.0,23219.0
15,4,257,19.1,24681.0
16,4,257,19.5,26142.0
17,4,257,20.5,28666.0
18,4,257,22.7,29556.0
19,4,257,25.2,29528.0
20,4,257,27.7,29143.0
21,4,257,28.2,28761.0
22,4,257,27.5,27882.0
23,4,257,26.7,28489.0
0,5,258,25.4,29835.0
1,5,258,22.7,31450.0
2,5,258,21.2,32145.0
3,5,258,20.3,32060.0
4,5,258,19.9,31544.0
5,5,258,19.3,30653.0
6,5,258,18.7,29595.0
7,5,258,18.5,28094.0
8,5,258,18.8,26803.0
9,5,258,18.7,25505.0
10,5,258,18.7,24387.0
11,5,258,18.6,22997.0
12,5,258,18.4,22401.0
13,5,258,19.0,22215.0
14,5,258,19.0,22498.0
15,5,258,19.3,23249.0
16,5,258,19.8,24342.0
17,5,258,21.1,25885.0
18,5,258,23.6,26872.0
19,5,258,25.5,26816.0
20,5,258,27.0,26297.0
21,5,258,27.6,25514.0
22,5,258,26.7,25433.0
23,5,258,25.4,25815.0
0,6,259,24.1,26742.0
1,6,259,21.7,28206.0
2,6,259,20.2,29976.0
3,6,259,19.3,30649.0
4,6,259,18.8,30069.0
5,6,259,18.4,29531.0
6,6,259,18.1,28321.0
7,6,259,17.7,26658.0
8,6,259,17.3,25888.0
9,6,259,17.6,24472.0
10,6,259,17.9,23633.0
11,6,259,17.8,22460.0
12,6,259,17.6,21715.0
13,6,259,18.1,21367.0
14,6,259,18.3,21387.0
15,6,259,18.6,21937.0
16,6,259,19.2,22477.0
17,6,259,20.3,23866.0
18,6,259,22.2,25395.0
19,6,259,24.0,25016.0
20,6,259,25.8,24742.0
21,6,259,26.2,24765.0
22,6,259,25.1,24366.0
23,6,259,24.0,23995.0
0,0,260,22.6,24632.0
1,0,260,21.6,25743.0
2,0,260,19.6,26196.0
3,0,260,19.1,27295.0
4,0,260,18.9,27704.0
5,0,260,18.7,27190.0
6,0,260,18.5,26445.0
7,0,260,18.1,25044.0
8,0,260,18.0,23836.0
9,0,260,18.0,23033.0
10,0,260,18.2,22439.0
11,0,260,17.8,21682.0
12,0,260,17.4,21343.0
13,0,260,17.8,21539.0
14,0,260,17.7,22715.0
15,0,260,18.3,24466.0
16,0,260,19.2,25952.0
17,0,260,20.8,27745.0
18,0,260,22.9,28590.0
19,0,260,24.0,28290.0
20,0,260,23.2,28769.0
21,0,260,23.4,27595.0
22,0,260,23.3,26938.0
23,0,260,23.1,25782.0
0,1,261,22.7,24926.0
1,1,261,21.2,25407.0
2,1,261,19.6,26596.0
3,1,261,18.9,27635.0
4,1,261,18.3,28599.0
5,1,261,17.6,27849.0
6,1,261,17.1,27042.0
7,1,261,16.5,25620.0
8,1,261,15.9,24233.0
9,1,261,15.4,23434.0
10,1,261,14.9,22705.0
11,1,261,14.6,21980.0
12,1,261,14.5,21743.0
13,1,261,14.5,21658.0
14,1,261,14.5,22737.0
15,1,261,16.3,24145.0
16,1,261,18.0,26041.0
17,1,261,19.7,27991.0
18,1,261,21.5,29092.0
19,1,261,23.2,28645.0
20,1,261,24.7,27641.0
21,1,261,25.2,26487.0
22,1,261,24.9,25207.0
23,1,261,24.0,24670.0
0,2,262,23.1,25066.0
1,2,262,21.6,26245.0
2,2,262,20.3,27190.0
3,2,262,19.4,27981.0
4,2,262,18.9,28421.0
5,2,262,18.5,27905.0
6,2,262,17.9,27094.0
7,2,262,17.2,25768.0
8,2,262,16.4,24402.0
9,2,262,15.6,23490.0
10,2,262,15.1,23025.0
11,2,262,14.9,22201.0
12,2,262,15.5,21725.0
13,2,262,15.0,21649.0
14,2,262,15.5,22627.0
15,2,262,17.3,24348.0
16,2,262,18.7,25783.0
17,2,262,20.8,27127.0
18,2,262,22.5,28126.0
19,2,262,24.2,27753.0
20,2,262,26.0,27284.0
21,2,262,25.8,26154.0
22,2,262,25.2,26346.0
23,2,262,24.3,25465.0
0,3,263,23.1,25823.0
1,3,263,20.9,26810.0
2,3,263,19.6,28047.0
3,3,263,19.1,28720.0
4,3,263,18.8,28988.0
5,3,263,18.6,28410.0
6,3,263,18.2,27553.0
7,3,263,17.9,26173.0
8,3,263,17.9,24674.0
9,3,263,17.9,23758.0
10,3,263,18.0,22928.0
11,3,263,18.1,22200.0
12,3,263,18.1,21827.0
13,3,263,18.6,22372.0
14,3,263,18.4,23487.0
15,3,263,18.4,25387.0
16,3,263,18.8,26103.0
17,3,263,19.8,26811.0
18,3,263,21.2,27293.0
19,3,263,22.7,27158.0
20,3,263,23.7,26147.0
21,3,263,24.0,25305.0
22,3,263,24.0,25961.0
23,3,263,24.1,25682.0
0,4,264,22.5,25994.0
1,4,264,20.7,26682.0
2,4,264,19.4,27925.0
3,4,264,18.4,28817.0
4,4,264,17.9,29433.0
5,4,264,17.5,28674.0
6,4,264,17.1,27902.0
7,4,264,16.7,26400.0
8,4,264,16.4,25080.0
9,4,264,16.6,24139.0
10,4,264,16.2,23692.0
11,4,264,15.9,23129.0
12,4,264,16.1,22846.0
13,4,264,17.2,22616.0
14,4,264,17.6,22942.0
15,4,264,18.1,24679.0
16,4,264,19.1,25776.0
17,4,264,20.3,26406.0
18,4,264,22.3,26393.0
19,4,264,24.6,25835.0
20,4,264,26.3,25233.0
21,4,264,24.7,25330.0
22,4,264,24.1,26006.0
23,4,264,23.3,25726.0
0,5,265,22.6,26213.0
1,5,265,20.9,27286.0
2,5,265,19.8,27851.0
3,5,265,18.7,28658.0
4,5,265,17.9,28665.0
5,5,265,17.5,28126.0
6,5,265,17.1,27365.0
7,5,265,16.8,26096.0
8,5,265,16.3,25188.0
9,5,265,15.9,23811.0
10,5,265,15.6,23005.0
11,5,265,15.2,22101.0
12,5,265,14.9,21579.0
13,5,265,15.7,21397.0
14,5,265,15.8,21750.0
15,5,265,15.9,22332.0
16,5,265,16.2,22881.0
17,5,265,17.2,24682.0
18,5,265,18.8,25557.0
19,5,265,21.5,24747.0
20,5,265,24.0,23640.0
21,5,265,26.1,23060.0
22,5,265,26.1,22871.0
23,5,265,25.1,23362.0
0,6,266,23.5,25336.0
1,6,266,20.9,26510.0
2,6,266,19.0,27855.0
3,6,266,18.4,28512.0
4,6,266,18.2,28281.0
5,6,266,17.9,27475.0
6,6,266,17.3,26733.0
7,6,266,16.9,25370.0
8,6,266,16.4,24158.0
9,6,266,16.0,23758.0
10,6,266,15.6,22904.0
11,6,266,15.0,21921.0
12,6,266,14.7,21390.0
13,6,266,15.1,21307.0
14,6,266,15.1,21266.0
15,6,266,15.4,21457.0
16,6,266,16.7,22597.0
17,6,266,19.7,24848.0
18,6,266,23.0,25524.0
19,6,266,26.0,24528.0
20,6,266,27.1,23578.0
21,6,266,26.9,22749.0
22,6,266,27.1,22592.0
23,6,266,26.3,23314.0
0,0,267,24.9,25641.0
1,0,267,22.6,27665.0
2,0,267,20.2,29811.0
3,0,267,19.1,30705.0
4,0,267,18.3,30497.0
5,0,267,17.6,29282.0
6,0,267,17.6,28120.0
7,0,267,17.4,26427.0
8,0,267,16.7,24544.0
9,0,267,16.1,23700.0
10,0,267,15.6,22688.0
11,0,267,15.2,22151.0
12,0,267,15.1,21536.0
13,0,267,15.2,21674.0
14,0,267,15.0,22678.0
15,0,267,15.2,24568.0
16,0,267,15.6,26503.0
17,0,267,18.8,28889.0
18,0,267,23.2,30003.0
19,0,267,27.3,29611.0
20,0,267,30.2,29097.0
21,0,267,30.7,28711.0
22,0,267,30.0,29380.0
23,0,267,28.2,30501.0
0,1,268,26.0,33059.0
1,1,268,23.0,34610.0
2,1,268,19.7,35747.0
3,1,268,18.5,35928.0
4,1,268,17.8,34910.0
5,1,268,17.6,33224.0
6,1,268,18.2,31596.0
7,1,268,17.7,29046.0
8,1,268,16.7,27172.0
9,1,268,16.5,25784.0
10,1,268,16.3,24697.0
11,1,268,16.2,23789.0
12,1,268,16.0,23073.0
13,1,268,15.9,23247.0
14,1,268,15.7,23848.0
15,1,268,15.7,25599.0
16,1,268,16.8,27383.0
17,1,268,19.0,29870.0
18,1,268,22.2,30239.0
19,1,268,25.2,29675.0
20,1,268,27.2,29567.0
21,1,268,28.2,29586.0
22,1,268,27.7,30294.0
23,1,268,24.5,31390.0
0,2,269,22.9,33803.0
1,2,269,20.3,34694.0
2,2,269,18.5,35404.0
3,2,269,17.9,34743.0
4,2,269,17.4,34213.0
5,2,269,17.2,32642.0
6,2,269,16.8,30875.0
7,2,269,16.5,28571.0
8,2,269,16.0,26543.0
9,2,269,15.7,25293.0
10,2,269,15.5,24376.0
11,2,269,15.1,23487.0
12,2,269,14.9,23028.0
13,2,269,15.5,23049.0
14,2,269,15.6,24030.0
15,2,269,16.1,25543.0
16,2,269,16.9,27304.0
17,2,269,18.8,29228.0
18,2,269,21.4,31468.0
19,2,269,24.0,29200.0
20,2,269,25.1,28041.0
21,2,269,25.4,26751.0
22,2,269,25.4,27416.0
23,2,269,25.1,27743.0
0,3,270,23.7,28787.0
1,3,270,21.4,30731.0
2,3,270,18.8,31174.0
3,3,270,17.6,31402.0
4,3,270,17.4,31181.0
5,3,270,16.8,29965.0
6,3,270,16.2,28676.0
7,3,270,15.4,26905.0
8,3,270,15.0,25050.0
9,3,270,14.7,24200.0
10,3,270,14.4,23268.0
11,3,270,14.0,22360.0
12,3,270,13.8,21883.0
13,3,270,14.0,22019.0
14,3,270,13.8,22993.0
15,3,270,13.9,24594.0
16,3,270,15.2,26049.0
17,3,270,17.7,28303.0
18,3,270,20.4,28961.0
19,3,270,23.1,27633.0
20,3,270,25.5,26425.0
21,3,270,26.2,25997.0
22,3,270,25.5,25768.0
23,3,270,24.7,26736.0
0,4,271,23.5,27631.0
1,4,271,21.4,29576.0
2,4,271,19.5,31139.0
3,4,271,18.2,31597.0
4,4,271,17.2,31351.0
5,4,271,16.8,30187.0
6,4,271,16.1,29179.0
7,4,271,15.4,27119.0
8,4,271,15.1,25432.0
9,4,271,14.7,24594.0
10,4,271,14.5,23321.0
11,4,271,14.1,22338.0
12,4,271,13.9,21939.0
13,4,271,14.2,21842.0
14,4,271,13.5,22669.0
15,4,271,13.5,24390.0
16,4,271,14.7,25877.0
17,4,271,17.6,27977.0
18,4,271,20.8,29256.0
19,4,271,23.6,29028.0
20,4,271,25.8,27874.0
21,4,271,26.6,27071.0
22,4,271,26.5,27066.0
23,4,271,25.4,27441.0
0,5,272,23.2,29031.0
1,5,272,20.4,31383.0
2,5,272,18.2,32743.0
3,5,272,17.2,32634.0
4,5,272,16.4,31902.0
5,5,272,15.9,30427.0
6,5,272,15.4,29316.0
7,5,272,14.7,27464.0
8,5,272,14.2,25833.0
9,5,272,14.0,24348.0
10,5,272,13.6,23253.0
11,5,272,13.9,22164.0
12,5,272,13.8,21346.0
13,5,272,14.7,21178.0
14,5,272,14.1,21241.0
15,5,272,14.0,21895.0
16,5,272,14.8,22931.0
17,5,272,17.8,25376.0
18,5,272,21.5,26095.0
19,5,272,24.1,25707.0
20,5,272,26.4,24775.0
21,5,272,27.3,23631.0
22,5,272,26.1,23591.0
23,5,272,24.9,24162.0
0,6,273,24.0,25738.0
1,6,273,22.1,27652.0
2,6,273,19.3,29227.0
3,6,273,18.1,29673.0
4,6,273,17.6,29163.0
5,6,273,16.7,28134.0
6,6,273,16.1,27103.0
7,6,273,15.4,25490.0
8,6,273,14.9,24423.0
9,6,273,14.9,23653.0
10,6,273,14.9,22713.0
11,6,273,14.5,21757.0
12,6,273,14.1,20759.0
13,6,273,14.0,20396.0
14,6,273,14.2,20540.0
15,6,273,14.4,20779.0
16,6,273,15.7,21357.0
17,6,273,19.3,23568.0
18,6,273,23.3,24126.0
19,6,273,26.0,24179.0
20,6,273,26.7,22726.0
21,6,273,27.0,21500.0
22,6,273,27.0,21364.0
23,6,273,26.9,22237.0
0,0,274,25.7,24196.0
1,0,274,23.8,26267.0
2,0,274,20.7,28764.0
3,0,274,19.2,29497.0
4,0,274,18.0,29246.0
5,0,274,17.3,28146.0
6,0,274,16.7,27103.0
7,0,274,15.9,25524.0
8,0,274,15.9,23637.0
9,0,274,15.6,23533.0
10,0,274,14.6,22478.0
11,0,274,14.2,21816.0
12,0,274,14.2,21250.0
13,0,274,14.5,21159.0
14,0,274,14.2,22154.0
15,0,274,15.2,23797.0
16,0,274,17.7,25409.0
17,0,274,21.3,27820.0
18,0,274,25.2,29156.0
19,0,274,29.5,28799.0
20,0,274,32.8,28218.0
21,0,274,33.6,27853.0
22,0,274,32.4,27753.0
23,0,274,30.3,28895.0
0,1,275,27.5,31342.0
1,1,275,23.0,33411.0
2,1,275,20.8,34947.0
3,1,275,19.7,34930.0
4,1,275,19.2,33938.0
5,1,275,18.6,32418.0
6,1,275,17.9,30963.0
7,1,275,17.1,28570.0
8,1,275,16.9,26721.0
9,1,275,16.5,25609.0
10,1,275,16.3,24735.0
11,1,275,16.7,24100.0
12,1,275,16.6,23545.0
13,1,275,15.4,23129.0
14,1,275,15.5,23456.0
15,1,275,16.2,25318.0
16,1,275,17.3,27165.0
17,1,275,21.1,29955.0
18,1,275,25.3,31725.0
19,1,275,29.6,31561.0
20,1,275,32.7,31072.0
21,1,275,32.3,30824.0
22,1,275,30.0,32000.0
23,1,275,27.8,33789.0
0,2,276,26.3,36028.0
1,2,276,25.2,37904.0
2,2,276,22.3,38984.0
3,2,276,19.9,38358.0
4,2,276,19.0,36944.0
5,2,276,18.9,34899.0
6,2,276,19.0,33160.0
7,2,276,18.6,30442.0
8,2,276,18.0,28263.0
9,2,276,17.5,26717.0
10,2,276,17.1,26303.0
11,2,276,16.5,25244.0
12,2,276,16.0,24765.0
13,2,276,15.6,24576.0
14,2,276,15.7,24374.0
15,2,276,16.5,25822.0
16,2,276,17.6,27519.0
17,2,276,21.3,30198.0
18,2,276,26.4,32061.0
19,2,276,30.7,31712.0
20,2,276,33.6,32019.0
21,2,276,34.2,32730.0
22,2,276,34.0,34279.0
23,2,276,33.3,36303.0
0,3,277,31.1,38881.0
1,3,277,28.0,40519.0
2,3,277,25.0,41205.0
3,3,277,23.6,40315.0
4,3,277,21.0,38729.0
5,3,277,19.3,36458.0
6,3,277,19.3,34506.0
7,3,277,18.9,31740.0
8,3,277,18.7,29251.0
9,3,277,18.6,27596.0
10,3,277,18.9,26166.0
11,3,277,18.8,25462.0
12,3,277,18.8,24770.0
13,3,277,17.3,24412.0
14,3,277,18.4,24886.0
15,3,277,18.7,26093.0
16,3,277,20.0,27872.0
17,3,277,22.2,31040.0
18,3,277,25.3,32474.0
19,3,277,28.7,32518.0
20,3,277,31.9,32401.0
21,3,277,34.1,32318.0
22,3,277,34.4,33478.0
23,3,277,34.1,35623.0
0,4,278,31.9,37842.0
1,4,278,27.8,39522.0
2,4,278,24.4,39827.0
3,4,278,21.9,38828.0
4,4,278,20.1,37152.0
5,4,278,19.0,35005.0
6,4,278,18.3,32983.0
7,4,278,18.2,30496.0
8,4,278,17.3,28342.0
9,4,278,16.9,27013.0
10,4,278,17.1,26692.0
11,4,278,16.5,25992.0
12,4,278,16.0,25177.0
13,4,278,16.7,24518.0
14,4,278,16.6,24683.0
15,4,278,16.6,25997.0
16,4,278,17.0,27595.0
17,4,278,19.3,29533.0
18,4,278,23.5,31327.0
19,4,278,26.7,31743.0
20,4,278,28.5,32785.0
21,4,278,30.4,33287.0
22,4,278,31.7,33649.0
23,4,278,29.6,34723.0
0,5,279,28.4,35992.0
1,5,279,25.7,37490.0
2,5,279,22.9,37668.0
3,5,279,21.7,36548.0
4,5,279,20.7,35158.0
5,5,279,19.7,33350.0
6,5,279,18.7,31885.0
7,5,279,17.5,29857.0
8,5,279,17.1,28110.0
9,5,279,17.1,26646.0
10,5,279,16.7,25465.0
11,5,279,16.4,24168.0
12,5,279,16.3,23523.0
13,5,279,16.7,23214.0
14,5,279,16.5,23182.0
15,5,279,16.5,23601.0
16,5,279,17.1,24363.0
17,5,279,20.4,28120.0
18,5,279,24.3,29749.0
19,5,279,27.7,29681.0
20,5,279,29.1,28803.0
21,5,279,28.8,29583.0
22,5,279,29.4,30400.0
23,5,279,30.0,31855.0
0,6,280,27.7,33713.0
1,6,280,21.7,35484.0
2,6,280,20.3,36392.0
3,6,280,18.8,35640.0
4,6,280,18.0,34268.0
5,6,280,17.5,32339.0
6,6,280,17.9,30887.0
7,6,280,18.3,29069.0
8,6,280,17.4,27100.0
9,6,280,17.0,25793.0
10,6,280,16.7,24669.0
11,6,280,16.6,23543.0
12,6,280,16.2,22734.0
13,6,280,15.8,22316.0
14,6,280,15.6,22403.0
15,6,280,15.8,22689.0
16,6,280,16.3,23708.0
17,6,280,18.3,27317.0
18,6,280,23.4,28579.0
19,6,280,27.7,28586.0
20,6,280,31.4,29107.0
21,6,280,33.4,28898.0
22,6,280,32.1,29471.0
23,6,280,30.1,31004.0
0,0,281,27.4,33703.0
1,0,281,22.7,35987.0
2,0,281,20.4,37322.0
3,0,281,19.0,36761.0
4,0,281,18.1,35262.0
5,0,281,18.9,33440.0
6,0,281,19.4,31563.0
7,0,281,18.9,29425.0
8,0,281,18.5,27153.0
9,0,281,17.9,26115.0
10,0,281,17.3,25224.0
11,0,281,16.5,24800.0
12,0,281,16.4,23986.0
13,0,281,15.8,23513.0
14,0,281,15.7,23958.0
15,0,281,16.5,25618.0
16,0,281,18.1,27273.0
17,0,281,22.1,30599.0
18,0,281,25.8,33165.0
19,0,281,29.6,33303.0
20,0,281,32.1,33825.0
21,0,281,33.2,33709.0
22,0,281,32.9,34226.0
23,0,281,31.1,35730.0
0,1,282,28.3,37710.0
1,1,282,23.7,39497.0
2,1,282,20.9,39943.0
3,1,282,19.3,38608.0
4,1,282,18.5,37207.0
5,1,282,17.7,34843.0
6,1,282,17.0,32696.0
7,1,282,16.7,30221.0
8,1,282,16.2,28163.0
9,1,282,16.0,26713.0
10,1,282,16.0,25975.0
11,1,282,16.0,25083.0
12,1,282,15.6,24620.0
13,1,282,14.7,24236.0
14,1,282,15.2,24583.0
15,1,282,15.4,26072.0
16,1,282,16.3,27504.0
17,1,282,19.1,30333.0
18,1,282,22.7,32031.0
19,1,282,26.7,31719.0
20,1,282,30.0,32113.0
21,1,282,31.4,31527.0
22,1,282,31.2,31713.0
23,1,282,30.0,32647.0
0,2,283,27.5,34311.0
1,2,283,24.1,35840.0
2,2,283,20.7,36546.0
3,2,283,19.4,35718.0
4,2,283,18.9,34380.0
5,2,283,17.9,32548.0
6,2,283,16.9,30891.0
7,2,283,16.5,28871.0
8,2,283,16.0,26982.0
9,2,283,15.8,25894.0
10,2,283,15.6,25108.0
11,2,283,15.3,24105.0
12,2,283,14.8,23715.0
13,2,283,15.5,23512.0
14,2,283,14.7,23896.0
15,2,283,15.0,25427.0
16,2,283,15.7,26706.0
17,2,283,17.8,29216.0
18,2,283,22.2,31110.0
19,2,283,26.2,30691.0
20,2,283,28.8,29433.0
21,2,283,29.7,29498.0
22,2,283,29.3,28923.0
23,2,283,28.2,29485.0
0,3,284,25.8,30994.0
1,3,284,21.3,32236.0
2,3,284,19.1,33230.0
3,3,284,18.4,33070.0
4,3,284,17.5,32086.0
5,3,284,16.9,30692.0
6,3,284,16.5,29473.0
7,3,284,16.1,27707.0
8,3,284,15.7,25666.0
9,3,284,15.4,24907.0
10,3,284,15.3,24309.0
11,3,284,15.3,23460.0
12,3,284,15.2,23039.0
13,3,284,15.2,22997.0
14,3,284,14.9,23476.0
15,3,284,15.1,25105.0
16,3,284,15.7,26368.0
17,3,284,18.4,28493.0
18,3,284,22.1,30131.0
19,3,284,25.5,29506.0
20,3,284,28.0,28767.0
21,3,284,29.2,27876.0
22,3,284,29.4,28329.0
23,3,284,28.5,29109.0
0,4,285,26.1,30239.0
1,4,285,23.9,31505.0
2,4,285,21.8,32167.0
3,4,285,20.9,32055.0
4,4,285,19.9,31507.0
5,4,285,18.8,30074.0
6,4,285,18.1,28805.0
7,4,285,18.0,27062.0
8,4,285,17.2,25282.0
9,4,285,18.3,24459.0
10,4,285,18.0,23400.0
11,4,285,17.7,22618.0
12,4,285,17.3,22089.0
13,4,285,15.2,22191.0
14,4,285,14.9,22971.0
15,4,285,15.7,24305.0
16,4,285,18.2,25667.0
17,4,285,21.9,28111.0
18,4,285,26.4,29358.0
19,4,285,29.7,28653.0
20,4,285,31.4,28499.0
21,4,285,31.2,27809.0
22,4,285,30.5,27869.0
23,4,285,29.3,28232.0
0,5,286,27.5,28426.0
1,5,286,23.4,29784.0
2,5,286,22.2,31139.0
3,5,286,21.0,30901.0
4,5,286,19.6,30300.0
5,5,286,18.2,28992.0
6,5,286,17.2,27893.0
7,5,286,16.6,26669.0
8,5,286,16.5,25403.0
9,5,286,16.3,24593.0
10,5,286,15.9,23486.0
11,5,286,14.8,22639.0
12,5,286,14.7,22068.0
13,5,286,14.3,21839.0
14,5,286,13.0,21760.0
15,5,286,14.7,21977.0
16,5,286,16.9,22901.0
17,5,286,19.8,24908.0
18,5,286,22.8,25708.0
19,5,286,26.2,24931.0
20,5,286,28.2,23838.0
21,5,286,28.3,23239.0
22,5,286,27.9,22967.0
23,5,286,26.5,23516.0
0,6,287,24.6,24489.0
1,6,287,22.0,26251.0
2,6,287,20.3,27387.0
3,6,287,19.0,28078.0
4,6,287,17.7,27679.0
5,6,287,17.0,26865.0
6,6,287,16.4,25875.0
7,6,287,15.5,24665.0
8,6,287,15.5,23510.0
9,6,287,14.7,22498.0
10,6,287,13.7,21668.0
11,6,287,13.6,20865.0
12,6,287,14.2,20321.0
13,6,287,14.3,20053.0
14,6,287,14.2,20189.0
15,6,287,14.2,20524.0
16,6,287,14.3,21427.0
17,6,287,16.0,22995.0
18,6,287,18.6,23606.0
19,6,287,21.8,22494.0
20,6,287,24.7,21449.0
21,6,287,26.7,21304.0
22,6,287,26.7,21668.0
23,6,287,24.8,22331.0
0,0,288,23.2,23744.0
1,0,288,21.2,25306.0
2,0,288,19.7,27134.0
3,0,288,18.6,27849.0
4,0,288,17.7,27507.0
5,0,288,17.0,26738.0
6,0,288,16.3,25846.0
7,0,288,15.7,24402.0
8,0,288,15.3,23278.0
9,0,288,15.5,22764.0
10,0,288,15.6,22503.0
11,0,288,15.5,21976.0
12,0,288,15.4,21585.0
13,0,288,15.0,21209.0
14,0,288,14.8,21836.0
15,0,288,15.2,23341.0
16,0,288,16.3,25283.0
17,0,288,18.2,27147.0
18,0,288,20.4,27425.0
19,0,288,22.0,27214.0
20,0,288,23.7,26338.0
21,0,288,25.1,26006.0
22,0,288,25.7,26289.0
23,0,288,24.8,26148.0
0,1,289,23.5,27306.0
1,1,289,21.4,27964.0
2,1,289,19.9,29328.0
3,1,289,19.1,29890.0
4,1,289,18.6,29454.0
5,1,289,17.9,28364.0
6,1,289,17.1,27359.0
7,1,289,16.6,25867.0
8,1,289,16.1,24354.0
9,1,289,15.8,23580.0
10,1,289,15.3,22888.0
11,1,289,14.7,22260.0
12,1,289,14.5,21801.0
13,1,289,15.4,21803.0
14,1,289,15.5,22644.0
15,1,289,15.5,24522.0
16,1,289,15.6,26103.0
17,1,289,16.4,27436.0
18,1,289,18.6,28317.0
19,1,289,20.9,27790.0
20,1,289,23.0,27063.0
21,1,289,24.5,26971.0
22,1,289,24.7,27498.0
23,1,289,23.9,27707.0
0,2,290,22.5,28981.0
1,2,290,19.9,29077.0
2,2,290,18.5,29354.0
3,2,290,17.8,29932.0
4,2,290,17.5,29574.0
5,2,290,17.0,28537.0
6,2,290,16.8,27532.0
7,2,290,16.5,25891.0
8,2,290,16.5,24853.0
9,2,290,16.4,23898.0
10,2,290,16.3,22795.0
11,2,290,16.1,22080.0
12,2,290,15.7,21885.0
13,2,290,15.9,22119.0
14,2,290,15.8,22906.0
15,2,290,15.7,24597.0
16,2,290,15.8,26237.0
17,2,290,16.7,28070.0
18,2,290,18.7,29295.0
19,2,290,21.2,29167.0
20,2,290,23.1,28565.0
21,2,290,23.7,28656.0
22,2,290,23.4,28421.0
23,2,290,22.1,29495.0
0,3,291,20.8,28985.0
1,3,291,19.0,27840.0
2,3,291,18.3,27721.0
3,3,291,18.1,28427.0
4,3,291,18.1,28066.0
5,3,291,17.9,27460.0
6,3,291,17.7,26590.0
7,3,291,17.4,25243.0
8,3,291,16.9,24036.0
9,3,291,16.8,23198.0
10,3,291,16.6,22436.0
11,3,291,16.2,22069.0
12,3,291,15.9,21867.0
13,3,291,16.9,21970.0
14,3,291,16.9,22825.0
15,3,291,17.1,24457.0
16,3,291,17.7,26040.0
17,3,291,18.2,27594.0
18,3,291,18.7,28375.0
19,3,291,19.5,27912.0
20,3,291,20.7,27821.0
21,3,291,21.9,27310.0
22,3,291,22.4,27416.0
23,3,291,22.3,26670.0
0,4,292,21.4,25691.0
1,4,292,19.1,26081.0
2,4,292,18.4,26573.0
3,4,292,18.0,27671.0
4,4,292,17.8,27606.0
5,4,292,17.7,27023.0
6,4,292,17.3,26185.0
7,4,292,16.5,24854.0
8,4,292,16.2,23807.0
9,4,292,16.2,23266.0
10,4,292,15.9,22347.0
11,4,292,14.4,21911.0
12,4,292,14.2,21584.0
13,4,292,14.1,21555.0
14,4,292,14.0,22536.0
15,4,292,14.2,24043.0
16,4,292,17.1,25101.0
17,4,292,20.6,25195.0
18,4,292,22.9,24907.0
19,4,292,24.3,23188.0
20,4,292,25.9,23576.0
21,4,292,27.3,24026.0
22,4,292,27.7,24312.0
23,4,292,27.4,24483.0
0,5,293,27.1,25309.0
1,5,293,25.3,25744.0
2,5,293,21.9,25935.0
3,5,293,18.7,26727.0
4,5,293,16.3,26766.0
5,5,293,15.2,26291.0
6,5,293,13.8,25369.0
7,5,293,12.8,24232.0
8,5,293,11.9,23277.0
9,5,293,11.2,22502.0
10,5,293,10.6,21782.0
11,5,293,10.6,21112.0
12,5,293,10.9,20821.0
13,5,293,10.8,20594.0
14,5,293,11.1,21040.0
15,5,293,14.2,21612.0
16,5,293,18.2,22026.0
17,5,293,20.8,22464.0
18,5,293,23.0,23470.0
19,5,293,25.7,24094.0
20,5,293,27.4,23189.0
21,5,293,28.0,22994.0
22,5,293,27.9,22013.0
23,5,293,26.5,21035.0
0,6,294,25.2,21488.0
1,6,294,23.5,22799.0
2,6,294,22.3,24688.0
3,6,294,22.7,25732.0
4,6,294,22.0,25755.0
5,6,294,20.8,24856.0
6,6,294,16.8,24101.0
7,6,294,15.9,23050.0
8,6,294,15.2,22304.0
9,6,294,15.2,21300.0
10,6,294,16.7,20454.0
11,6,294,15.3,20042.0
12,6,294,14.9,20048.0
13,6,294,14.5,19728.0
14,6,294,13.9,19754.0
15,6,294,16.1,20099.0
16,6,294,19.9,20345.0
17,6,294,23.1,22248.0
18,6,294,25.5,22708.0
19,6,294,27.3,22575.0
20,6,294,29.1,22102.0
21,6,294,29.7,21782.0
22,6,294,28.5,20906.0
23,6,294,27.3,21256.0
0,0,295,26.0,21890.0
1,0,295,23.5,23673.0
2,0,295,22.0,25515.0
3,0,295,20.8,26455.0
4,0,295,20.0,26407.0
5,0,295,18.4,25565.0
6,0,295,17.2,24536.0
7,0,295,16.9,23193.0
8,0,295,16.6,22172.0
9,0,295,16.9,21396.0
10,0,295,17.0,20767.0
11,0,295,17.5,20175.0
12,0,295,16.8,19838.0
13,0,295,17.8,19893.0
14,0,295,18.4,20672.0
15,0,295,19.2,22568.0
16,0,295,21.1,24262.0
17,0,295,23.3,26096.0
18,0,295,26.1,26967.0
19,0,295,28.7,26361.0
20,0,295,30.5,25256.0
21,0,295,30.6,25070.0
22,0,295,29.4,24578.0
23,0,295,28.7,25043.0
0,1,296,27.6,25864.0
1,1,296,24.1,26729.0
2,1,296,23.1,27853.0
3,1,296,23.0,28869.0
4,1,296,19.9,28430.0
5,1,296,18.6,27427.0
6,1,296,17.6,26288.0
7,1,296,17.1,24802.0
8,1,296,18.6,23537.0
9,1,296,20.3,22295.0
10,1,296,20.4,21631.0
11,1,296,20.1,21036.0
12,1,296,19.7,20737.0
13,1,296,18.7,20765.0
14,1,296,19.0,21621.0
15,1,296,19.3,23390.0
16,1,296,20.6,24859.0
17,1,296,23.5,26455.0
18,1,296,26.6,27423.0
19,1,296,29.3,26427.0
20,1,296,31.4,25597.0
21,1,296,32.2,25367.0
22,1,296,31.3,25019.0
23,1,296,29.9,25157.0
0,2,297,28.1,26280.0
1,2,297,25.0,27549.0
2,2,297,23.3,28578.0
3,2,297,24.2,29277.0
4,2,297,21.0,28637.0
5,2,297,19.6,27468.0
6,2,297,18.8,26492.0
7,2,297,18.6,24829.0
8,2,297,19.8,23446.0
9,2,297,21.3,22826.0
10,2,297,21.3,22053.0
11,2,297,21.0,21493.0
12,2,297,20.7,21169.0
13,2,297,21.1,21138.0
14,2,297,20.5,21919.0
15,2,297,19.9,23673.0
16,2,297,20.4,25119.0
17,2,297,23.3,26663.0
18,2,297,26.5,26635.0
19,2,297,29.4,26377.0
20,2,297,31.6,25427.0
21,2,297,32.8,25263.0
22,2,297,32.7,25658.0
23,2,297,30.7,26539.0
0,3,298,27.8,27224.0
1,3,298,24.3,28045.0
2,3,298,22.1,28901.0
3,3,298,20.4,29307.0
4,3,298,18.8,28764.0
5,3,298,17.7,27466.0
6,3,298,16.8,26424.0
7,3,298,16.3,24904.0
8,3,298,16.5,23766.0
9,3,298,17.2,22998.0
10,3,298,16.9,22243.0
11,3,298,16.0,21637.0
12,3,298,15.1,20937.0
13,3,298,15.8,21103.0
14,3,298,16.2,21807.0
15,3,298,15.9,23689.0
16,3,298,18.1,24995.0
17,3,298,20.7,26237.0
18,3,298,23.7,26772.0
19,3,298,26.8,26006.0
20,3,298,29.1,25526.0
21,3,298,30.1,25333.0
22,3,298,29.9,25180.0
23,3,298,28.4,25705.0
0,4,299,25.7,26278.0
1,4,299,22.1,26820.0
2,4,299,20.4,27769.0
3,4,299,19.2,28470.0
4,4,299,17.7,27961.0
5,4,299,16.5,26757.0
6,4,299,15.8,25979.0
7,4,299,15.7,24531.0
8,4,299,15.6,23045.0
9,4,299,15.2,22575.0
10,4,299,13.9,21539.0
11,4,299,13.7,20866.0
12,4,299,12.6,20574.0
13,4,299,12.6,20712.0
14,4,299,12.2,21559.0
15,4,299,12.1,23295.0
16,4,299,14.0,24582.0
17,4,299,16.6,25767.0
18,4,299,20.3,27226.0
19,4,299,23.4,26512.0
20,4,299,25.8,26024.0
21,4,299,27.2,24953.0
22,4,299,27.2,24840.0
23,4,299,26.2,24697.0
0,5,300,24.9,25136.0
1,5,300,21.4,26015.0
2,5,300,19.4,27031.0
3,5,300,17.8,27716.0
4,5,300,16.5,27108.0
5,5,300,15.6,26049.0
6,5,300,14.9,25357.0
7,5,300,15.1,24139.0
8,5,300,14.7,22976.0
9,5,300,14.1,22627.0
10,5,300,14.4,21569.0
11,5,300,14.3,20662.0
12,5,300,14.0,20280.0
13,5,300,14.0,20177.0
14,5,300,14.1,20519.0
15,5,300,13.3,21587.0
16,5,300,15.5,22117.0
17,5,300,19.2,23747.0
18,5,300,23.2,24945.0
19,5,300,26.3,25031.0
20,5,300,28.2,24432.0
21,5,300,29.6,23525.0
22,5,300,30.0,22947.0
23,5,300,28.7,22440.0
0,6,301,26.2,23540.0
1,6,301,21.8,24707.0
2,6,301,19.9,25906.0
3,6,301,18.6,26680.0
4,6,301,17.6,26052.0
5,6,301,16.7,25228.0
6,6,301,16.7,24675.0
7,6,301,16.4,23499.0
8,6,301,16.1,22569.0
9,6,301,17.0,21898.0
10,6,301,16.7,20990.0
11,6,301,15.4,20392.0
12,6,301,15.8,19961.0
13,6,301,14.0,19842.0
14,6,301,14.5,20288.0
15,6,301,14.5,20797.0
16,6,301,16.5,20815.0
17,6,301,19.1,21414.0
18,6,301,21.5,22204.0
19,6,301,24.6,24185.0
20,6,301,27.2,24593.0
21,6,301,28.0,24052.0
22,6,301,27.9,24533.0
23,6,301,26.4,24018.0
0,0,302,23.2,24319.0
1,0,302,22.3,24281.0
2,0,302,20.1,25468.0
3,0,302,18.9,26973.0
4,0,302,18.4,26401.0
5,0,302,17.9,25479.0
6,0,302,17.5,24872.0
7,0,302,17.2,23630.0
8,0,302,17.4,22961.0
9,0,302,17.4,21837.0
10,0,302,16.9,21530.0
11,0,302,16.9,21135.0
12,0,302,16.4,21210.0
13,0,302,16.5,21189.0
14,0,302,16.6,21868.0
15,0,302,17.1,23960.0
16,0,302,17.8,25598.0
17,0,302,19.8,26113.0
18,0,302,22.0,26949.0
19,0,302,23.0,26727.0
20,0,302,23.7,26292.0
21,0,302,22.6,26821.0
22,0,302,21.9,26865.0
23,0,302,21.7,26321.0
0,1,303,21.0,25806.0
1,1,303,18.5,25300.0
2,1,303,18.4,26112.0
3,1,303,18.2,27443.0
4,1,303,17.1,27046.0
5,1,303,16.0,26111.0
6,1,303,15.9,25383.0
7,1,303,14.4,23986.0
8,1,303,12.9,22796.0
9,1,303,12.5,22482.0
10,1,303,12.2,21646.0
11,1,303,13.2,21350.0
12,1,303,14.0,20770.0
13,1,303,12.6,21077.0
14,1,303,11.8,22224.0
15,1,303,13.0,24023.0
16,1,303,14.7,25750.0
17,1,303,17.1,26036.0
18,1,303,19.4,26590.0
19,1,303,21.5,26357.0
20,1,303,22.9,25455.0
21,1,303,23.2,24961.0
22,1,303,23.0,24268.0
23,1,303,22.8,23311.0
0,2,304,22.0,23251.0
1,2,304,19.0,24062.0
2,2,304,17.8,25779.0
3,2,304,16.2,27067.0
4,2,304,15.0,26696.0
5,2,304,13.7,26010.0
6,2,304,13.4,25243.0
7,2,304,13.5,23922.0
8,2,304,13.4,22580.0
9,2,304,12.9,22255.0
10,2,304,12.5,21617.0
11,2,304,12.2,20983.0
12,2,304,11.6,20687.0
13,2,304,11.7,21150.0
14,2,304,11.4,22598.0
15,2,304,13.0,24658.0
16,2,304,15.1,25981.0
17,2,304,17.4,27300.0
18,2,304,19.0,27899.0
19,2,304,20.8,27042.0
20,2,304,22.4,26679.0
21,2,304,23.4,25625.0
22,2,304,23.9,24856.0
23,2,304,23.4,24335.0
0,3,305,22.2,24090.0
1,3,305,19.8,24379.0
2,3,305,18.1,25913.0
3,3,305,17.0,27242.0
4,3,305,16.0,27003.0
5,3,305,14.3,26263.0
6,3,305,12.7,25528.0
7,3,305,12.0,24299.0
8,3,305,12.0,23279.0
9,3,305,12.3,23357.0
10,3,305,14.2,22309.0
11,3,305,15.6,22078.0
12,3,305,13.8,21373.0
13,3,305,15.0,21356.0
14,3,305,14.1,22247.0
15,3,305,11.2,24301.0
16,3,305,14.7,26007.0
17,3,305,17.1,26408.0
18,3,305,19.5,26469.0
19,3,305,21.6,25843.0
20,3,305,22.6,25807.0
21,3,305,23.1,25077.0
22,3,305,22.7,24977.0
23,3,305,21.4,24692.0
0,4,306,20.0,24390.0
1,4,306,18.3,24225.0
2,4,306,16.9,25644.0
3,4,306,15.4,26339.0
4,4,306,15.3,25974.0
5,4,306,14.0,25090.0
6,4,306,13.0,25297.0
7,4,306,12.4,23900.0
8,4,306,11.9,22719.0
9,4,306,11.5,22526.0
10,4,306,12.4,21917.0
11,4,306,13.3,21851.0
12,4,306,14.2,21226.0
13,4,306,13.8,21123.0
14,4,306,13.6,21965.0
15,4,306,12.9,23910.0
16,4,306,15.3,25515.0
17,4,306,17.4,25523.0
18,4,306,19.4,25809.0
19,4,306,21.1,25244.0
20,4,306,22.5,24637.0
21,4,306,23.2,24111.0
22,4,306,22.7,23523.0
23,4,306,21.2,24274.0
0,5,307,19.9,24462.0
1,5,307,17.8,24908.0
2,5,307,16.5,25529.0
3,5,307,15.9,26609.0
4,5,307,14.7,26134.0
5,5,307,13.8,25436.0
6,5,307,12.9,24943.0
7,5,307,12.3,23992.0
8,5,307,12.3,22778.0
9,5,307,12.4,22102.0
10,5,307,12.3,22102.0
11,5,307,12.5,21851.0
12,5,307,11.8,21226.0
13,5,307,12.6,21123.0
14,5,307,13.2,21965.0
15,5,307,14.2,23910.0
16,5,307,15.0,25515.0
17,5,307,15.8,25523.0
18,5,307,16.9,25809.0
19,5,307,18.9,25244.0
20,5,307,20.4,24637.0
21,5,307,20.5,24111.0
22,5,307,20.5,23523.0
23,5,307,19.2,24274.0
0,6,308,17.3,24462.0
1,6,308,16.8,24908.0
2,6,308,16.4,25529.0
3,6,308,15.6,26609.0
4,6,308,15.4,26134.0
5,6,308,15.3,25436.0
6,6,308,15.0,24943.0
7,6,308,13.6,23992.0
8,6,308,14.0,21942.0
9,6,308,12.8,21642.0
10,6,308,12.9,21144.0
11,6,308,12.9,20271.0
12,6,308,13.7,19638.0
13,6,308,13.4,19438.0
14,6,308,13.7,19639.0
15,6,308,14.3,19991.0
16,6,308,16.4,20504.0
17,6,308,18.0,21310.0
18,6,308,20.4,22416.0
19,6,308,22.4,22665.0
20,6,308,23.6,21924.0
21,6,308,24.9,21221.0
22,6,308,25.9,20635.0
23,6,308,25.5,20399.0
0,0,309,24.3,20408.0
1,0,309,20.9,20976.0
2,0,309,19.1,23342.0
3,0,309,18.1,25335.0
4,0,309,16.6,25474.0
5,0,309,15.4,24937.0
6,0,309,15.1,24331.0
7,0,309,14.7,23609.0
8,0,309,13.7,22350.0
9,0,309,12.4,21462.0
10,0,309,10.8,21101.0
11,0,309,9.6,20616.0
12,0,309,9.7,20137.0
13,0,309,10.6,19849.0
14,0,309,9.6,20379.0
15,0,309,10.6,21781.0
16,0,309,14.1,23665.0
17,0,309,16.5,25146.0
18,0,309,18.8,25360.0
19,0,309,21.2,24677.0
20,0,309,23.2,24183.0
21,0,309,24.2,24416.0
22,0,309,24.5,24225.0
23,0,309,23.1,24541.0
0,1,310,20.6,24497.0
1,1,310,18.2,24946.0
2,1,310,17.3,25955.0
3,1,310,16.3,27225.0
4,1,310,15.8,26969.0
5,1,310,15.0,26230.0
6,1,310,13.8,25393.0
7,1,310,13.2,24721.0
8,1,310,12.3,23466.0
9,1,310,13.4,22448.0
10,1,310,13.7,22073.0
11,1,310,15.3,21653.0
12,1,310,13.6,21021.0
13,1,310,12.7,20881.0
14,1,310,10.0,20897.0
15,1,310,11.3,22333.0
16,1,310,15.6,24114.0
17,1,310,17.9,25970.0
18,1,310,20.3,25996.0
19,1,310,22.3,24311.0
20,1,310,23.6,24841.0
21,1,310,24.4,25189.0
22,1,310,24.4,25634.0
23,1,310,23.5,24767.0
0,2,311,21.5,24702.0
1,2,311,19.5,24633.0
2,2,311,18.0,25969.0
3,2,311,16.8,27608.0
4,2,311,15.7,27376.0
5,2,311,14.9,26332.0
6,2,311,14.5,25733.0
7,2,311,14.0,24858.0
8,2,311,13.7,23730.0
9,2,311,13.3,22813.0
10,2,311,13.1,21995.0
11,2,311,12.6,21504.0
12,2,311,11.3,20615.0
13,2,311,11.8,20421.0
14,2,311,13.8,20866.0
15,2,311,12.0,22177.0
16,2,311,15.9,23915.0
17,2,311,19.4,25304.0
18,2,311,21.7,26189.0
19,2,311,22.5,26124.0
20,2,311,23.2,25606.0
21,2,311,23.8,25190.0
22,2,311,24.5,24039.0
23,2,311,24.5,23476.0
0,3,312,24.1,23472.0
1,3,312,21.6,24251.0
2,3,312,18.4,25783.0
3,3,312,15.7,27231.0
4,3,312,14.5,27084.0
5,3,312,13.7,26416.0
6,3,312,12.1,25689.0
7,3,312,10.6,24882.0
8,3,312,9.7,23547.0
9,3,312,9.1,22358.0
10,3,312,8.4,22253.0
11,3,312,7.8,21233.0
12,3,312,7.7,20508.0
13,3,312,7.8,20409.0
14,3,312,8.7,20828.0
15,3,312,9.6,22017.0
16,3,312,13.3,23826.0
17,3,312,16.0,25175.0
18,3,312,17.8,25786.0
19,3,312,19.7,25109.0
20,3,312,21.6,24111.0
21,3,312,22.7,23848.0
22,3,312,22.9,23654.0
23,3,312,21.8,23919.0
0,4,313,19.9,24336.0
1,4,313,18.1,24260.0
2,4,313,16.9,26038.0
3,4,313,15.3,27578.0
4,4,313,14.1,27372.0
5,4,313,13.0,26800.0
6,4,313,12.3,26015.0
7,4,313,11.7,25312.0
8,4,313,10.6,24091.0
9,4,313,10.2,22935.0
10,4,313,12.2,22056.0
11,4,313,12.8,21527.0
12,4,313,13.4,20797.0
13,4,313,10.7,20563.0
14,4,313,10.6,20931.0
15,4,313,11.9,22308.0
16,4,313,14.9,24191.0
17,4,313,17.3,25238.0
18,4,313,19.9,25507.0
19,4,313,21.8,24779.0
20,4,313,23.1,23360.0
21,4,313,24.2,22926.0
22,4,313,24.5,23399.0
23,4,313,23.8,24041.0
0,5,314,21.3,25397.0
1,5,314,19.5,24396.0
2,5,314,17.9,25486.0
3,5,314,17.4,26963.0
4,5,314,16.1,26573.0
5,5,314,14.0,25819.0
6,5,314,13.1,25270.0
7,5,314,12.3,24816.0
8,5,314,11.9,23780.0
9,5,314,12.8,22785.0
10,5,314,11.8,22384.0
11,5,314,12.4,21660.0
12,5,314,11.9,20999.0
13,5,314,15.7,20691.0
14,5,314,14.6,20758.0
15,5,314,13.1,21387.0
16,5,314,15.3,22235.0
17,5,314,18.3,22739.0
18,5,314,21.0,23023.0
19,5,314,23.2,22408.0
20,5,314,24.8,21647.0
21,5,314,25.8,21363.0
22,5,314,26.0,21446.0
23,5,314,25.1,21859.0
0,6,315,22.8,22577.0
1,6,315,19.6,22359.0
2,6,315,18.0,24114.0
3,6,315,17.7,25623.0
4,6,315,18.0,25739.0
5,6,315,15.8,25082.0
6,6,315,13.9,24404.0
7,6,315,13.7,23834.0
8,6,315,13.7,22889.0
9,6,315,15.7,22167.0
10,6,315,15.9,21484.0
11,6,315,15.8,20775.0
12,6,315,15.2,20212.0
13,6,315,13.9,19842.0
14,6,315,13.5,19857.0
15,6,315,14.2,20367.0
16,6,315,15.4,20831.0
17,6,315,18.4,21458.0
18,6,315,21.0,21871.0
19,6,315,23.2,21312.0
20,6,315,25.0,20496.0
21,6,315,26.0,20198.0
22,6,315,25.3,20442.0
23,6,315,23.4,20674.0
0,0,316,21.5,21214.0
1,0,316,19.2,21459.0
2,0,316,17.4,23590.0
3,0,316,16.4,25373.0
4,0,316,14.7,25511.0
5,0,316,13.2,24894.0
6,0,316,11.9,24290.0
7,0,316,11.5,23633.0
8,0,316,10.9,22750.0
9,0,316,10.8,21828.0
10,0,316,10.4,21285.0
11,0,316,10.6,20575.0
12,0,316,11.6,20186.0
13,0,316,10.3,20046.0
14,0,316,9.9,20464.0
15,0,316,8.6,21598.0
16,0,316,11.3,22995.0
17,0,316,14.0,24431.0
18,0,316,16.4,25899.0
19,0,316,18.9,27011.0
20,0,316,19.9,26604.0
21,0,316,20.0,26326.0
22,0,316,19.2,26311.0
23,0,316,17.8,26207.0
0,1,317,17.3,26307.0
1,1,317,16.5,24828.0
2,1,317,15.5,26047.0
3,1,317,14.8,27673.0
4,1,317,14.3,27463.0
5,1,317,14.1,26955.0
6,1,317,13.9,26263.0
7,1,317,12.5,25397.0
8,1,317,11.6,24339.0
9,1,317,10.8,23243.0
10,1,317,12.0,22622.0
11,1,317,12.4,21879.0
12,1,317,11.5,21071.0
13,1,317,11.9,20644.0
14,1,317,11.2,20897.0
15,1,317,11.4,22132.0
16,1,317,13.7,24031.0
17,1,317,15.6,25706.0
18,1,317,16.8,26235.0
19,1,317,18.2,25705.0
20,1,317,19.4,24883.0
21,1,317,20.8,24172.0
22,1,317,21.9,24150.0
23,1,317,20.7,23360.0
0,2,318,18.5,23524.0
1,2,318,16.9,24256.0
2,2,318,15.9,25867.0
3,2,318,15.5,27626.0
4,2,318,14.6,27425.0
5,2,318,14.1,26842.0
6,2,318,13.0,26401.0
7,2,318,12.0,25435.0
8,2,318,11.1,24147.0
9,2,318,10.8,23114.0
10,2,318,10.0,22298.0
11,2,318,9.5,21496.0
12,2,318,9.4,21059.0
13,2,318,7.2,20861.0
14,2,318,6.8,21082.0
15,2,318,7.8,22514.0
16,2,318,12.4,24440.0
17,2,318,17.3,25753.0
18,2,318,20.9,26086.0
19,2,318,23.4,26081.0
20,2,318,24.8,25782.0
21,2,318,25.7,25764.0
22,2,318,26.0,26062.0
23,2,318,25.4,26630.0
0,3,319,23.5,27017.0
1,3,319,20.7,25329.0
2,3,319,19.2,26496.0
3,3,319,18.2,27885.0
4,3,319,17.7,27598.0
5,3,319,16.3,27085.0
6,3,319,15.2,26311.0
7,3,319,14.4,25342.0
8,3,319,14.0,24256.0
9,3,319,14.1,23137.0
10,3,319,14.1,22336.0
11,3,319,13.7,21536.0
12,3,319,13.5,21152.0
13,3,319,12.9,20884.0
14,3,319,12.2,21124.0
15,3,319,12.2,22371.0
16,3,319,14.3,24320.0
17,3,319,16.5,25466.0
18,3,319,18.9,25897.0
19,3,319,21.0,25655.0
20,3,319,22.7,24786.0
21,3,319,23.8,24228.0
22,3,319,23.8,24577.0
23,3,319,22.3,24223.0
0,4,320,19.5,24760.0
1,4,320,17.2,24339.0
2,4,320,16.0,25967.0
3,4,320,15.1,27880.0
4,4,320,14.7,27486.0
5,4,320,14.4,26937.0
6,4,320,13.9,26365.0
7,4,320,13.6,25497.0
8,4,320,13.0,24188.0
9,4,320,12.8,23003.0
10,4,320,12.6,22793.0
11,4,320,12.9,22116.0
12,4,320,13.3,21532.0
13,4,320,11.8,20981.0
14,4,320,11.4,20943.0
15,4,320,11.0,21962.0
16,4,320,12.5,23845.0
17,4,320,14.8,25645.0
18,4,320,16.3,26658.0
19,4,320,17.3,26480.0
20,4,320,17.9,26532.0
21,4,320,18.3,26212.0
22,4,320,18.6,25407.0
23,4,320,18.3,24830.0
0,5,321,17.1,24573.0
1,5,321,15.9,24123.0
2,5,321,15.2,25929.0
3,5,321,14.6,27347.0
4,5,321,13.9,27002.0
5,5,321,13.0,26540.0
6,5,321,12.4,26025.0
7,5,321,11.6,25520.0
8,5,321,10.7,24916.0
9,5,321,9.5,23962.0
10,5,321,8.4,22920.0
11,5,321,7.5,22303.0
12,5,321,7.1,21932.0
13,5,321,6.6,21473.0
14,5,321,5.8,20988.0
15,5,321,5.9,21502.0
16,5,321,8.8,22309.0
17,5,321,11.5,23140.0
18,5,321,14.0,24600.0
19,5,321,16.4,23941.0
20,5,321,18.4,23087.0
21,5,321,19.9,22259.0
22,5,321,20.3,20776.0
23,5,321,19.7,20317.0
0,6,322,18.5,20428.0
1,6,322,16.3,21341.0
2,6,322,14.9,23637.0
3,6,322,14.1,25502.0
4,6,322,13.3,25435.0
5,6,322,12.9,25179.0
6,6,322,11.7,24865.0
7,6,322,10.5,24681.0
8,6,322,9.6,23772.0
9,6,322,8.8,22897.0
10,6,322,8.2,22218.0
11,6,322,7.9,21571.0
12,6,322,7.3,21117.0
13,6,322,6.8,20763.0
14,6,322,6.1,20653.0
15,6,322,5.6,21047.0
16,6,322,8.7,21585.0
17,6,322,12.3,22617.0
18,6,322,14.8,24372.0
19,6,322,17.0,23660.0
20,6,322,18.8,23011.0
21,6,322,20.0,22302.0
22,6,322,19.9,21770.0
23,6,322,18.5,21328.0
0,0,323,17.7,22038.0
1,0,323,16.5,21926.0
2,0,323,15.1,23611.0
3,0,323,14.5,25715.0
4,0,323,13.8,25718.0
5,0,323,12.8,25462.0
6,0,323,12.2,24945.0
7,0,323,11.9,24307.0
8,0,323,11.4,23097.0
9,0,323,11.3,22071.0
10,0,323,11.0,21896.0
11,0,323,10.2,21680.0
12,0,323,9.7,21144.0
13,0,323,9.6,20959.0
14,0,323,8.9,21039.0
15,0,323,8.9,22621.0
16,0,323,10.5,24748.0
17,0,323,13.1,26481.0
18,0,323,14.9,27772.0
19,0,323,16.5,27454.0
20,0,323,17.9,26693.0
21,0,323,18.9,26112.0
22,0,323,19.3,25368.0
23,0,323,18.6,24946.0
0,1,324,16.3,24664.0
1,1,324,15.0,24431.0
2,1,324,14.3,26180.0
3,1,324,13.8,28226.0
4,1,324,13.8,28171.0
5,1,324,13.9,27671.0
6,1,324,12.9,27173.0
7,1,324,11.9,26406.0
8,1,324,10.7,25265.0
9,1,324,9.6,24007.0
10,1,324,9.2,24147.0
11,1,324,9.2,23250.0
12,1,324,8.8,22615.0
13,1,324,8.8,22580.0
14,1,324,8.2,22415.0
15,1,324,7.6,23503.0
16,1,324,9.8,25689.0
17,1,324,12.4,26885.0
18,1,324,14.7,27623.0
19,1,324,16.8,27036.0
20,1,324,18.6,26620.0
21,1,324,19.9,25813.0
22,1,324,20.7,25055.0
23,1,324,20.8,24980.0
0,2,325,20.0,25544.0
1,2,325,17.5,25486.0
2,2,325,16.0,27004.0
3,2,325,15.1,28425.0
4,2,325,13.8,28203.0
5,2,325,12.3,27747.0
6,2,325,11.3,27179.0
7,2,325,10.7,26427.0
8,2,325,10.2,25067.0
9,2,325,9.9,23850.0
10,2,325,9.5,23269.0
11,2,325,9.1,22442.0
12,2,325,8.9,22228.0
13,2,325,8.3,21966.0
14,2,325,8.0,22197.0
15,2,325,8.6,23479.0
16,2,325,12.3,25460.0
17,2,325,15.7,26806.0
18,2,325,18.4,27925.0
19,2,325,20.8,27806.0
20,2,325,22.5,28070.0
21,2,325,23.6,28159.0
22,2,325,24.0,27686.0
23,2,325,23.4,27514.0
0,3,326,21.4,27939.0
1,3,326,19.0,26319.0
2,3,326,16.9,26977.0
3,3,326,15.7,28261.0
4,3,326,15.3,27969.0
5,3,326,14.7,27682.0
6,3,326,14.0,26954.0
7,3,326,13.4,26062.0
8,3,326,13.1,24766.0
9,3,326,12.7,23544.0
10,3,326,12.4,22772.0
11,3,326,12.1,22544.0
12,3,326,11.7,22032.0
13,3,326,9.9,21795.0
14,3,326,9.6,22029.0
15,3,326,10.0,22982.0
16,3,326,12.8,25077.0
17,3,326,15.9,26285.0
18,3,326,18.9,27036.0
19,3,326,21.6,27050.0
20,3,326,23.8,27274.0
21,3,326,25.2,27103.0
22,3,326,25.5,26826.0
23,3,326,24.5,26952.0
0,4,327,22.1,27589.0
1,4,327,18.9,26168.0
2,4,327,16.6,26761.0
3,4,327,16.0,27963.0
4,4,327,14.8,27796.0
5,4,327,14.0,27252.0
6,4,327,13.2,26429.0
7,4,327,12.8,25751.0
8,4,327,12.6,24499.0
9,4,327,12.5,23255.0
10,4,327,11.5,22943.0
11,4,327,11.0,22406.0
12,4,327,10.7,21992.0
13,4,327,9.5,21848.0
14,4,327,9.3,22009.0
15,4,327,8.6,22967.0
16,4,327,10.1,24973.0
17,4,327,13.0,26209.0
18,4,327,16.0,27279.0
19,4,327,18.8,27607.0
20,4,327,21.2,27036.0
21,4,327,23.0,27785.0
22,4,327,23.7,27715.0
23,4,327,23.1,28051.0
0,5,328,21.2,27957.0
1,5,328,17.7,26231.0
2,5,328,15.7,26899.0
3,5,328,14.4,27607.0
4,5,328,13.5,27289.0
5,5,328,12.8,26722.0
6,5,328,12.2,25993.0
7,5,328,12.0,25416.0
8,5,328,11.2,24458.0
9,5,328,10.6,23283.0
10,5,328,10.3,22747.0
11,5,328,9.9,21971.0
12,5,328,9.5,21123.0
13,5,328,8.5,20952.0
14,5,328,8.6,20749.0
15,5,328,9.1,21156.0
16,5,328,9.6,22007.0
17,5,328,10.7,22710.0
18,5,328,11.7,23819.0
19,5,328,12.6,23315.0
20,5,328,13.3,23007.0
21,5,328,13.6,23074.0
22,5,328,13.8,23424.0
23,5,328,14.1,23606.0
0,6,329,14.3,24029.0
1,6,329,13.6,23358.0
2,6,329,13.6,24378.0
3,6,329,13.7,25894.0
4,6,329,13.8,25790.0
5,6,329,13.9,25276.0
6,6,329,13.9,24747.0
7,6,329,13.9,24289.0
8,6,329,14.0,23329.0
9,6,329,14.0,22438.0
10,6,329,13.7,21606.0
11,6,329,13.7,20944.0
12,6,329,13.6,20612.0
13,6,329,13.0,20129.0
14,6,329,13.0,19931.0
15,6,329,13.0,20273.0
16,6,329,14.1,20864.0
17,6,329,15.3,21418.0
18,6,329,16.3,22609.0
19,6,329,17.6,23454.0
20,6,329,18.4,22806.0
21,6,329,18.7,22970.0
22,6,329,18.3,21947.0
23,6,329,17.2,21906.0
0,0,330,15.7,21952.0
1,0,330,14.5,21659.0
2,0,330,13.5,23726.0
3,0,330,12.7,25819.0
4,0,330,12.0,25693.0
5,0,330,11.5,25292.0
6,0,330,11.2,24826.0
7,0,330,10.7,24245.0
8,0,330,10.3,23117.0
9,0,330,10.0,22059.0
10,0,330,9.7,22034.0
11,0,330,9.4,21495.0
12,0,330,9.4,21493.0
13,0,330,10.1,21213.0
14,0,330,10.6,21275.0
15,0,330,11.7,22505.0
16,0,330,13.0,23891.0
17,0,330,14.4,25203.0
18,0,330,17.2,26659.0
19,0,330,19.1,27194.0
20,0,330,19.4,27695.0
21,0,330,19.6,27899.0
22,0,330,19.6,27636.0
23,0,330,19.8,27834.0
0,1,331,19.0,27594.0
1,1,331,17.7,26295.0
2,1,331,16.8,26793.0
3,1,331,16.1,27896.0
4,1,331,15.4,27494.0
5,1,331,15.3,26902.0
6,1,331,14.7,26200.0
7,1,331,14.3,25528.0
8,1,331,14.1,24326.0
9,1,331,14.0,23421.0
10,1,331,13.8,22566.0
11,1,331,13.2,22335.0
12,1,331,13.0,22748.0
13,1,331,13.1,22650.0
14,1,331,13.5,22449.0
15,1,331,13.4,22792.0
16,1,331,14.3,24221.0
17,1,331,15.5,25424.0
18,1,331,16.9,26758.0
19,1,331,17.5,27064.0
20,1,331,17.8,27207.0
21,1,331,17.6,26799.0
22,1,331,17.6,26238.0
23,1,331,17.9,26508.0
0,2,332,17.7,26610.0
1,2,332,17.4,26267.0
2,2,332,17.3,26606.0
3,2,332,17.1,27709.0
4,2,332,16.9,27530.0
5,2,332,16.7,26846.0
6,2,332,16.6,26357.0
7,2,332,16.5,25730.0
8,2,332,16.4,24600.0
9,2,332,16.3,23517.0
10,2,332,16.2,22954.0
11,2,332,16.0,21961.0
12,2,332,16.1,21568.0
13,2,332,15.9,21295.0
14,2,332,14.7,21512.0
15,2,332,14.7,22282.0
16,2,332,15.9,23813.0
17,2,332,17.0,24613.0
18,2,332,18.2,24972.0
19,2,332,19.7,25752.0
20,2,332,20.7,25330.0
21,2,332,21.5,25502.0
22,2,332,21.0,25241.0
23,2,332,19.3,25747.0
0,3,333,17.0,25879.0
1,3,333,16.1,24675.0
2,3,333,15.7,25613.0
3,3,333,15.3,26905.0
4,3,333,14.9,26489.0
5,3,333,14.5,26278.0
6,3,333,14.0,25670.0
7,3,333,13.7,25555.0
8,3,333,13.3,24322.0
9,3,333,12.7,23452.0
10,3,333,12.1,22466.0
11,3,333,11.8,21686.0
12,3,333,11.5,20933.0
13,3,333,12.3,20481.0
14,3,333,12.0,20436.0
15,3,333,11.9,20791.0
16,3,333,13.1,21610.0
17,3,333,14.2,22315.0
18,3,333,16.6,24047.0
19,3,333,19.2,23853.0
20,3,333,21.4,24023.0
21,3,333,22.9,23504.0
22,3,333,23.4,23793.0
23,3,333,23.5,23654.0
0,4,334,22.7,22319.0
1,4,334,20.5,22420.0
2,4,334,19.0,23245.0
3,4,334,17.4,23819.0
4,4,334,16.5,23392.0
5,4,334,14.9,22911.0
6,4,334,14.1,22836.0
7,4,334,12.9,22634.0
8,4,334,12.1,22162.0
9,4,334,11.2,21860.0
10,4,334,11.6,21200.0
11,4,334,11.3,20581.0
12,4,334,10.3,20009.0
13,4,334,10.5,19779.0
14,4,334,9.5,20320.0
15,4,334,9.3,20962.0
16,4,334,11.4,22055.0
17,4,334,13.3,22802.0
18,4,334,16.6,24267.0
19,4,334,18.4,24626.0
20,4,334,20.1,25482.0
21,4,334,22.1,25431.0
22,4,334,22.7,23769.0
23,4,334,22.5,22998.0
0,5,335,21.5,22369.0
1,5,335,19.4,22913.0
2,5,335,17.9,24328.0
3,5,335,16.3,25736.0
4,5,335,14.7,25605.0
5,5,335,13.2,24993.0
6,5,335,12.6,24838.0
7,5,335,11.6,24248.0
8,5,335,10.8,23410.0
9,5,335,10.4,22945.0
10,5,335,10.1,21941.0
11,5,335,9.9,21247.0
12,5,335,10.1,20630.0
13,5,335,10.9,20375.0
14,5,335,10.1,20518.0
15,5,335,9.3,20945.0
16,5,335,11.7,21839.0
17,5,335,15.0,22764.0
18,5,335,18.3,24212.0
19,5,335,21.5,24978.0
20,5,335,23.7,24792.0
21,5,335,25.0,24156.0
22,5,335,25.5,23787.0
23,5,335,24.9,23633.0
0,6,336,22.8,22747.0
1,6,336,19.8,22478.0
2,6,336,19.6,23990.0
3,6,336,19.2,25422.0
4,6,336,18.4,25299.0
5,6,336,17.4,24803.0
6,6,336,17.0,24448.0
7,6,336,16.8,23988.0
8,6,336,16.2,22997.0
9,6,336,15.2,22038.0
10,6,336,14.7,21328.0
11,6,336,14.5,20541.0
12,6,336,14.5,20078.0
13,6,336,13.2,19856.0
14,6,336,13.4,20133.0
15,6,336,12.9,20256.0
16,6,336,14.6,20882.0
17,6,336,16.8,21604.0
18,6,336,19.3,22308.0
19,6,336,21.7,23911.0
20,6,336,23.5,24151.0
21,6,336,24.5,23667.0
22,6,336,24.4,24054.0
23,6,336,23.2,23535.0
0,0,337,21.1,23366.0
1,0,337,18.8,22304.0
2,0,337,17.0,24142.0
3,0,337,16.2,25498.0
4,0,337,15.5,25596.0
5,0,337,14.8,25297.0
6,0,337,14.4,24737.0
7,0,337,14.3,24028.0
8,0,337,14.3,22794.0
9,0,337,13.9,22102.0
10,0,337,13.4,21688.0
11,0,337,13.1,20948.0
12,0,337,13.0,20348.0
13,0,337,11.4,20634.0
14,0,337,10.9,20766.0
15,0,337,10.4,22225.0
16,0,337,12.5,24471.0
17,0,337,14.8,26171.0
18,0,337,16.6,27808.0
19,0,337,18.5,26816.0
20,0,337,20.8,25947.0
21,0,337,22.3,25457.0
22,0,337,22.6,25208.0
23,0,337,22.0,24750.0
0,1,338,19.5,24768.0
1,1,338,17.7,24294.0
2,1,338,16.4,25856.0
3,1,338,15.7,27400.0
4,1,338,15.3,27323.0
5,1,338,14.7,26914.0
6,1,338,14.4,26548.0
7,1,338,14.2,25808.0
8,1,338,13.4,24470.0
9,1,338,12.9,23144.0
10,1,338,12.4,22429.0
11,1,338,11.8,21648.0
12,1,338,11.7,21490.0
13,1,338,12.2,21041.0
14,1,338,11.5,21265.0
15,1,338,10.9,22505.0
16,1,338,12.4,24790.0
17,1,338,13.7,26310.0
18,1,338,15.8,27229.0
19,1,338,17.9,27257.0
20,1,338,19.7,26411.0
21,1,338,20.9,26257.0
22,1,338,21.5,26010.0
23,1,338,21.2,25782.0
0,2,339,20.0,25436.0
1,2,339,17.6,24540.0
2,2,339,16.3,25551.0
3,2,339,15.2,27222.0
4,2,339,14.6,27252.0
5,2,339,13.9,26783.0
6,2,339,13.2,26212.0
7,2,339,12.8,25715.0
8,2,339,12.3,24532.0
9,2,339,11.8,23333.0
10,2,339,11.3,22568.0
11,2,339,10.6,22004.0
12,2,339,10.3,21331.0
13,2,339,10.9,20990.0
14,2,339,11.3,21228.0
15,2,339,11.3,22570.0
16,2,339,10.9,24573.0
17,2,339,12.0,26491.0
18,2,339,14.0,27453.0
19,2,339,15.9,27336.0
20,2,339,17.7,26458.0
21,2,339,19.1,25543.0
22,2,339,19.7,25217.0
23,2,339,19.5,25548.0
0,3,340,18.3,25264.0
1,3,340,15.8,24314.0
2,3,340,14.6,25752.0
3,3,340,13.4,27448.0
4,3,340,12.8,27303.0
5,3,340,12.2,26861.0
6,3,340,12.1,26437.0
7,3,340,11.7,25839.0
8,3,340,11.4,24538.0
9,3,340,11.1,23340.0
10,3,340,10.8,22585.0
11,3,340,10.8,21937.0
12,3,340,10.1,21415.0
13,3,340,8.6,21105.0
14,3,340,7.9,21272.0
15,3,340,7.5,22615.0
16,3,340,8.7,24557.0
17,3,340,10.4,26176.0
18,3,340,12.8,27360.0
19,3,340,15.8,27443.0
20,3,340,18.3,27081.0
21,3,340,20.4,26398.0
22,3,340,21.2,25831.0
23,3,340,20.2,25963.0
0,4,341,18.5,25583.0
1,4,341,15.3,24784.0
2,4,341,14.4,25736.0
3,4,341,13.5,27610.0
4,4,341,12.5,27396.0
5,4,341,11.3,27052.0
6,4,341,10.4,26719.0
7,4,341,9.4,26085.0
8,4,341,8.5,24789.0
9,4,341,7.9,23627.0
10,4,341,7.3,22860.0
11,4,341,6.7,22209.0
12,4,341,6.2,21468.0
13,4,341,7.1,21727.0
14,4,341,6.6,21671.0
15,4,341,6.0,22773.0
16,4,341,8.2,24724.0
17,4,341,13.5,25773.0
18,4,341,17.7,26699.0
19,4,341,20.9,26357.0
20,4,341,23.3,25563.0
21,4,341,24.5,25454.0
22,4,341,25.0,25399.0
23,4,341,24.3,26041.0
0,5,342,22.1,26219.0
1,5,342,17.8,24708.0
2,5,342,16.7,25853.0
3,5,342,15.4,27324.0
4,5,342,14.4,27106.0
5,5,342,13.8,26551.0
6,5,342,13.4,26087.0
7,5,342,13.0,25676.0
8,5,342,11.7,24710.0
9,5,342,10.2,23892.0
10,5,342,9.7,23016.0
11,5,342,9.4,22231.0
12,5,342,8.9,21421.0
13,5,342,8.8,21035.0
14,5,342,7.6,21049.0
15,5,342,6.8,21623.0
16,5,342,9.8,22628.0
17,5,342,15.0,23261.0
18,5,342,19.4,24948.0
19,5,342,22.2,25354.0
20,5,342,24.3,24130.0
21,5,342,25.7,23606.0
22,5,342,26.3,23714.0
23,5,342,26.2,24278.0
0,6,343,24.1,24340.0
1,6,343,20.6,23083.0
2,6,343,19.2,24346.0
3,6,343,18.1,25964.0
4,6,343,17.0,25619.0
5,6,343,15.4,25322.0
6,6,343,14.1,25090.0
7,6,343,13.5,24724.0
8,6,343,13.3,23859.0
9,6,343,13.3,22984.0
10,6,343,12.5,22405.0
11,6,343,12.1,21616.0
12,6,343,11.6,20903.0
13,6,343,10.4,20594.0
14,6,343,9.6,20390.0
15,6,343,10.1,20707.0
16,6,343,11.4,21585.0
17,6,343,13.8,22389.0
18,6,343,16.6,24353.0
19,6,343,18.4,24820.0
20,6,343,20.0,23698.0
21,6,343,20.9,22921.0
22,6,343,21.2,22157.0
23,6,343,20.9,22001.0
0,0,344,19.8,21685.0
1,0,344,17.5,22411.0
2,0,344,15.3,24244.0
3,0,344,14.1,25957.0
4,0,344,13.2,25950.0
5,0,344,12.3,25787.0
6,0,344,11.6,25470.0
7,0,344,10.9,24913.0
8,0,344,11.1,23627.0
9,0,344,10.8,22799.0
10,0,344,10.7,22091.0
11,0,344,10.7,21525.0
12,0,344,10.4,20851.0
13,0,344,10.0,20823.0
14,0,344,9.8,21340.0
15,0,344,9.7,22768.0
16,0,344,10.0,25141.0
17,0,344,11.1,26748.0
18,0,344,12.7,27296.0
19,0,344,14.4,27626.0
20,0,344,16.4,26860.0
21,0,344,18.3,27028.0
22,0,344,19.6,27808.0
23,0,344,19.7,27133.0
0,1,345,18.2,26614.0
1,1,345,15.1,25320.0
2,1,345,13.8,26620.0
3,1,345,12.6,28242.0
4,1,345,12.4,28169.0
5,1,345,12.3,27753.0
6,1,345,12.1,27297.0
7,1,345,11.0,26737.0
8,1,345,10.5,25241.0
9,1,345,9.6,23948.0
10,1,345,8.8,23194.0
11,1,345,7.8,22368.0
12,1,345,7.2,22199.0
13,1,345,6.1,21814.0
14,1,345,5.6,22100.0
15,1,345,5.1,23585.0
16,1,345,7.6,25778.0
17,1,345,11.0,27509.0
18,1,345,13.6,28474.0
19,1,345,15.6,28158.0
20,1,345,17.5,26956.0
21,1,345,19.2,27052.0
22,1,345,20.1,26821.0
23,1,345,20.2,26905.0
0,2,346,18.7,26362.0
1,2,346,17.5,24941.0
2,2,346,16.0,26709.0
3,2,346,14.2,28201.0
4,2,346,12.3,28613.0
5,2,346,10.7,28170.0
6,2,346,9.5,27501.0
7,2,346,8.5,26923.0
8,2,346,7.9,25751.0
9,2,346,7.7,24656.0
10,2,346,8.0,23527.0
11,2,346,8.3,23329.0
12,2,346,8.2,22851.0
13,2,346,5.5,22444.0
14,2,346,5.2,22689.0
15,2,346,5.3,24123.0
16,2,346,7.8,26490.0
17,2,346,11.7,28133.0
18,2,346,14.6,28287.0
19,2,346,17.1,28743.0
20,2,346,19.1,28190.0
21,2,346,20.8,27777.0
22,2,346,21.9,27196.0
23,2,346,22.2,27334.0
0,3,347,20.0,26375.0
1,3,347,18.0,25982.0
2,3,347,16.9,27175.0
3,3,347,15.6,28591.0
4,3,347,14.2,28489.0
5,3,347,13.6,28170.0
6,3,347,13.0,27810.0
7,3,347,12.4,27002.0
8,3,347,12.4,25770.0
9,3,347,12.1,24310.0
10,3,347,10.7,23862.0
11,3,347,9.9,23425.0
12,3,347,9.7,22828.0
13,3,347,8.3,22875.0
14,3,347,7.0,22538.0
15,3,347,6.7,23951.0
16,3,347,9.0,26257.0
17,3,347,11.4,27750.0
18,3,347,12.2,27444.0
19,3,347,14.0,26816.0
20,3,347,15.2,27263.0
21,3,347,15.1,28280.0
22,3,347,15.6,29010.0
23,3,347,15.4,29961.0
0,4,348,14.6,29774.0
1,4,348,13.6,27619.0
2,4,348,13.0,27681.0
3,4,348,12.0,29361.0
4,4,348,11.4,28999.0
5,4,348,10.9,28820.0
6,4,348,10.7,28287.0
7,4,348,9.9,27675.0
8,4,348,9.7,26557.0
9,4,348,8.0,25890.0
10,4,348,7.1,24348.0
11,4,348,6.3,23716.0
12,4,348,5.9,23114.0
13,4,348,7.2,22778.0
14,4,348,7.3,22347.0
15,4,348,7.3,23389.0
16,4,348,9.3,25493.0
17,4,348,11.8,27273.0
18,4,348,13.9,29010.0
19,4,348,15.3,29937.0
20,4,348,16.4,28616.0
21,4,348,17.3,28054.0
22,4,348,17.8,27684.0
23,4,348,17.6,27896.0
0,5,349,17.0,27542.0
1,5,349,15.5,26138.0
2,5,349,14.3,27040.0
3,5,349,13.2,28528.0
4,5,349,12.5,28064.0
5,5,349,11.7,27826.0
6,5,349,11.0,27227.0
7,5,349,10.7,26677.0
8,5,349,10.2,25823.0
9,5,349,9.9,24348.0
10,5,349,10.0,23911.0
11,5,349,10.0,23085.0
12,5,349,9.2,21850.0
13,5,349,9.2,21587.0
14,5,349,9.1,21503.0
15,5,349,8.8,22137.0
16,5,349,10.3,23186.0
17,5,349,12.3,23630.0
18,5,349,14.6,23852.0
19,5,349,16.8,24855.0
20,5,349,18.6,25487.0
21,5,349,19.2,25382.0
22,5,349,19.4,24852.0
23,5,349,17.8,24733.0
0,6,350,16.7,24335.0
1,6,350,15.5,23942.0
2,6,350,14.3,24970.0
3,6,350,14.4,26613.0
4,6,350,13.0,26575.0
5,6,350,12.4,26165.0
6,6,350,11.5,25934.0
7,6,350,10.8,25667.0
8,6,350,10.0,24620.0
9,6,350,8.8,23753.0
10,6,350,7.9,22784.0
11,6,350,7.2,22063.0
12,6,350,6.5,21298.0
13,6,350,6.4,20920.0
14,6,350,6.2,20800.0
15,6,350,7.1,21415.0
16,6,350,9.0,22316.0
17,6,350,11.4,22903.0
18,6,350,13.4,23972.0
19,6,350,15.0,24922.0
20,6,350,16.3,24376.0
21,6,350,17.6,24247.0
22,6,350,18.5,23913.0
23,6,350,18.8,23312.0
0,0,351,17.4,22750.0
1,0,351,14.9,22518.0
2,0,351,13.7,24656.0
3,0,351,12.8,26942.0
4,0,351,12.1,27137.0
5,0,351,10.9,27132.0
6,0,351,9.8,26750.0
7,0,351,9.1,26230.0
8,0,351,8.4,25055.0
9,0,351,7.7,23789.0
10,0,351,7.5,23729.0
11,0,351,7.9,23459.0
12,0,351,8.8,22933.0
13,0,351,8.6,22676.0
14,0,351,9.3,22511.0
15,0,351,10.1,23806.0
16,0,351,11.2,25975.0
17,0,351,14.4,27557.0
18,0,351,17.4,28122.0
19,0,351,19.7,28424.0
20,0,351,21.4,28411.0
21,0,351,22.0,28227.0
22,0,351,21.9,28549.0
23,0,351,20.7,28590.0
0,1,352,18.8,28203.0
1,1,352,16.3,27047.0
2,1,352,14.2,27873.0
3,1,352,13.1,29475.0
4,1,352,12.4,29383.0
5,1,352,12.1,28952.0
6,1,352,11.6,28318.0
7,1,352,11.5,27540.0
8,1,352,11.5,26166.0
9,1,352,11.7,24708.0
10,1,352,12.0,23807.0
11,1,352,12.1,22833.0
12,1,352,11.6,22860.0
13,1,352,11.0,21975.0
14,1,352,9.7,22240.0
15,1,352,9.1,23703.0
16,1,352,10.9,25980.0
17,1,352,12.4,27301.0
18,1,352,14.2,27896.0
19,1,352,16.5,28281.0
20,1,352,19.0,27465.0
21,1,352,21.1,26899.0
22,1,352,22.7,27409.0
23,1,352,23.3,28029.0
0,2,353,21.7,28312.0
1,2,353,19.1,26351.0
2,2,353,17.9,26982.0
3,2,353,16.8,28917.0
4,2,353,15.1,28850.0
5,2,353,14.0,28707.0
6,2,353,13.5,27905.0
7,2,353,13.4,27239.0
8,2,353,13.2,25934.0
9,2,353,13.3,24621.0
10,2,353,13.1,23681.0
11,2,353,12.5,22851.0
12,2,353,12.1,22172.0
13,2,353,12.5,21853.0
14,2,353,11.9,22387.0
15,2,353,11.3,23787.0
16,2,353,13.5,25809.0
17,2,353,16.8,27545.0
18,2,353,19.7,28089.0
19,2,353,22.1,28461.0
20,2,353,24.4,28027.0
21,2,353,25.6,28025.0
22,2,353,26.0,28037.0
23,2,353,25.7,28707.0
0,3,354,23.8,28859.0
1,3,354,22.6,27113.0
2,3,354,21.1,27077.0
3,3,354,18.9,28507.0
4,3,354,17.2,28389.0
5,3,354,15.8,28088.0
6,3,354,15.1,27557.0
7,3,354,14.2,27120.0
8,3,354,13.2,25611.0
9,3,354,12.4,24279.0
10,3,354,11.9,23805.0
11,3,354,11.4,22961.0
12,3,354,10.9,22447.0
13,3,354,9.6,22061.0
14,3,354,9.1,21728.0
15,3,354,9.1,22808.0
16,3,354,11.7,25015.0
17,3,354,16.1,26622.0
18,3,354,19.3,27294.0
19,3,354,21.6,27093.0
20,3,354,23.9,26196.0
21,3,354,25.5,26102.0
22,3,354,26.4,26154.0
23,3,354,26.1,26603.0
0,4,355,24.0,26531.0
1,4,355,20.7,25628.0
2,4,355,18.7,26697.0
3,4,355,17.3,28285.0
4,4,355,16.1,28172.0
5,4,355,14.7,27585.0
6,4,355,13.5,27083.0
7,4,355,13.1,26380.0
8,4,355,13.0,25012.0
9,4,355,12.2,23515.0
10,4,355,11.5,23061.0
11,4,355,11.2,22169.0
12,4,355,10.9,21587.0
13,4,355,9.0,21165.0
14,4,355,8.7,21438.0
15,4,355,8.7,22706.0
16,4,355,10.0,24822.0
17,4,355,11.6,26450.0
18,4,355,14.3,27416.0
19,4,355,16.7,28040.0
20,4,355,19.0,27987.0
21,4,355,20.7,27724.0
22,4,355,21.6,27655.0
23,4,355,21.4,27513.0
0,5,356,19.5,26848.0
1,5,356,16.1,25364.0
2,5,356,14.3,26257.0
3,5,356,12.8,27860.0
4,5,356,12.1,27518.0
5,5,356,11.1,27099.0
6,5,356,10.4,26465.0
7,5,356,10.0,25983.0
8,5,356,9.7,24895.0
9,5,356,9.5,23457.0
10,5,356,8.9,22588.0
11,5,356,8.8,21958.0
12,5,356,8.2,21246.0
13,5,356,7.7,20770.0
14,5,356,7.3,20827.0
15,5,356,6.9,21214.0
16,5,356,8.1,21941.0
17,5,356,10.1,22748.0
18,5,356,13.6,24918.0
19,5,356,16.4,25766.0
20,5,356,18.3,25040.0
21,5,356,19.2,25214.0
22,5,356,18.8,25493.0
23,5,356,18.1,25278.0
0,6,357,16.9,25514.0
1,6,357,15.7,23666.0
2,6,357,14.3,24345.0
3,6,357,13.3,25582.0
4,6,357,12.8,25521.0
5,6,357,11.9,25246.0
6,6,357,11.7,24825.0
7,6,357,11.5,24574.0
8,6,357,11.3,23574.0
9,6,357,11.5,22404.0
10,6,357,11.0,21819.0
11,6,357,11.2,20884.0
12,6,357,11.0,20390.0
13,6,357,10.3,20019.0
14,6,357,11.2,19755.0
15,6,357,10.1,20137.0
16,6,357,11.7,20825.0
17,6,357,13.0,21793.0
18,6,357,15.1,22976.0
19,6,357,17.7,23221.0
20,6,357,19.3,22999.0
21,6,357,19.7,22176.0
22,6,357,20.3,22526.0
23,6,357,20.3,23959.0
0,0,358,19.2,24201.0
1,0,358,17.3,23332.0
2,0,358,15.9,24042.0
3,0,358,15.1,25819.0
4,0,358,14.2,25768.0
5,0,358,13.4,25481.0
6,0,358,12.9,24852.0
7,0,358,12.9,24585.0
8,0,358,12.0,23359.0
9,0,358,11.4,22178.0
10,0,358,11.0,21976.0
11,0,358,10.9,21440.0
12,0,358,10.5,21109.0
13,0,358,10.7,20547.0
14,0,358,10.4,20508.0
15,0,358,9.9,21284.0
16,0,358,11.3,22960.0
17,0,358,13.3,24318.0
18,0,358,14.9,25732.0
19,0,358,16.5,26725.0
20,0,358,18.2,26709.0
21,0,358,19.8,26085.0
22,0,358,20.6,25749.0
23,0,358,20.2,25370.0
0,1,359,18.7,25531.0
1,1,359,17.1,24635.0
2,1,359,15.7,25290.0
3,1,359,14.2,26856.0
4,1,359,13.6,26639.0
5,1,359,13.2,26117.0
6,1,359,13.3,25552.0
7,1,359,12.3,25108.0
8,1,359,11.8,23931.0
9,1,359,11.7,22572.0
10,1,359,11.2,21790.0
11,1,359,10.9,20830.0
12,1,359,10.9,20200.0
13,1,359,10.8,20559.0
14,1,359,10.9,20019.0
15,1,359,10.5,20892.0
16,1,359,11.0,21708.0
17,1,359,11.9,22897.0
18,1,359,12.4,23790.0
19,1,359,13.5,24601.0
20,1,359,15.0,25698.0
21,1,359,16.5,25366.0
22,1,359,17.4,26444.0
23,1,359,17.4,26589.0
0,2,360,16.9,26085.0
1,2,360,14.8,24778.0
2,2,360,14.6,24382.0
3,2,360,14.6,25711.0
4,2,360,14.3,25026.0
5,2,360,14.2,24155.0
6,2,360,14.0,23944.0
7,2,360,13.5,23487.0
8,2,360,13.0,22710.0
9,2,360,12.6,21928.0
10,2,360,12.0,21506.0
11,2,360,11.4,21016.0
12,2,360,11.7,20500.0
13,2,360,10.3,19964.0
14,2,360,9.1,19582.0
15,2,360,8.4,19959.0
16,2,360,9.4,20791.0
17,2,360,11.6,21196.0
18,2,360,13.9,22340.0
19,2,360,15.5,22439.0
20,2,360,16.3,22913.0
21,2,360,17.1,22761.0
22,2,360,17.6,23462.0
23,2,360,17.4,24296.0
0,3,361,16.5,24646.0
1,3,361,15.1,21966.0
2,3,361,14.4,22551.0
3,3,361,14.0,23946.0
4,3,361,13.3,23916.0
5,3,361,12.4,23759.0
6,3,361,12.0,23511.0
7,3,361,10.8,23321.0
8,3,361,10.2,22430.0
9,3,361,9.9,21562.0
10,3,361,10.0,20914.0
11,3,361,9.3,20434.0
12,3,361,9.2,20974.0
13,3,361,9.0,21181.0
14,3,361,8.7,21129.0
15,3,361,8.4,22001.0
16,3,361,10.0,23191.0
17,3,361,10.5,23592.0
18,3,361,12.9,24324.0
19,3,361,14.5,25413.0
20,3,361,15.9,26213.0
21,3,361,17.4,26057.0
22,3,361,18.3,26510.0
23,3,361,18.1,26313.0
0,4,362,17.2,26139.0
1,4,362,15.1,24960.0
2,4,362,14.5,25322.0
3,4,362,13.8,26901.0
4,4,362,13.0,26611.0
5,4,362,12.2,26285.0
6,4,362,11.5,25689.0
7,4,362,11.7,25114.0
8,4,362,11.1,23884.0
9,4,362,10.5,22586.0
10,4,362,10.4,21694.0
11,4,362,9.9,21032.0
12,4,362,9.5,20436.0
13,4,362,9.6,20168.0
14,4,362,9.8,20207.0
15,4,362,9.4,21119.0
16,4,362,10.4,22513.0
17,4,362,12.6,23850.0
18,4,362,13.3,25017.0
19,4,362,13.9,26714.0
20,4,362,14.8,26494.0
21,4,362,15.4,26773.0
22,4,362,16.0,26964.0
23,4,362,16.2,26596.0
0,5,363,15.9,26632.0
1,5,363,13.5,24757.0
2,5,363,12.6,24863.0
3,5,363,11.7,26722.0
4,5,363,11.1,26429.0
5,5,363,10.5,26039.0
6,5,363,10.2,25201.0
7,5,363,10.2,24651.0
8,5,363,10.2,23600.0
9,5,363,10.1,22383.0
10,5,363,10.0,21767.0
11,5,363,9.8,20816.0
12,5,363,9.7,19949.0
13,5,363,9.7,19522.0
14,5,363,9.4,19560.0
15,5,363,9.0,19956.0
16,5,363,9.0,20875.0
17,5,363,9.9,21867.0
18,5,363,11.0,22576.0
19,5,363,12.7,24629.0
20,5,363,14.7,24922.0
21,5,363,16.7,25892.0
22,5,363,17.5,25719.0
23,5,363,17.1,24824.0
0,6,364,16.3,24102.0
1,6,364,14.7,22429.0
2,6,364,13.6,22880.0
3,6,364,12.7,24937.0
4,6,364,11.9,24864.0
5,6,364,11.0,24828.0
6,6,364,10.5,24184.0
7,6,364,10.4,23966.0
8,6,364,10.2,22857.0
9,6,364,9.6,22197.0
10,6,364,9.0,21119.0
11,6,364,8.7,20584.0
12,6,364,8.4,19825.0
13,6,364,8.1,19477.0
14,6,364,8.2,19348.0
15,6,364,7.8,19627.0
16,6,364,8.6,20358.0
17,6,364,10.0,21467.0
18,6,364,12.2,23076.0
19,6,364,14.4,24043.0
20,6,364,16.8,24297.0
21,6,364,18.2,24363.0
22,6,364,18.2,24377.0
23,6,364,17.1,24436.0
0,0,365,15.8,24363.0
1,0,365,14.0,22458.0
2,0,365,13.2,23249.0
3,0,365,12.4,25126.0
4,0,365,11.7,25424.0
5,0,365,11.3,25134.0
6,0,365,10.6,24824.0
7,0,365,10.2,24263.0
8,0,365,10.0,23027.0
9,0,365,9.7,21955.0
10,0,365,9.1,21522.0
11,0,365,8.6,20870.0
12,0,365,8.3,20605.0
13,0,365,9.1,20112.0
14,0,365,8.8,19955.0
15,0,365,8.7,21258.0
16,0,365,9.0,23164.0
17,0,365,9.7,24584.0
18,0,365,11.9,26465.0
19,0,365,14.3,26510.0
20,0,365,16.3,25637.0
21,0,365,18.1,24155.0
22,0,365,19.2,23807.0
23,0,365,19.2,23593.0
0,1,366,17.8,22854.0
1,1,366,15.1,23003.0
2,1,366,13.7,24699.0
3,1,366,12.6,26490.0
4,1,366,11.6,26456.0
5,1,366,11.0,26162.0
6,1,366,10.6,25669.0
7,1,366,10.5,25268.0
8,1,366,10.3,24060.0
9,1,366,9.9,22674.0
10,1,366,9.5,21794.0
11,1,366,8.7,20975.0
12,1,366,8.2,20207.0
13,1,366,8.5,20065.0
14,1,366,8.0,20493.0
15,1,366,7.1,21734.0
16,1,366,8.5,23104.0
17,1,366,10.1,24083.0
18,1,366,11.7,26413.0
19,1,366,13.4,26931.0
20,1,366,14.9,26164.0
21,1,366,16.7,26028.0
22,1,366,17.8,25430.0
23,1,366,18.2,24419.0
0,2,1,17.6,23877.0
1,2,1,13.8,22237.0
2,2,1,12.9,23890.0
3,2,1,12.1,26097.0
4,2,1,11.6,25742.0
5,2,1,11.1,25105.0
6,2,1,10.3,24364.0
7,2,1,9.8,23777.0
8,2,1,9.2,23022.0
9,2,1,9.3,22160.0
10,2,1,9.3,21770.0
11,2,1,9.6,21127.0
12,2,1,9.0,20372.0
13,2,1,9.4,19936.0
14,2,1,9.4,19914.0
15,2,1,8.9,20234.0
16,2,1,10.2,20802.0
17,2,1,11.9,21562.0
18,2,1,13.9,23153.0
19,2,1,16.4,24569.0
20,2,1,18.4,23637.0
21,2,1,19.7,23061.0
22,2,1,20.1,23362.0
23,2,1,20.0,23003.0
0,3,2,19.0,22507.0
1,3,2,16.3,21474.0
2,3,2,15.1,22963.0
3,3,2,13.9,24698.0
4,3,2,12.8,24880.0
5,3,2,12.4,24644.0
6,3,2,12.1,24194.0
7,3,2,12.1,23833.0
8,3,2,12.2,22736.0
9,3,2,12.3,21508.0
10,3,2,12.2,20829.0
11,3,2,11.7,20253.0
12,3,2,11.2,19711.0
13,3,2,10.4,19904.0
14,3,2,10.1,20246.0
15,3,2,9.8,21541.0
16,3,2,11.1,23343.0
17,3,2,14.1,24775.0
18,3,2,17.2,26479.0
19,3,2,20.2,27210.0
20,3,2,22.5,26415.0
21,3,2,24.3,26410.0
22,3,2,25.4,25800.0
23,3,2,25.6,25329.0
0,4,3,24.0,24845.0
1,4,3,19.6,23365.0
2,4,3,17.5,24862.0
3,4,3,16.3,26682.0
4,4,3,14.9,26466.0
5,4,3,14.0,26086.0
6,4,3,13.6,25644.0
7,4,3,13.2,25011.0
8,4,3,13.0,23709.0
9,4,3,12.8,22468.0
10,4,3,12.7,22567.0
11,4,3,12.8,22391.0
12,4,3,12.5,21641.0
13,4,3,10.2,21313.0
14,4,3,10.3,21211.0
15,4,3,9.5,21991.0
16,4,3,10.3,23686.0
17,4,3,12.3,24506.0
18,4,3,14.0,25047.0
19,4,3,16.0,25655.0
20,4,3,18.2,26001.0
21,4,3,19.3,27142.0
22,4,3,18.9,26614.0
23,4,3,19.1,26271.0
0,5,4,18.4,26023.0
1,5,4,15.8,24743.0
2,5,4,14.5,25016.0
3,5,4,12.4,26605.0
4,5,4,11.5,26524.0
5,5,4,10.8,26390.0
6,5,4,10.5,25750.0
7,5,4,10.7,25300.0
8,5,4,11.3,24215.0
9,5,4,10.9,23254.0
10,5,4,10.0,22425.0
11,5,4,9.4,22118.0
12,5,4,8.2,20912.0
13,5,4,9.9,20495.0
14,5,4,10.2,20251.0
15,5,4,10.1,20717.0
16,5,4,10.0,21701.0
17,5,4,10.4,22573.0
18,5,4,11.0,24957.0
19,5,4,11.8,25851.0
20,5,4,13.2,24516.0
21,5,4,15.6,23613.0
22,5,4,17.1,23487.0
23,5,4,17.3,22762.0
0,6,5,16.1,22849.0
1,6,5,14.4,21606.0
2,6,5,13.2,23158.0
3,6,5,12.6,25535.0
4,6,5,12.2,25739.0
5,6,5,11.6,25418.0
6,6,5,11.0,24783.0
7,6,5,10.3,24307.0
8,6,5,9.5,23556.0
9,6,5,8.9,22733.0
10,6,5,8.3,22036.0
11,6,5,7.8,21353.0
12,6,5,7.1,20469.0
13,6,5,8.2,20179.0
14,6,5,7.2,20118.0
15,6,5,6.6,20563.0
16,6,5,8.5,21325.0
17,6,5,12.7,22104.0
18,6,5,16.4,23279.0
19,6,5,19.4,23454.0
20,6,5,21.9,23021.0
21,6,5,23.4,22551.0
22,6,5,24.1,22997.0
23,6,5,24.1,22595.0
0,0,6,22.6,22289.0
1,0,6,18.5,21083.0
2,0,6,17.3,22436.0
3,0,6,16.5,24831.0
4,0,6,15.7,25119.0
5,0,6,14.4,24974.0
6,0,6,13.4,24524.0
7,0,6,12.4,24169.0
8,0,6,11.4,22890.0
9,0,6,10.7,21802.0
10,0,6,10.2,21504.0
11,0,6,10.1,21251.0
12,0,6,10.3,20366.0
13,0,6,9.4,20041.0
14,0,6,10.0,20497.0
15,0,6,10.3,22007.0
16,0,6,11.9,24074.0
17,0,6,14.8,25843.0
18,0,6,17.1,26516.0
19,0,6,19.4,26264.0
20,0,6,21.4,25648.0
21,0,6,22.6,25608.0
22,0,6,23.2,25649.0
23,0,6,23.1,24954.0
0,1,7,22.0,24832.0
1,1,7,19.3,24028.0
2,1,7,17.6,24795.0
3,1,7,16.8,26864.0
4,1,7,15.4,26893.0
5,1,7,14.5,26685.0
6,1,7,14.1,25982.0
7,1,7,13.6,25340.0
8,1,7,12.7,24854.0
9,1,7,11.1,23440.0
10,1,7,9.6,22384.0
11,1,7,8.5,21792.0
12,1,7,8.2,20965.0
13,1,7,9.9,20645.0
14,1,7,10.7,21050.0
15,1,7,11.2,22285.0
16,1,7,12.7,24359.0
17,1,7,15.0,25751.0
18,1,7,17.1,25740.0
19,1,7,18.5,25583.0
20,1,7,19.5,25218.0
21,1,7,21.1,25337.0
22,1,7,22.2,24519.0
23,1,7,21.9,24159.0
0,2,8,20.8,24153.0
1,2,8,19.5,23668.0
2,2,8,17.9,24645.0
3,2,8,18.0,26672.0
4,2,8,17.4,26817.0
5,2,8,17.0,26472.0
6,2,8,16.6,25782.0
7,2,8,14.3,25098.0
8,2,8,14.8,23752.0
9,2,8,14.6,22366.0
10,2,8,13.8,21896.0
11,2,8,13.3,21266.0
12,2,8,13.6,20669.0
13,2,8,14.7,20549.0
14,2,8,14.3,20468.0
15,2,8,13.3,21600.0
16,2,8,14.1,23356.0
17,2,8,16.4,24618.0
18,2,8,17.6,24504.0
19,2,8,19.2,24147.0
20,2,8,20.6,24648.0
21,2,8,21.4,23913.0
22,2,8,22.1,23802.0
23,2,8,21.9,23784.0
0,3,9,21.4,24242.0
1,3,9,20.2,23287.0
2,3,9,18.9,23898.0
3,3,9,17.7,25769.0
4,3,9,17.4,25993.0
5,3,9,16.0,25704.0
6,3,9,13.5,25325.0
7,3,9,12.3,24796.0
8,3,9,11.1,23499.0
9,3,9,10.6,22374.0
10,3,9,9.1,21940.0
11,3,9,8.4,21231.0
12,3,9,8.0,20822.0
13,3,9,6.1,20511.0
14,3,9,6.0,20806.0
15,3,9,5.8,22011.0
16,3,9,7.6,24274.0
17,3,9,11.9,25823.0
18,3,9,15.7,26503.0
19,3,9,18.7,25554.0
20,3,9,20.5,24286.0
21,3,9,22.0,23615.0
22,3,9,23.0,23780.0
23,3,9,22.7,23350.0
0,4,10,21.2,22966.0
1,4,10,19.1,22788.0
2,4,10,17.9,24539.0
3,4,10,17.1,25874.0
4,4,10,15.6,26183.0
5,4,10,13.8,26058.0
6,4,10,12.1,25394.0
7,4,10,10.7,24889.0
8,4,10,9.7,23626.0
9,4,10,8.9,22361.0
10,4,10,8.5,22211.0
11,4,10,7.7,21379.0
12,4,10,7.0,20630.0
13,4,10,7.8,20371.0
14,4,10,7.5,20622.0
15,4,10,7.3,21921.0
16,4,10,9.1,23650.0
17,4,10,12.3,25180.0
18,4,10,14.7,25494.0
19,4,10,16.8,25705.0
20,4,10,18.4,24750.0
21,4,10,19.8,23786.0
22,4,10,20.7,23746.0
23,4,10,20.6,23283.0
0,5,11,18.7,23538.0
1,5,11,17.3,22815.0
2,5,11,15.3,24135.0
3,5,11,14.1,25838.0
4,5,11,13.6,25642.0
5,5,11,13.0,25416.0
6,5,11,12.5,25073.0
7,5,11,11.6,24761.0
8,5,11,11.1,23735.0
9,5,11,10.6,22938.0
10,5,11,10.3,22364.0
11,5,11,10.3,21470.0
12,5,11,10.3,20623.0
13,5,11,9.8,20314.0
14,5,11,9.5,20407.0
15,5,11,8.8,21023.0
16,5,11,9.4,22000.0
17,5,11,11.3,22460.0
18,5,11,13.2,23106.0
19,5,11,15.2,24390.0
20,5,11,17.1,23942.0
21,5,11,19.0,23191.0
22,5,11,20.3,21989.0
23,5,11,20.7,21790.0
0,6,12,19.5,21272.0
1,6,12,17.2,20510.0
2,6,12,15.5,22247.0
3,6,12,14.8,24349.0
4,6,12,14.3,24674.0
5,6,12,13.8,24315.0
6,6,12,12.5,23999.0
7,6,12,10.7,23665.0
8,6,12,10.0,22812.0
9,6,12,10.5,21858.0
10,6,12,8.7,21450.0
11,6,12,7.5,20802.0
12,6,12,6.9,20444.0
13,6,12,7.1,20157.0
14,6,12,6.5,19865.0
15,6,12,6.0,20163.0
16,6,12,7.6,21045.0
17,6,12,11.1,21608.0
18,6,12,14.1,22213.0
19,6,12,16.8,22437.0
20,6,12,18.6,21515.0
21,6,12,19.8,20976.0
22,6,12,20.3,20738.0
23,6,12,20.3,20951.0
0,0,13,19.0,21199.0
1,0,13,16.2,20577.0
2,0,13,13.9,21977.0
3,0,13,13.3,24535.0
4,0,13,12.4,25085.0
5,0,13,10.8,24865.0
6,0,13,9.2,24459.0
7,0,13,7.8,24075.0
8,0,13,7.1,22825.0
9,0,13,6.1,21925.0
10,0,13,5.3,21882.0
11,0,13,4.7,21314.0
12,0,13,5.3,21100.0
13,0,13,7.2,21056.0
14,0,13,7.0,21160.0
15,0,13,6.2,22722.0
16,0,13,7.6,24994.0
17,0,13,11.1,26865.0
18,0,13,14.1,26986.0
19,0,13,16.2,26382.0
20,0,13,17.9,25139.0
21,0,13,18.9,24542.0
22,0,13,19.5,23847.0
23,0,13,19.5,24176.0
0,1,14,18.9,24567.0
1,1,14,16.5,23341.0
2,1,14,15.4,24534.0
3,1,14,13.5,26776.0
4,1,14,11.7,27195.0
5,1,14,10.3,26772.0
6,1,14,9.6,26293.0
7,1,14,8.4,25808.0
8,1,14,7.1,24363.0
9,1,14,6.2,22881.0
10,1,14,6.2,22796.0
11,1,14,6.0,22255.0
12,1,14,5.5,21839.0
13,1,14,4.3,21715.0
14,1,14,3.3,22001.0
15,1,14,2.8,23480.0
16,1,14,4.5,26081.0
17,1,14,8.7,27687.0
18,1,14,11.4,28320.0
19,1,14,14.2,27474.0
20,1,14,16.3,26223.0
21,1,14,18.0,24999.0
22,1,14,19.1,24646.0
23,1,14,18.8,24913.0
0,2,15,17.4,24813.0
1,2,15,15.0,23631.0
2,2,15,13.3,24559.0
3,2,15,12.6,26742.0
4,2,15,11.3,27001.0
5,2,15,10.3,26722.0
6,2,15,9.7,26299.0
7,2,15,9.4,25647.0
8,2,15,8.8,24256.0
9,2,15,8.7,22666.0
10,2,15,8.1,22224.0
11,2,15,7.4,21906.0
12,2,15,6.1,22128.0
13,2,15,5.6,21791.0
14,2,15,5.4,21645.0
15,2,15,4.9,23241.0
16,2,15,6.1,25694.0
17,2,15,10.2,27298.0
18,2,15,13.4,27956.0
19,2,15,16.1,26712.0
20,2,15,18.5,25278.0
21,2,15,20.3,24047.0
22,2,15,21.1,23718.0
23,2,15,21.2,24075.0
0,3,16,20.5,24227.0
1,3,16,18.6,22999.0
2,3,16,16.6,24572.0
3,3,16,15.3,26620.0
4,3,16,13.7,26708.0
5,3,16,11.6,26454.0
6,3,16,10.4,25907.0
7,3,16,9.5,25329.0
8,3,16,8.8,24069.0
9,3,16,8.0,22748.0
10,3,16,7.3,22224.0
11,3,16,6.4,21817.0
12,3,16,5.7,21528.0
13,3,16,4.5,21314.0
14,3,16,4.4,21632.0
15,3,16,4.0,23133.0
16,3,16,6.1,25649.0
17,3,16,10.8,27504.0
18,3,16,14.6,26881.0
19,3,16,17.2,25821.0
20,3,16,19.2,25041.0
21,3,16,20.5,24501.0
22,3,16,20.7,23644.0
23,3,16,19.4,24077.0
0,4,17,17.5,24605.0
1,4,17,15.7,24126.0
2,4,17,14.1,24780.0
3,4,17,12.9,26706.0
4,4,17,12.0,26977.0
5,4,17,11.4,26581.0
6,4,17,10.7,26410.0
7,4,17,10.0,25893.0
8,4,17,9.7,24634.0
9,4,17,9.1,23203.0
10,4,17,8.4,22612.0
11,4,17,7.8,22049.0
12,4,17,7.4,21592.0
13,4,17,6.9,21415.0
14,4,17,6.9,21721.0
15,4,17,7.6,23176.0
16,4,17,9.1,25476.0
17,4,17,10.7,27593.0
18,4,17,11.9,28219.0
19,4,17,13.1,27642.0
20,4,17,14.6,26838.0
21,4,17,15.7,25732.0
22,4,17,16.4,25265.0
23,4,17,16.5,24525.0
0,5,18,15.9,23775.0
1,5,18,14.6,23083.0
2,5,18,13.5,24318.0
3,5,18,12.4,26219.0
4,5,18,11.9,26564.0
5,5,18,11.2,26331.0
6,5,18,11.0,26178.0
7,5,18,10.6,25474.0
8,5,18,10.0,24448.0
9,5,18,9.1,23133.0
10,5,18,8.4,22822.0
11,5,18,7.6,22165.0
12,5,18,7.3,21364.0
13,5,18,8.6,20959.0
14,5,18,8.3,20686.0
15,5,18,7.9,21522.0
16,5,18,9.0,22435.0
17,5,18,10.4,23386.0
18,5,18,12.2,23795.0
19,5,18,14.1,23409.0
20,5,18,15.6,22375.0
21,5,18,16.9,21401.0
22,5,18,17.7,21110.0
23,5,18,17.8,21402.0
0,6,19,16.5,21851.0
1,6,19,14.4,21050.0
2,6,19,12.9,22211.0
3,6,19,11.9,24333.0
4,6,19,11.4,24935.0
5,6,19,10.7,24672.0
6,6,19,10.0,24358.0
7,6,19,9.5,23959.0
8,6,19,9.0,23178.0
9,6,19,8.4,22044.0
10,6,19,8.2,21798.0
11,6,19,7.9,21403.0
12,6,19,7.8,20856.0
13,6,19,7.0,20518.0
14,6,19,7.2,20442.0
15,6,19,7.2,20916.0
16,6,19,7.8,21914.0
17,6,19,9.3,22787.0
18,6,19,11.2,23155.0
19,6,19,13.6,23251.0
20,6,19,15.3,22301.0
21,6,19,16.5,22277.0
22,6,19,16.7,22233.0
23,6,19,16.4,22935.0
0,0,20,15.4,23051.0
1,0,20,13.1,22135.0
2,0,20,11.8,22672.0
3,0,20,10.9,24871.0
4,0,20,10.1,25421.0
5,0,20,9.7,25221.0
6,0,20,9.1,24813.0
7,0,20,8.9,24206.0
8,0,20,9.2,23059.0
9,0,20,9.8,21917.0
10,0,20,9.1,21754.0
11,0,20,8.2,21093.0
12,0,20,7.7,20756.0
13,0,20,7.5,20649.0
14,0,20,6.8,21154.0
15,0,20,5.6,22320.0
16,0,20,5.9,23777.0
17,0,20,8.9,25335.0
18,0,20,12.4,25347.0
19,0,20,16.3,24987.0
20,0,20,19.1,23399.0
21,0,20,20.8,22952.0
22,0,20,21.2,23428.0
23,0,20,20.8,24030.0
0,1,21,19.8,25003.0
1,1,21,18.0,23530.0
2,1,21,16.4,23971.0
3,1,21,13.9,26410.0
4,1,21,12.3,26946.0
5,1,21,11.0,26630.0
6,1,21,10.6,26305.0
7,1,21,9.6,25477.0
8,1,21,9.6,24177.0
9,1,21,7.9,22963.0
10,1,21,7.2,22557.0
11,1,21,6.3,22097.0
12,1,21,5.4,22067.0
13,1,21,6.0,21784.0
14,1,21,5.0,22029.0
15,1,21,3.8,23545.0
16,1,21,5.9,26052.0
17,1,21,8.2,27691.0
18,1,21,10.5,27734.0
19,1,21,13.8,27009.0
20,1,21,17.1,26287.0
21,1,21,18.9,24813.0
22,1,21,19.7,24257.0
23,1,21,19.7,24199.0
0,2,22,19.1,24040.0
1,2,22,18.8,23037.0
2,2,22,16.5,24474.0
3,2,22,15.2,26730.0
4,2,22,13.6,27273.0
5,2,22,12.0,26994.0
6,2,22,11.1,26564.0
7,2,22,9.7,25941.0
8,2,22,8.9,24559.0
9,2,22,8.3,23252.0
10,2,22,8.1,22652.0
11,2,22,8.1,22100.0
12,2,22,7.4,21807.0
13,2,22,8.4,21776.0
14,2,22,7.8,22175.0
15,2,22,7.0,23568.0
16,2,22,8.3,26074.0
17,2,22,11.9,27559.0
18,2,22,16.3,27698.0
19,2,22,18.7,26066.0
20,2,22,21.2,24747.0
21,2,22,23.6,24590.0
22,2,22,24.9,25489.0
23,2,22,25.2,25321.0
0,3,23,23.8,25177.0
1,3,23,21.1,23921.0
2,3,23,19.5,24447.0
3,3,23,17.5,26584.0
4,3,23,16.3,27028.0
5,3,23,15.0,26584.0
6,3,23,13.2,26158.0
7,3,23,11.2,25711.0
8,3,23,9.9,24209.0
9,3,23,9.1,22840.0
10,3,23,8.3,22284.0
11,3,23,7.8,21519.0
12,3,23,7.7,21110.0
13,3,23,9.7,21048.0
14,3,23,9.0,21496.0
15,3,23,8.1,22983.0
16,3,23,9.7,25422.0
17,3,23,13.4,26901.0
18,3,23,16.5,26772.0
19,3,23,19.6,26263.0
20,3,23,22.3,25436.0
21,3,23,24.0,24208.0
22,3,23,24.8,23275.0
23,3,23,24.8,23785.0
0,4,24,24.0,23955.0
1,4,24,22.9,23287.0
2,4,24,20.3,24176.0
3,4,24,18.1,26776.0
4,4,24,16.2,26818.0
5,4,24,15.3,26311.0
6,4,24,14.3,25688.0
7,4,24,13.2,25112.0
8,4,24,11.6,23906.0
9,4,24,10.1,22680.0
10,4,24,8.9,22358.0
11,4,24,8.2,21780.0
12,4,24,7.9,21355.0
13,4,24,8.3,21221.0
14,4,24,7.1,21575.0
15,4,24,6.0,22978.0
16,4,24,8.3,25424.0
17,4,24,13.0,26776.0
18,4,24,17.3,27048.0
19,4,24,20.3,26542.0
20,4,24,22.1,24876.0
21,4,24,23.0,23446.0
22,4,24,23.4,23727.0
23,4,24,23.2,24172.0
0,5,25,21.9,24122.0
1,5,25,19.2,23629.0
2,5,25,16.4,24338.0
3,5,25,15.1,26012.0
4,5,25,14.0,26205.0
5,5,25,13.2,25734.0
6,5,25,12.3,25241.0
7,5,25,11.6,24968.0
8,5,25,11.6,24012.0
9,5,25,11.3,22654.0
10,5,25,10.9,22083.0
11,5,25,11.0,21407.0
12,5,25,10.5,20669.0
13,5,25,9.2,20325.0
14,5,25,8.6,20462.0
15,5,25,7.3,21149.0
16,5,25,9.3,22151.0
17,5,25,12.0,22702.0
18,5,25,14.1,22645.0
19,5,25,15.5,22223.0
20,5,25,16.5,21184.0
21,5,25,16.0,21032.0
22,5,25,15.7,22067.0
23,5,25,15.6,22218.0
0,6,26,15.2,23427.0
1,6,26,13.1,23249.0
2,6,26,12.3,23549.0
3,6,26,11.7,25303.0
4,6,26,11.0,26060.0
5,6,26,11.1,25085.0
6,6,26,10.7,24626.0
7,6,26,10.7,24123.0
8,6,26,10.2,23160.0
9,6,26,9.7,22260.0
10,6,26,9.0,21442.0
11,6,26,8.8,20935.0
12,6,26,8.8,20533.0
13,6,26,9.5,20280.0
14,6,26,9.2,20159.0
15,6,26,9.0,20486.0
16,6,26,9.5,21021.0
17,6,26,10.3,21841.0
18,6,26,11.4,22340.0
19,6,26,11.7,22658.0
20,6,26,11.8,23255.0
21,6,26,11.9,22684.0
22,6,26,11.4,22470.0
23,6,26,12.3,22829.0
0,0,27,11.9,22319.0
1,0,27,9.7,22266.0
2,0,27,9.9,23615.0
3,0,27,9.7,25573.0
4,0,27,9.1,26295.0
5,0,27,9.0,26031.0
6,0,27,8.3,25529.0
7,0,27,8.2,25069.0
8,0,27,8.0,23817.0
9,0,27,7.2,22472.0
10,0,27,6.9,22512.0
11,0,27,7.5,21902.0
12,0,27,6.9,21319.0
13,0,27,7.3,21090.0
14,0,27,6.4,21630.0
15,0,27,5.9,23025.0
16,0,27,7.8,25681.0
17,0,27,9.8,27467.0
18,0,27,11.0,26930.0
19,0,27,12.1,27031.0
20,0,27,12.7,26629.0
21,0,27,13.1,26151.0
22,0,27,13.4,24214.0
23,0,27,13.1,23285.0
0,1,28,12.1,22702.0
1,1,28,11.5,22683.0
2,1,28,10.4,24427.0
3,1,28,9.6,26844.0
4,1,28,8.6,27738.0
5,1,28,7.8,27308.0
6,1,28,7.2,27005.0
7,1,28,6.4,26485.0
8,1,28,5.5,24991.0
9,1,28,5.2,23761.0
10,1,28,5.2,23236.0
11,1,28,4.9,22518.0
12,1,28,4.5,22555.0
13,1,28,5.5,22294.0
14,1,28,5.3,22491.0
15,1,28,4.6,24418.0
16,1,28,6.0,26778.0
17,1,28,8.6,28266.0
18,1,28,10.6,27886.0
19,1,28,12.2,26420.0
20,1,28,13.4,24827.0
21,1,28,14.4,23552.0
22,1,28,15.1,22683.0
23,1,28,15.0,22568.0
0,2,29,14.4,22713.0
1,2,29,13.5,22843.0
2,2,29,12.1,24686.0
3,2,29,11.2,27664.0
4,2,29,10.3,28140.0
5,2,29,10.0,27595.0
6,2,29,9.9,26849.0
7,2,29,9.6,26209.0
8,2,29,9.4,24780.0
9,2,29,9.1,23508.0
10,2,29,8.4,23140.0
11,2,29,7.5,22520.0
12,2,29,7.3,22276.0
13,2,29,6.3,21880.0
14,2,29,6.0,22113.0
15,2,29,5.9,23460.0
16,2,29,7.6,25850.0
17,2,29,10.1,27495.0
18,2,29,12.0,27401.0
19,2,29,13.2,26101.0
20,2,29,14.1,25846.0
21,2,29,14.8,25036.0
22,2,29,15.2,24969.0
23,2,29,15.0,23347.0
0,3,30,14.0,23232.0
1,3,30,12.9,22817.0
2,3,30,11.3,23860.0
3,3,30,10.7,26922.0
4,3,30,10.2,27530.0
5,3,30,9.4,27239.0
6,3,30,8.4,26788.0
7,3,30,7.6,26333.0
8,3,30,7.1,25039.0
9,3,30,6.7,23615.0
10,3,30,6.4,23006.0
11,3,30,6.4,22412.0
12,3,30,6.6,22102.0
13,3,30,9.3,21744.0
14,3,30,9.7,21951.0
15,3,30,9.8,23436.0
16,3,30,10.3,25810.0
17,3,30,10.7,27259.0
18,3,30,11.7,27828.0
19,3,30,12.5,27272.0
20,3,30,13.4,26615.0
21,3,30,13.4,26503.0
22,3,30,14.0,25989.0
23,3,30,14.3,25194.0
0,4,31,14.1,24026.0
1,4,31,13.1,23624.0
2,4,31,11.5,24560.0
3,4,31,10.6,27143.0
4,4,31,10.2,28254.0
5,4,31,9.3,27935.0
6,4,31,8.3,27519.0
7,4,31,7.6,26954.0
8,4,31,7.3,25697.0
9,4,31,6.9,24183.0
10,4,31,6.8,23615.0
11,4,31,6.6,22651.0
12,4,31,6.5,22160.0
13,4,31,6.3,22061.0
14,4,31,5.8,22296.0
15,4,31,5.3,23662.0
16,4,31,7.1,26116.0
17,4,31,9.5,27387.0
18,4,31,12.1,28661.0
19,4,31,14.0,28863.0
20,4,31,15.4,27870.0
21,4,31,16.3,27018.0
22,4,31,16.6,26924.0
23,4,31,16.4,26557.0
0,5,32,15.4,26105.0
1,5,32,14.0,25263.0
2,5,32,12.0,25429.0
3,5,32,10.9,27292.0
4,5,32,10.6,27452.0
5,5,32,9.7,26882.0
6,5,32,9.2,26848.0
7,5,32,9.0,26372.0
8,5,32,8.9,25011.0
9,5,32,9.0,23689.0
10,5,32,8.9,23071.0
11,5,32,9.0,22190.0
12,5,32,8.7,21310.0
13,5,32,9.1,20856.0
14,5,32,8.9,20701.0
15,5,32,8.8,21154.0
16,5,32,10.4,22292.0
17,5,32,11.4,23064.0
18,5,32,13.4,23258.0
19,5,32,15.5,23830.0
20,5,32,17.3,23862.0
21,5,32,18.8,23888.0
22,5,32,19.8,23907.0
23,5,32,19.6,23732.0
0,6,33,18.4,23328.0
1,6,33,17.5,22287.0
2,6,33,15.5,22722.0
3,6,33,14.4,24532.0
4,6,33,13.6,24963.0
5,6,33,12.8,24495.0
6,6,33,12.5,23984.0
7,6,33,12.4,23531.0
8,6,33,12.0,22932.0
9,6,33,11.8,21860.0
10,6,33,12.1,21472.0
11,6,33,12.0,21074.0
12,6,33,11.4,20550.0
13,6,33,10.7,19787.0
14,6,33,10.1,19366.0
15,6,33,9.4,19703.0
16,6,33,11.9,20366.0
17,6,33,14.4,21206.0
18,6,33,16.6,22921.0
19,6,33,18.7,23597.0
20,6,33,20.5,23325.0
21,6,33,22.3,22918.0
22,6,33,23.3,21916.0
23,6,33,23.2,20983.0
0,0,34,21.6,20306.0
1,0,34,18.5,20374.0
2,0,34,15.8,21818.0
3,0,34,14.6,24322.0
4,0,34,14.1,25019.0
5,0,34,13.3,24604.0
6,0,34,12.6,24174.0
7,0,34,12.4,23468.0
8,0,34,12.0,22805.0
9,0,34,11.7,21544.0
10,0,34,11.7,20980.0
11,0,34,11.4,20071.0
12,0,34,10.9,19958.0
13,0,34,10.7,20140.0
14,0,34,10.5,20087.0
15,0,34,10.0,21429.0
16,0,34,10.4,23703.0
17,0,34,11.3,25203.0
18,0,34,13.4,26144.0
19,0,34,15.8,25454.0
20,0,34,17.9,25646.0
21,0,34,19.7,25247.0
22,0,34,19.8,24889.0
23,0,34,18.6,24943.0
0,1,35,16.9,24667.0
1,1,35,15.6,24591.0
2,1,35,14.4,24340.0
3,1,35,13.5,26252.0
4,1,35,13.2,27312.0
5,1,35,13.0,26841.0
6,1,35,12.3,26097.0
7,1,35,11.4,25478.0
8,1,35,11.3,24309.0
9,1,35,11.2,22878.0
10,1,35,10.9,21748.0
11,1,35,10.3,21492.0
12,1,35,9.9,21373.0
13,1,35,8.8,21056.0
14,1,35,9.1,20782.0
15,1,35,9.4,21913.0
16,1,35,9.9,24038.0
17,1,35,10.9,25832.0
18,1,35,12.6,27640.0
19,1,35,14.5,27616.0
20,1,35,16.2,27544.0
21,1,35,17.5,27454.0
22,1,35,17.9,26920.0
23,1,35,17.8,26449.0
0,2,36,17.2,26489.0
1,2,36,15.7,25455.0
2,2,36,14.5,25307.0
3,2,36,14.1,27063.0
4,2,36,13.7,27455.0
5,2,36,13.6,26891.0
6,2,36,13.4,26410.0
7,2,36,13.3,25643.0
8,2,36,13.1,24349.0
9,2,36,12.7,22734.0
10,2,36,12.6,22168.0
11,2,36,12.5,21535.0
12,2,36,12.3,21289.0
13,2,36,11.9,21077.0
14,2,36,12.0,21303.0
15,2,36,12.1,22872.0
16,2,36,12.4,25454.0
17,2,36,12.9,26981.0
18,2,36,13.7,27566.0
19,2,36,14.6,26752.0
20,2,36,14.6,25368.0
21,2,36,14.9,24851.0
22,2,36,15.4,24448.0
23,2,36,15.5,23875.0
0,3,37,15.3,23497.0
1,3,37,15.3,22771.0
2,3,37,14.5,23760.0
3,3,37,14.5,26216.0
4,3,37,14.6,27166.0
5,3,37,14.6,26812.0
6,3,37,14.5,26091.0
7,3,37,13.8,25462.0
8,3,37,14.0,24525.0
9,3,37,13.9,23097.0
10,3,37,13.6,22246.0
11,3,37,13.6,21629.0
12,3,37,13.5,21546.0
13,3,37,13.7,21389.0
14,3,37,13.4,21370.0
15,3,37,13.3,22778.0
16,3,37,13.5,24680.0
17,3,37,14.0,26304.0
18,3,37,15.4,27947.0
19,3,37,15.7,28318.0
20,3,37,16.6,28399.0
21,3,37,17.2,28858.0
22,3,37,17.6,28602.0
23,3,37,17.4,27993.0
0,4,38,16.7,27999.0
1,4,38,15.5,27231.0
2,4,38,14.9,26564.0
3,4,38,14.7,27195.0
4,4,38,14.6,27453.0
5,4,38,14.4,26671.0
6,4,38,14.3,26012.0
7,4,38,14.1,25384.0
8,4,38,14.0,24493.0
9,4,38,13.9,23059.0
10,4,38,13.6,22486.0
11,4,38,13.4,21720.0
12,4,38,13.4,21405.0
13,4,38,13.7,20842.0
14,4,38,13.7,20785.0
15,4,38,13.7,22002.0
16,4,38,13.9,24138.0
17,4,38,14.6,25626.0
18,4,38,15.5,26780.0
19,4,38,16.7,26409.0
20,4,38,16.8,26076.0
21,4,38,17.2,26075.0
22,4,38,17.2,25706.0
23,4,38,16.4,24542.0
0,5,39,15.5,24378.0
1,5,39,14.2,23780.0
2,5,39,12.7,23294.0
3,5,39,12.3,25243.0
4,5,39,12.0,26112.0
5,5,39,11.3,26031.0
6,5,39,10.6,25423.0
7,5,39,10.5,24969.0
8,5,39,10.2,24207.0
9,5,39,10.1,22899.0
10,5,39,9.7,22471.0
11,5,39,9.6,21721.0
12,5,39,9.7,21096.0
13,5,39,8.7,20628.0
14,5,39,8.3,20572.0
15,5,39,7.7,21199.0
16,5,39,9.2,22503.0
17,5,39,10.9,23358.0
18,5,39,12.4,24830.0
19,5,39,13.8,24097.0
20,5,39,15.4,22665.0
21,5,39,16.4,21181.0
22,5,39,16.7,20118.0
23,5,39,15.9,19656.0
0,6,40,14.8,18872.0
1,6,40,14.3,19550.0
2,6,40,12.4,21249.0
3,6,40,11.7,24009.0
4,6,40,10.6,25141.0
5,6,40,10.0,24880.0
6,6,40,9.5,24464.0
7,6,40,8.9,24009.0
8,6,40,8.6,23180.0
9,6,40,8.6,22042.0
10,6,40,8.9,21537.0
11,6,40,8.9,20931.0
12,6,40,8.7,20617.0
13,6,40,6.5,20497.0
14,6,40,6.4,20385.0
15,6,40,6.1,21121.0
16,6,40,8.4,22099.0
17,6,40,11.9,22164.0
18,6,40,14.3,22271.0
19,6,40,16.7,21958.0
20,6,40,18.5,20066.0
21,6,40,19.8,19421.0
22,6,40,20.5,19659.0
23,6,40,20.5,19524.0
0,0,41,18.7,19330.0
1,0,41,16.9,19628.0
2,0,41,13.9,20902.0
3,0,41,12.7,23291.0
4,0,41,11.8,24075.0
5,0,41,10.7,23980.0
6,0,41,10.6,24069.0
7,0,41,10.8,23708.0
8,0,41,10.3,22841.0
9,0,41,9.8,22058.0
10,0,41,8.9,21834.0
11,0,41,8.8,21205.0
12,0,41,8.7,21095.0
13,0,41,7.9,21005.0
14,0,41,7.6,21096.0
15,0,41,7.9,22382.0
16,0,41,9.0,24600.0
17,0,41,10.7,25841.0
18,0,41,12.3,25790.0
19,0,41,14.2,24876.0
20,0,41,15.5,23928.0
21,0,41,15.9,23525.0
22,0,41,16.3,23052.0
23,0,41,16.3,22694.0
0,1,42,16.0,23191.0
1,1,42,14.5,22465.0
2,1,42,12.2,22735.0
3,1,42,11.5,25683.0
4,1,42,11.5,26994.0
5,1,42,11.1,26800.0
6,1,42,10.8,26688.0
7,1,42,10.6,26127.0
8,1,42,10.0,24887.0
9,1,42,9.0,23689.0
10,1,42,8.3,22848.0
11,1,42,7.9,22062.0
12,1,42,7.5,21521.0
13,1,42,9.8,21525.0
14,1,42,10.2,21845.0
15,1,42,10.0,23317.0
16,1,42,11.0,26039.0
17,1,42,12.4,27284.0
18,1,42,13.4,27079.0
19,1,42,14.3,26025.0
20,1,42,15.0,25573.0
21,1,42,15.9,25168.0
22,1,42,16.0,25123.0
23,1,42,15.0,25624.0
0,2,43,14.1,25743.0
1,2,43,14.0,25106.0
2,2,43,12.5,24877.0
3,2,43,11.9,27233.0
4,2,43,11.0,28286.0
5,2,43,10.0,27968.0
6,2,43,9.8,27389.0
7,2,43,9.4,26570.0
8,2,43,9.1,25062.0
9,2,43,9.3,23418.0
10,2,43,9.2,23531.0
11,2,43,9.2,23785.0
12,2,43,9.4,23348.0
13,2,43,10.4,23213.0
14,2,43,10.4,22821.0
15,2,43,10.4,23672.0
16,2,43,10.4,25912.0
17,2,43,10.7,27079.0
18,2,43,11.0,28138.0
19,2,43,11.4,28113.0
20,2,43,11.9,27923.0
21,2,43,12.0,27434.0
22,2,43,12.1,27492.0
23,2,43,12.1,27192.0
0,3,44,11.8,26060.0
1,3,44,11.8,25863.0
2,3,44,11.9,26239.0
3,3,44,11.8,27984.0
4,3,44,11.8,28538.0
5,3,44,12.2,28071.0
6,3,44,12.2,27196.0
7,3,44,12.3,26268.0
8,3,44,12.1,24953.0
9,3,44,12.2,24344.0
10,3,44,12.3,24009.0
11,3,44,12.0,23591.0
12,3,44,12.0,23156.0
13,3,44,12.2,22589.0
14,3,44,12.5,23127.0
15,3,44,12.8,23288.0
16,3,44,13.1,24916.0
17,3,44,13.6,26340.0
18,3,44,14.3,27360.0
19,3,44,14.5,27588.0
20,3,44,14.4,27337.0
21,3,44,14.4,27992.0
22,3,44,14.2,28002.0
23,3,44,15.1,28370.0
0,4,45,14.2,27066.0
1,4,45,13.7,26540.0
2,4,45,13.8,27018.0
3,4,45,13.4,27938.0
4,4,45,13.5,28029.0
5,4,45,13.7,27499.0
6,4,45,13.4,26695.0
7,4,45,13.2,26164.0
8,4,45,12.8,25223.0
9,4,45,12.5,23757.0
10,4,45,11.9,23374.0
11,4,45,11.6,22074.0
12,4,45,11.1,21530.0
13,4,45,11.6,21232.0
14,4,45,11.7,21132.0
15,4,45,11.6,22227.0
16,4,45,12.5,24144.0
17,4,45,13.2,25397.0
18,4,45,14.1,26160.0
19,4,45,15.4,26183.0
20,4,45,16.0,25740.0
21,4,45,16.8,24738.0
22,4,45,16.6,24289.0
23,4,45,16.3,23412.0
0,5,46,15.6,22418.0
1,5,46,14.7,21821.0
2,5,46,13.2,22500.0
3,5,46,12.4,25315.0
4,5,46,12.0,26374.0
5,5,46,12.6,26292.0
6,5,46,12.5,25840.0
7,5,46,11.8,25300.0
8,5,46,10.9,24525.0
9,5,46,9.5,23173.0
10,5,46,9.0,22480.0
11,5,46,8.4,21610.0
12,5,46,8.2,21109.0
13,5,46,7.6,20997.0
14,5,46,7.6,20809.0
15,5,46,7.4,21567.0
16,5,46,9.0,22490.0
17,5,46,10.9,22681.0
18,5,46,12.7,23268.0
19,5,46,14.3,23287.0
20,5,46,15.6,21478.0
21,5,46,16.8,20612.0
22,5,46,17.8,19975.0
23,5,46,17.7,19282.0
0,6,47,16.4,19278.0
1,6,47,15.0,19408.0
2,6,47,12.8,20998.0
3,6,47,12.5,23587.0
4,6,47,12.4,24855.0
5,6,47,11.7,24645.0
6,6,47,10.8,24133.0
7,6,47,10.0,23604.0
8,6,47,9.2,22655.0
9,6,47,8.4,21712.0
10,6,47,8.3,21407.0
11,6,47,8.7,20865.0
12,6,47,9.4,20648.0
13,6,47,11.1,20437.0
14,6,47,10.6,20260.0
15,6,47,10.6,20545.0
16,6,47,13.1,21154.0
17,6,47,15.7,21293.0
18,6,47,17.4,21362.0
19,6,47,18.6,21038.0
20,6,47,19.9,20952.0
21,6,47,20.3,20450.0
22,6,47,20.9,19531.0
23,6,47,20.9,20413.0
0,0,48,20.3,20609.0
1,0,48,18.3,20572.0
2,0,48,15.5,20793.0
3,0,48,14.1,22924.0
4,0,48,13.7,24132.0
5,0,48,12.8,23879.0
6,0,48,12.1,23362.0
7,0,48,11.6,23060.0
8,0,48,11.7,22442.0
9,0,48,11.9,21335.0
10,0,48,11.8,20850.0
11,0,48,11.6,20374.0
12,0,48,11.4,20096.0
13,0,48,11.0,19646.0
14,0,48,9.4,19805.0
15,0,48,9.7,21085.0
16,0,48,11.9,22395.0
17,0,48,13.4,23271.0
18,0,48,14.9,23756.0
19,0,48,16.5,23782.0
20,0,48,17.9,23390.0
21,0,48,19.0,22777.0
22,0,48,19.5,22635.0
23,0,48,19.6,21619.0
0,1,49,18.4,21739.0
1,1,49,16.6,21367.0
2,1,49,14.1,22080.0
3,1,49,13.1,24751.0
4,1,49,12.3,26191.0
5,1,49,12.1,25908.0
6,1,49,11.5,25487.0
7,1,49,10.9,24858.0
8,1,49,10.5,23433.0
9,1,49,10.1,22165.0
10,1,49,9.7,21734.0
11,1,49,9.7,21099.0
12,1,49,10.8,20867.0
13,1,49,10.8,20391.0
14,1,49,10.5,20696.0
15,1,49,10.0,21933.0
16,1,49,10.3,23673.0
17,1,49,10.7,24933.0
18,1,49,11.5,25299.0
19,1,49,12.9,24805.0
20,1,49,14.7,23414.0
21,1,49,16.5,22624.0
22,1,49,17.8,22066.0
23,1,49,17.6,21773.0
0,2,50,16.3,21552.0
1,2,50,15.0,21782.0
2,2,50,13.4,22467.0
3,2,50,12.8,24896.0
4,2,50,12.2,26181.0
5,2,50,11.2,25799.0
6,2,50,10.6,25292.0
7,2,50,9.9,24770.0
8,2,50,9.2,23400.0
9,2,50,8.6,22279.0
10,2,50,8.4,21722.0
11,2,50,8.2,20877.0
12,2,50,8.8,20378.0
13,2,50,8.2,20133.0
14,2,50,8.2,20523.0
15,2,50,8.3,22011.0
16,2,50,11.0,23958.0
17,2,50,13.8,24957.0
18,2,50,15.8,24575.0
19,2,50,18.1,24910.0
20,2,50,20.2,24369.0
21,2,50,21.4,24586.0
22,2,50,21.7,24164.0
23,2,50,20.8,23458.0
0,3,51,19.5,22894.0
1,3,51,18.7,22623.0
2,3,51,16.0,22975.0
3,3,51,14.7,24938.0
4,3,51,13.6,26177.0
5,3,51,12.5,25752.0
6,3,51,11.6,25051.0
7,3,51,10.9,24274.0
8,3,51,10.2,23372.0
9,3,51,9.5,22308.0
10,3,51,9.0,21365.0
11,3,51,9.0,20922.0
12,3,51,8.7,20691.0
13,3,51,8.8,20165.0
14,3,51,9.0,20359.0
15,3,51,9.2,21852.0
16,3,51,11.1,23878.0
17,3,51,13.7,25351.0
18,3,51,15.9,25108.0
19,3,51,17.9,24630.0
20,3,51,19.5,24133.0
21,3,51,20.9,23066.0
22,3,51,21.9,22488.0
23,3,51,21.6,22418.0
0,4,52,20.0,21923.0
1,4,52,18.3,21805.0
2,4,52,16.7,22191.0
3,4,52,15.8,24466.0
4,4,52,13.8,25688.0
5,4,52,12.9,25415.0
6,4,52,11.7,24891.0
7,4,52,10.6,24588.0
8,4,52,9.9,23264.0
9,4,52,9.1,22061.0
10,4,52,7.8,21502.0
11,4,52,7.8,20739.0
12,4,52,7.6,20177.0
13,4,52,8.6,19946.0
14,4,52,7.9,19919.0
15,4,52,8.8,21423.0
16,4,52,11.8,23354.0
17,4,52,15.2,24660.0
18,4,52,17.2,25190.0
19,4,52,18.9,24485.0
20,4,52,20.6,23766.0
21,4,52,22.2,22940.0
22,4,52,23.0,22887.0
23,4,52,22.9,21833.0
0,5,53,21.6,21392.0
1,5,53,18.7,21586.0
2,5,53,17.0,22219.0
3,5,53,16.5,24241.0
4,5,53,14.4,25136.0
5,5,53,13.0,24680.0
6,5,53,12.1,24097.0
7,5,53,10.6,23860.0
8,5,53,9.5,22992.0
9,5,53,9.0,22230.0
10,5,53,8.7,21425.0
11,5,53,8.6,20741.0
12,5,53,8.7,20222.0
13,5,53,8.1,19696.0
14,5,53,7.3,19483.0
15,5,53,7.4,20112.0
16,5,53,10.6,20875.0
17,5,53,15.2,21535.0
18,5,53,18.3,22399.0
19,5,53,20.6,20757.0
20,5,53,22.2,20377.0
21,5,53,23.4,19619.0
22,5,53,24.1,18636.0
23,5,53,24.3,18369.0
0,6,54,23.7,18540.0
1,6,54,20.6,18896.0
2,6,54,17.7,20019.0
3,6,54,16.4,22662.0
4,6,54,14.8,24048.0
5,6,54,12.9,23689.0
6,6,54,11.3,23165.0
7,6,54,10.3,22730.0
8,6,54,9.9,21870.0
9,6,54,9.7,20823.0
10,6,54,9.5,20230.0
11,6,54,9.5,19410.0
12,6,54,9.5,18819.0
13,6,54,8.2,18519.0
14,6,54,7.5,18590.0
15,6,54,8.2,19417.0
16,6,54,12.1,20031.0
17,6,54,16.7,20592.0
18,6,54,19.4,21780.0
19,6,54,21.5,22124.0
20,6,54,23.4,20767.0
21,6,54,24.7,19948.0
22,6,54,25.4,19097.0
23,6,54,25.4,18030.0
0,0,55,23.3,18352.0
1,0,55,20.4,18251.0
2,0,55,18.0,19926.0
3,0,55,17.5,22837.0
4,0,55,16.4,24596.0
5,0,55,15.0,24274.0
6,0,55,14.6,23507.0
7,0,55,13.8,22905.0
8,0,55,13.3,21826.0
9,0,55,13.4,20495.0
10,0,55,13.5,19848.0
11,0,55,13.4,19130.0
12,0,55,12.9,19069.0
13,0,55,13.4,18962.0
14,0,55,13.0,19245.0
15,0,55,13.3,20691.0
16,0,55,16.1,22615.0
17,0,55,18.0,24199.0
18,0,55,19.7,24720.0
19,0,55,21.4,25158.0
20,0,55,22.8,24286.0
21,0,55,23.9,24401.0
22,0,55,24.2,23225.0
23,0,55,23.1,22815.0
0,1,56,20.7,23239.0
1,1,56,19.8,22803.0
2,1,56,17.3,23901.0
3,1,56,16.0,25312.0
4,1,56,15.2,26229.0
5,1,56,14.6,25848.0
6,1,56,13.7,25125.0
7,1,56,13.0,24597.0
8,1,56,12.1,23182.0
9,1,56,11.4,21856.0
10,1,56,10.8,21159.0
11,1,56,10.5,20396.0
12,1,56,10.5,19977.0
13,1,56,9.5,19795.0
14,1,56,9.0,20195.0
15,1,56,9.3,21599.0
16,1,56,12.0,23476.0
17,1,56,15.4,24898.0
18,1,56,17.9,25224.0
19,1,56,20.5,24342.0
20,1,56,22.5,23914.0
21,1,56,23.1,23279.0
22,1,56,23.3,23013.0
23,1,56,23.3,22170.0
0,2,57,22.0,22080.0
1,2,57,19.8,22154.0
2,2,57,17.0,22592.0
3,2,57,16.0,24694.0
4,2,57,15.0,25632.0
5,2,57,14.3,25433.0
6,2,57,13.6,24765.0
7,2,57,12.6,24167.0
8,2,57,11.2,22805.0
9,2,57,10.5,21486.0
10,2,57,10.1,21178.0
11,2,57,9.9,20464.0
12,2,57,9.7,20063.0
13,2,57,9.2,19826.0
14,2,57,8.3,20099.0
15,2,57,8.7,21474.0
16,2,57,11.6,23549.0
17,2,57,15.4,24486.0
18,2,57,18.0,24074.0
19,2,57,20.8,23077.0
20,2,57,23.4,22018.0
21,2,57,25.2,21373.0
22,2,57,26.1,21567.0
23,2,57,26.2,21051.0
0,3,58,25.1,21670.0
1,3,58,22.7,22343.0
2,3,58,19.9,22947.0
3,3,58,17.8,25183.0
4,3,58,16.1,26305.0
5,3,58,14.5,25965.0
6,3,58,13.2,25112.0
7,3,58,12.7,24381.0
8,3,58,11.7,22955.0
9,3,58,10.4,21477.0
10,3,58,10.2,20895.0
11,3,58,9.9,20194.0
12,3,58,9.6,19774.0
13,3,58,10.7,19515.0
14,3,58,9.6,19976.0
15,3,58,9.3,21259.0
16,3,58,12.4,23181.0
17,3,58,17.3,24043.0
18,3,58,20.1,24786.0
19,3,58,22.4,24717.0
20,3,58,23.9,24399.0
21,3,58,24.9,24209.0
22,3,58,25.4,23466.0
23,3,58,25.2,22986.0
0,4,59,24.3,22898.0
1,4,59,23.2,23175.0
2,4,59,21.4,23620.0
3,4,59,18.5,25463.0
4,4,59,17.2,26311.0
5,4,59,16.5,25787.0
6,4,59,15.6,24856.0
7,4,59,14.9,24080.0
8,4,59,14.0,22746.0
9,4,59,13.1,21391.0
10,4,59,12.7,20829.0
11,4,59,11.8,20186.0
12,4,59,10.9,19761.0
13,4,59,10.6,19339.0
14,4,59,9.6,19598.0
15,4,59,9.9,20914.0
16,4,59,13.4,22524.0
17,4,59,17.3,23535.0
18,4,59,20.3,23126.0
19,4,59,22.6,22800.0
20,4,59,23.6,21869.0
21,4,59,21.7,22014.0
22,4,59,21.2,22397.0
23,4,59,21.1,22054.0
0,5,60,20.0,22049.0
1,5,60,18.6,22948.0
2,5,60,16.4,22970.0
3,5,60,14.6,24338.0
4,5,60,13.8,24882.0
5,5,60,13.3,24481.0
6,5,60,13.2,23834.0
7,5,60,13.1,23214.0
8,5,60,12.7,22262.0
9,5,60,12.0,21142.0
10,5,60,11.6,20703.0
11,5,60,11.1,19829.0
12,5,60,10.8,19264.0
13,5,60,10.1,18830.0
14,5,60,11.1,18878.0
15,5,60,11.7,19381.0
16,5,60,11.9,20004.0
17,5,60,12.0,20295.0
18,5,60,13.6,20453.0
19,5,60,15.3,20576.0
20,5,60,17.3,21036.0
21,5,60,18.7,21550.0
22,5,60,18.4,21020.0
23,5,60,18.4,21049.0
0,6,61,16.0,21029.0
1,6,61,15.1,21145.0
2,6,61,14.5,20828.0
3,6,61,14.0,22349.0
4,6,61,13.5,23728.0
5,6,61,13.2,23459.0
6,6,61,12.9,22982.0
7,6,61,12.8,22401.0
8,6,61,12.7,21533.0
9,6,61,12.1,20623.0
10,6,61,12.0,20360.0
11,6,61,12.5,19490.0
12,6,61,12.5,19130.0
13,6,61,12.2,18747.0
14,6,61,11.5,18694.0
15,6,61,11.8,18987.0
16,6,61,12.9,19459.0
17,6,61,14.0,20511.0
18,6,61,15.5,22362.0
19,6,61,17.1,22542.0
20,6,61,16.6,22413.0
21,6,61,16.0,21886.0
22,6,61,15.5,20816.0
23,6,61,15.1,20641.0
0,0,62,14.5,19191.0
1,0,62,13.8,18936.0
2,0,62,12.4,20247.0
3,0,62,11.6,22565.0
4,0,62,11.3,24285.0
5,0,62,10.7,24224.0
6,0,62,10.0,23787.0
7,0,62,9.8,23300.0
8,0,62,8.8,22234.0
9,0,62,7.8,20922.0
10,0,62,7.2,20582.0
11,0,62,7.3,20051.0
12,0,62,7.3,19569.0
13,0,62,7.4,19671.0
14,0,62,7.1,20246.0
15,0,62,7.4,21988.0
16,0,62,10.3,23899.0
17,0,62,12.6,24864.0
18,0,62,14.1,24848.0
19,0,62,15.2,23676.0
20,0,62,16.6,23290.0
21,0,62,17.4,22541.0
22,0,62,18.3,22408.0
23,0,62,18.9,21792.0
0,1,63,18.2,21350.0
1,1,63,16.7,21361.0
2,1,63,15.0,21815.0
3,1,63,14.2,24359.0
4,1,63,13.2,26172.0
5,1,63,12.5,26183.0
6,1,63,11.6,25713.0
7,1,63,11.1,25157.0
8,1,63,11.0,23734.0
9,1,63,10.6,22386.0
10,1,63,10.2,21993.0
11,1,63,9.8,21524.0
12,1,63,9.6,20971.0
13,1,63,9.7,20859.0
14,1,63,9.7,21013.0
15,1,63,10.0,22393.0
16,1,63,11.7,24599.0
17,1,63,13.2,25939.0
18,1,63,14.6,26653.0
19,1,63,16.2,26082.0
20,1,63,18.0,24808.0
21,1,63,19.6,23552.0
22,1,63,20.7,21997.0
23,1,63,20.3,21596.0
0,2,64,17.3,21649.0
1,2,64,16.4,21976.0
2,2,64,15.2,22868.0
3,2,64,14.0,24763.0
4,2,64,12.9,26047.0
5,2,64,12.3,25827.0
6,2,64,12.0,25278.0
7,2,64,11.3,24380.0
8,2,64,11.2,22977.0
9,2,64,10.9,21534.0
10,2,64,10.6,21286.0
11,2,64,10.4,20826.0
12,2,64,9.8,20291.0
13,2,64,10.1,20026.0
14,2,64,9.7,20735.0
15,2,64,10.4,22316.0
16,2,64,11.4,24117.0
17,2,64,12.3,25177.0
18,2,64,13.4,26223.0
19,2,64,12.2,26348.0
20,2,64,12.4,26069.0
21,2,64,13.1,26676.0
22,2,64,12.7,26085.0
23,2,64,12.6,25647.0
0,3,65,12.5,25512.0
1,3,65,12.2,25951.0
2,3,65,12.0,25678.0
3,3,65,11.9,26047.0
4,3,65,11.8,27344.0
5,3,65,11.7,27034.0
6,3,65,11.4,26193.0
7,3,65,11.0,25360.0
8,3,65,10.0,24464.0
9,3,65,9.6,23291.0
10,3,65,9.0,22559.0
11,3,65,7.5,21949.0
12,3,65,7.2,21848.0
13,3,65,8.1,21072.0
14,3,65,8.1,21375.0
15,3,65,8.9,22685.0
16,3,65,10.5,24404.0
17,3,65,11.5,25899.0
18,3,65,12.5,26117.0
19,3,65,12.3,25478.0
20,3,65,11.5,25583.0
21,3,65,10.7,24756.0
22,3,65,10.1,24135.0
23,3,65,9.5,23232.0
0,4,66,8.7,23253.0
1,4,66,9.4,23911.0
2,4,66,9.0,24262.0
3,4,66,8.7,25649.0
4,4,66,8.4,26590.0
5,4,66,7.6,26411.0
6,4,66,7.1,26004.0
7,4,66,6.7,25349.0
8,4,66,6.5,24308.0
9,4,66,6.2,23119.0
10,4,66,6.1,22410.0
11,4,66,5.8,21845.0
12,4,66,5.1,21291.0
13,4,66,5.5,20883.0
14,4,66,4.7,21367.0
15,4,66,5.1,22980.0
16,4,66,7.4,24641.0
17,4,66,9.5,24668.0
18,4,66,11.2,23823.0
19,4,66,12.9,23119.0
20,4,66,14.8,21847.0
21,4,66,16.3,22369.0
22,4,66,17.4,22515.0
23,4,66,17.7,21681.0
0,5,67,16.9,21414.0
1,5,67,15.1,20053.0
2,5,67,12.3,20927.0
3,5,67,11.1,23566.0
4,5,67,10.5,25387.0
5,5,67,9.9,25361.0
6,5,67,8.6,24809.0
7,5,67,7.5,24565.0
8,5,67,6.8,23664.0
9,5,67,6.5,22435.0
10,5,67,6.1,22088.0
11,5,67,5.5,21472.0
12,5,67,4.6,20743.0
13,5,67,5.3,20500.0
14,5,67,4.8,20531.0
15,5,67,5.7,21267.0
16,5,67,8.9,21730.0
17,5,67,11.1,21748.0
18,5,67,13.2,21489.0
19,5,67,14.9,20817.0
20,5,67,16.6,19146.0
21,5,67,17.8,18656.0
22,5,67,18.4,17858.0
23,5,67,18.4,16899.0
0,6,68,17.5,16317.0
1,6,68,16.5,17227.0
2,6,68,13.9,18715.0
3,6,68,12.8,21865.0
4,6,68,12.1,23733.0
5,6,68,11.4,23787.0
6,6,68,9.9,23474.0
7,6,68,8.4,23042.0
8,6,68,7.6,22182.0
9,6,68,7.0,21226.0
10,6,68,6.7,21069.0
11,6,68,6.8,20558.0
12,6,68,7.5,20122.0
13,6,68,6.4,19948.0
14,6,68,6.1,20261.0
15,6,68,7.6,20779.0
16,6,68,11.6,21239.0
17,6,68,15.2,21597.0
18,6,68,18.0,21485.0
19,6,68,20.0,20180.0
20,6,68,21.5,18982.0
21,6,68,22.2,17771.0
22,6,68,22.6,16507.0
23,6,68,21.8,16032.0
0,0,69,19.7,15983.0
1,0,69,18.2,16508.0
2,0,69,15.2,18704.0
3,0,69,13.8,21894.0
4,0,69,13.3,23794.0
5,0,69,12.4,23772.0
6,0,69,11.6,23460.0
7,0,69,11.0,22441.0
8,0,69,10.8,21311.0
9,0,69,10.4,21114.0
10,0,69,10.1,20599.0
11,0,69,9.8,20274.0
12,0,69,9.6,20074.0
13,0,69,7.0,20433.0
14,0,69,6.7,21924.0
15,0,69,8.9,24003.0
16,0,69,12.5,25398.0
17,0,69,15.3,26022.0
18,0,69,18.1,25715.0
19,0,69,20.4,24348.0
20,0,69,21.7,22785.0
21,0,69,22.3,21324.0
22,0,69,21.7,20156.0
23,0,69,20.5,19984.0
0,1,70,19.1,19917.0
1,1,70,18.3,20548.0
2,1,70,16.0,21601.0
3,1,70,14.4,23661.0
4,1,70,13.8,25317.0
5,1,70,13.6,25003.0
6,1,70,13.4,24309.0
7,1,70,12.8,23076.0
8,1,70,11.4,21617.0
9,1,70,11.1,21625.0
10,1,70,11.2,20662.0
11,1,70,11.5,20404.0
12,1,70,11.4,20180.0
13,1,70,12.7,20231.0
14,1,70,12.4,21246.0
15,1,70,11.6,23563.0
16,1,70,11.5,25377.0
17,1,70,13.5,24976.0
18,1,70,14.2,23820.0
19,1,70,13.6,22707.0
20,1,70,14.3,22889.0
21,1,70,15.9,22518.0
22,1,70,16.0,22839.0
23,1,70,16.0,21750.0
0,2,71,16.5,22433.0
1,2,71,14.7,22751.0
2,2,71,13.7,22804.0
3,2,71,13.1,24322.0
4,2,71,12.9,25763.0
5,2,71,11.3,25425.0
6,2,71,11.5,24801.0
7,2,71,11.5,23441.0
8,2,71,11.2,22188.0
9,2,71,10.3,21710.0
10,2,71,10.5,21197.0
11,2,71,11.6,21040.0
12,2,71,12.0,20692.0
13,2,71,11.7,20485.0
14,2,71,12.0,21280.0
15,2,71,12.4,23126.0
16,2,71,13.0,24931.0
17,2,71,13.7,25969.0
18,2,71,15.5,25926.0
19,2,71,17.0,26342.0
20,2,71,17.7,26086.0
21,2,71,17.2,25100.0
22,2,71,16.7,24047.0
23,2,71,16.7,24698.0
0,3,72,15.8,24216.0
1,3,72,14.4,24283.0
2,3,72,13.8,24159.0
3,3,72,13.2,25137.0
4,3,72,12.3,26269.0
5,3,72,12.3,25972.0
6,3,72,12.3,25092.0
7,3,72,11.9,23906.0
8,3,72,12.1,22465.0
9,3,72,11.9,22232.0
10,3,72,12.1,22077.0
11,3,72,11.8,21409.0
12,3,72,11.4,21537.0
13,3,72,9.5,20948.0
14,3,72,9.4,22058.0
15,3,72,9.6,24011.0
16,3,72,9.8,25807.0
17,3,72,9.9,26421.0
18,3,72,12.2,26071.0
19,3,72,12.1,25325.0
20,3,72,12.9,25094.0
21,3,72,12.9,24301.0
22,3,72,13.3,23328.0
23,3,72,12.9,23514.0
0,4,73,12.4,22786.0
1,4,73,11.8,22083.0
2,4,73,10.7,22725.0
3,4,73,10.1,24627.0
4,4,73,9.2,26505.0
5,4,73,8.4,26464.0
6,4,73,7.9,26023.0
7,4,73,7.5,24626.0
8,4,73,7.0,22947.0
9,4,73,6.1,22698.0
10,4,73,5.9,22034.0
11,4,73,5.4,21758.0
12,4,73,4.6,21390.0
13,4,73,5.6,21441.0
14,4,73,6.0,22559.0
15,4,73,7.3,24683.0
16,4,73,7.8,26506.0
17,4,73,8.5,27458.0
18,4,73,9.4,27620.0
19,4,73,9.2,27985.0
20,4,73,9.4,27312.0
21,4,73,10.5,25884.0
22,4,73,10.5,26728.0
23,4,73,10.3,26624.0
0,5,74,10.1,25950.0
1,5,74,10.0,24928.0
2,5,74,9.7,24648.0
3,5,74,9.9,25406.0
4,5,74,10.1,26415.0
5,5,74,9.5,26143.0
6,5,74,9.1,25580.0
7,5,74,8.8,24488.0
8,5,74,8.5,23391.0
9,5,74,8.4,22950.0
10,5,74,8.4,22324.0
11,5,74,8.2,21436.0
12,5,74,8.8,20986.0
13,5,74,6.4,20779.0
14,5,74,7.3,21348.0
15,5,74,9.9,22369.0
16,5,74,11.8,23071.0
17,5,74,12.5,23420.0
18,5,74,13.8,23061.0
19,5,74,15.5,21342.0
20,5,74,17.2,20621.0
21,5,74,17.6,20818.0
22,5,74,16.8,19765.0
23,5,74,16.0,18837.0
0,6,75,15.3,17716.0
1,6,75,14.5,17616.0
2,6,75,12.9,19049.0
3,6,75,12.0,21507.0
4,6,75,11.6,23348.0
5,6,75,10.7,23491.0
6,6,75,10.0,23328.0
7,6,75,9.5,22531.0
8,6,75,9.1,21789.0
9,6,75,9.0,21407.0
10,6,75,9.0,20800.0
11,6,75,8.8,20107.0
12,6,75,8.4,19851.0
13,6,75,8.1,19597.0
14,6,75,8.1,19983.0
15,6,75,9.5,20797.0
16,6,75,11.5,21012.0
17,6,75,13.5,21709.0
18,6,75,15.3,22026.0
19,6,75,16.9,20761.0
20,6,75,18.2,20609.0
21,6,75,19.3,20021.0
22,6,75,19.7,18868.0
23,6,75,19.0,18846.0
0,0,76,17.3,18624.0
1,0,76,16.1,18952.0
2,0,76,14.4,20207.0
3,0,76,13.4,22156.0
4,0,76,12.5,23889.0
5,0,76,11.4,23711.0
6,0,76,10.9,23284.0
7,0,76,10.5,22126.0
8,0,76,10.4,20912.0
9,0,76,9.8,20848.0
10,0,76,9.9,20299.0
11,0,76,9.9,19937.0
12,0,76,9.6,20168.0
13,0,76,9.9,20140.0
14,0,76,9.8,21264.0
15,0,76,10.4,23216.0
16,0,76,12.0,24778.0
17,0,76,13.9,24810.0
18,0,76,15.7,24550.0
19,0,76,17.3,24410.0
20,0,76,18.5,25049.0
21,0,76,18.6,24130.0
22,0,76,15.4,24003.0
23,0,76,14.5,23701.0
0,1,77,14.3,22628.0
1,1,77,14.3,22790.0
2,1,77,13.8,23803.0
3,1,77,12.5,24640.0
4,1,77,11.3,26023.0
5,1,77,10.8,25811.0
6,1,77,10.3,25160.0
7,1,77,9.7,23906.0
8,1,77,8.9,22668.0
9,1,77,7.9,22080.0
10,1,77,7.6,21545.0
11,1,77,7.6,21028.0
12,1,77,7.9,20785.0
13,1,77,8.1,20981.0
14,1,77,7.9,22416.0
15,1,77,8.9,24699.0
16,1,77,10.8,26270.0
17,1,77,12.8,25701.0
18,1,77,14.7,24741.0
19,1,77,16.9,22350.0
20,1,77,18.5,21651.0
21,1,77,19.7,20996.0
22,1,77,20.2,19903.0
23,1,77,20.2,19448.0
0,2,78,19.7,19269.0
1,2,78,18.2,18905.0
2,2,78,15.5,20672.0
3,2,78,14.1,23165.0
4,2,78,13.1,25165.0
5,2,78,11.8,25075.0
6,2,78,10.4,24543.0
7,2,78,9.0,23301.0
8,2,78,8.0,21924.0
9,2,78,7.5,21717.0
10,2,78,7.3,21039.0
11,2,78,7.0,20392.0
12,2,78,6.8,20507.0
13,2,78,6.4,21084.0
14,2,78,5.8,22712.0
15,2,78,7.5,24871.0
16,2,78,11.7,26444.0
17,2,78,15.1,26370.0
18,2,78,19.0,24424.0
19,2,78,21.7,23362.0
20,2,78,23.4,22712.0
21,2,78,24.6,22200.0
22,2,78,25.0,21755.0
23,2,78,24.9,21148.0
0,3,79,24.4,20394.0
1,3,79,24.0,20998.0
2,3,79,21.5,22050.0
3,3,79,19.6,23994.0
4,3,79,18.1,25323.0
5,3,79,17.1,25182.0
6,3,79,15.0,24753.0
7,3,79,13.3,23313.0
8,3,79,12.2,22169.0
9,3,79,11.4,21718.0
10,3,79,10.7,21070.0
11,3,79,10.3,20674.0
12,3,79,10.0,20844.0
13,3,79,9.8,20773.0
14,3,79,10.4,21878.0
15,3,79,12.7,24018.0
16,3,79,15.9,25599.0
17,3,79,18.6,25398.0
18,3,79,21.2,24831.0
19,3,79,23.3,23318.0
20,3,79,25.0,21892.0
21,3,79,25.9,21401.0
22,3,79,25.2,20562.0
23,3,79,23.4,19125.0
0,4,80,21.7,19633.0
1,4,80,19.6,19610.0
2,4,80,18.2,21138.0
3,4,80,17.0,23279.0
4,4,80,16.2,25119.0
5,4,80,15.4,25099.0
6,4,80,14.8,24416.0
7,4,80,13.4,23228.0
8,4,80,12.4,21779.0
9,4,80,11.5,21447.0
10,4,80,10.3,20949.0
11,4,80,9.4,20631.0
12,4,80,8.9,20308.0
13,4,80,9.8,20480.0
14,4,80,9.5,21808.0
15,4,80,11.4,23878.0
16,4,80,14.9,25137.0
17,4,80,17.8,24799.0
18,4,80,20.6,23457.0
19,4,80,23.1,22417.0
20,4,80,24.9,21251.0
21,4,80,25.9,21041.0
22,4,80,25.1,21145.0
23,4,80,23.5,20835.0
0,5,81,22.2,20532.0
1,5,81,21.5,20381.0
2,5,81,19.2,21155.0
3,5,81,17.0,22899.0
4,5,81,15.4,24357.0
5,5,81,14.5,24197.0
6,5,81,14.4,23777.0
7,5,81,14.1,23019.0
8,5,81,13.6,21970.0
9,5,81,13.3,21199.0
10,5,81,12.8,20582.0
11,5,81,12.5,20051.0
12,5,81,12.3,19602.0
13,5,81,11.9,19603.0
14,5,81,11.4,20160.0
15,5,81,12.9,20622.0
16,5,81,15.5,21055.0
17,5,81,18.0,21176.0
18,5,81,20.6,20419.0
19,5,81,23.2,19458.0
20,5,81,25.2,18936.0
21,5,81,24.8,19116.0
22,5,81,23.2,18963.0
23,5,81,22.8,18761.0
0,6,82,22.1,18912.0
1,6,82,20.5,18691.0
2,6,82,18.9,19773.0
3,6,82,17.4,21569.0
4,6,82,16.4,23208.0
5,6,82,15.5,23279.0
6,6,82,15.0,22875.0
7,6,82,14.6,22103.0
8,6,82,14.0,20937.0
9,6,82,13.6,20240.0
10,6,82,13.2,19594.0
11,6,82,12.7,19091.0
12,6,82,12.2,18625.0
13,6,82,12.0,18528.0
14,6,82,11.9,18692.0
15,6,82,13.2,19382.0
16,6,82,14.2,19930.0
17,6,82,16.3,19822.0
18,6,82,18.7,19164.0
19,6,82,21.1,18032.0
20,6,82,23.3,17345.0
21,6,82,25.2,16944.0
22,6,82,25.6,16815.0
23,6,82,25.0,16456.0
0,0,83,23.5,17145.0
1,0,83,21.2,17914.0
2,0,83,18.9,19506.0
3,0,83,17.2,22103.0
4,0,83,16.1,23736.0
5,0,83,15.2,23682.0
6,0,83,14.8,23105.0
7,0,83,14.3,21993.0
8,0,83,13.8,20804.0
9,0,83,13.3,20455.0
10,0,83,13.0,19919.0
11,0,83,12.8,19497.0
12,0,83,12.9,19214.0
13,0,83,11.8,19440.0
14,0,83,10.8,20653.0
15,0,83,12.9,22519.0
16,0,83,17.2,24003.0
17,0,83,20.4,24131.0
18,0,83,24.6,23230.0
19,0,83,28.5,22242.0
20,0,83,31.7,21071.0
21,0,83,32.8,20502.0
22,0,83,30.4,20359.0
23,0,83,29.0,20518.0
0,1,84,27.0,21784.0
1,1,84,22.4,23695.0
2,1,84,19.8,24150.0
3,1,84,18.7,25781.0
4,1,84,18.0,26721.0
5,1,84,16.8,26068.0
6,1,84,16.0,24992.0
7,1,84,15.1,23457.0
8,1,84,14.8,21808.0
9,1,84,14.6,21040.0
10,1,84,14.4,20345.0
11,1,84,14.0,19458.0
12,1,84,13.5,19092.0
13,1,84,12.8,19504.0
14,1,84,13.0,20708.0
15,1,84,14.2,22663.0
16,1,84,16.1,23841.0
17,1,84,18.7,23994.0
18,1,84,21.8,23472.0
19,1,84,24.9,21865.0
20,1,84,27.2,21828.0
21,1,84,27.4,21327.0
22,1,84,25.1,21283.0
23,1,84,22.1,21937.0
0,2,85,19.9,22845.0
1,2,85,17.6,24021.0
2,2,85,14.9,24561.0
3,2,85,13.6,26169.0
4,2,85,13.2,27028.0
5,2,85,13.0,26621.0
6,2,85,12.6,25887.0
7,2,85,12.4,24456.0
8,2,85,12.1,22828.0
9,2,85,11.9,22198.0
10,2,85,11.8,21329.0
11,2,85,11.8,20775.0
12,2,85,12.0,20486.0
13,2,85,12.6,20418.0
14,2,85,12.9,21359.0
15,2,85,13.2,22848.0
16,2,85,13.8,24188.0
17,2,85,15.1,24263.0
18,2,85,16.8,23601.0
19,2,85,18.6,23709.0
20,2,85,19.3,23155.0
21,2,85,19.7,23741.0
22,2,85,20.3,24069.0
23,2,85,20.1,24147.0
0,3,86,18.9,24495.0
1,3,86,16.8,24762.0
2,3,86,14.9,24132.0
3,3,86,13.9,24587.0
4,3,86,13.1,25775.0
5,3,86,12.3,25269.0
6,3,86,11.9,24545.0
7,3,86,11.5,23409.0
8,3,86,11.3,22245.0
9,3,86,11.2,21322.0
10,3,86,11.0,20622.0
11,3,86,10.6,20028.0
12,3,86,10.3,19527.0
13,3,86,11.5,19320.0
14,3,86,11.3,20220.0
15,3,86,12.8,22218.0
16,3,86,14.6,23773.0
17,3,86,16.5,24400.0
18,3,86,18.2,24300.0
19,3,86,20.6,23920.0
20,3,86,21.5,24615.0
21,3,86,22.2,24353.0
22,3,86,21.9,23828.0
23,3,86,19.6,22763.0
0,4,87,18.3,21405.0
1,4,87,16.4,20859.0
2,4,87,15.2,21633.0
3,4,87,14.5,23247.0
4,4,87,14.2,24758.0
5,4,87,14.5,24550.0
6,4,87,14.6,23957.0
7,4,87,14.4,23074.0
8,4,87,14.1,22299.0
9,4,87,13.4,21858.0
10,4,87,12.9,20994.0
11,4,87,12.6,20224.0
12,4,87,12.4,20246.0
13,4,87,12.3,20609.0
14,4,87,12.5,21446.0
15,4,87,13.5,22939.0
16,4,87,15.2,23638.0
17,4,87,17.2,23321.0
18,4,87,19.1,22490.0
19,4,87,21.0,22128.0
20,4,87,22.8,21861.0
21,4,87,21.4,23127.0
22,4,87,20.0,23453.0
23,4,87,20.4,24247.0
0,5,88,20.4,23376.0
1,5,88,18.6,22715.0
2,5,88,16.7,22313.0
3,5,88,15.7,23100.0
4,5,88,15.6,24446.0
5,5,88,15.1,24536.0
6,5,88,14.6,24195.0
7,5,88,14.0,23301.0
8,5,88,13.3,22455.0
9,5,88,12.7,21489.0
10,5,88,12.4,20862.0
11,5,88,12.1,20271.0
12,5,88,12.3,19734.0
13,5,88,12.2,19591.0
14,5,88,11.6,19857.0
15,5,88,12.6,20629.0
16,5,88,14.1,20989.0
17,5,88,16.4,21083.0
18,5,88,18.8,21005.0
19,5,88,20.7,19725.0
20,5,88,21.4,19206.0
21,5,88,20.9,18385.0
22,5,88,20.9,17416.0
23,5,88,20.2,17627.0
0,6,89,18.8,17755.0
1,6,89,17.5,18335.0
2,6,89,15.8,19719.0
3,6,89,14.9,21772.0
4,6,89,14.2,22781.0
5,6,89,14.0,23212.0
6,6,89,13.5,22869.0
7,6,89,13.1,22043.0
8,6,89,12.8,21204.0
9,6,89,12.2,20952.0
10,6,89,12.5,20221.0
11,6,89,11.7,19609.0
12,6,89,12.0,19579.0
13,6,89,12.7,18935.0
14,6,89,12.2,18987.0
15,6,89,12.5,19401.0
16,6,89,13.2,20013.0
17,6,89,14.4,20084.0
18,6,89,15.6,21351.0
19,6,89,17.3,21151.0
20,6,89,17.7,22577.0
21,6,89,18.3,22696.0
22,6,89,17.4,22031.0
23,6,89,16.4,20867.0
0,0,90,16.1,19916.0
1,0,90,15.8,19898.0
2,0,90,15.3,19988.0
3,0,90,14.9,21740.0
4,0,90,14.7,23394.0
5,0,90,14.7,23546.0
6,0,90,14.7,23189.0
7,0,90,14.5,22321.0
8,0,90,14.3,21573.0
9,0,90,14.0,20866.0
10,0,90,13.9,20316.0
11,0,90,13.9,19739.0
12,0,90,13.9,19248.0
13,0,90,13.5,19388.0
14,0,90,13.6,20663.0
15,0,90,13.9,22507.0
16,0,90,14.6,24091.0
17,0,90,15.9,24051.0
18,0,90,17.0,25117.0
19,0,90,17.7,24771.0
20,0,90,17.4,26198.0
21,0,90,19.2,25942.0
22,0,90,20.4,25107.0
23,0,90,19.8,24951.0
0,1,91,18.0,24276.0
1,1,91,16.6,24545.0
2,1,91,14.9,23418.0
3,1,91,14.2,24257.0
4,1,91,14.0,25491.0
5,1,91,13.3,25555.0
6,1,91,12.7,25020.0
7,1,91,11.8,23759.0
8,1,91,11.4,22513.0
9,1,91,11.3,21935.0
10,1,91,11.5,21099.0
11,1,91,10.9,21922.0
12,1,91,10.8,21922.0
13,1,91,10.3,20519.0
14,1,91,9.9,21829.0
15,1,91,10.9,23605.0
16,1,91,13.6,21922.0
17,1,91,16.3,25765.0
18,1,91,17.3,25906.0
19,1,91,18.2,21922.0
20,1,91,19.6,25185.0
21,1,91,19.7,23432.0
22,1,91,18.3,23928.0
23,1,91,18.3,23846.0
0,2,92,17.6,23497.0
1,2,92,16.3,22657.0
2,2,92,14.8,22652.0
3,2,92,14.0,24156.0
4,2,92,13.8,25894.0
5,2,92,13.1,25837.0
6,2,92,12.3,25359.0
7,2,92,11.5,23976.0
8,2,92,10.3,22855.0
9,2,92,9.9,22246.0
10,2,92,9.5,21354.0
11,2,92,8.7,20924.0
12,2,92,8.6,20572.0
13,2,92,9.5,21045.0
14,2,92,9.4,22227.0
15,2,92,11.2,24489.0
16,2,92,12.9,25366.0
17,2,92,14.3,24230.0
18,2,92,15.9,23675.0
19,2,92,18.0,23255.0
20,2,92,19.1,23284.0
21,2,92,19.9,22812.0
22,2,92,20.2,22583.0
23,2,92,19.7,22052.0
0,3,93,19.1,22083.0
1,3,93,17.1,21478.0
2,3,93,15.7,21357.0
3,3,93,14.4,23065.0
4,3,93,13.9,25029.0
5,3,93,13.1,25350.0
6,3,93,12.8,24651.0
7,3,93,11.8,23498.0
8,3,93,10.8,22367.0
9,3,93,10.4,21578.0
10,3,93,10.0,21221.0
11,3,93,9.4,20634.0
12,3,93,9.0,20329.0
13,3,93,10.0,20712.0
14,3,93,9.5,22113.0
15,3,93,11.0,24040.0
16,3,93,12.8,24686.0
17,3,93,14.7,24032.0
18,3,93,16.4,24082.0
19,3,93,18.0,23202.0
20,3,93,19.7,23070.0
21,3,93,21.2,21273.0
22,3,93,19.8,20600.0
23,3,93,17.4,20055.0
0,4,94,16.7,20311.0
1,4,94,15.5,21031.0
2,4,94,15.1,22247.0
3,4,94,14.6,23290.0
4,4,94,13.7,25238.0
5,4,94,13.3,25530.0
6,4,94,12.4,25021.0
7,4,94,11.3,23839.0
8,4,94,10.4,23141.0
9,4,94,9.6,22376.0
10,4,94,8.8,21731.0
11,4,94,8.2,21321.0
12,4,94,7.8,21067.0
13,4,94,8.3,21728.0
14,4,94,7.8,22639.0
15,4,94,9.8,24363.0
16,4,94,12.4,24991.0
17,4,94,14.8,24456.0
18,4,94,17.8,24369.0
19,4,94,21.0,23178.0
20,4,94,23.3,22202.0
21,4,94,24.0,21137.0
22,4,94,21.0,20809.0
23,4,94,20.3,21259.0
0,5,95,21.1,21259.0
1,5,95,20.3,21222.0
2,5,95,19.0,21934.0
3,5,95,17.9,23107.0
4,5,95,17.1,24656.0
5,5,95,16.5,24544.0
6,5,95,14.9,24115.0
7,5,95,13.4,23123.0
8,5,95,13.2,21949.0
9,5,95,12.3,21575.0
10,5,95,10.5,20824.0
11,5,95,9.4,20385.0
12,5,95,8.3,20004.0
13,5,95,10.0,20216.0
14,5,95,9.8,20714.0
15,5,95,12.8,21386.0
16,5,95,17.2,21471.0
17,5,95,21.2,21216.0
18,5,95,23.9,21110.0
19,5,95,25.2,19970.0
20,5,95,26.6,19204.0
21,5,95,27.9,18270.0
22,5,95,28.4,17848.0
23,5,95,26.0,17458.0
0,6,96,24.6,18217.0
1,6,96,23.3,18937.0
2,6,96,21.1,20394.0
3,6,96,20.6,22183.0
4,6,96,20.1,23615.0
5,6,96,18.2,23628.0
6,6,96,16.8,23046.0
7,6,96,15.4,21920.0
8,6,96,14.1,21107.0
9,6,96,13.1,20562.0
10,6,96,12.3,19861.0
11,6,96,11.4,19342.0
12,6,96,10.7,19064.0
13,6,96,9.7,19250.0
14,6,96,10.0,19432.0
15,6,96,13.6,20051.0
16,6,96,18.6,20472.0
17,6,96,21.6,21171.0
18,6,96,24.4,20568.0
19,6,96,26.8,19711.0
20,6,96,28.6,19131.0
21,6,96,29.3,18548.0
22,6,96,28.6,18349.0
23,6,96,27.5,18560.0
0,0,97,25.8,18354.0
1,0,97,23.6,19179.0
2,0,97,21.0,20904.0
3,0,97,18.7,22326.0
4,0,97,17.5,24132.0
5,0,97,16.5,24168.0
6,0,97,15.4,23555.0
7,0,97,14.6,22274.0
8,0,97,14.2,20921.0
9,0,97,14.2,20219.0
10,0,97,13.5,19764.0
11,0,97,13.6,18991.0
12,0,97,13.1,18770.0
13,0,97,12.1,19370.0
14,0,97,12.1,20883.0
15,0,97,13.9,22751.0
16,0,97,16.6,23646.0
17,0,97,19.9,24107.0
18,0,97,23.0,24820.0
19,0,97,25.5,24397.0
20,0,97,27.4,23373.0
21,0,97,28.1,23477.0
22,0,97,28.0,22584.0
23,0,97,27.0,22639.0
0,1,98,25.4,22914.0
1,1,98,23.0,22713.0
2,1,98,20.8,23298.0
3,1,98,19.0,24862.0
4,1,98,17.8,26104.0
5,1,98,17.0,26047.0
6,1,98,16.4,25257.0
7,1,98,16.1,23724.0
8,1,98,15.5,22419.0
9,1,98,14.8,21597.0
10,1,98,14.3,20900.0
11,1,98,13.7,20526.0
12,1,98,12.9,20166.0
13,1,98,12.3,20145.0
14,1,98,12.6,21347.0
15,1,98,14.5,23118.0
16,1,98,17.1,24013.0
17,1,98,20.1,24176.0
18,1,98,23.0,24535.0
19,1,98,25.6,24098.0
20,1,98,27.4,22913.0
21,1,98,28.0,21763.0
22,1,98,27.6,21825.0
23,1,98,26.4,21312.0
0,2,99,25.3,21622.0
1,2,99,23.2,22167.0
2,2,99,21.6,23214.0
3,2,99,20.5,24895.0
4,2,99,19.7,26258.0
5,2,99,18.7,26358.0
6,2,99,17.9,25644.0
7,2,99,17.2,24250.0
8,2,99,16.4,22636.0
9,2,99,15.7,21983.0
10,2,99,15.2,21395.0
11,2,99,14.7,20706.0
12,2,99,14.1,20264.0
13,2,99,12.8,20336.0
14,2,99,12.6,21410.0
15,2,99,14.3,23074.0
16,2,99,17.3,23937.0
17,2,99,21.2,24436.0
18,2,99,25.0,24446.0
19,2,99,28.0,24279.0
20,2,99,29.9,24145.0
21,2,99,30.2,23093.0
22,2,99,29.4,22827.0
23,2,99,28.2,22753.0
0,3,100,26.8,23194.0
1,3,100,25.3,23512.0
2,3,100,23.1,24838.0
3,3,100,20.9,26747.0
4,3,100,19.6,27565.0
5,3,100,18.7,27282.0
6,3,100,18.0,26562.0
7,3,100,17.2,24963.0
8,3,100,16.4,23299.0
9,3,100,15.5,22461.0
10,3,100,14.7,21512.0
11,3,100,14.1,20830.0
12,3,100,13.6,20276.0
13,3,100,13.1,20116.0
14,3,100,13.1,20994.0
15,3,100,14.6,22179.0
16,3,100,17.5,23507.0
17,3,100,21.2,24128.0
18,3,100,24.9,24877.0
19,3,100,28.0,24337.0
20,3,100,30.0,23068.0
21,3,100,30.9,22112.0
22,3,100,30.1,22297.0
23,3,100,28.2,22454.0
0,4,101,27.0,23231.0
1,4,101,26.1,24832.0
2,4,101,23.0,25916.0
3,4,101,20.7,26885.0
4,4,101,18.7,27788.0
5,4,101,17.4,27595.0
6,4,101,17.0,26779.0
7,4,101,16.6,25014.0
8,4,101,16.0,23495.0
9,4,101,15.4,22576.0
10,4,101,15.1,21910.0
11,4,101,14.6,21630.0
12,4,101,14.1,21252.0
13,4,101,13.3,20575.0
14,4,101,13.4,21570.0
15,4,101,15.1,22695.0
16,4,101,18.1,23867.0
17,4,101,22.1,24861.0
18,4,101,26.0,25405.0
19,4,101,29.3,25829.0
20,4,101,30.3,25412.0
21,4,101,29.9,23876.0
22,4,101,30.0,24972.0
23,4,101,29.7,24653.0
0,5,102,28.5,24864.0
1,5,102,27.1,25295.0
2,5,102,21.9,25860.0
3,5,102,19.9,27032.0
4,5,102,18.8,27543.0
5,5,102,18.5,27314.0
6,5,102,17.8,26551.0
7,5,102,17.0,25403.0
8,5,102,16.1,24066.0
9,5,102,15.3,23084.0
10,5,102,14.4,22004.0
11,5,102,13.7,21163.0
12,5,102,13.2,20556.0
13,5,102,12.8,20176.0
14,5,102,12.7,20335.0
15,5,102,13.7,20519.0
16,5,102,15.9,21601.0
17,5,102,18.8,22942.0
18,5,102,22.3,22836.0
19,5,102,25.1,21393.0
20,5,102,26.4,21740.0
21,5,102,26.1,21046.0
22,5,102,26.1,20583.0
23,5,102,25.6,19882.0
0,6,103,23.9,19632.0
1,6,103,21.0,20229.0
2,6,103,18.4,22356.0
3,6,103,16.6,23758.0
4,6,103,15.9,24637.0
5,6,103,15.5,25019.0
6,6,103,15.1,24416.0
7,6,103,14.7,23426.0
8,6,103,14.4,22322.0
9,6,103,14.0,21627.0
10,6,103,13.7,20797.0
11,6,103,13.4,20013.0
12,6,103,13.3,19424.0
13,6,103,12.9,19063.0
14,6,103,13.0,19394.0
15,6,103,14.0,19684.0
16,6,103,15.4,19536.0
17,6,103,17.9,21199.0
18,6,103,19.9,22064.0
19,6,103,22.1,21233.0
20,6,103,24.0,20268.0
21,6,103,24.9,19772.0
22,6,103,24.6,19042.0
23,6,103,23.6,18528.0
0,0,104,22.3,18534.0
1,0,104,20.0,19625.0
2,0,104,17.8,21213.0
3,0,104,16.2,23338.0
4,0,104,15.4,25131.0
5,0,104,14.9,25440.0
6,0,104,14.2,24479.0
7,0,104,13.6,23061.0
8,0,104,13.1,21706.0
9,0,104,12.7,21229.0
10,0,104,12.4,20463.0
11,0,104,11.9,20076.0
12,0,104,11.9,19796.0
13,0,104,12.8,20107.0
14,0,104,12.7,20960.0
15,0,104,13.4,22488.0
16,0,104,14.6,23415.0
17,0,104,16.5,24548.0
18,0,104,19.1,24167.0
19,0,104,21.6,24782.0
20,0,104,23.2,23988.0
21,0,104,21.5,23729.0
22,0,104,21.0,24399.0
23,0,104,20.3,24770.0
0,1,105,19.6,23388.0
1,1,105,17.8,23170.0
2,1,105,16.1,24206.0
3,1,105,14.8,25222.0
4,1,105,14.2,26418.0
5,1,105,13.7,26411.0
6,1,105,13.3,25499.0
7,1,105,12.5,24264.0
8,1,105,11.8,23286.0
9,1,105,11.1,22278.0
10,1,105,10.7,21511.0
11,1,105,10.3,20958.0
12,1,105,10.0,20519.0
13,1,105,11.6,20625.0
14,1,105,12.1,21810.0
15,1,105,13.2,23170.0
16,1,105,14.6,24533.0
17,1,105,15.9,26091.0
18,1,105,18.1,26873.0
19,1,105,19.6,26305.0
20,1,105,20.8,25641.0
21,1,105,21.0,24722.0
22,1,105,20.4,24285.0
23,1,105,19.6,24220.0
0,2,106,18.8,23627.0
1,2,106,17.1,24181.0
2,2,106,15.5,23817.0
3,2,106,14.5,25269.0
4,2,106,14.0,26150.0
5,2,106,13.6,26267.0
6,2,106,13.1,25832.0
7,2,106,12.9,24150.0
8,2,106,12.7,23000.0
9,2,106,12.0,22065.0
10,2,106,11.6,21368.0
11,2,106,11.1,20749.0
12,2,106,10.6,20682.0
13,2,106,11.6,21162.0
14,2,106,12.3,21707.0
15,2,106,13.8,23056.0
16,2,106,15.8,24671.0
17,2,106,16.6,25740.0
18,2,106,17.3,26504.0
19,2,106,18.6,26932.0
20,2,106,19.3,26716.0
21,2,106,19.3,26431.0
22,2,106,20.1,25779.0
23,2,106,19.7,24528.0
0,3,107,18.3,23517.0
1,3,107,17.5,23128.0
2,3,107,16.1,23204.0
3,3,107,15.3,24198.0
4,3,107,14.8,25757.0
5,3,107,14.5,26144.0
6,3,107,13.9,25604.0
7,3,107,13.2,24497.0
8,3,107,12.7,23188.0
9,3,107,12.5,22271.0
10,3,107,12.8,21272.0
11,3,107,12.8,20637.0
12,3,107,12.3,20286.0
13,3,107,13.9,20477.0
14,3,107,13.9,21660.0
15,3,107,14.4,23102.0
16,3,107,14.8,25780.0
17,3,107,15.7,27277.0
18,3,107,17.0,28038.0
19,3,107,17.1,27733.0
20,3,107,17.3,27223.0
21,3,107,17.4,26848.0
22,3,107,16.7,25882.0
23,3,107,17.2,25128.0
0,4,108,16.6,24393.0
1,4,108,16.0,23622.0
2,4,108,15.3,22938.0
3,4,108,14.7,24129.0
4,4,108,14.4,25116.0
5,4,108,14.1,25353.0
6,4,108,13.8,25135.0
7,4,108,13.8,24201.0
8,4,108,13.7,22847.0
9,4,108,13.5,22523.0
10,4,108,13.1,21750.0
11,4,108,12.6,20950.0
12,4,108,11.9,20506.0
13,4,108,12.4,20680.0
14,4,108,12.4,21733.0
15,4,108,13.3,22967.0
16,4,108,15.1,24740.0
17,4,108,16.6,25923.0
18,4,108,17.8,26275.0
19,4,108,17.4,26010.0
20,4,108,17.3,25228.0
21,4,108,17.9,24326.0
22,4,108,18.4,23443.0
23,4,108,17.9,22640.0
0,5,109,16.8,21238.0
1,5,109,16.0,21550.0
2,5,109,15.4,23633.0
3,5,109,14.7,23632.0
4,5,109,14.3,24919.0
5,5,109,14.0,25324.0
6,5,109,13.6,25109.0
7,5,109,13.5,23775.0
8,5,109,12.9,22302.0
9,5,109,12.2,21976.0
10,5,109,11.8,21252.0
11,5,109,11.3,20725.0
12,5,109,10.6,20402.0
13,5,109,9.4,20140.0
14,5,109,10.0,20597.0
15,5,109,11.4,21027.0
16,5,109,13.7,21853.0
17,5,109,16.5,22406.0
18,5,109,19.6,21893.0
19,5,109,22.3,20407.0
20,5,109,23.7,19687.0
21,5,109,23.8,19161.0
22,5,109,23.2,18749.0
23,5,109,22.7,17886.0
0,6,110,22.2,18025.0
1,6,110,21.5,18927.0
2,6,110,19.3,20731.0
3,6,110,17.5,22302.0
4,6,110,16.7,23722.0
5,6,110,15.8,23868.0
6,6,110,15.1,23312.0
7,6,110,14.5,22430.0
8,6,110,13.7,21321.0
9,6,110,13.5,21053.0
10,6,110,13.0,20724.0
11,6,110,12.4,20022.0
12,6,110,12.0,19731.0
13,6,110,11.6,19500.0
14,6,110,12.4,19723.0
15,6,110,14.0,19872.0
16,6,110,16.3,20915.0
17,6,110,19.0,21576.0
18,6,110,21.6,20570.0
19,6,110,23.8,19716.0
20,6,110,25.3,18365.0
21,6,110,25.7,17173.0
22,6,110,25.3,16632.0
23,6,110,24.5,16129.0
0,0,111,23.5,16514.0
1,0,111,22.1,18010.0
2,0,111,19.9,19922.0
3,0,111,17.3,21433.0
4,0,111,16.0,23234.0
5,0,111,15.1,23762.0
6,0,111,14.5,23555.0
7,0,111,13.7,22474.0
8,0,111,13.2,21387.0
9,0,111,12.8,20615.0
10,0,111,12.3,20909.0
11,0,111,12.0,20092.0
12,0,111,11.6,19804.0
13,0,111,11.5,20068.0
14,0,111,11.9,21231.0
15,0,111,13.1,22023.0
16,0,111,15.3,23664.0
17,0,111,18.0,24295.0
18,0,111,20.6,23540.0
19,0,111,23.0,23143.0
20,0,111,24.3,22361.0
21,0,111,24.3,22123.0
22,0,111,23.3,22483.0
23,0,111,22.1,22083.0
0,1,112,20.8,21733.0
1,1,112,19.3,22162.0
2,1,112,17.1,23734.0
3,1,112,15.5,25637.0
4,1,112,14.7,26869.0
5,1,112,14.1,27048.0
6,1,112,13.6,26260.0
7,1,112,13.2,24796.0
8,1,112,12.9,23202.0
9,1,112,12.8,22241.0
10,1,112,12.6,21395.0
11,1,112,12.4,20716.0
12,1,112,12.0,20288.0
13,1,112,11.7,20749.0
14,1,112,11.7,21756.0
15,1,112,12.4,22829.0
16,1,112,13.8,24115.0
17,1,112,15.9,23701.0
18,1,112,18.4,23032.0
19,1,112,20.7,22049.0
20,1,112,22.1,21557.0
21,1,112,22.1,21084.0
22,1,112,21.6,22090.0
23,1,112,20.8,22038.0
0,2,113,19.5,22677.0
1,2,113,17.7,23288.0
2,2,113,16.1,23697.0
3,2,113,14.8,25280.0
4,2,113,14.2,26484.0
5,2,113,13.9,26983.0
6,2,113,13.6,26147.0
7,2,113,13.5,24590.0
8,2,113,13.4,23066.0
9,2,113,13.3,22357.0
10,2,113,13.3,21686.0
11,2,113,13.2,21467.0
12,2,113,13.0,20814.0
13,2,113,13.2,21062.0
14,2,113,13.3,22262.0
15,2,113,14.1,23518.0
16,2,113,15.4,24908.0
17,2,113,16.9,25857.0
18,2,113,18.8,25389.0
19,2,113,20.5,25301.0
20,2,113,21.2,24436.0
21,2,113,21.1,23427.0
22,2,113,20.2,23417.0
23,2,113,19.6,22657.0
0,3,114,18.8,21419.0
1,3,114,17.0,21736.0
2,3,114,15.6,23048.0
3,3,114,14.6,24766.0
4,3,114,14.2,26448.0
5,3,114,13.7,26559.0
6,3,114,13.8,25774.0
7,3,114,13.9,24409.0
8,3,114,13.9,22913.0
9,3,114,13.8,22559.0
10,3,114,13.6,21770.0
11,3,114,13.5,21277.0
12,3,114,13.5,20877.0
13,3,114,14.5,21059.0
14,3,114,14.5,22157.0
15,3,114,14.7,23505.0
16,3,114,15.6,25004.0
17,3,114,16.6,25782.0
18,3,114,18.1,25516.0
19,3,114,19.8,25103.0
20,3,114,21.1,24188.0
21,3,114,21.7,23320.0
22,3,114,21.3,22733.0
23,3,114,20.2,22259.0
0,4,115,19.1,21983.0
1,4,115,17.5,23046.0
2,4,115,16.3,23261.0
3,4,115,15.2,24593.0
4,4,115,15.1,25566.0
5,4,115,14.6,25900.0
6,4,115,14.0,25417.0
7,4,115,13.5,24441.0
8,4,115,13.1,23325.0
9,4,115,12.8,22862.0
10,4,115,12.5,21935.0
11,4,115,12.3,21118.0
12,4,115,12.3,21079.0
13,4,115,12.8,21163.0
14,4,115,13.2,21967.0
15,4,115,14.2,23318.0
16,4,115,15.4,24680.0
17,4,115,16.8,26046.0
18,4,115,17.0,26853.0
19,4,115,17.6,26135.0
20,4,115,18.7,26374.0
21,4,115,18.8,25904.0
22,4,115,17.8,24817.0
23,4,115,17.8,25610.0
0,5,116,16.9,24710.0
1,5,116,16.0,23118.0
2,5,116,15.2,22633.0
3,5,116,14.2,23515.0
4,5,116,13.8,24823.0
5,5,116,13.6,25368.0
6,5,116,13.4,25033.0
7,5,116,13.2,24301.0
8,5,116,12.7,22992.0
9,5,116,12.1,22304.0
10,5,116,11.6,21672.0
11,5,116,11.4,20807.0
12,5,116,10.7,20141.0
13,5,116,11.2,20100.0
14,5,116,11.7,20514.0
15,5,116,13.0,21155.0
16,5,116,12.5,22637.0
17,5,116,11.6,23791.0
18,5,116,12.3,23270.0
19,5,116,14.0,22758.0
20,5,116,14.2,23575.0
21,5,116,15.9,23450.0
22,5,116,15.8,22550.0
23,5,116,15.7,21640.0
0,6,117,15.0,21751.0
1,6,117,14.5,20879.0
2,6,117,13.6,21262.0
3,6,117,13.0,21775.0
4,6,117,12.5,23190.0
5,6,117,11.9,23653.0
6,6,117,11.4,23392.0
7,6,117,10.9,22733.0
8,6,117,10.6,22253.0
9,6,117,10.1,21896.0
10,6,117,9.6,21229.0
11,6,117,9.0,20534.0
12,6,117,9.0,20017.0
13,6,117,9.7,20042.0
14,6,117,10.5,20122.0
15,6,117,12.2,20267.0
16,6,117,13.8,21055.0
17,6,117,15.4,21997.0
18,6,117,16.4,21418.0
19,6,117,16.7,21344.0
20,6,117,17.1,21908.0
21,6,117,17.0,22123.0
22,6,117,17.4,22074.0
23,6,117,16.2,21260.0
0,0,118,16.6,20994.0
1,0,118,15.6,20799.0
2,0,118,14.7,21531.0
3,0,118,14.0,22136.0
4,0,118,13.7,23550.0
5,0,118,13.3,24140.0
6,0,118,12.6,23750.0
7,0,118,12.1,22754.0
8,0,118,11.4,21513.0
9,0,118,11.1,21153.0
10,0,118,10.8,20964.0
11,0,118,10.8,20164.0
12,0,118,10.9,19657.0
13,0,118,10.5,19932.0
14,0,118,11.6,21620.0
15,0,118,13.4,23267.0
16,0,118,15.0,24420.0
17,0,118,16.3,24342.0
18,0,118,18.3,23758.0
19,0,118,20.2,24457.0
20,0,118,21.6,23728.0
21,0,118,22.5,23184.0
22,0,118,22.2,22578.0
23,0,118,20.8,21334.0
0,1,119,19.7,21103.0
1,1,119,18.5,21352.0
2,1,119,17.3,22187.0
3,1,119,16.1,23554.0
4,1,119,15.5,25342.0
5,1,119,15.0,25826.0
6,1,119,14.7,25149.0
7,1,119,14.1,23917.0
8,1,119,13.6,22570.0
9,1,119,13.3,21860.0
10,1,119,12.7,21130.0
11,1,119,11.9,20555.0
12,1,119,11.1,20577.0
13,1,119,11.0,21039.0
14,1,119,11.1,22014.0
15,1,119,12.2,23437.0
16,1,119,14.8,24357.0
17,1,119,17.6,24265.0
18,1,119,20.7,24212.0
19,1,119,23.5,23801.0
20,1,119,25.6,23537.0
21,1,119,26.0,22816.0
22,1,119,24.8,22836.0
23,1,119,23.8,21404.0
0,2,120,22.5,21885.0
1,2,120,19.6,21951.0
2,2,120,18.0,23501.0
3,2,120,16.7,25053.0
4,2,120,15.9,26359.0
5,2,120,15.3,26718.0
6,2,120,14.9,26086.0
7,2,120,14.6,24827.0
8,2,120,14.2,23251.0
9,2,120,13.7,22568.0
10,2,120,13.6,21855.0
11,2,120,13.5,21357.0
12,2,120,13.5,20793.0
13,2,120,13.3,20984.0
14,2,120,13.5,21851.0
15,2,120,14.4,23320.0
16,2,120,15.4,24675.0
17,2,120,17.0,24930.0
18,2,120,18.8,24566.0
19,2,120,21.5,24550.0
20,2,120,23.8,23329.0
21,2,120,24.8,23358.0
22,2,120,23.4,23335.0
23,2,120,22.0,22170.0
0,3,121,20.9,22576.0
1,3,121,18.4,22918.0
2,3,121,16.8,23707.0
3,3,121,15.2,25674.0
4,3,121,14.3,26841.0
5,3,121,13.8,27298.0
6,3,121,13.4,26506.0
7,3,121,13.1,24874.0
8,3,121,12.9,23383.0
9,3,121,12.6,22708.0
10,3,121,12.6,21904.0
11,3,121,12.1,21248.0
12,3,121,12.2,20731.0
13,3,121,12.3,21114.0
14,3,121,12.8,21878.0
15,3,121,13.9,23060.0
16,3,121,15.3,24708.0
17,3,121,17.6,25054.0
18,3,121,20.1,25108.0
19,3,121,22.0,25370.0
20,3,121,23.4,25678.0
21,3,121,22.8,24464.0
22,3,121,22.0,23382.0
23,3,121,21.8,21511.0
0,4,122,21.0,21993.0
1,4,122,19.7,22523.0
2,4,122,17.8,23889.0
3,4,122,15.7,25477.0
4,4,122,15.0,26620.0
5,4,122,14.7,26988.0
6,4,122,14.5,26510.0
7,4,122,14.3,25235.0
8,4,122,14.0,23820.0
9,4,122,13.8,22805.0
10,4,122,13.5,21877.0
11,4,122,13.1,21374.0
12,4,122,12.9,21111.0
13,4,122,13.7,21150.0
14,4,122,13.4,22183.0
15,4,122,13.5,23489.0
16,4,122,14.6,24831.0
17,4,122,16.4,25393.0
18,4,122,19.2,25579.0
19,4,122,21.7,24801.0
20,4,122,23.2,24689.0
21,4,122,23.9,24583.0
22,4,122,24.1,24216.0
23,4,122,23.8,22989.0
0,5,123,22.6,21906.0
1,5,123,20.3,22560.0
2,5,123,18.1,23601.0
3,5,123,15.8,25118.0
4,5,123,14.7,26519.0
5,5,123,14.5,26922.0
6,5,123,14.5,26436.0
7,5,123,14.5,25337.0
8,5,123,14.6,24059.0
9,5,123,14.7,23106.0
10,5,123,14.6,22256.0
11,5,123,14.5,21286.0
12,5,123,14.4,20794.0
13,5,123,14.4,20428.0
14,5,123,14.6,20893.0
15,5,123,14.8,21181.0
16,5,123,15.3,22501.0
17,5,123,16.4,23232.0
18,5,123,17.8,23250.0
19,5,123,19.9,23055.0
20,5,123,21.8,23333.0
21,5,123,23.4,22424.0
22,5,123,23.4,22490.0
23,5,123,20.8,22543.0
0,6,124,19.8,21959.0
1,6,124,17.5,20458.0
2,6,124,17.1,21566.0
3,6,124,16.6,22179.0
4,6,124,16.5,23520.0
5,6,124,16.1,24138.0
6,6,124,15.9,23753.0
7,6,124,15.6,22856.0
8,6,124,15.4,22048.0
9,6,124,14.9,21569.0
10,6,124,14.7,20982.0
11,6,124,14.6,20511.0
12,6,124,14.5,20152.0
13,6,124,14.3,19794.0
14,6,124,14.2,20063.0
15,6,124,14.5,20073.0
16,6,124,15.0,20373.0
17,6,124,15.6,20581.0
18,6,124,17.0,19721.0
19,6,124,19.1,21663.0
20,6,124,20.1,21719.0
21,6,124,20.1,20546.0
22,6,124,19.5,19031.0
23,6,124,19.0,18568.0
0,0,125,18.8,18988.0
1,0,125,17.7,19732.0
2,0,125,17.1,21401.0
3,0,125,16.6,22621.0
4,0,125,16.1,23747.0
5,0,125,15.2,24447.0
6,0,125,14.9,24272.0
7,0,125,14.7,22994.0
8,0,125,14.5,21671.0
9,0,125,14.3,21295.0
10,0,125,14.2,20673.0
11,0,125,14.1,20510.0
12,0,125,14.0,20276.0
13,0,125,14.7,20645.0
14,0,125,14.7,21744.0
15,0,125,14.9,22862.0
16,0,125,16.0,23684.0
17,0,125,16.6,23275.0
18,0,125,18.6,24593.0
19,0,125,21.4,25648.0
20,0,125,23.1,26054.0
21,0,125,22.9,25629.0
22,0,125,21.6,24658.0
23,0,125,22.0,23238.0
0,1,126,21.5,22820.0
1,1,126,18.8,24038.0
2,1,126,18.2,25069.0
3,1,126,17.5,25862.0
4,1,126,16.6,26845.0
5,1,126,16.0,27191.0
6,1,126,15.5,26447.0
7,1,126,15.2,24985.0
8,1,126,15.0,23764.0
9,1,126,14.7,22828.0
10,1,126,14.5,22081.0
11,1,126,14.5,20990.0
12,1,126,14.5,20620.0
13,1,126,14.7,20781.0
14,1,126,14.8,22064.0
15,1,126,15.1,23233.0
16,1,126,15.9,23821.0
17,1,126,16.5,23677.0
18,1,126,18.2,23852.0
19,1,126,19.4,23618.0
20,1,126,20.7,24539.0
21,1,126,21.4,24119.0
22,1,126,21.9,25061.0
23,1,126,21.5,25716.0
0,2,127,20.5,25666.0
1,2,127,17.3,25207.0
2,2,127,17.0,25175.0
3,2,127,16.5,25742.0
4,2,127,16.0,26881.0
5,2,127,15.8,27136.0
6,2,127,15.5,26650.0
7,2,127,15.4,25128.0
8,2,127,15.3,23552.0
9,2,127,15.1,22911.0
10,2,127,14.8,22211.0
11,2,127,14.4,21289.0
12,2,127,13.7,20991.0
13,2,127,13.4,21223.0
14,2,127,13.6,22165.0
15,2,127,14.7,23708.0
16,2,127,16.5,24582.0
17,2,127,19.0,23310.0
18,2,127,21.4,24263.0
19,2,127,23.6,24541.0
20,2,127,24.6,24837.0
21,2,127,24.6,23535.0
22,2,127,24.4,23425.0
23,2,127,24.3,23078.0
0,3,128,24.0,22531.0
1,3,128,22.1,23075.0
2,3,128,19.7,23876.0
3,3,128,17.8,25428.0
4,3,128,16.7,26786.0
5,3,128,16.1,27329.0
6,3,128,15.8,26762.0
7,3,128,15.6,25395.0
8,3,128,15.1,23867.0
9,3,128,14.6,23076.0
10,3,128,14.2,22280.0
11,3,128,13.6,21392.0
12,3,128,13.2,20904.0
13,3,128,12.9,21046.0
14,3,128,14.1,22004.0
15,3,128,16.3,23337.0
16,3,128,19.0,25256.0
17,3,128,21.9,24669.0
18,3,128,24.9,25039.0
19,3,128,27.4,24303.0
20,3,128,28.7,23666.0
21,3,128,29.1,23108.0
22,3,128,29.0,23214.0
23,3,128,28.4,23502.0
0,4,129,27.0,24426.0
1,4,129,25.0,25568.0
2,4,129,23.0,26636.0
3,4,129,20.7,28205.0
4,4,129,19.6,28967.0
5,4,129,19.1,29107.0
6,4,129,18.4,28288.0
7,4,129,18.0,26675.0
8,4,129,17.9,25054.0
9,4,129,17.7,24142.0
10,4,129,17.4,22959.0
11,4,129,16.6,21932.0
12,4,129,16.1,21498.0
13,4,129,16.6,21406.0
14,4,129,17.8,22300.0
15,4,129,20.2,23622.0
16,4,129,23.7,26174.0
17,4,129,27.6,26743.0
18,4,129,31.2,27069.0
19,4,129,34.1,26572.0
20,4,129,36.0,26885.0
21,4,129,36.2,27127.0
22,4,129,35.9,27346.0
23,4,129,36.0,26990.0
0,5,130,34.9,27992.0
1,5,130,32.3,29569.0
2,5,130,30.6,31194.0
3,5,130,27.8,32187.0
4,5,130,26.1,32240.0
5,5,130,24.7,31619.0
6,5,130,22.9,30425.0
7,5,130,21.9,28630.0
8,5,130,21.3,26772.0
9,5,130,20.4,25415.0
10,5,130,19.5,24162.0
11,5,130,19.0,23081.0
12,5,130,18.2,22174.0
13,5,130,18.0,21610.0
14,5,130,19.3,21663.0
15,5,130,22.3,22041.0
16,5,130,26.4,24494.0
17,5,130,30.6,25558.0
18,5,130,34.2,25884.0
19,5,130,36.9,25744.0
20,5,130,38.6,25144.0
21,5,130,39.4,24820.0
22,5,130,39.6,25716.0
23,5,130,37.9,26084.0
0,6,131,36.3,27387.0
1,6,131,34.2,28977.0
2,6,131,31.7,30866.0
3,6,131,28.3,32624.0
4,6,131,27.1,32612.0
5,6,131,26.4,31723.0
6,6,131,24.8,30417.0
7,6,131,22.8,28233.0
8,6,131,21.8,26714.0
9,6,131,20.5,24663.0
10,6,131,19.6,23513.0
11,6,131,19.0,22214.0
12,6,131,18.5,21576.0
13,6,131,18.2,21285.0
14,6,131,20.0,21031.0
15,6,131,22.8,20578.0
16,6,131,26.0,21311.0
17,6,131,29.6,21522.0
18,6,131,32.8,22094.0
19,6,131,34.6,23209.0
20,6,131,35.5,22066.0
21,6,131,35.3,21829.0
22,6,131,34.4,22693.0
23,6,131,32.4,23562.0
0,0,132,30.7,24159.0
1,0,132,27.7,25297.0
2,0,132,26.3,26904.0
3,0,132,24.3,27801.0
4,0,132,22.6,28220.0
5,0,132,21.4,27689.0
6,0,132,20.4,26973.0
7,0,132,19.6,25391.0
8,0,132,18.4,23805.0
9,0,132,17.0,23067.0
10,0,132,16.2,22166.0
11,0,132,15.8,21207.0
12,0,132,15.5,21141.0
13,0,132,15.3,21172.0
14,0,132,15.8,21834.0
15,0,132,17.0,23215.0
16,0,132,19.0,25276.0
17,0,132,21.0,25600.0
18,0,132,23.2,26124.0
19,0,132,24.8,26108.0
20,0,132,24.6,26911.0
21,0,132,24.6,26813.0
22,0,132,23.8,25872.0
23,0,132,21.8,24772.0
0,1,133,21.0,23674.0
1,1,133,20.0,23547.0
2,1,133,18.5,24142.0
3,1,133,16.8,25490.0
4,1,133,16.1,26223.0
5,1,133,15.7,26815.0
6,1,133,15.2,26408.0
7,1,133,14.7,25126.0
8,1,133,14.4,24031.0
9,1,133,14.1,22980.0
10,1,133,14.0,22238.0
11,1,133,13.6,21387.0
12,1,133,12.9,20989.0
13,1,133,13.8,21091.0
14,1,133,14.3,21902.0
15,1,133,15.5,23042.0
16,1,133,17.2,24870.0
17,1,133,19.4,25632.0
18,1,133,21.4,25851.0
19,1,133,23.0,25461.0
20,1,133,23.7,25002.0
21,1,133,23.2,24463.0
22,1,133,22.2,23333.0
23,1,133,22.3,22753.0
0,2,134,22.4,22350.0
1,2,134,19.9,22963.0
2,2,134,18.5,23401.0
3,2,134,17.5,24683.0
4,2,134,17.1,25725.0
5,2,134,16.4,26594.0
6,2,134,15.7,26168.0
7,2,134,15.2,24746.0
8,2,134,14.8,23512.0
9,2,134,14.2,22941.0
10,2,134,13.5,22410.0
11,2,134,12.9,21505.0
12,2,134,12.1,21102.0
13,2,134,12.3,21393.0
14,2,134,13.3,22310.0
15,2,134,14.5,23152.0
16,2,134,16.8,24856.0
17,2,134,19.2,25495.0
18,2,134,21.7,24685.0
19,2,134,23.5,23961.0
20,2,134,24.1,23083.0
21,2,134,23.7,22754.0
22,2,134,23.6,22464.0
23,2,134,23.4,21674.0
0,3,135,23.1,22187.0
1,3,135,22.1,23536.0
2,3,135,20.8,24480.0
3,3,135,18.4,25803.0
4,3,135,16.9,26581.0
5,3,135,16.1,27127.0
6,3,135,15.6,26695.0
7,3,135,15.4,25741.0
8,3,135,15.2,24152.0
9,3,135,14.8,23484.0
10,3,135,14.2,22561.0
11,3,135,13.7,21681.0
12,3,135,13.5,21186.0
13,3,135,13.3,21459.0
14,3,135,14.2,22346.0
15,3,135,15.4,23679.0
16,3,135,17.3,25100.0
17,3,135,19.6,25939.0
18,3,135,22.2,25568.0
19,3,135,24.5,25020.0
20,3,135,26.0,23865.0
21,3,135,26.2,23246.0
22,3,135,25.9,22629.0
23,3,135,25.3,22582.0
0,4,136,23.9,23512.0
1,4,136,21.6,24127.0
2,4,136,19.5,25420.0
3,4,136,17.7,26481.0
4,4,136,16.8,27445.0
5,4,136,16.2,28022.0
6,4,136,15.8,27461.0
7,4,136,15.6,26098.0
8,4,136,15.2,24455.0
9,4,136,14.9,23912.0
10,4,136,14.5,22906.0
11,4,136,14.3,22020.0
12,4,136,14.4,21701.0
13,4,136,14.1,21464.0
14,4,136,14.4,22344.0
15,4,136,15.3,23384.0
16,4,136,17.1,25129.0
17,4,136,19.2,26738.0
18,4,136,21.5,26121.0
19,4,136,23.5,25516.0
20,4,136,24.6,24854.0
21,4,136,23.9,24708.0
22,4,136,23.1,24454.0
23,4,136,22.4,23464.0
0,5,137,21.4,24002.0
1,5,137,19.1,24465.0
2,5,137,17.5,25862.0
3,5,137,16.5,26301.0
4,5,137,16.3,27417.0
5,5,137,16.1,27631.0
6,5,137,15.9,27144.0
7,5,137,15.8,25757.0
8,5,137,15.7,24656.0
9,5,137,15.6,23755.0
10,5,137,15.6,22732.0
11,5,137,15.6,21707.0
12,5,137,15.7,21156.0
13,5,137,15.6,20895.0
14,5,137,15.7,21255.0
15,5,137,16.3,21538.0
16,5,137,17.3,22012.0
17,5,137,17.8,21601.0
18,5,137,18.7,22065.0
19,5,137,19.6,22393.0
20,5,137,19.5,22186.0
21,5,137,18.9,22184.0
22,5,137,19.9,22488.0
23,5,137,19.1,22154.0
0,6,138,18.2,21735.0
1,6,138,16.0,21812.0
2,6,138,15.4,22701.0
3,6,138,14.7,22924.0
4,6,138,14.3,24244.0
5,6,138,14.1,24706.0
6,6,138,13.5,24447.0
7,6,138,13.3,23593.0
8,6,138,13.2,22618.0
9,6,138,13.4,21849.0
10,6,138,13.1,21028.0
11,6,138,12.7,20217.0
12,6,138,12.9,19805.0
13,6,138,14.0,19617.0
14,6,138,15.0,20237.0
15,6,138,16.0,20492.0
16,6,138,17.3,21680.0
17,6,138,18.3,22174.0
18,6,138,21.1,21908.0
19,6,138,24.1,21425.0
20,6,138,25.1,20046.0
21,6,138,23.7,19296.0
22,6,138,23.0,19542.0
23,6,138,22.5,18857.0
0,0,139,22.1,18889.0
1,0,139,20.7,19658.0
2,0,139,19.4,21311.0
3,0,139,18.1,23374.0
4,0,139,17.1,24781.0
5,0,139,16.3,25506.0
6,0,139,15.6,25335.0
7,0,139,15.1,23990.0
8,0,139,14.6,22328.0
9,0,139,14.4,21563.0
10,0,139,13.9,20943.0
11,0,139,13.8,20132.0
12,0,139,13.2,19880.0
13,0,139,13.4,20470.0
14,0,139,14.5,21626.0
15,0,139,15.8,22897.0
16,0,139,17.8,25391.0
17,0,139,20.3,26504.0
18,0,139,23.5,26337.0
19,0,139,26.8,25718.0
20,0,139,28.1,25224.0
21,0,139,27.9,24479.0
22,0,139,27.3,24437.0
23,0,139,26.7,24892.0
0,1,140,26.1,25446.0
1,1,140,25.2,26133.0
2,1,140,23.6,27917.0
3,1,140,21.6,29023.0
4,1,140,20.2,29478.0
5,1,140,19.3,29659.0
6,1,140,18.4,29007.0
7,1,140,18.2,27099.0
8,1,140,17.8,25374.0
9,1,140,17.0,24494.0
10,1,140,16.3,23533.0
11,1,140,15.6,22576.0
12,1,140,14.9,22220.0
13,1,140,15.2,22243.0
14,1,140,16.9,23274.0
15,1,140,19.3,24149.0
16,1,140,22.1,27201.0
17,1,140,25.1,27869.0
18,1,140,28.1,27580.0
19,1,140,30.7,27613.0
20,1,140,32.2,26489.0
21,1,140,32.2,25994.0
22,1,140,31.7,25880.0
23,1,140,31.2,25969.0
0,2,141,30.6,26678.0
1,2,141,29.4,28033.0
2,2,141,27.4,29745.0
3,2,141,25.0,30607.0
4,2,141,23.3,31150.0
5,2,141,21.9,31150.0
6,2,141,20.9,30466.0
7,2,141,20.1,28508.0
8,2,141,19.8,26371.0
9,2,141,19.1,25314.0
10,2,141,18.4,24211.0
11,2,141,18.0,23249.0
12,2,141,17.4,22484.0
13,2,141,15.9,22491.0
14,2,141,17.5,23316.0
15,2,141,19.8,24114.0
16,2,141,22.9,26310.0
17,2,141,26.3,27389.0
18,2,141,29.4,27624.0
19,2,141,31.8,26757.0
20,2,141,33.0,26403.0
21,2,141,32.6,26742.0
22,2,141,31.6,27254.0
23,2,141,30.3,27665.0
0,3,142,29.1,28049.0
1,3,142,28.1,29912.0
2,3,142,26.5,31072.0
3,3,142,24.2,31784.0
4,3,142,22.4,32012.0
5,3,142,21.2,31853.0
6,3,142,20.2,30980.0
7,3,142,19.6,28874.0
8,3,142,18.9,26726.0
9,3,142,18.3,25445.0
10,3,142,17.5,24013.0
11,3,142,16.8,23152.0
12,3,142,16.2,22579.0
13,3,142,15.6,22552.0
14,3,142,16.5,23446.0
15,3,142,18.3,24252.0
16,3,142,20.7,25872.0
17,3,142,23.7,26664.0
18,3,142,26.8,27012.0
19,3,142,29.2,26963.0
20,3,142,30.2,26647.0
21,3,142,30.5,26911.0
22,3,142,30.5,26933.0
23,3,142,29.9,26505.0
0,4,143,28.7,27764.0
1,4,143,25.5,28487.0
2,4,143,23.6,29820.0
3,4,143,21.8,29875.0
4,4,143,20.7,30073.0
5,4,143,19.9,30108.0
6,4,143,19.1,29729.0
7,4,143,18.3,27850.0
8,4,143,17.6,26399.0
9,4,143,16.9,24898.0
10,4,143,16.2,23573.0
11,4,143,15.5,22773.0
12,4,143,14.9,22273.0
13,4,143,14.4,22392.0
14,4,143,15.1,23134.0
15,4,143,16.9,24211.0
16,4,143,19.3,25753.0
17,4,143,21.9,25995.0
18,4,143,24.5,25159.0
19,4,143,26.4,26442.0
20,4,143,27.0,24682.0
21,4,143,26.9,24718.0
22,4,143,26.3,24225.0
23,4,143,25.7,24117.0
0,5,144,24.9,24290.0
1,5,144,21.8,25177.0
2,5,144,20.0,26187.0
3,5,144,18.2,27119.0
4,5,144,17.4,27817.0
5,5,144,17.2,28152.0
6,5,144,17.0,27958.0
7,5,144,16.9,26694.0
8,5,144,16.6,25208.0
9,5,144,16.4,24118.0
10,5,144,16.0,23097.0
11,5,144,15.9,22187.0
12,5,144,15.9,21619.0
13,5,144,16.2,21373.0
14,5,144,16.8,21572.0
15,5,144,17.8,21586.0
16,5,144,19.4,21922.0
17,5,144,20.9,23174.0
18,5,144,22.6,22623.0
19,5,144,24.2,22440.0
20,5,144,24.9,21728.0
21,5,144,24.8,21216.0
22,5,144,24.8,21515.0
23,5,144,24.4,20855.0
0,6,145,23.4,21302.0
1,6,145,21.6,22024.0
2,6,145,19.7,23227.0
3,6,145,18.2,24217.0
4,6,145,17.3,25532.0
5,6,145,16.7,26105.0
6,6,145,16.4,25984.0
7,6,145,16.3,24823.0
8,6,145,16.0,23508.0
9,6,145,15.9,22868.0
10,6,145,15.7,21836.0
11,6,145,15.7,21122.0
12,6,145,15.7,20600.0
13,6,145,15.9,20443.0
14,6,145,16.3,20377.0
15,6,145,17.0,20223.0
16,6,145,18.3,21929.0
17,6,145,19.9,22515.0
18,6,145,21.8,22169.0
19,6,145,23.8,20845.0
20,6,145,24.9,19612.0
21,6,145,24.6,19428.0
22,6,145,24.3,19551.0
23,6,145,24.0,19565.0
0,0,146,23.0,19892.0
1,0,146,20.8,21330.0
2,0,146,19.1,22663.0
3,0,146,17.7,24268.0
4,0,146,17.3,24913.0
5,0,146,16.7,25503.0
6,0,146,16.4,25283.0
7,0,146,16.1,24131.0
8,0,146,15.9,22721.0
9,0,146,15.8,22168.0
10,0,146,15.7,21231.0
11,0,146,15.5,20412.0
12,0,146,15.2,20005.0
13,0,146,15.6,19853.0
14,0,146,15.7,20063.0
15,0,146,16.3,20637.0
16,0,146,17.7,23377.0
17,0,146,20.6,23946.0
18,0,146,22.8,23854.0
19,0,146,25.2,22947.0
20,0,146,26.1,21264.0
21,0,146,25.5,20483.0
22,0,146,25.1,20851.0
23,0,146,24.2,21019.0
0,1,147,23.4,21444.0
1,1,147,20.0,22668.0
2,1,147,18.9,24142.0
3,1,147,17.7,25139.0
4,1,147,17.1,26460.0
5,1,147,16.7,27202.0
6,1,147,16.4,26916.0
7,1,147,16.2,25479.0
8,1,147,15.9,23648.0
9,1,147,15.6,22854.0
10,1,147,15.3,21690.0
11,1,147,14.8,21118.0
12,1,147,14.7,20943.0
13,1,147,16.4,20952.0
14,1,147,16.8,21716.0
15,1,147,17.3,22879.0
16,1,147,18.5,24945.0
17,1,147,20.6,26092.0
18,1,147,23.0,25918.0
19,1,147,25.6,24763.0
20,1,147,27.4,23672.0
21,1,147,27.4,23645.0
22,1,147,26.1,23227.0
23,1,147,25.0,23344.0
0,2,148,23.6,23901.0
1,2,148,21.1,25607.0
2,2,148,19.6,27091.0
3,2,148,18.4,28553.0
4,2,148,18.1,29259.0
5,2,148,17.7,29674.0
6,2,148,17.1,29132.0
7,2,148,16.6,27290.0
8,2,148,16.0,25468.0
9,2,148,15.9,24548.0
10,2,148,15.8,23319.0
11,2,148,15.9,22541.0
12,2,148,16.0,22072.0
13,2,148,16.8,22232.0
14,2,148,16.9,23043.0
15,2,148,17.1,24308.0
16,2,148,18.2,26458.0
17,2,148,19.6,28035.0
18,2,148,22.3,27719.0
19,2,148,24.3,26977.0
20,2,148,24.9,26296.0
21,2,148,22.2,25545.0
22,2,148,22.6,25532.0
23,2,148,22.1,24341.0
0,3,149,21.4,24626.0
1,3,149,20.0,25557.0
2,3,149,19.5,26810.0
3,3,149,18.0,27632.0
4,3,149,16.8,28324.0
5,3,149,16.4,28805.0
6,3,149,16.3,28382.0
7,3,149,16.2,26844.0
8,3,149,16.0,25182.0
9,3,149,15.9,24348.0
10,3,149,15.8,23399.0
11,3,149,15.6,22440.0
12,3,149,15.4,22010.0
13,3,149,15.6,22088.0
14,3,149,15.6,22988.0
15,3,149,16.0,24288.0
16,3,149,18.1,26717.0
17,3,149,20.5,27300.0
18,3,149,23.0,26951.0
19,3,149,25.6,26622.0
20,3,149,27.1,26115.0
21,3,149,27.1,25832.0
22,3,149,26.9,25258.0
23,3,149,26.6,26426.0
0,4,150,25.6,26405.0
1,4,150,23.8,27669.0
2,4,150,22.4,28763.0
3,4,150,20.6,29757.0
4,4,150,19.7,30390.0
5,4,150,18.6,30792.0
6,4,150,18.2,30152.0
7,4,150,17.7,28426.0
8,4,150,17.1,26359.0
9,4,150,16.5,25506.0
10,4,150,16.2,24150.0
11,4,150,17.1,23056.0
12,4,150,17.4,22604.0
13,4,150,16.0,22925.0
14,4,150,17.3,24012.0
15,4,150,18.7,25377.0
16,4,150,20.2,28098.0
17,4,150,22.7,29184.0
18,4,150,25.8,29287.0
19,4,150,29.9,28630.0
20,4,150,33.2,27923.0
21,4,150,35.3,28434.0
22,4,150,35.2,29238.0
23,4,150,33.5,30099.0
0,5,151,31.2,32075.0
1,5,151,31.6,33871.0
2,5,151,26.9,35215.0
3,5,151,23.3,36147.0
4,5,151,22.2,35671.0
5,5,151,20.7,34750.0
6,5,151,19.5,33683.0
7,5,151,18.7,31686.0
8,5,151,18.3,29289.0
9,5,151,17.9,27879.0
10,5,151,17.5,26352.0
11,5,151,17.0,25050.0
12,5,151,16.5,24639.0
13,5,151,16.5,24021.0
14,5,151,17.2,23673.0
15,5,151,19.1,23676.0
16,5,151,21.4,25521.0
17,5,151,23.9,27072.0
18,5,151,26.8,27685.0
19,5,151,30.1,28193.0
20,5,151,32.4,28523.0
21,5,151,32.8,28478.0
22,5,151,32.1,29674.0
23,5,151,30.9,30260.0
0,6,152,28.7,30838.0
1,6,152,28.4,31993.0
2,6,152,27.1,33079.0
3,6,152,23.8,34174.0
4,6,152,22.5,34298.0
5,6,152,22.0,33689.0
6,6,152,20.7,32604.0
7,6,152,19.6,30470.0
8,6,152,18.5,28440.0
9,6,152,17.3,26971.0
10,6,152,17.1,25584.0
11,6,152,17.4,24406.0
12,6,152,17.6,23246.0
13,6,152,18.1,22646.0
14,6,152,19.5,22381.0
15,6,152,21.5,22367.0
16,6,152,24.7,23105.0
17,6,152,27.2,24465.0
18,6,152,29.1,25167.0
19,6,152,29.5,25201.0
20,6,152,29.7,26063.0
21,6,152,28.7,25931.0
22,6,152,28.1,25694.0
23,6,152,26.1,26473.0
0,0,153,23.6,26461.0
1,0,153,26.5,27449.0
2,0,153,22.4,28783.0
3,0,153,19.9,29934.0
4,0,153,18.4,29965.0
5,0,153,17.5,29945.0
6,0,153,17.2,29114.0
7,0,153,17.1,27210.0
8,0,153,17.1,25351.0
9,0,153,16.9,24060.0
10,0,153,16.6,23103.0
11,0,153,16.3,22178.0
12,0,153,16.0,21956.0
13,0,153,15.9,21868.0
14,0,153,16.8,22731.0
15,0,153,18.4,23973.0
16,0,153,20.6,25606.0
17,0,153,22.9,25865.0
18,0,153,25.0,26551.0
19,0,153,26.2,26859.0
20,0,153,26.2,27334.0
21,0,153,25.6,28206.0
22,0,153,25.0,27909.0
23,0,153,24.5,28838.0
0,1,154,23.3,28833.0
1,1,154,22.0,29084.0
2,1,154,20.6,29920.0
3,1,154,19.0,30943.0
4,1,154,18.1,30965.0
5,1,154,17.5,30901.0
6,1,154,17.2,30173.0
7,1,154,17.0,28348.0
8,1,154,16.6,26759.0
9,1,154,16.3,25226.0
10,1,154,16.3,24301.0
11,1,154,16.4,23477.0
12,1,154,16.4,23022.0
13,1,154,16.0,23001.0
14,1,154,16.3,23645.0
15,1,154,17.8,24717.0
16,1,154,19.6,26518.0
17,1,154,21.8,28097.0
18,1,154,23.7,28954.0
19,1,154,23.0,29269.0
20,1,154,22.6,28417.0
21,1,154,21.3,26714.0
22,1,154,20.3,25868.0
23,1,154,21.0,26559.0
0,2,155,21.1,27242.0
1,2,155,19.0,28063.0
2,2,155,18.8,29025.0
3,2,155,17.3,28920.0
4,2,155,16.9,29085.0
5,2,155,16.2,29449.0
6,2,155,15.8,29199.0
7,2,155,15.3,27546.0
8,2,155,15.1,26049.0
9,2,155,15.1,25064.0
10,2,155,15.1,24081.0
11,2,155,15.0,23179.0
12,2,155,14.9,22714.0
13,2,155,15.3,22738.0
14,2,155,15.9,23394.0
15,2,155,16.4,24572.0
16,2,155,17.1,27599.0
17,2,155,18.0,29016.0
18,2,155,19.7,29875.0
19,2,155,21.5,29723.0
20,2,155,22.8,29090.0
21,2,155,23.0,28160.0
22,2,155,22.7,27549.0
23,2,155,22.2,26925.0
0,3,156,21.1,26840.0
1,3,156,19.6,27862.0
2,3,156,18.5,29267.0
3,3,156,17.5,30046.0
4,3,156,16.8,30286.0
5,3,156,16.5,30558.0
6,3,156,16.2,29740.0
7,3,156,16.1,28119.0
8,3,156,16.1,26640.0
9,3,156,16.1,25449.0
10,3,156,16.0,24384.0
11,3,156,15.9,23461.0
12,3,156,15.9,22912.0
13,3,156,16.0,22926.0
14,3,156,16.2,23769.0
15,3,156,16.5,25330.0
16,3,156,17.3,28841.0
17,3,156,18.7,30673.0
18,3,156,20.2,30690.0
19,3,156,21.9,29969.0
20,3,156,22.9,28101.0
21,3,156,23.3,27496.0
22,3,156,23.2,26129.0
23,3,156,22.6,26202.0
0,4,157,21.6,26825.0
1,4,157,20.1,27412.0
2,4,157,18.8,28573.0
3,4,157,17.7,29231.0
4,4,157,16.9,29938.0
5,4,157,16.5,29902.0
6,4,157,16.2,29502.0
7,4,157,15.9,28159.0
8,4,157,15.7,26364.0
9,4,157,15.5,25235.0
10,4,157,15.4,24204.0
11,4,157,15.2,23178.0
12,4,157,15.1,22642.0
13,4,157,15.7,22729.0
14,4,157,15.9,23528.0
15,4,157,16.2,24886.0
16,4,157,17.5,27562.0
17,4,157,19.4,28967.0
18,4,157,22.3,29834.0
19,4,157,24.4,29061.0
20,4,157,25.3,27855.0
21,4,157,25.2,27730.0
22,4,157,24.7,26800.0
23,4,157,23.7,26042.0
0,5,158,22.4,26855.0
1,5,158,20.1,27778.0
2,5,158,18.8,28599.0
3,5,158,17.7,29537.0
4,5,158,16.9,29901.0
5,5,158,16.5,29935.0
6,5,158,16.2,29419.0
7,5,158,16.0,28206.0
8,5,158,15.8,26800.0
9,5,158,15.6,25449.0
10,5,158,15.3,24445.0
11,5,158,15.3,23402.0
12,5,158,15.2,22440.0
13,5,158,15.6,22255.0
14,5,158,15.8,22296.0
15,5,158,16.4,22769.0
16,5,158,17.9,25881.0
17,5,158,20.1,27145.0
18,5,158,22.7,27435.0
19,5,158,24.5,26752.0
20,5,158,25.3,25409.0
21,5,158,24.9,24727.0
22,5,158,24.4,23865.0
23,5,158,23.9,23693.0
0,6,159,23.3,23164.0
1,6,159,21.0,24188.0
2,6,159,19.7,26210.0
3,6,159,18.1,27777.0
4,6,159,17.1,28673.0
5,6,159,16.2,28763.0
6,6,159,15.4,28365.0
7,6,159,14.9,27128.0
8,6,159,14.5,26014.0
9,6,159,14.3,24586.0
10,6,159,14.4,23497.0
11,6,159,14.3,22382.0
12,6,159,14.1,21717.0
13,6,159,14.6,21376.0
14,6,159,14.8,21073.0
15,6,159,15.2,21465.0
16,6,159,16.2,24049.0
17,6,159,18.0,24842.0
18,6,159,20.5,23763.0
19,6,159,23.0,23684.0
20,6,159,24.9,23787.0
21,6,159,25.6,23075.0
22,6,159,25.5,23041.0
23,6,159,25.1,22876.0
0,0,160,24.2,23965.0
1,0,160,22.2,24934.0
2,0,160,20.3,26804.0
3,0,160,18.4,28151.0
4,0,160,17.0,28949.0
5,0,160,16.4,29141.0
6,0,160,16.2,28552.0
7,0,160,15.8,26778.0
8,0,160,15.4,25056.0
9,0,160,15.2,24253.0
10,0,160,15.2,23119.0
11,0,160,15.1,22197.0
12,0,160,15.1,21810.0
13,0,160,15.1,21932.0
14,0,160,15.4,22713.0
15,0,160,15.9,24627.0
16,0,160,17.2,28235.0
17,0,160,19.0,30091.0
18,0,160,21.5,29950.0
19,0,160,23.7,28980.0
20,0,160,25.7,27608.0
21,0,160,26.9,26946.0
22,0,160,26.9,27005.0
23,0,160,26.4,27465.0
0,1,161,25.8,27936.0
1,1,161,24.0,28464.0
2,1,161,21.8,29997.0
3,1,161,19.7,31433.0
4,1,161,19.0,31970.0
5,1,161,18.6,31723.0
6,1,161,18.1,30962.0
7,1,161,17.4,28948.0
8,1,161,16.8,27042.0
9,1,161,16.2,25694.0
10,1,161,16.0,24467.0
11,1,161,15.6,23233.0
12,1,161,15.3,22796.0
13,1,161,15.7,22869.0
14,1,161,15.9,23478.0
15,1,161,16.7,24757.0
16,1,161,17.8,27587.0
17,1,161,20.1,29602.0
18,1,161,22.3,29760.0
19,1,161,25.1,28812.0
20,1,161,27.5,27886.0
21,1,161,28.7,27397.0
22,1,161,28.7,27785.0
23,1,161,27.4,28008.0
0,2,162,25.5,28551.0
1,2,162,23.0,29426.0
2,2,162,20.9,30647.0
3,2,162,19.3,31909.0
4,2,162,18.1,32284.0
5,2,162,17.4,31973.0
6,2,162,16.9,31109.0
7,2,162,16.4,29215.0
8,2,162,16.1,27455.0
9,2,162,15.9,25905.0
10,2,162,15.6,24725.0
11,2,162,15.4,23463.0
12,2,162,15.2,23013.0
13,2,162,15.4,23167.0
14,2,162,15.7,23832.0
15,2,162,16.5,25169.0
16,2,162,18.8,27838.0
17,2,162,21.7,29185.0
18,2,162,25.1,29420.0
19,2,162,27.5,28280.0
20,2,162,29.0,27400.0
21,2,162,29.1,27073.0
22,2,162,28.4,26898.0
23,2,162,27.2,26443.0
0,3,163,26.1,27069.0
1,3,163,23.3,28036.0
2,3,163,21.6,29197.0
3,3,163,20.0,30633.0
4,3,163,19.1,31187.0
5,3,163,18.6,30944.0
6,3,163,18.1,30362.0
7,3,163,17.6,28566.0
8,3,163,17.0,27000.0
9,3,163,16.5,25542.0
10,3,163,16.0,24358.0
11,3,163,15.7,23299.0
12,3,163,15.3,22991.0
13,3,163,15.1,22892.0
14,3,163,15.4,23643.0
15,3,163,16.4,24500.0
16,3,163,18.7,27514.0
17,3,163,21.4,28602.0
18,3,163,24.3,28841.0
19,3,163,26.9,28164.0
20,3,163,28.1,27521.0
21,3,163,28.6,26910.0
22,3,163,28.1,26064.0
23,3,163,27.3,26102.0
0,4,164,26.5,26919.0
1,4,164,23.5,27679.0
2,4,164,22.1,28773.0
3,4,164,20.5,29935.0
4,4,164,19.4,30334.0
5,4,164,18.6,30333.0
6,4,164,17.9,29770.0
7,4,164,17.2,28315.0
8,4,164,16.7,26516.0
9,4,164,16.2,25564.0
10,4,164,15.7,24188.0
11,4,164,15.2,23160.0
12,4,164,14.8,22404.0
13,4,164,15.3,22414.0
14,4,164,15.9,23118.0
15,4,164,16.2,24040.0
16,4,164,17.8,26167.0
17,4,164,20.6,27948.0
18,4,164,23.9,27747.0
19,4,164,26.8,27317.0
20,4,164,28.3,27720.0
21,4,164,28.0,26809.0
22,4,164,27.4,26271.0
23,4,164,27.1,26200.0
0,5,165,26.5,26794.0
1,5,165,23.9,27967.0
2,5,165,22.1,28681.0
3,5,165,20.4,29678.0
4,5,165,19.2,30073.0
5,5,165,18.4,29906.0
6,5,165,18.1,29478.0
7,5,165,17.6,28087.0
8,5,165,17.2,26359.0
9,5,165,16.7,25168.0
10,5,165,16.1,23888.0
11,5,165,15.5,22852.0
12,5,165,15.4,22107.0
13,5,165,16.2,21814.0
14,5,165,16.5,21881.0
15,5,165,17.3,22037.0
16,5,165,18.9,24234.0
17,5,165,21.6,25987.0
18,5,165,24.6,25262.0
19,5,165,27.9,24394.0
20,5,165,30.3,23320.0
21,5,165,30.8,22719.0
22,5,165,29.7,23014.0
23,5,165,28.4,23736.0
0,6,166,28.2,25319.0
1,6,166,27.0,26086.0
2,6,166,24.2,27551.0
3,6,166,22.1,29280.0
4,6,166,21.2,30018.0
5,6,166,20.0,29997.0
6,6,166,19.4,29525.0
7,6,166,19.3,27620.0
8,6,166,18.9,25747.0
9,6,166,18.3,24685.0
10,6,166,17.9,23303.0
11,6,166,17.6,22246.0
12,6,166,16.9,21499.0
13,6,166,16.1,21032.0
14,6,166,16.4,20936.0
15,6,166,17.4,21157.0
16,6,166,20.2,23347.0
17,6,166,23.7,23707.0
18,6,166,27.7,23534.0
19,6,166,31.5,23349.0
20,6,166,34.0,22977.0
21,6,166,34.3,23323.0
22,6,166,33.9,23689.0
23,6,166,32.0,24429.0
0,0,167,29.4,26265.0
1,0,167,28.6,28236.0
2,0,167,26.3,29954.0
3,0,167,23.6,31722.0
4,0,167,22.0,32311.0
5,0,167,20.9,31644.0
6,0,167,20.6,30774.0
7,0,167,20.6,28694.0
8,0,167,20.1,26344.0
9,0,167,19.3,24972.0
10,0,167,18.2,23564.0
11,0,167,17.5,22670.0
12,0,167,17.0,21938.0
13,0,167,16.4,22035.0
14,0,167,17.2,22844.0
15,0,167,18.9,24190.0
16,0,167,21.5,27105.0
17,0,167,24.6,28513.0
18,0,167,28.2,29252.0
19,0,167,31.2,29256.0
20,0,167,32.7,28774.0
21,0,167,33.2,28506.0
22,0,167,33.2,28621.0
23,0,167,32.4,29529.0
0,1,168,31.0,30363.0
1,1,168,28.5,31720.0
2,1,168,26.7,33044.0
3,1,168,24.6,34473.0
4,1,168,23.2,34708.0
5,1,168,22.4,33835.0
6,1,168,21.8,32888.0
7,1,168,20.9,30698.0
8,1,168,19.9,28283.0
9,1,168,19.2,26422.0
10,1,168,18.5,25056.0
11,1,168,18.0,23834.0
12,1,168,17.7,23313.0
13,1,168,16.5,23268.0
14,1,168,17.3,23920.0
15,1,168,18.9,25067.0
16,1,168,21.6,28598.0
17,1,168,25.0,30748.0
18,1,168,28.6,30692.0
19,1,168,31.8,29780.0
20,1,168,33.4,28856.0
21,1,168,33.1,28336.0
22,1,168,33.0,29050.0
23,1,168,32.6,30078.0
0,2,169,31.7,31441.0
1,2,169,29.9,32451.0
2,2,169,28.4,34102.0
3,2,169,26.5,34847.0
4,2,169,24.8,34660.0
5,2,169,23.7,33820.0
6,2,169,22.6,32891.0
7,2,169,21.3,30961.0
8,2,169,20.3,28586.0
9,2,169,19.5,26966.0
10,2,169,18.7,25540.0
11,2,169,18.3,24723.0
12,2,169,17.9,24110.0
13,2,169,17.8,23978.0
14,2,169,19.4,24300.0
15,2,169,21.2,25769.0
16,2,169,23.6,29294.0
17,2,169,26.6,30860.0
18,2,169,29.5,30380.0
19,2,169,31.6,29798.0
20,2,169,32.5,29375.0
21,2,169,32.8,29702.0
22,2,169,32.7,30006.0
23,2,169,31.8,30418.0
0,3,170,30.1,32158.0
1,3,170,28.3,33844.0
2,3,170,26.3,35500.0
3,3,170,24.6,36124.0
4,3,170,23.1,36024.0
5,3,170,22.0,35019.0
6,3,170,20.9,34001.0
7,3,170,20.0,31852.0
8,3,170,19.1,29345.0
9,3,170,18.4,27363.0
10,3,170,17.9,25922.0
11,3,170,17.6,24443.0
12,3,170,17.3,23428.0
13,3,170,17.2,23257.0
14,3,170,17.5,23672.0
15,3,170,18.3,24789.0
16,3,170,20.0,28111.0
17,3,170,22.5,29490.0
18,3,170,25.1,28799.0
19,3,170,27.4,28053.0
20,3,170,29.2,27844.0
21,3,170,28.2,27478.0
22,3,170,27.6,27784.0
23,3,170,27.5,28062.0
0,4,171,25.8,28516.0
1,4,171,23.0,29138.0
2,4,171,22.0,30352.0
3,4,171,20.3,31662.0
4,4,171,19.1,31344.0
5,4,171,18.6,31019.0
6,4,171,18.3,30496.0
7,4,171,18.2,28771.0
8,4,171,17.9,27160.0
9,4,171,17.3,25592.0
10,4,171,16.9,24446.0
11,4,171,16.6,23263.0
12,4,171,16.2,22499.0
13,4,171,16.3,22442.0
14,4,171,16.5,23215.0
15,4,171,17.6,24150.0
16,4,171,19.6,26602.0
17,4,171,21.7,29058.0
18,4,171,24.2,28729.0
19,4,171,26.7,27659.0
20,4,171,27.7,27031.0
21,4,171,27.6,25107.0
22,4,171,27.5,24603.0
23,4,171,27.0,24148.0
0,5,172,25.9,24742.0
1,5,172,23.2,25835.0
2,5,172,21.7,27447.0
3,5,172,20.0,28325.0
4,5,172,19.1,28556.0
5,5,172,18.7,28672.0
6,5,172,18.2,28357.0
7,5,172,17.6,27114.0
8,5,172,17.1,25994.0
9,5,172,16.9,24706.0
10,5,172,16.9,23714.0
11,5,172,16.6,22426.0
12,5,172,16.3,21895.0
13,5,172,16.5,21819.0
14,5,172,16.9,21968.0
15,5,172,17.7,22382.0
16,5,172,19.1,24202.0
17,5,172,20.6,24637.0
18,5,172,22.9,24192.0
19,5,172,24.9,23272.0
20,5,172,26.6,23286.0
21,5,172,26.7,22462.0
22,5,172,25.5,21356.0
23,5,172,24.6,20520.0
0,6,173,24.1,20826.0
1,6,173,22.9,21385.0
2,6,173,21.6,23166.0
3,6,173,20.5,24843.0
4,6,173,19.9,25588.0
5,6,173,19.2,26254.0
6,6,173,18.4,26234.0
7,6,173,17.7,25604.0
8,6,173,16.9,24109.0
9,6,173,16.2,23448.0
10,6,173,15.8,22593.0
11,6,173,15.4,21543.0
12,6,173,15.1,20833.0
13,6,173,15.4,20535.0
14,6,173,16.2,20373.0
15,6,173,17.7,20082.0
16,6,173,19.6,21885.0
17,6,173,22.0,23387.0
18,6,173,24.5,23333.0
19,6,173,27.2,22187.0
20,6,173,28.1,21504.0
21,6,173,27.7,21269.0
22,6,173,27.0,20724.0
23,6,173,26.4,20682.0
0,0,174,26.1,20997.0
1,0,174,25.2,22573.0
2,0,174,24.0,25115.0
3,0,174,22.0,26715.0
4,0,174,20.5,27523.0
5,0,174,19.8,27842.0
6,0,174,19.2,27762.0
7,0,174,18.5,26234.0
8,0,174,18.1,24484.0
9,0,174,17.8,23390.0
10,0,174,17.3,22434.0
11,0,174,17.0,21492.0
12,0,174,16.7,21117.0
13,0,174,16.6,21420.0
14,0,174,17.4,22452.0
15,0,174,18.8,23330.0
16,0,174,20.2,25309.0
17,0,174,22.4,27414.0
18,0,174,24.3,28184.0
19,0,174,26.0,27855.0
20,0,174,26.9,27301.0
21,0,174,26.9,26898.0
22,0,174,26.4,26936.0
23,0,174,25.8,26674.0
0,1,175,25.1,27287.0
1,1,175,23.1,27735.0
2,1,175,21.6,29002.0
3,1,175,20.1,29804.0
4,1,175,18.8,30117.0
5,1,175,17.8,30069.0
6,1,175,17.1,29517.0
7,1,175,16.6,27829.0
8,1,175,16.3,26046.0
9,1,175,16.1,24722.0
10,1,175,16.0,23738.0
11,1,175,16.0,22774.0
12,1,175,15.9,22139.0
13,1,175,16.2,22333.0
14,1,175,16.4,23228.0
15,1,175,16.9,24098.0
16,1,175,18.1,26038.0
17,1,175,20.5,28583.0
18,1,175,22.4,28507.0
19,1,175,24.2,28480.0
20,1,175,26.0,27702.0
21,1,175,26.1,26514.0
22,1,175,25.2,26264.0
23,1,175,24.6,25945.0
0,2,176,23.7,25736.0
1,2,176,22.2,26515.0
2,2,176,20.4,27921.0
3,2,176,18.9,29357.0
4,2,176,17.9,29541.0
5,2,176,17.5,29619.0
6,2,176,17.2,29676.0
7,2,176,17.1,28079.0
8,2,176,16.9,26230.0
9,2,176,16.7,25047.0
10,2,176,16.7,24124.0
11,2,176,16.7,23059.0
12,2,176,16.4,22534.0
13,2,176,16.2,22511.0
14,2,176,16.4,23255.0
15,2,176,17.5,24332.0
16,2,176,19.3,26705.0
17,2,176,21.5,29242.0
18,2,176,23.9,29491.0
19,2,176,26.3,28592.0
20,2,176,28.1,28501.0
21,2,176,28.6,27209.0
22,2,176,28.1,26587.0
23,2,176,27.0,26369.0
0,3,177,25.5,27437.0
1,3,177,23.9,29067.0
2,3,177,22.3,30638.0
3,3,177,20.4,31520.0
4,3,177,18.8,32112.0
5,3,177,18.0,31809.0
6,3,177,17.7,31252.0
7,3,177,17.5,29465.0
8,3,177,17.3,27318.0
9,3,177,17.2,26070.0
10,3,177,17.0,24825.0
11,3,177,16.7,23671.0
12,3,177,16.5,22985.0
13,3,177,16.9,22973.0
14,3,177,17.1,23627.0
15,3,177,17.7,24649.0
16,3,177,19.4,28036.0
17,3,177,21.9,29328.0
18,3,177,24.1,29705.0
19,3,177,26.6,28793.0
20,3,177,28.7,28713.0
21,3,177,29.3,27816.0
22,3,177,28.6,28321.0
23,3,177,27.4,28045.0
0,4,178,26.3,28790.0
1,4,178,24.6,29710.0
2,4,178,22.5,31110.0
3,4,178,20.3,32487.0
4,4,178,18.8,32818.0
5,4,178,18.2,32324.0
6,4,178,17.7,31626.0
7,4,178,17.4,29836.0
8,4,178,17.2,27590.0
9,4,178,16.9,26117.0
10,4,178,16.5,24740.0
11,4,178,16.1,23612.0
12,4,178,15.7,22954.0
13,4,178,16.2,22948.0
14,4,178,16.5,23653.0
15,4,178,18.0,24509.0
16,4,178,20.5,27134.0
17,4,178,23.1,29774.0
18,4,178,26.0,30362.0
19,4,178,28.7,29963.0
20,4,178,30.4,29940.0
21,4,178,30.7,29522.0
22,4,178,30.2,29236.0
23,4,178,29.1,29468.0
0,5,179,27.4,30862.0
1,5,179,26.6,31809.0
2,5,179,25.2,33144.0
3,5,179,22.7,34439.0
4,5,179,20.5,34355.0
5,5,179,19.1,33610.0
6,5,179,18.3,32609.0
7,5,179,17.8,30441.0
8,5,179,17.4,28354.0
9,5,179,17.1,26800.0
10,5,179,16.5,25140.0
11,5,179,16.1,23865.0
12,5,179,15.6,22992.0
13,5,179,15.6,22623.0
14,5,179,16.6,22636.0
15,5,179,18.6,23446.0
16,5,179,21.0,25970.0
17,5,179,23.8,27512.0
18,5,179,27.1,27689.0
19,5,179,30.2,27334.0
20,5,179,31.8,27786.0
21,5,179,31.7,27118.0
22,5,179,31.0,27690.0
23,5,179,30.0,28396.0
0,6,180,28.8,30007.0
1,6,180,27.9,31527.0
2,6,180,25.9,33148.0
3,6,180,23.1,34340.0
4,6,180,20.9,34504.0
5,6,180,19.9,33637.0
6,6,180,19.1,32430.0
7,6,180,18.4,30334.0
8,6,180,17.9,28146.0
9,6,180,17.3,26456.0
10,6,180,16.8,24804.0
11,6,180,16.2,23575.0
12,6,180,15.8,22762.0
13,6,180,15.7,22117.0
14,6,180,16.0,21876.0
15,6,180,18.0,22174.0
16,6,180,21.2,24989.0
17,6,180,24.7,26815.0
18,6,180,27.9,26945.0
19,6,180,30.4,26568.0
20,6,180,31.4,26401.0
21,6,180,31.3,26140.0
22,6,180,30.5,26550.0
23,6,180,29.0,27707.0
0,0,181,27.0,28091.0
1,0,181,26.6,29848.0
2,0,181,24.8,32506.0
3,0,181,22.5,33954.0
4,0,181,20.5,33954.0
5,0,181,19.3,33093.0
6,0,181,18.5,32031.0
7,0,181,18.0,30017.0
8,0,181,17.7,27656.0
9,0,181,17.4,26150.0
10,0,181,17.0,25229.0
11,0,181,16.4,23972.0
12,0,181,15.8,23012.0
13,0,181,15.7,22802.0
14,0,181,16.1,23445.0
15,0,181,18.1,24920.0
16,0,181,20.8,27990.0
17,0,181,23.8,29947.0
18,0,181,26.8,30195.0
19,0,181,29.2,30059.0
20,0,181,30.5,29392.0
21,0,181,30.5,29448.0
22,0,181,29.1,29689.0
23,0,181,28.0,30069.0
0,1,182,26.9,31407.0
1,1,182,25.6,33243.0
2,1,182,23.2,34779.0
3,1,182,20.9,35887.0
4,1,182,19.2,35788.0
5,1,182,18.4,34791.0
6,1,182,17.9,33520.0
7,1,182,17.4,31336.0
8,1,182,17.0,28819.0
9,1,182,16.5,27215.0
10,1,182,16.0,25428.0
11,1,182,15.5,24416.0
12,1,182,15.1,23611.0
13,1,182,15.0,23653.0
14,1,182,15.7,24278.0
15,1,182,17.1,25173.0
16,1,182,19.6,27180.0
17,1,182,22.5,29112.0
18,1,182,25.4,28826.0
19,1,182,27.4,28516.0
20,1,182,28.1,27896.0
21,1,182,28.3,27284.0
22,1,182,28.4,27692.0
23,1,182,27.6,28964.0
0,2,183,25.9,30940.0
1,2,183,23.8,32567.0
2,2,183,22.1,34663.0
3,2,183,19.9,35487.0
4,2,183,18.2,35017.0
5,2,183,17.4,34292.0
6,2,183,16.8,33406.0
7,2,183,16.5,31215.0
8,2,183,16.0,28870.0
9,2,183,15.8,27337.0
10,2,183,15.6,26142.0
11,2,183,15.4,25349.0
12,2,183,15.2,24596.0
13,2,183,15.5,24454.0
14,2,183,16.0,24428.0
15,2,183,16.6,25015.0
16,2,183,18.7,26815.0
17,2,183,21.7,29038.0
18,2,183,24.3,28443.0
19,2,183,26.6,28141.0
20,2,183,27.7,28696.0
21,2,183,27.3,28709.0
22,2,183,27.2,28671.0
23,2,183,26.6,29255.0
0,3,184,25.5,29892.0
1,3,184,23.6,30807.0
2,3,184,21.6,32982.0
3,3,184,20.4,34009.0
4,3,184,19.2,33856.0
5,3,184,18.5,33322.0
6,3,184,18.0,32456.0
7,3,184,17.5,30622.0
8,3,184,16.9,28566.0
9,3,184,16.7,27170.0
10,3,184,16.5,25645.0
11,3,184,16.3,24617.0
12,3,184,16.0,23902.0
13,3,184,16.5,23742.0
14,3,184,16.8,24440.0
15,3,184,17.9,25313.0
16,3,184,20.2,27472.0
17,3,184,22.3,29375.0
18,3,184,24.4,29722.0
19,3,184,26.8,29967.0
20,3,184,28.6,29953.0
21,3,184,28.8,28827.0
22,3,184,28.3,28285.0
23,3,184,27.3,27777.0
0,4,185,26.3,28762.0
1,4,185,25.0,29939.0
2,4,185,23.2,31527.0
3,4,185,21.5,32562.0
4,4,185,20.3,32029.0
5,4,185,19.5,31479.0
6,4,185,18.7,30804.0
7,4,185,18.2,29363.0
8,4,185,17.6,27759.0
9,4,185,17.2,26296.0
10,4,185,16.9,24879.0
11,4,185,16.7,23738.0
12,4,185,16.7,22790.0
13,4,185,17.5,22611.0
14,4,185,17.9,22554.0
15,4,185,19.4,22999.0
16,4,185,21.4,25352.0
17,4,185,23.8,27084.0
18,4,185,26.3,27073.0
19,4,185,28.6,25818.0
20,4,185,29.9,25861.0
21,4,185,30.1,25297.0
22,4,185,29.8,25352.0
23,4,185,29.0,25095.0
0,5,186,27.9,25795.0
1,5,186,26.8,26744.0
2,5,186,24.6,28452.0
3,5,186,22.3,29506.0
4,5,186,20.9,29497.0
5,5,186,19.9,29056.0
6,5,186,19.2,28302.0
7,5,186,18.8,27409.0
8,5,186,18.3,26162.0
9,5,186,17.8,24962.0
10,5,186,17.3,23733.0
11,5,186,16.8,22730.0
12,5,186,16.3,22038.0
13,5,186,16.4,21900.0
14,5,186,16.8,21741.0
15,5,186,18.3,22232.0
16,5,186,21.1,23987.0
17,5,186,24.4,25434.0
18,5,186,27.7,25229.0
19,5,186,30.5,25191.0
20,5,186,32.0,25040.0
21,5,186,32.4,25253.0
22,5,186,32.1,25373.0
23,5,186,30.8,25276.0
0,6,187,29.3,26024.0
1,6,187,28.0,27065.0
2,6,187,26.2,29481.0
3,6,187,23.8,30761.0
4,6,187,22.3,30993.0
5,6,187,21.3,30383.0
6,6,187,20.4,29733.0
7,6,187,19.5,28014.0
8,6,187,18.6,26457.0
9,6,187,17.8,24772.0
10,6,187,17.1,23346.0
11,6,187,16.6,22491.0
12,6,187,16.2,21738.0
13,6,187,16.1,21523.0
14,6,187,16.7,21240.0
15,6,187,18.4,21633.0
16,6,187,20.5,23463.0
17,6,187,23.4,24772.0
18,6,187,26.4,25038.0
19,6,187,29.1,25309.0
20,6,187,30.8,24918.0
21,6,187,30.9,24751.0
22,6,187,30.2,24094.0
23,6,187,29.8,24822.0
0,0,188,28.9,26417.0
1,0,188,26.6,28274.0
2,0,188,24.4,30004.0
3,0,188,22.2,31732.0
4,0,188,20.7,32165.0
5,0,188,19.6,31484.0
6,0,188,18.9,30683.0
7,0,188,18.4,28733.0
8,0,188,17.9,26732.0
9,0,188,17.4,25259.0
10,0,188,16.9,24305.0
11,0,188,16.5,23795.0
12,0,188,15.8,23306.0
13,0,188,16.2,23238.0
14,0,188,16.6,23615.0
15,0,188,17.5,25008.0
16,0,188,19.7,27614.0
17,0,188,22.1,29942.0
18,0,188,25.0,30208.0
19,0,188,27.4,30031.0
20,0,188,28.7,28774.0
21,0,188,29.0,28494.0
22,0,188,28.6,28779.0
23,0,188,27.8,28821.0
0,1,189,26.8,30002.0
1,1,189,25.6,31109.0
2,1,189,23.3,32834.0
3,1,189,21.3,34259.0
4,1,189,20.0,34137.0
5,1,189,19.3,33327.0
6,1,189,18.7,32369.0
7,1,189,17.9,30098.0
8,1,189,17.3,28153.0
9,1,189,16.8,26576.0
10,1,189,16.2,25323.0
11,1,189,15.9,24307.0
12,1,189,15.7,23809.0
13,1,189,15.3,23966.0
14,1,189,16.3,24401.0
15,1,189,18.6,25413.0
16,1,189,21.6,28075.0
17,1,189,24.7,30416.0
18,1,189,27.8,30835.0
19,1,189,30.2,30647.0
20,1,189,31.1,30931.0
21,1,189,30.9,29727.0
22,1,189,30.5,29177.0
23,1,189,30.1,29182.0
0,2,190,29.3,30387.0
1,2,190,27.9,32028.0
2,2,190,26.0,33660.0
3,2,190,23.7,35238.0
4,2,190,22.1,35203.0
5,2,190,21.2,34460.0
6,2,190,20.6,33552.0
7,2,190,20.1,31342.0
8,2,190,19.7,28972.0
9,2,190,19.6,27628.0
10,2,190,19.1,26219.0
11,2,190,18.5,25054.0
12,2,190,18.3,24521.0
13,2,190,16.9,24426.0
14,2,190,18.0,24861.0
15,2,190,20.0,25988.0
16,2,190,22.5,29855.0
17,2,190,25.5,31251.0
18,2,190,28.8,31220.0
19,2,190,32.0,29853.0
20,2,190,33.9,29727.0
21,2,190,34.4,30074.0
22,2,190,34.0,29334.0
23,2,190,32.9,30298.0
0,3,191,31.6,31783.0
1,3,191,29.9,33572.0
2,3,191,26.7,35294.0
3,3,191,23.7,36823.0
4,3,191,21.9,36777.0
5,3,191,21.0,35807.0
6,3,191,20.4,34785.0
7,3,191,20.3,32392.0
8,3,191,20.1,29877.0
9,3,191,19.6,28228.0
10,3,191,18.9,26648.0
11,3,191,18.3,25386.0
12,3,191,17.7,25079.0
13,3,191,16.7,24629.0
14,3,191,17.7,24703.0
15,3,191,19.9,25969.0
16,3,191,23.1,30210.0
17,3,191,26.4,32105.0
18,3,191,29.5,32442.0
19,3,191,32.2,31303.0
20,3,191,33.7,31171.0
21,3,191,34.1,31272.0
22,3,191,33.9,31593.0
23,3,191,33.1,32467.0
0,4,192,32.1,34053.0
1,4,192,29.6,36066.0
2,4,192,27.6,38185.0
3,4,192,25.4,39513.0
4,4,192,23.5,39176.0
5,4,192,22.1,38006.0
6,4,192,21.0,36587.0
7,4,192,20.3,33887.0
8,4,192,19.8,31114.0
9,4,192,19.2,29202.0
10,4,192,18.5,27383.0
11,4,192,17.9,25963.0
12,4,192,17.5,25120.0
13,4,192,16.6,24917.0
14,4,192,17.2,25414.0
15,4,192,18.4,26290.0
16,4,192,20.4,29319.0
17,4,192,22.9,32164.0
18,4,192,25.7,32477.0
19,4,192,28.2,31762.0
20,4,192,29.9,31472.0
21,4,192,30.4,31859.0
22,4,192,30.2,32151.0
23,4,192,29.9,32511.0
0,5,193,29.0,34258.0
1,5,193,26.3,35765.0
2,5,193,24.5,37531.0
3,5,193,22.4,37780.0
4,5,193,20.7,36923.0
5,5,193,19.7,35893.0
6,5,193,19.0,34787.0
7,5,193,18.4,32644.0
8,5,193,18.0,30433.0
9,5,193,17.5,28813.0
10,5,193,17.1,26977.0
11,5,193,16.9,25586.0
12,5,193,16.9,24728.0
13,5,193,17.4,24360.0
14,5,193,17.6,24213.0
15,5,193,18.5,24514.0
16,5,193,20.1,26675.0
17,5,193,22.3,28643.0
18,5,193,24.5,29373.0
19,5,193,26.8,29032.0
20,5,193,28.8,29041.0
21,5,193,29.5,28618.0
22,5,193,29.4,28112.0
23,5,193,28.9,28656.0
0,6,194,27.4,29483.0
1,6,194,25.5,31006.0
2,6,194,23.3,32874.0
3,6,194,21.2,34246.0
4,6,194,19.7,34493.0
5,6,194,18.8,33536.0
6,6,194,18.1,32434.0
7,6,194,17.7,30692.0
8,6,194,17.4,28515.0
9,6,194,17.1,27135.0
10,6,194,17.0,25449.0
11,6,194,16.7,24352.0
12,6,194,16.6,23658.0
13,6,194,16.7,23196.0
14,6,194,16.9,23098.0
15,6,194,17.4,22965.0
16,6,194,19.1,24990.0
17,6,194,21.7,27315.0
18,6,194,24.7,27983.0
19,6,194,27.1,27721.0
20,6,194,28.1,27439.0
21,6,194,28.1,26348.0
22,6,194,27.7,25931.0
23,6,194,27.0,26637.0
0,0,195,25.8,28295.0
1,0,195,24.1,29961.0
2,0,195,22.5,32035.0
3,0,195,20.6,33894.0
4,0,195,18.9,34164.0
5,0,195,18.4,33448.0
6,0,195,18.2,32456.0
7,0,195,18.0,30512.0
8,0,195,17.6,28748.0
9,0,195,17.4,27031.0
10,0,195,17.3,25449.0
11,0,195,17.1,24462.0
12,0,195,16.9,24148.0
13,0,195,17.0,24120.0
14,0,195,17.0,24571.0
15,0,195,17.6,26051.0
16,0,195,18.7,28517.0
17,0,195,20.7,30467.0
18,0,195,23.6,31892.0
19,0,195,26.5,31745.0
20,0,195,28.4,31810.0
21,0,195,29.0,31458.0
22,0,195,28.1,31797.0
23,0,195,26.8,32506.0
0,1,196,25.2,33231.0
1,1,196,23.9,34595.0
2,1,196,22.0,35990.0
3,1,196,19.9,36645.0
4,1,196,18.7,36049.0
5,1,196,18.1,35239.0
6,1,196,17.7,34154.0
7,1,196,17.3,31922.0
8,1,196,16.9,29457.0
9,1,196,16.6,28015.0
10,1,196,16.3,26690.0
11,1,196,16.1,25522.0
12,1,196,15.8,25210.0
13,1,196,15.6,24842.0
14,1,196,16.5,25696.0
15,1,196,18.0,26263.0
16,1,196,20.1,28248.0
17,1,196,22.0,31078.0
18,1,196,24.4,31530.0
19,1,196,26.7,31722.0
20,1,196,28.4,31208.0
21,1,196,28.6,30918.0
22,1,196,28.3,30782.0
23,1,196,27.6,30319.0
0,2,197,26.3,30933.0
1,2,197,25.0,31872.0
2,2,197,23.1,33055.0
3,2,197,20.9,34443.0
4,2,197,19.6,34277.0
5,2,197,18.9,33760.0
6,2,197,18.4,32855.0
7,2,197,18.1,30791.0
8,2,197,17.8,28643.0
9,2,197,17.4,27247.0
10,2,197,16.9,25867.0
11,2,197,16.5,24830.0
12,2,197,16.0,24413.0
13,2,197,16.5,24418.0
14,2,197,16.8,24809.0
15,2,197,18.4,25576.0
16,2,197,20.7,26848.0
17,2,197,22.7,28240.0
18,2,197,25.0,29482.0
19,2,197,27.0,29561.0
20,2,197,28.1,29857.0
21,2,197,28.7,29721.0
22,2,197,28.8,30142.0
23,2,197,28.0,30037.0
0,3,198,26.5,30516.0
1,3,198,24.4,31169.0
2,3,198,23.1,32085.0
3,3,198,21.5,33355.0
4,3,198,20.3,33157.0
5,3,198,19.7,32698.0
6,3,198,19.1,32131.0
7,3,198,18.6,30299.0
8,3,198,18.3,28252.0
9,3,198,18.0,26748.0
10,3,198,17.5,25575.0
11,3,198,17.2,24554.0
12,3,198,16.8,24316.0
13,3,198,17.2,24038.0
14,3,198,17.8,24617.0
15,3,198,19.1,25712.0
16,3,198,21.2,26801.0
17,3,198,23.7,28073.0
18,3,198,26.1,29841.0
19,3,198,28.2,31212.0
20,3,198,29.1,31199.0
21,3,198,28.9,30878.0
22,3,198,28.2,30600.0
23,3,198,27.5,31249.0
0,4,199,26.4,30836.0
1,4,199,25.2,31477.0
2,4,199,23.2,32725.0
3,4,199,21.1,33756.0
4,4,199,20.3,33636.0
5,4,199,19.6,33206.0
6,4,199,19.3,32697.0
7,4,199,18.8,30749.0
8,4,199,18.4,29297.0
9,4,199,17.9,27784.0
10,4,199,17.7,25808.0
11,4,199,17.6,24776.0
12,4,199,17.4,24184.0
13,4,199,17.6,24241.0
14,4,199,18.3,24806.0
15,4,199,20.3,25476.0
16,4,199,21.8,27767.0
17,4,199,24.3,29634.0
18,4,199,26.2,30628.0
19,4,199,27.3,31469.0
20,4,199,28.2,31446.0
21,4,199,28.3,31102.0
22,4,199,27.9,31182.0
23,4,199,28.2,30418.0
0,5,200,27.2,30741.0
1,5,200,26.3,31332.0
2,5,200,23.8,32113.0
3,5,200,21.4,32908.0
4,5,200,20.0,32957.0
5,5,200,19.5,32606.0
6,5,200,19.5,31927.0
7,5,200,19.2,30426.0
8,5,200,18.7,28521.0
9,5,200,18.5,27162.0
10,5,200,18.5,25773.0
11,5,200,18.4,24585.0
12,5,200,18.4,23950.0
13,5,200,18.6,23452.0
14,5,200,18.8,23454.0
15,5,200,19.2,23647.0
16,5,200,20.2,26476.0
17,5,200,21.6,29214.0
18,5,200,24.0,30188.0
19,5,200,26.3,29800.0
20,5,200,28.3,29380.0
21,5,200,28.4,27764.0
22,5,200,27.9,26660.0
23,5,200,27.9,26438.0
0,6,201,27.1,27345.0
1,6,201,25.0,28272.0
2,6,201,22.9,30017.0
3,6,201,21.2,31630.0
4,6,201,20.4,31770.0
5,6,201,19.9,31283.0
6,6,201,19.5,30606.0
7,6,201,19.3,29016.0
8,6,201,19.2,27281.0
9,6,201,19.0,26034.0
10,6,201,18.9,24760.0
11,6,201,18.9,23760.0
12,6,201,18.8,23091.0
13,6,201,18.8,22549.0
14,6,201,18.9,22374.0
15,6,201,19.3,22353.0
16,6,201,20.1,24633.0
17,6,201,21.5,26830.0
18,6,201,23.9,28013.0
19,6,201,26.2,27517.0
20,6,201,28.1,27065.0
21,6,201,28.1,26473.0
22,6,201,27.1,25499.0
23,6,201,26.4,25798.0
0,0,202,26.0,26012.0
1,0,202,24.4,27106.0
2,0,202,22.7,29162.0
3,0,202,21.1,30711.0
4,0,202,20.3,31078.0
5,0,202,19.8,30654.0
6,0,202,19.5,29967.0
7,0,202,19.2,28132.0
8,0,202,19.0,26370.0
9,0,202,18.9,25343.0
10,0,202,18.8,23995.0
11,0,202,18.7,23054.0
12,0,202,18.6,22676.0
13,0,202,19.2,22798.0
14,0,202,19.5,24019.0
15,0,202,20.1,24996.0
16,0,202,20.6,27559.0
17,0,202,21.9,29882.0
18,0,202,23.7,30928.0
19,0,202,24.8,30999.0
20,0,202,26.5,30458.0
21,0,202,27.5,29990.0
22,0,202,27.8,29542.0
23,0,202,27.3,27869.0
0,1,203,26.4,28072.0
1,1,203,24.5,29123.0
2,1,203,22.5,29715.0
3,1,203,20.7,31299.0
4,1,203,19.8,31292.0
5,1,203,19.5,31213.0
6,1,203,19.6,30679.0
7,1,203,19.5,29112.0
8,1,203,19.3,27163.0
9,1,203,19.2,26176.0
10,1,203,19.4,24834.0
11,1,203,19.4,23755.0
12,1,203,19.4,23300.0
13,1,203,19.9,23462.0
14,1,203,20.1,24246.0
15,1,203,20.6,25265.0
16,1,203,21.4,27553.0
17,1,203,22.2,29749.0
18,1,203,23.4,30201.0
19,1,203,25.3,29790.0
20,1,203,26.7,29116.0
21,1,203,27.3,29595.0
22,1,203,26.9,29003.0
23,1,203,26.0,29139.0
0,2,204,24.9,28839.0
1,2,204,23.7,29327.0
2,2,204,22.1,29750.0
3,2,204,20.2,30642.0
4,2,204,19.3,30883.0
5,2,204,18.9,30733.0
6,2,204,18.7,30265.0
7,2,204,18.6,28885.0
8,2,204,18.4,26947.0
9,2,204,18.0,25819.0
10,2,204,18.1,24522.0
11,2,204,17.9,23752.0
12,2,204,17.9,23354.0
13,2,204,18.5,23445.0
14,2,204,18.9,24143.0
15,2,204,20.0,25365.0
16,2,204,21.3,27813.0
17,2,204,23.1,30578.0
18,2,204,25.3,29860.0
19,2,204,27.0,28856.0
20,2,204,27.8,29261.0
21,2,204,28.3,28890.0
22,2,204,28.2,28803.0
23,2,204,27.2,28201.0
0,3,205,26.3,28567.0
1,3,205,24.7,29871.0
2,3,205,22.8,31111.0
3,3,205,21.2,32038.0
4,3,205,20.3,31935.0
5,3,205,19.6,31616.0
6,3,205,18.8,31388.0
7,3,205,18.3,29564.0
8,3,205,18.0,27592.0
9,3,205,17.4,26072.0
10,3,205,17.0,24815.0
11,3,205,16.4,23929.0
12,3,205,16.0,23399.0
13,3,205,15.8,23343.0
14,3,205,16.5,23952.0
15,3,205,18.4,25189.0
16,3,205,20.7,27394.0
17,3,205,23.3,29895.0
18,3,205,25.9,30764.0
19,3,205,27.9,30789.0
20,3,205,28.9,30334.0
21,3,205,29.2,29813.0
22,3,205,28.6,28556.0
23,3,205,27.7,28458.0
0,4,206,26.8,28514.0
1,4,206,25.7,29450.0
2,4,206,23.6,31587.0
3,4,206,21.1,32199.0
4,4,206,19.9,32156.0
5,4,206,19.0,31705.0
6,4,206,18.6,31112.0
7,4,206,18.1,29436.0
8,4,206,17.8,27388.0
9,4,206,17.4,26228.0
10,4,206,16.9,24855.0
11,4,206,16.5,23823.0
12,4,206,16.1,23247.0
13,4,206,15.9,23354.0
14,4,206,16.4,23937.0
15,4,206,17.8,24997.0
16,4,206,19.9,27425.0
17,4,206,22.0,29498.0
18,4,206,24.2,29902.0
19,4,206,26.3,30347.0
20,4,206,27.8,29223.0
21,4,206,27.5,28585.0
22,4,206,26.0,27548.0
23,4,206,25.5,27546.0
0,5,207,25.0,27574.0
1,5,207,24.0,28231.0
2,5,207,22.7,29237.0
3,5,207,20.6,30062.0
4,5,207,19.1,30278.0
5,5,207,18.5,30015.0
6,5,207,18.0,29497.0
7,5,207,17.6,28116.0
8,5,207,17.4,26455.0
9,5,207,17.1,25453.0
10,5,207,16.7,24184.0
11,5,207,16.4,23171.0
12,5,207,16.0,22734.0
13,5,207,16.6,22472.0
14,5,207,17.0,22649.0
15,5,207,18.6,22602.0
16,5,207,20.3,24298.0
17,5,207,22.0,26078.0
18,5,207,23.7,25669.0
19,5,207,25.4,25966.0
20,5,207,26.2,25930.0
21,5,207,26.3,25372.0
22,5,207,26.4,24655.0
23,5,207,26.0,24257.0
0,6,208,25.2,24748.0
1,6,208,23.5,25685.0
2,6,208,22.2,26728.0
3,6,208,20.7,27756.0
4,6,208,19.8,28379.0
5,6,208,19.2,28395.0
6,6,208,18.7,28082.0
7,6,208,18.2,26947.0
8,6,208,17.7,25404.0
9,6,208,17.3,24371.0
10,6,208,16.8,23103.0
11,6,208,16.3,22194.0
12,6,208,15.9,21774.0
13,6,208,16.6,21445.0
14,6,208,17.1,21445.0
15,6,208,18.4,21216.0
16,6,208,20.2,23051.0
17,6,208,22.5,25136.0
18,6,208,25.0,24018.0
19,6,208,27.1,24881.0
20,6,208,27.8,24952.0
21,6,208,27.7,24494.0
22,6,208,27.4,23737.0
23,6,208,26.9,23450.0
0,0,209,26.2,24092.0
1,0,209,25.2,25404.0
2,0,209,23.0,27455.0
3,0,209,20.9,29244.0
4,0,209,19.5,29673.0
5,0,209,18.7,29518.0
6,0,209,18.2,28978.0
7,0,209,17.8,27373.0
8,0,209,17.5,25755.0
9,0,209,16.9,24665.0
10,0,209,16.4,23387.0
11,0,209,16.0,23297.0
12,0,209,15.7,22993.0
13,0,209,16.7,22702.0
14,0,209,17.1,23274.0
15,0,209,18.2,24678.0
16,0,209,19.8,27211.0
17,0,209,22.1,29158.0
18,0,209,24.0,29229.0
19,0,209,26.1,29682.0
20,0,209,27.9,29403.0
21,0,209,28.4,28872.0
22,0,209,28.1,28424.0
23,0,209,26.9,28432.0
0,1,210,25.4,29260.0
1,1,210,24.3,30246.0
2,1,210,22.9,32565.0
3,1,210,20.9,33632.0
4,1,210,19.5,33780.0
5,1,210,18.8,32918.0
6,1,210,18.2,32082.0
7,1,210,17.8,30101.0
8,1,210,17.3,27933.0
9,1,210,16.8,26586.0
10,1,210,16.5,25051.0
11,1,210,16.0,24017.0
12,1,210,15.5,23654.0
13,1,210,15.4,23688.0
14,1,210,16.0,24383.0
15,1,210,17.6,25387.0
16,1,210,19.8,27954.0
17,1,210,22.3,30398.0
18,1,210,25.2,31746.0
19,1,210,28.3,31447.0
20,1,210,30.1,30616.0
21,1,210,29.9,30052.0
22,1,210,28.2,29868.0
23,1,210,27.7,29804.0
0,2,211,27.3,30941.0
1,2,211,26.3,32173.0
2,2,211,23.7,33684.0
3,2,211,21.1,34661.0
4,2,211,19.7,34145.0
5,2,211,18.8,33237.0
6,2,211,18.2,32639.0
7,2,211,17.9,30719.0
8,2,211,17.8,28493.0
9,2,211,17.8,26893.0
10,2,211,17.3,25515.0
11,2,211,17.0,24645.0
12,2,211,16.6,23946.0
13,2,211,16.7,23608.0
14,2,211,17.2,24221.0
15,2,211,18.7,25443.0
16,2,211,20.6,27591.0
17,2,211,23.2,30408.0
18,2,211,25.9,31144.0
19,2,211,28.7,31537.0
20,2,211,30.8,31227.0
21,2,211,31.2,30563.0
22,2,211,30.7,29651.0
23,2,211,30.1,30255.0
0,3,212,28.8,31194.0
1,3,212,27.2,32347.0
2,3,212,23.9,33668.0
3,3,212,21.8,34821.0
4,3,212,20.8,34453.0
5,3,212,20.1,33777.0
6,3,212,19.4,32879.0
7,3,212,19.1,30616.0
8,3,212,18.8,28382.0
9,3,212,18.4,27117.0
10,3,212,17.9,25599.0
11,3,212,17.4,24415.0
12,3,212,16.9,23720.0
13,3,212,16.3,23299.0
14,3,212,16.9,23757.0
15,3,212,18.7,24637.0
16,3,212,21.0,27092.0
17,3,212,23.6,30140.0
18,3,212,26.6,30767.0
19,3,212,29.4,30296.0
20,3,212,31.5,29881.0
21,3,212,32.0,11819.0
22,3,212,31.5,29886.0
23,3,212,30.8,30724.0
0,4,213,29.2,31862.0
1,4,213,27.1,33033.0
2,4,213,24.8,34012.0
3,4,213,22.9,35130.0
4,4,213,21.6,35140.0
5,4,213,20.8,34411.0
6,4,213,20.2,33339.0
7,4,213,19.6,30992.0
8,4,213,18.9,28834.0
9,4,213,18.2,27394.0
10,4,213,17.6,25998.0
11,4,213,17.2,24650.0
12,4,213,16.8,24093.0
13,4,213,16.5,23776.0
14,4,213,16.5,24536.0
15,4,213,17.6,25497.0
16,4,213,19.7,27255.0
17,4,213,22.3,30166.0
18,4,213,25.2,31146.0
19,4,213,28.1,29982.0
20,4,213,30.4,30008.0
21,4,213,31.0,29807.0
22,4,213,30.4,30372.0
23,4,213,29.1,30510.0
0,5,214,27.9,31887.0
1,5,214,26.3,33085.0
2,5,214,24.4,33814.0
3,5,214,22.0,34544.0
4,5,214,20.4,34038.0
5,5,214,19.6,33460.0
6,5,214,19.0,32445.0
7,5,214,18.6,30537.0
8,5,214,18.2,28481.0
9,5,214,17.8,26947.0
10,5,214,17.2,25506.0
11,5,214,16.6,24526.0
12,5,214,16.2,23598.0
13,5,214,16.1,23238.0
14,5,214,16.0,23192.0
15,5,214,16.6,23537.0
16,5,214,19.0,25956.0
17,5,214,22.0,28111.0
18,5,214,25.2,28122.0
19,5,214,28.2,28161.0
20,5,214,30.4,27761.0
21,5,214,31.2,27315.0
22,5,214,30.9,27137.0
23,5,214,30.3,27211.0
0,6,215,28.9,28437.0
1,6,215,27.6,30614.0
2,6,215,25.4,32034.0
3,6,215,22.9,33025.0
4,6,215,21.3,32782.0
5,6,215,20.3,32324.0
6,6,215,19.6,31396.0
7,6,215,19.2,29594.0
8,6,215,18.8,27373.0
9,6,215,18.2,25989.0
10,6,215,17.6,24680.0
11,6,215,17.0,23576.0
12,6,215,16.6,22791.0
13,6,215,16.0,22438.0
14,6,215,16.3,22135.0
15,6,215,17.7,21989.0
16,6,215,20.2,24642.0
17,6,215,23.0,27411.0
18,6,215,26.0,27004.0
19,6,215,28.9,26657.0
20,6,215,31.2,26296.0
21,6,215,32.4,25462.0
22,6,215,32.4,24622.0
23,6,215,31.7,24921.0
0,0,216,30.8,27234.0
1,0,216,27.5,28892.0
2,0,216,25.1,31347.0
3,0,216,22.8,32729.0
4,0,216,21.3,32748.0
5,0,216,20.6,32229.0
6,0,216,20.3,31154.0
7,0,216,20.0,29357.0
8,0,216,19.7,27128.0
9,0,216,19.0,25711.0
10,0,216,18.2,24492.0
11,0,216,17.5,23759.0
12,0,216,16.9,23458.0
13,0,216,16.5,23080.0
14,0,216,16.7,23650.0
15,0,216,17.9,24863.0
16,0,216,20.1,27891.0
17,0,216,23.0,30615.0
18,0,216,26.2,30825.0
19,0,216,28.9,31158.0
20,0,216,30.7,30567.0
21,0,216,31.4,30466.0
22,0,216,31.7,30971.0
23,0,216,31.7,30031.0
0,1,217,30.9,30779.0
1,1,217,27.8,32066.0
2,1,217,25.9,33901.0
3,1,217,23.9,34757.0
4,1,217,22.6,34069.0
5,1,217,21.6,33588.0
6,1,217,20.9,32657.0
7,1,217,20.5,30527.0
8,1,217,20.3,28173.0
9,1,217,19.8,26638.0
10,1,217,19.2,25212.0
11,1,217,18.5,24307.0
12,1,217,17.8,23848.0
13,1,217,17.2,23652.0
14,1,217,17.5,24252.0
15,1,217,19.0,25222.0
16,1,217,21.4,27260.0
17,1,217,24.5,30629.0
18,1,217,27.8,32101.0
19,1,217,30.7,31191.0
20,1,217,32.8,31003.0
21,1,217,33.6,30381.0
22,1,217,32.9,29208.0
23,1,217,31.9,29913.0
0,2,218,30.6,31329.0
1,2,218,28.3,32817.0
2,2,218,26.8,34699.0
3,2,218,25.0,35552.0
4,2,218,23.6,34958.0
5,2,218,22.7,34431.0
6,2,218,21.9,33437.0
7,2,218,21.3,31358.0
8,2,218,20.6,28956.0
9,2,218,20.0,27331.0
10,2,218,19.3,25868.0
11,2,218,18.7,24903.0
12,2,218,18.2,24857.0
13,2,218,17.7,24654.0
14,2,218,18.3,25029.0
15,2,218,20.0,25990.0
16,2,218,22.9,28535.0
17,2,218,26.6,32259.0
18,2,218,30.1,33500.0
19,2,218,32.7,33566.0
20,2,218,34.2,33124.0
21,2,218,35.1,32879.0
22,2,218,35.5,32900.0
23,2,218,34.7,33369.0
0,3,219,33.2,35263.0
1,3,219,30.4,37107.0
2,3,219,27.8,38849.0
3,3,219,25.8,39804.0
4,3,219,24.6,38797.0
5,3,219,23.6,37787.0
6,3,219,22.7,36298.0
7,3,219,21.7,33825.0
8,3,219,21.2,31252.0
9,3,219,20.8,29104.0
10,3,219,20.1,27608.0
11,3,219,19.3,26340.0
12,3,219,19.0,25948.0
13,3,219,17.7,25504.0
14,3,219,18.2,25902.0
15,3,219,20.6,26846.0
16,3,219,23.7,29131.0
17,3,219,27.9,33946.0
18,3,219,31.9,35335.0
19,3,219,35.4,35485.0
20,3,219,37.8,35799.0
21,3,219,38.5,35062.0
22,3,219,37.6,35259.0
23,3,219,35.4,36270.0
0,4,220,33.3,38005.0
1,4,220,29.5,39344.0
2,4,220,28.2,40586.0
3,4,220,26.4,41198.0
4,4,220,25.1,39946.0
5,4,220,24.3,38697.0
6,4,220,23.4,37045.0
7,4,220,22.5,34410.0
8,4,220,21.6,31733.0
9,4,220,20.8,29487.0
10,4,220,20.1,27990.0
11,4,220,19.3,26768.0
12,4,220,18.8,26142.0
13,4,220,17.3,25690.0
14,4,220,17.7,26017.0
15,4,220,19.8,27095.0
16,4,220,22.3,29980.0
17,4,220,25.5,33524.0
18,4,220,28.9,34793.0
19,4,220,31.7,35646.0
20,4,220,34.1,35462.0
21,4,220,35.5,35039.0
22,4,220,35.3,35336.0
23,4,220,34.0,35578.0
0,5,221,32.1,37065.0
1,5,221,29.3,38661.0
2,5,221,26.9,39859.0
3,5,221,24.4,40577.0
4,5,221,23.0,39371.0
5,5,221,22.1,38089.0
6,5,221,21.4,36573.0
7,5,221,20.8,34320.0
8,5,221,20.2,31617.0
9,5,221,19.6,29763.0
10,5,221,19.0,27966.0
11,5,221,18.7,26387.0
12,5,221,18.2,25469.0
13,5,221,17.2,24798.0
14,5,221,17.2,24588.0
15,5,221,19.0,24822.0
16,5,221,21.5,27209.0
17,5,221,24.7,29526.0
18,5,221,27.8,31237.0
19,5,221,30.1,31928.0
20,5,221,31.0,31624.0
21,5,221,30.8,31900.0
22,5,221,29.9,31489.0
23,5,221,28.5,31905.0
0,6,222,27.5,33053.0
1,6,222,26.1,34841.0
2,6,222,24.0,36585.0
3,6,222,21.7,37498.0
4,6,222,20.5,36501.0
5,6,222,19.8,35626.0
6,6,222,19.8,34050.0
7,6,222,19.9,31993.0
8,6,222,19.4,29867.0
9,6,222,18.8,28117.0
10,6,222,18.2,26505.0
11,6,222,17.6,25271.0
12,6,222,17.0,24411.0
13,6,222,17.2,23766.0
14,6,222,17.5,23428.0
15,6,222,18.5,23356.0
16,6,222,20.4,25070.0
17,6,222,22.9,28184.0
18,6,222,25.7,29489.0
19,6,222,28.5,29178.0
20,6,222,30.7,28984.0
21,6,222,32.0,29985.0
22,6,222,32.1,30307.0
23,6,222,30.9,31195.0
0,0,223,28.3,32994.0
1,0,223,25.7,33919.0
2,0,223,23.9,36152.0
3,0,223,22.2,37018.0
4,0,223,21.3,36159.0
5,0,223,21.0,35430.0
6,0,223,20.7,34147.0
7,0,223,20.2,31686.0
8,0,223,19.8,29411.0
9,0,223,19.1,27759.0
10,0,223,18.7,26267.0
11,0,223,18.3,25240.0
12,0,223,17.9,24913.0
13,0,223,17.6,24557.0
14,0,223,17.9,25190.0
15,0,223,19.5,26416.0
16,0,223,22.0,29136.0
17,0,223,24.9,32849.0
18,0,223,27.9,33952.0
19,0,223,30.7,33751.0
20,0,223,32.8,33928.0
21,0,223,33.2,33585.0
22,0,223,32.7,33865.0
23,0,223,32.0,34558.0
0,1,224,30.6,35838.0
1,1,224,28.0,37345.0
2,1,224,25.6,38380.0
3,1,224,23.8,38848.0
4,1,224,22.7,37818.0
5,1,224,22.2,36803.0
6,1,224,21.9,35516.0
7,1,224,21.3,32864.0
8,1,224,20.6,30298.0
9,1,224,20.0,28480.0
10,1,224,19.6,27148.0
11,1,224,19.0,26055.0
12,1,224,18.5,25680.0
13,1,224,17.7,25193.0
14,1,224,17.6,25580.0
15,1,224,18.9,27018.0
16,1,224,21.0,29227.0
17,1,224,23.4,32418.0
18,1,224,25.8,33882.0
19,1,224,28.4,33632.0
20,1,224,30.7,33415.0
21,1,224,31.6,32668.0
22,1,224,31.5,32710.0
23,1,224,30.9,32593.0
0,2,225,30.1,33927.0
1,2,225,27.1,35601.0
2,2,225,25.1,36919.0
3,2,225,23.0,37768.0
4,2,225,21.8,36660.0
5,2,225,21.2,35863.0
6,2,225,20.7,34543.0
7,2,225,20.1,32273.0
8,2,225,19.7,29887.0
9,2,225,19.3,28259.0
10,2,225,18.9,26790.0
11,2,225,18.5,25775.0
12,2,225,18.1,25239.0
13,2,225,17.4,24970.0
14,2,225,17.4,25434.0
15,2,225,18.6,26831.0
16,2,225,20.8,29652.0
17,2,225,23.2,32347.0
18,2,225,26.0,33731.0
19,2,225,28.7,33584.0
20,2,225,30.1,33120.0
21,2,225,30.4,32773.0
22,2,225,30.3,31402.0
23,2,225,29.7,31886.0
0,3,226,28.1,33361.0
1,3,226,25.0,35086.0
2,3,226,23.1,36442.0
3,3,226,21.2,36655.0
4,3,226,20.1,35631.0
5,3,226,19.7,34925.0
6,3,226,19.5,33706.0
7,3,226,19.0,31481.0
8,3,226,18.5,29107.0
9,3,226,18.0,27773.0
10,3,226,17.6,26455.0
11,3,226,17.2,25330.0
12,3,226,16.9,24706.0
13,3,226,17.0,24649.0
14,3,226,17.2,25311.0
15,3,226,17.7,26701.0
16,3,226,19.5,28862.0
17,3,226,22.4,32125.0
18,3,226,25.6,33383.0
19,3,226,28.4,32871.0
20,3,226,30.1,32116.0
21,3,226,30.1,31313.0
22,3,226,29.4,30711.0
23,3,226,28.2,31337.0
0,4,227,26.7,32829.0
1,4,227,23.8,34017.0
2,4,227,22.1,35079.0
3,4,227,20.9,35293.0
4,4,227,20.5,34636.0
5,4,227,20.0,34163.0
6,4,227,19.4,33103.0
7,4,227,18.7,30952.0
8,4,227,18.4,28714.0
9,4,227,18.0,27307.0
10,4,227,17.8,26112.0
11,4,227,17.8,25297.0
12,4,227,17.9,24663.0
13,4,227,17.9,24225.0
14,4,227,18.2,24960.0
15,4,227,19.0,26291.0
16,4,227,20.5,27704.0
17,4,227,22.6,30305.0
18,4,227,24.7,31874.0
19,4,227,27.1,32012.0
20,4,227,28.8,31509.0
21,4,227,29.4,31230.0
22,4,227,29.0,30993.0
23,4,227,28.7,30841.0
0,5,228,27.8,31525.0
1,5,228,25.1,33259.0
2,5,228,23.2,34096.0
3,5,228,21.5,34674.0
4,5,228,20.5,33854.0
5,5,228,19.7,33204.0
6,5,228,19.2,32128.0
7,5,228,18.8,30273.0
8,5,228,18.6,28492.0
9,5,228,18.4,27027.0
10,5,228,18.1,25875.0
11,5,228,17.8,24667.0
12,5,228,17.8,23849.0
13,5,228,18.5,23514.0
14,5,228,18.8,23578.0
15,5,228,19.4,23725.0
16,5,228,20.5,25140.0
17,5,228,22.1,28017.0
18,5,228,24.4,29588.0
19,5,228,26.6,29510.0
20,5,228,28.0,28432.0
21,5,228,28.2,27287.0
22,5,228,27.7,27273.0
23,5,228,26.9,27419.0
0,6,229,26.1,27890.0
1,6,229,24.5,29407.0
2,6,229,22.8,30743.0
3,6,229,21.3,31783.0
4,6,229,20.3,31522.0
5,6,229,19.7,31274.0
6,6,229,19.4,30436.0
7,6,229,19.4,28888.0
8,6,229,19.3,27141.0
9,6,229,19.0,25836.0
10,6,229,18.6,24609.0
11,6,229,18.3,23698.0
12,6,229,18.1,23119.0
13,6,229,18.3,22618.0
14,6,229,18.3,22366.0
15,6,229,18.8,22347.0
16,6,229,20.4,23569.0
17,6,229,22.8,25888.0
18,6,229,25.4,26003.0
19,6,229,28.1,26197.0
20,6,229,29.7,26600.0
21,6,229,29.7,26139.0
22,6,229,29.0,26395.0
23,6,229,28.0,25877.0
0,0,230,26.9,26885.0
1,0,230,26.1,28883.0
2,0,230,24.1,31059.0
3,0,230,22.2,31999.0
4,0,230,21.1,31726.0
5,0,230,20.2,31553.0
6,0,230,19.6,30677.0
7,0,230,19.4,28807.0
8,0,230,19.2,26713.0
9,0,230,18.9,25327.0
10,0,230,18.7,24454.0
11,0,230,18.2,23599.0
12,0,230,17.6,22898.0
13,0,230,17.9,22657.0
14,0,230,18.0,23307.0
15,0,230,19.6,24536.0
16,0,230,21.9,26467.0
17,0,230,24.5,29821.0
18,0,230,27.4,30059.0
19,0,230,30.0,30283.0
20,0,230,31.5,30713.0
21,0,230,31.6,29717.0
22,0,230,31.4,29240.0
23,0,230,30.8,29511.0
0,1,231,29.5,30803.0
1,1,231,27.7,32595.0
2,1,231,25.4,34074.0
3,1,231,23.6,35258.0
4,1,231,22.7,34610.0
5,1,231,22.3,33986.0
6,1,231,21.8,32553.0
7,1,231,21.3,30455.0
8,1,231,20.6,28150.0
9,1,231,20.0,26689.0
10,1,231,19.2,25532.0
11,1,231,18.7,24662.0
12,1,231,18.2,24448.0
13,1,231,17.4,24098.0
14,1,231,17.7,24446.0
15,1,231,19.2,25849.0
16,1,231,21.6,27437.0
17,1,231,24.9,30492.0
18,1,231,28.3,32729.0
19,1,231,31.1,32697.0
20,1,231,33.0,32681.0
21,1,231,33.5,31833.0
22,1,231,33.0,31366.0
23,1,231,32.0,31730.0
0,2,232,30.4,33244.0
1,2,232,28.0,34856.0
2,2,232,26.2,36474.0
3,2,232,24.4,37701.0
4,2,232,23.4,36539.0
5,2,232,22.5,35729.0
6,2,232,21.9,34465.0
7,2,232,21.4,32065.0
8,2,232,20.7,29447.0
9,2,232,20.3,28098.0
10,2,232,19.7,26851.0
11,2,232,19.3,25868.0
12,2,232,18.8,25653.0
13,2,232,17.9,25183.0
14,2,232,18.2,25419.0
15,2,232,20.7,26912.0
16,2,232,23.8,29215.0
17,2,232,27.3,32209.0
18,2,232,30.6,33899.0
19,2,232,33.3,33695.0
20,2,232,35.0,33573.0
21,2,232,35.3,32997.0
22,2,232,35.2,33001.0
23,2,232,34.8,34395.0
0,3,233,34.0,36703.0
1,3,233,31.8,38770.0
2,3,233,29.3,40341.0
3,3,233,26.8,40881.0
4,3,233,25.4,39476.0
5,3,233,24.6,38516.0
6,3,233,24.3,36588.0
7,3,233,24.1,33859.0
8,3,233,23.5,31234.0
9,3,233,23.2,29371.0
10,3,233,22.5,28075.0
11,3,233,21.9,27149.0
12,3,233,21.4,26364.0
13,3,233,20.1,25610.0
14,3,233,20.3,26190.0
15,3,233,22.3,27610.0
16,3,233,25.4,30518.0
17,3,233,28.8,34698.0
18,3,233,32.3,35953.0
19,3,233,35.1,36096.0
20,3,233,36.7,35336.0
21,3,233,37.2,35597.0
22,3,233,37.0,36561.0
23,3,233,36.0,38641.0
0,4,234,34.5,40870.0
1,4,234,31.1,42269.0
2,4,234,29.6,43665.0
3,4,234,26.6,43860.0
4,4,234,25.9,42342.0
5,4,234,25.6,41099.0
6,4,234,24.9,39138.0
7,4,234,24.4,36405.0
8,4,234,24.0,33330.0
9,4,234,23.5,31247.0
10,4,234,23.0,29794.0
11,4,234,22.5,29088.0
12,4,234,22.1,27880.0
13,4,234,21.3,27293.0
14,4,234,21.6,27467.0
15,4,234,23.4,28955.0
16,4,234,26.0,31834.0
17,4,234,29.4,33957.0
18,4,234,32.8,36347.0
19,4,234,35.8,36810.0
20,4,234,38.1,36409.0
21,4,234,38.8,36220.0
22,4,234,37.6,37244.0
23,4,234,34.7,38256.0
0,5,235,32.6,40613.0
1,5,235,30.4,41987.0
2,5,235,28.6,43028.0
3,5,235,27.1,42243.0
4,5,235,26.1,40908.0
5,5,235,25.5,39676.0
6,5,235,25.3,38131.0
7,5,235,24.9,35813.0
8,5,235,24.3,33202.0
9,5,235,23.5,31190.0
10,5,235,22.8,29495.0
11,5,235,22.3,27711.0
12,5,235,22.0,27055.0
13,5,235,21.0,26435.0
14,5,235,21.2,26688.0
15,5,235,22.3,26425.0
16,5,235,24.9,29897.0
17,5,235,29.0,32550.0
18,5,235,33.7,32425.0
19,5,235,33.5,32629.0
20,5,235,33.9,32019.0
21,5,235,34.2,32134.0
22,5,235,34.5,33299.0
23,5,235,33.4,33843.0
0,6,236,31.4,35401.0
1,6,236,30.6,37089.0
2,6,236,28.3,38020.0
3,6,236,26.9,37712.0
4,6,236,26.2,36718.0
5,6,236,25.8,36431.0
6,6,236,25.6,35118.0
7,6,236,24.9,32987.0
8,6,236,23.9,30928.0
9,6,236,23.1,29226.0
10,6,236,22.6,27754.0
11,6,236,22.4,26405.0
12,6,236,22.0,25674.0
13,6,236,21.3,25445.0
14,6,236,21.3,25303.0
15,6,236,22.6,25201.0
16,6,236,24.9,26625.0
17,6,236,27.4,30263.0
18,6,236,30.7,32047.0
19,6,236,33.4,32206.0
20,6,236,34.2,32310.0
21,6,236,35.2,31654.0
22,6,236,34.9,31274.0
23,6,236,33.0,32422.0
0,0,237,31.1,34641.0
1,0,237,29.8,36007.0
2,0,237,27.3,37977.0
3,0,237,25.6,38905.0
4,0,237,24.4,37836.0
5,0,237,23.6,36959.0
6,0,237,23.3,35275.0
7,0,237,23.1,32924.0
8,0,237,22.8,30410.0
9,0,237,22.4,29002.0
10,0,237,21.8,27878.0
11,0,237,21.3,27325.0
12,0,237,20.9,27066.0
13,0,237,20.0,26677.0
14,0,237,19.9,27067.0
15,0,237,21.4,27957.0
16,0,237,23.4,29919.0
17,0,237,25.9,34016.0
18,0,237,28.8,34761.0
19,0,237,31.4,34896.0
20,0,237,33.4,34941.0
21,0,237,34.1,34764.0
22,0,237,33.7,35126.0
23,0,237,32.2,36087.0
0,1,238,30.4,37272.0
1,1,238,28.5,38604.0
2,1,238,26.7,40025.0
3,1,238,25.6,40192.0
4,1,238,24.3,39070.0
5,1,238,23.2,38009.0
6,1,238,22.5,36458.0
7,1,238,21.9,33597.0
8,1,238,21.5,31197.0
9,1,238,21.3,29408.0
10,1,238,20.9,27959.0
11,1,238,20.3,27096.0
12,1,238,20.1,26776.0
13,1,238,19.7,26421.0
14,1,238,20.2,26555.0
15,1,238,21.6,27637.0
16,1,238,23.0,29059.0
17,1,238,25.1,32598.0
18,1,238,27.5,35024.0
19,1,238,29.5,35616.0
20,1,238,31.2,34733.0
21,1,238,31.5,33805.0
22,1,238,31.2,33370.0
23,1,238,30.3,33242.0
0,2,239,27.7,34444.0
1,2,239,26.4,36252.0
2,2,239,24.2,38001.0
3,2,239,22.5,38730.0
4,2,239,21.6,37452.0
5,2,239,21.0,36632.0
6,2,239,20.6,35365.0
7,2,239,20.1,32827.0
8,2,239,19.7,30393.0
9,2,239,19.1,28752.0
10,2,239,18.5,27409.0
11,2,239,18.1,26162.0
12,2,239,17.7,25398.0
13,2,239,17.6,24910.0
14,2,239,18.1,25730.0
15,2,239,20.3,27238.0
16,2,239,23.4,29058.0
17,2,239,26.5,33259.0
18,2,239,29.6,34616.0
19,2,239,32.4,34799.0
20,2,239,34.4,34622.0
21,2,239,34.2,34058.0
22,2,239,31.7,34069.0
23,2,239,30.5,35317.0
0,3,240,29.5,36669.0
1,3,240,28.6,37781.0
2,3,240,26.8,38395.0
3,3,240,25.7,38959.0
4,3,240,24.2,37765.0
5,3,240,23.4,36397.0
6,3,240,22.7,34880.0
7,3,240,22.4,32712.0
8,3,240,22.2,30174.0
9,3,240,21.6,28641.0
10,3,240,20.9,27504.0
11,3,240,20.8,27019.0
12,3,240,20.6,26415.0
13,3,240,19.9,26067.0
14,3,240,20.3,26277.0
15,3,240,21.7,27945.0
16,3,240,23.5,29328.0
17,3,240,26.4,31126.0
18,3,240,27.5,31838.0
19,3,240,29.1,32704.0
20,3,240,30.8,33487.0
21,3,240,31.8,33558.0
22,3,240,30.3,32268.0
23,3,240,29.7,31955.0
0,4,241,30.1,32878.0
1,4,241,29.7,34097.0
2,4,241,28.8,34780.0
3,4,241,28.0,35843.0
4,4,241,26.5,35652.0
5,4,241,24.7,34975.0
6,4,241,23.6,33950.0
7,4,241,22.9,31665.0
8,4,241,22.2,29299.0
9,4,241,21.5,27960.0
10,4,241,21.2,26756.0
11,4,241,21.0,25818.0
12,4,241,20.6,25563.0
13,4,241,19.9,25164.0
14,4,241,20.8,25567.0
15,4,241,23.2,26968.0
16,4,241,26.1,28793.0
17,4,241,28.6,32169.0
18,4,241,31.1,34257.0
19,4,241,33.3,34230.0
20,4,241,34.8,33849.0
21,4,241,35.0,33560.0
22,4,241,33.8,33542.0
23,4,241,32.2,33946.0
0,5,242,30.9,34892.0
1,5,242,29.2,36490.0
2,5,242,26.9,38146.0
3,5,242,25.0,38175.0
4,5,242,23.9,36937.0
5,5,242,23.3,35733.0
6,5,242,23.1,34298.0
7,5,242,22.6,32288.0
8,5,242,22.2,30223.0
9,5,242,21.6,28719.0
10,5,242,21.1,27173.0
11,5,242,20.5,25663.0
12,5,242,19.9,24692.0
13,5,242,19.9,24107.0
14,5,242,20.5,23869.0
15,5,242,23.2,24250.0
16,5,242,26.0,26203.0
17,5,242,28.8,30684.0
18,5,242,31.5,32020.0
19,5,242,33.7,31959.0
20,5,242,35.1,31291.0
21,5,242,35.8,30799.0
22,5,242,34.2,31040.0
23,5,242,32.7,31715.0
0,6,243,32.0,33734.0
1,6,243,30.7,35975.0
2,6,243,28.6,38039.0
3,6,243,25.7,38953.0
4,6,243,24.0,37746.0
5,6,243,23.4,36429.0
6,6,243,23.0,34810.0
7,6,243,22.6,32714.0
8,6,243,22.2,30377.0
9,6,243,21.8,28847.0
10,6,243,21.4,26937.0
11,6,243,20.8,25681.0
12,6,243,20.6,24501.0
13,6,243,19.9,23619.0
14,6,243,20.0,23449.0
15,6,243,21.9,23724.0
16,6,243,24.4,25903.0
17,6,243,27.4,30229.0
18,6,243,30.6,31477.0
19,6,243,33.2,31990.0
20,6,243,35.1,31797.0
21,6,243,36.0,31142.0
22,6,243,35.8,31471.0
23,6,243,33.9,33055.0
0,0,244,31.6,35279.0
1,0,244,29.4,36805.0
2,0,244,27.3,38857.0
3,0,244,25.4,39587.0
4,0,244,24.1,38214.0
5,0,244,23.1,36753.0
6,0,244,23.0,35001.0
7,0,244,22.6,33019.0
8,0,244,22.1,30446.0
9,0,244,21.7,28591.0
10,0,244,21.4,26963.0
11,0,244,20.9,25690.0
12,0,244,20.4,24571.0
13,0,244,19.7,23966.0
14,0,244,19.9,24015.0
15,0,244,21.5,24627.0
16,0,244,23.8,26623.0
17,0,244,26.9,30806.0
18,0,244,30.2,32345.0
19,0,244,33.1,32712.0
20,0,244,34.7,33773.0
21,0,244,34.6,33468.0
22,0,244,33.1,34003.0
23,0,244,31.6,34923.0
0,1,245,30.7,37388.0
1,1,245,29.9,39305.0
2,1,245,27.5,41056.0
3,1,245,24.8,41525.0
4,1,245,23.2,40566.0
5,1,245,23.0,38851.0
6,1,245,23.5,37042.0
7,1,245,23.5,34145.0
8,1,245,23.0,31675.0
9,1,245,22.6,29832.0
10,1,245,22.2,28951.0
11,1,245,21.8,28367.0
12,1,245,21.2,27994.0
13,1,245,20.8,27724.0
14,1,245,20.6,27360.0
15,1,245,22.1,28408.0
16,1,245,24.8,30416.0
17,1,245,28.9,32900.0
18,1,245,31.8,33557.0
19,1,245,33.6,34765.0
20,1,245,34.6,36007.0
21,1,245,33.9,35857.0
22,1,245,34.6,36316.0
23,1,245,34.5,38349.0
0,2,246,33.3,40108.0
1,2,246,32.3,40650.0
2,2,246,30.4,42194.0
3,2,246,27.7,42408.0
4,2,246,26.8,40939.0
5,2,246,26.1,39366.0
6,2,246,25.5,37616.0
7,2,246,24.6,34821.0
8,2,246,23.7,32212.0
9,2,246,23.5,30240.0
10,2,246,22.8,28540.0
11,2,246,22.2,26943.0
12,2,246,21.8,27024.0
13,2,246,21.0,26701.0
14,2,246,21.4,26750.0
15,2,246,23.2,28131.0
16,2,246,25.9,30602.0
17,2,246,28.9,35284.0
18,2,246,31.7,36434.0
19,2,246,34.3,37066.0
20,2,246,35.8,37413.0
21,2,246,36.1,36710.0
22,2,246,35.1,36880.0
23,2,246,33.5,37420.0
0,3,247,31.7,39049.0
1,3,247,30.9,40638.0
2,3,247,29.7,42063.0
3,3,247,27.2,42032.0
4,3,247,25.5,40762.0
5,3,247,24.3,39297.0
6,3,247,24.0,37517.0
7,3,247,23.8,34671.0
8,3,247,23.1,31897.0
9,3,247,22.5,29867.0
10,3,247,21.8,28461.0
11,3,247,21.3,27433.0
12,3,247,20.8,26687.0
13,3,247,19.9,26522.0
14,3,247,20.1,26525.0
15,3,247,21.6,27960.0
16,3,247,23.6,29782.0
17,3,247,26.5,33604.0
18,3,247,29.6,36141.0
19,3,247,32.3,36988.0
20,3,247,33.9,36832.0
21,3,247,34.3,36561.0
22,3,247,33.7,35153.0
23,3,247,32.3,35250.0
0,4,248,30.6,36476.0
1,4,248,28.7,37998.0
2,4,248,26.1,39517.0
3,4,248,24.4,39243.0
4,4,248,23.1,38326.0
5,4,248,22.3,37107.0
6,4,248,22.1,35407.0
7,4,248,21.7,32924.0
8,4,248,21.1,30736.0
9,4,248,20.3,28856.0
10,4,248,19.7,27307.0
11,4,248,19.0,26530.0
12,4,248,18.5,25454.0
13,4,248,17.6,24988.0
14,4,248,17.7,25659.0
15,4,248,18.7,27161.0
16,4,248,21.3,28320.0
17,4,248,24.3,30983.0
18,4,248,27.2,32285.0
19,4,248,29.9,33430.0
20,4,248,31.9,33796.0
21,4,248,32.8,33568.0
22,4,248,32.3,33368.0
23,4,248,31.4,32800.0
0,5,249,30.1,33852.0
1,5,249,28.0,35727.0
2,5,249,24.9,36794.0
3,5,249,22.8,36797.0
4,5,249,21.9,35509.0
5,5,249,21.4,34531.0
6,5,249,21.1,33188.0
7,5,249,20.8,31249.0
8,5,249,20.2,29165.0
9,5,249,19.4,27733.0
10,5,249,18.8,26238.0
11,5,249,18.2,25305.0
12,5,249,17.7,24474.0
13,5,249,17.1,23892.0
14,5,249,17.0,23959.0
15,5,249,18.4,24407.0
16,5,249,21.0,25785.0
17,5,249,24.1,28217.0
18,5,249,27.4,29406.0
19,5,249,30.5,30337.0
20,5,249,32.9,30463.0
21,5,249,33.4,30018.0
22,5,249,32.8,29233.0
23,5,249,32.4,29137.0
0,6,250,31.5,30471.0
1,6,250,29.8,32336.0
2,6,250,26.9,34324.0
3,6,250,24.5,34593.0
4,6,250,23.1,34152.0
5,6,250,22.3,33314.0
6,6,250,22.1,31961.0
7,6,250,21.8,30146.0
8,6,250,21.3,28161.0
9,6,250,20.7,26901.0
10,6,250,20.1,25606.0
11,6,250,19.5,24486.0
12,6,250,19.0,23669.0
13,6,250,18.4,23132.0
14,6,250,18.6,22653.0
15,6,250,20.7,23015.0
16,6,250,23.4,24545.0
17,6,250,26.7,27721.0
18,6,250,29.8,29451.0
19,6,250,32.3,30016.0
20,6,250,34.1,29554.0
21,6,250,34.8,28751.0
22,6,250,35.1,27939.0
23,6,250,34.9,29228.0
0,0,251,32.6,30325.0
1,0,251,29.6,32551.0
2,0,251,26.9,34831.0
3,0,251,25.2,35412.0
4,0,251,24.3,34861.0
5,0,251,23.6,33980.0
6,0,251,23.0,32520.0
7,0,251,22.7,30423.0
8,0,251,22.3,28084.0
9,0,251,21.7,26683.0
10,0,251,21.0,25786.0
11,0,251,20.4,25263.0
12,0,251,20.1,24589.0
13,0,251,18.9,24069.0
14,0,251,18.8,24527.0
15,0,251,20.3,26184.0
16,0,251,22.6,28423.0
17,0,251,25.5,31696.0
18,0,251,28.6,33038.0
19,0,251,31.0,33769.0
20,0,251,32.2,33446.0
21,0,251,32.1,32697.0
22,0,251,31.5,32193.0
23,0,251,30.1,32437.0
0,1,252,28.4,33294.0
1,1,252,25.9,35166.0
2,1,252,23.9,36444.0
3,1,252,22.3,36200.0
4,1,252,21.2,35348.0
5,1,252,20.5,34517.0
6,1,252,19.9,33323.0
7,1,252,19.6,31194.0
8,1,252,19.3,28771.0
9,1,252,19.0,27359.0
10,1,252,18.7,26157.0
11,1,252,18.6,25411.0
12,1,252,18.4,24690.0
13,1,252,17.9,24356.0
14,1,252,17.7,24856.0
15,1,252,18.6,26639.0
16,1,252,20.7,28717.0
17,1,252,22.8,32032.0
18,1,252,25.0,31792.0
19,1,252,27.0,32069.0
20,1,252,28.6,32017.0
21,1,252,29.6,31917.0
22,1,252,29.6,30669.0
23,1,252,28.4,30063.0
0,2,253,26.6,30730.0
1,2,253,24.9,32137.0
2,2,253,23.2,33240.0
3,2,253,22.1,32990.0
4,2,253,21.2,32736.0
5,2,253,20.6,32317.0
6,2,253,20.2,31250.0
7,2,253,19.9,29489.0
8,2,253,19.8,27652.0
9,2,253,19.8,26600.0
10,2,253,19.8,25425.0
11,2,253,19.9,24847.0
12,2,253,19.9,24469.0
13,2,253,19.9,24259.0
14,2,253,19.7,25019.0
15,2,253,20.1,26682.0
16,2,253,20.8,28283.0
17,2,253,21.8,30907.0
18,2,253,23.1,31504.0
19,2,253,25.7,31699.0
20,2,253,26.9,31217.0
21,2,253,27.9,31178.0
22,2,253,27.9,30611.0
23,2,253,26.9,30594.0
0,3,254,25.5,30385.0
1,3,254,23.7,30338.0
2,3,254,22.5,31393.0
3,3,254,21.8,31809.0
4,3,254,21.3,31779.0
5,3,254,20.8,31343.0
6,3,254,20.3,30352.0
7,3,254,19.9,28816.0
8,3,254,19.5,26964.0
9,3,254,19.2,25956.0
10,3,254,18.8,25024.0
11,3,254,18.4,24341.0
12,3,254,17.9,24123.0
13,3,254,17.9,23510.0
14,3,254,18.0,24256.0
15,3,254,19.4,25843.0
16,3,254,21.2,27377.0
17,3,254,23.0,29109.0
18,3,254,25.2,29805.0
19,3,254,27.2,29216.0
20,3,254,28.3,29236.0
21,3,254,27.8,29663.0
22,3,254,27.3,28833.0
23,3,254,27.0,28587.0
0,4,255,25.8,29648.0
1,4,255,24.0,30832.0
2,4,255,22.7,31321.0
3,4,255,21.8,31445.0
4,4,255,21.0,31509.0
5,4,255,20.4,31177.0
6,4,255,19.9,30285.0
7,4,255,19.6,28812.0
8,4,255,19.3,26874.0
9,4,255,19.0,26140.0
10,4,255,18.5,24919.0
11,4,255,18.2,23821.0
12,4,255,17.9,23645.0
13,4,255,18.4,23482.0
14,4,255,18.7,24039.0
15,4,255,19.1,25652.0
16,4,255,20.6,27213.0
17,4,255,22.8,30067.0
18,4,255,24.9,30674.0
19,4,255,27.0,30509.0
20,4,255,28.7,30023.0
21,4,255,30.0,29079.0
22,4,255,28.7,29171.0
23,4,255,27.0,28466.0
0,5,256,26.0,28836.0
1,5,256,24.4,29878.0
2,5,256,23.0,31123.0
3,5,256,22.0,31533.0
4,5,256,21.3,31282.0
5,5,256,20.8,30629.0
6,5,256,20.5,29653.0
7,5,256,20.2,28380.0
8,5,256,20.0,26723.0
9,5,256,19.8,25838.0
10,5,256,19.7,24593.0
11,5,256,19.6,23740.0
12,5,256,19.4,23113.0
13,5,256,19.5,22722.0
14,5,256,19.3,22753.0
15,5,256,19.5,23221.0
16,5,256,20.1,24588.0
17,5,256,21.6,27279.0
18,5,256,24.4,27962.0
19,5,256,26.8,28689.0
20,5,256,28.6,27987.0
21,5,256,29.0,27186.0
22,5,256,29.1,26637.0
23,5,256,27.8,25590.0
0,6,257,25.3,26219.0
1,6,257,22.2,27415.0
2,6,257,21.2,29063.0
3,6,257,20.9,29804.0
4,6,257,20.6,29756.0
5,6,257,20.1,29353.0
6,6,257,19.8,28533.0
7,6,257,19.7,27372.0
8,6,257,19.5,25919.0
9,6,257,19.2,24960.0
10,6,257,18.9,23636.0
11,6,257,18.4,22726.0
12,6,257,18.1,22178.0
13,6,257,18.4,21741.0
14,6,257,18.3,21715.0
15,6,257,19.1,22047.0
16,6,257,19.9,23003.0
17,6,257,21.4,25978.0
18,6,257,24.0,26679.0
19,6,257,26.3,27011.0
20,6,257,28.8,26118.0
21,6,257,30.7,24751.0
22,6,257,31.2,24951.0
23,6,257,30.0,24646.0
0,0,258,27.6,26314.0
1,0,258,24.9,28273.0
2,0,258,22.5,30746.0
3,0,258,21.1,31449.0
4,0,258,20.4,31364.0
5,0,258,20.2,30724.0
6,0,258,20.1,29612.0
7,0,258,19.8,28076.0
8,0,258,19.6,26071.0
9,0,258,19.2,25010.0
10,0,258,18.7,24013.0
11,0,258,18.4,23662.0
12,0,258,18.2,23128.0
13,0,258,18.4,22535.0
14,0,258,17.8,23686.0
15,0,258,18.6,25782.0
16,0,258,20.7,27506.0
17,0,258,23.8,30892.0
18,0,258,27.0,32435.0
19,0,258,30.2,32586.0
20,0,258,32.7,32027.0
21,0,258,33.5,31733.0
22,0,258,32.8,31125.0
23,0,258,31.6,31387.0
0,1,259,30.3,33384.0
1,1,259,28.9,35721.0
2,1,259,26.6,37885.0
3,1,259,24.6,37938.0
4,1,259,23.3,36821.0
5,1,259,22.1,35693.0
6,1,259,21.1,33663.0
7,1,259,20.4,31141.0
8,1,259,20.1,28672.0
9,1,259,19.7,27218.0
10,1,259,19.2,25789.0
11,1,259,19.0,25204.0
12,1,259,19.1,24795.0
13,1,259,18.2,24062.0
14,1,259,18.1,24816.0
15,1,259,20.4,26560.0
16,1,259,24.1,28279.0
17,1,259,27.3,32180.0
18,1,259,30.1,33779.0
19,1,259,32.2,33305.0
20,1,259,32.5,33720.0
21,1,259,34.9,34057.0
22,1,259,35.0,35425.0
23,1,259,34.5,37359.0
0,2,260,32.9,39305.0
1,2,260,29.6,40540.0
2,2,260,27.6,40961.0
3,2,260,26.2,40158.0
4,2,260,25.4,38910.0
5,2,260,23.6,37587.0
6,2,260,23.6,35579.0
7,2,260,23.4,32991.0
8,2,260,22.7,30338.0
9,2,260,22.2,28882.0
10,2,260,22.1,27402.0
11,2,260,21.9,26553.0
12,2,260,21.7,26046.0
13,2,260,22.0,25905.0
14,2,260,22.2,25821.0
15,2,260,25.9,27607.0
16,2,260,27.5,29224.0
17,2,260,28.3,32769.0
18,2,260,30.3,34522.0
19,2,260,31.8,35532.0
20,2,260,33.7,35932.0
21,2,260,33.2,37005.0
22,2,260,32.4,37250.0
23,2,260,31.2,38314.0
0,3,261,28.4,39337.0
1,3,261,23.7,39236.0
2,3,261,23.2,38341.0
3,3,261,22.2,37262.0
4,3,261,21.7,36594.0
5,3,261,21.9,35263.0
6,3,261,22.2,33982.0
7,3,261,22.6,32228.0
8,3,261,22.8,29936.0
9,3,261,22.7,28680.0
10,3,261,21.8,27648.0
11,3,261,21.4,27017.0
12,3,261,21.2,26477.0
13,3,261,21.2,25952.0
14,3,261,20.7,26428.0
15,3,261,21.1,27887.0
16,3,261,22.0,28993.0
17,3,261,23.6,29931.0
18,3,261,25.5,31041.0
19,3,261,26.4,31739.0
20,3,261,27.4,32969.0
21,3,261,24.6,33523.0
22,3,261,25.8,33756.0
23,3,261,25.6,33506.0
0,4,262,24.8,34691.0
1,4,262,25.1,34467.0
2,4,262,23.6,34186.0
3,4,262,23.0,34055.0
4,4,262,22.4,33816.0
5,4,262,22.1,33062.0
6,4,262,22.1,32208.0
7,4,262,21.9,30579.0
8,4,262,21.6,28681.0
9,4,262,21.3,27282.0
10,4,262,21.4,25829.0
11,4,262,21.1,24857.0
12,4,262,20.9,24551.0
13,4,262,20.6,24176.0
14,4,262,20.5,24997.0
15,4,262,21.0,26598.0
16,4,262,22.3,27667.0
17,4,262,23.9,28523.0
18,4,262,25.2,29904.0
19,4,262,26.3,31027.0
20,4,262,27.3,31784.0
21,4,262,27.5,32140.0
22,4,262,26.4,32564.0
23,4,262,25.7,32268.0
0,5,263,24.8,33182.0
1,5,263,23.8,34410.0
2,5,263,22.3,34952.0
3,5,263,21.5,34604.0
4,5,263,21.1,33551.0
5,5,263,20.5,32549.0
6,5,263,20.2,31696.0
7,5,263,19.7,30307.0
8,5,263,19.2,28316.0
9,5,263,19.1,26968.0
10,5,263,19.1,25481.0
11,5,263,18.9,24310.0
12,5,263,18.7,23713.0
13,5,263,18.5,23237.0
14,5,263,18.5,23451.0
15,5,263,19.0,23762.0
16,5,263,20.3,24711.0
17,5,263,22.5,27693.0
18,5,263,24.6,28936.0
19,5,263,26.3,29107.0
20,5,263,27.4,28961.0
21,5,263,27.8,29059.0
22,5,263,27.7,28584.0
23,5,263,27.1,29316.0
0,6,264,25.8,31198.0
1,6,264,23.6,32202.0
2,6,264,22.0,33302.0
3,6,264,21.1,33067.0
4,6,264,20.4,32039.0
5,6,264,19.7,31205.0
6,6,264,19.3,30111.0
7,6,264,18.8,28783.0
8,6,264,18.5,27041.0
9,6,264,18.4,25931.0
10,6,264,18.3,24565.0
11,6,264,18.2,23396.0
12,6,264,18.3,22741.0
13,6,264,17.8,22152.0
14,6,264,17.3,22063.0
15,6,264,18.5,22269.0
16,6,264,19.5,23784.0
17,6,264,21.7,26302.0
18,6,264,24.1,28328.0
19,6,264,24.2,28851.0
20,6,264,24.3,28219.0
21,6,264,25.2,27486.0
22,6,264,26.7,27402.0
23,6,264,26.9,26778.0
0,0,265,27.2,27319.0
1,0,265,25.0,28397.0
2,0,265,22.9,30470.0
3,0,265,21.6,31091.0
4,0,265,21.4,31050.0
5,0,265,20.8,30388.0
6,0,265,20.1,29426.0
7,0,265,19.4,27946.0
8,0,265,19.0,26268.0
9,0,265,18.6,25206.0
10,0,265,18.2,23906.0
11,0,265,18.0,23639.0
12,0,265,17.9,23101.0
13,0,265,18.4,22884.0
14,0,265,18.8,23762.0
15,0,265,19.6,25662.0
16,0,265,20.6,26578.0
17,0,265,22.7,28006.0
18,0,265,25.1,30582.0
19,0,265,27.0,31395.0
20,0,265,28.6,31808.0
21,0,265,29.9,32619.0
22,0,265,30.0,32895.0
23,0,265,28.6,33083.0
0,1,266,26.9,34713.0
1,1,266,25.1,36141.0
2,1,266,23.7,36691.0
3,1,266,22.4,36711.0
4,1,266,21.5,35861.0
5,1,266,20.5,34570.0
6,1,266,20.1,33137.0
7,1,266,19.9,30896.0
8,1,266,19.8,28645.0
9,1,266,19.9,27440.0
10,1,266,19.7,25786.0
11,1,266,19.6,25090.0
12,1,266,19.7,24318.0
13,1,266,19.0,24110.0
14,1,266,19.1,24770.0
15,1,266,20.6,26673.0
16,1,266,22.8,28461.0
17,1,266,25.9,31161.0
18,1,266,28.9,33152.0
19,1,266,30.9,34132.0
20,1,266,32.5,34514.0
21,1,266,31.7,34835.0
22,1,266,29.9,35387.0
23,1,266,29.0,36285.0
0,2,267,26.3,37874.0
1,2,267,25.0,38749.0
2,2,267,24.3,39456.0
3,2,267,23.8,38618.0
4,2,267,23.2,37439.0
5,2,267,22.5,36401.0
6,2,267,22.5,34880.0
7,2,267,21.7,32483.0
8,2,267,21.1,30143.0
9,2,267,21.2,28725.0
10,2,267,21.0,27021.0
11,2,267,20.9,25979.0
12,2,267,20.9,25670.0
13,2,267,20.9,25012.0
14,2,267,20.7,25848.0
15,2,267,21.3,27592.0
16,2,267,23.2,29074.0
17,2,267,25.5,30540.0
18,2,267,27.8,32662.0
19,2,267,29.6,33392.0
20,2,267,30.5,34228.0
21,2,267,30.7,35003.0
22,2,267,30.1,35074.0
23,2,267,29.3,35649.0
0,3,268,27.8,35513.0
1,3,268,25.4,35943.0
2,3,268,23.8,36057.0
3,3,268,23.3,35088.0
4,3,268,22.7,34612.0
5,3,268,22.1,33310.0
6,3,268,21.5,32489.0
7,3,268,21.0,30477.0
8,3,268,20.5,28429.0
9,3,268,20.1,26982.0
10,3,268,19.8,25594.0
11,3,268,19.4,24426.0
12,3,268,19.3,23950.0
13,3,268,18.5,23753.0
14,3,268,18.3,24658.0
15,3,268,18.9,26349.0
16,3,268,20.8,27840.0
17,3,268,23.2,29252.0
18,3,268,25.3,31457.0
19,3,268,27.4,31224.0
20,3,268,29.0,31456.0
21,3,268,29.4,31226.0
22,3,268,29.2,30972.0
23,3,268,27.4,31623.0
0,4,269,26.0,31950.0
1,4,269,22.8,32493.0
2,4,269,20.9,32901.0
3,4,269,19.8,32375.0
4,4,269,19.5,31673.0
5,4,269,19.3,30979.0
6,4,269,19.1,30044.0
7,4,269,19.2,28667.0
8,4,269,19.0,26625.0
9,4,269,19.1,25603.0
10,4,269,19.1,24536.0
11,4,269,19.1,24292.0
12,4,269,19.2,24034.0
13,4,269,19.3,23456.0
14,4,269,19.4,24007.0
15,4,269,19.6,25641.0
16,4,269,20.3,26920.0
17,4,269,21.2,29313.0
18,4,269,22.0,31317.0
19,4,269,24.1,31510.0
20,4,269,25.7,31565.0
21,4,269,27.0,31062.0
22,4,269,27.6,29672.0
23,4,269,26.4,29136.0
0,5,270,24.9,29034.0
1,5,270,22.3,30070.0
2,5,270,21.6,30566.0
3,5,270,21.5,30903.0
4,5,270,20.9,30431.0
5,5,270,20.4,29943.0
6,5,270,19.9,29354.0
7,5,270,19.7,28165.0
8,5,270,19.6,26537.0
9,5,270,19.5,25461.0
10,5,270,19.4,24091.0
11,5,270,19.4,23112.0
12,5,270,19.3,22501.0
13,5,270,19.5,22480.0
14,5,270,19.4,22517.0
15,5,270,19.7,23236.0
16,5,270,20.2,24014.0
17,5,270,21.3,26699.0
18,5,270,22.4,28169.0
19,5,270,23.9,28711.0
20,5,270,25.6,28426.0
21,5,270,26.1,27758.0
22,5,270,26.9,27779.0
23,5,270,26.3,26763.0
0,6,271,24.9,26962.0
1,6,271,23.1,26813.0
2,6,271,22.2,27891.0
3,6,271,21.4,28451.0
4,6,271,20.8,28456.0
5,6,271,20.5,28048.0
6,6,271,20.0,27383.0
7,6,271,19.6,26371.0
8,6,271,19.4,25044.0
9,6,271,19.1,24205.0
10,6,271,18.6,23039.0
11,6,271,18.3,22255.0
12,6,271,18.1,21909.0
13,6,271,20.5,21550.0
14,6,271,20.4,21607.0
15,6,271,20.8,21790.0
16,6,271,21.6,22535.0
17,6,271,22.6,25464.0
18,6,271,23.6,27260.0
19,6,271,25.3,27689.0
20,6,271,26.9,28220.0
21,6,271,27.9,26897.0
22,6,271,27.3,26077.0
23,6,271,26.0,25330.0
0,0,272,24.9,25298.0
1,0,272,23.1,26559.0
2,0,272,21.7,27533.0
3,0,272,21.3,28579.0
4,0,272,21.0,28629.0
5,0,272,20.5,28103.0
6,0,272,20.0,27328.0
7,0,272,19.6,25991.0
8,0,272,19.1,24673.0
9,0,272,18.7,23899.0
10,0,272,18.3,23142.0
11,0,272,18.1,22879.0
12,0,272,17.8,22570.0
13,0,272,17.4,22248.0
14,0,272,17.1,23155.0
15,0,272,18.6,25031.0
16,0,272,20.7,26874.0
17,0,272,22.7,29284.0
18,0,272,24.9,30213.0
19,0,272,26.7,30344.0
20,0,272,27.9,30184.0
21,0,272,27.8,30853.0
22,0,272,26.9,30606.0
23,0,272,25.8,30339.0
0,1,273,24.6,30691.0
1,1,273,21.9,30357.0
2,1,273,21.1,30877.0
3,1,273,20.5,30965.0
4,1,273,19.9,30653.0
5,1,273,19.5,29664.0
6,1,273,19.1,28631.0
7,1,273,19.1,27219.0
8,1,273,18.9,25384.0
9,1,273,18.4,24579.0
10,1,273,18.7,23789.0
11,1,273,18.8,23383.0
12,1,273,18.7,23145.0
13,1,273,18.5,22979.0
14,1,273,18.4,23757.0
15,1,273,18.8,25730.0
16,1,273,20.2,27074.0
17,1,273,21.8,29412.0
18,1,273,23.4,30779.0
19,1,273,24.5,29914.0
20,1,273,25.6,29555.0
21,1,273,26.2,29237.0
22,1,273,25.7,29714.0
23,1,273,24.7,29664.0
0,2,274,24.1,29650.0
1,2,274,22.7,29801.0
2,2,274,21.3,29959.0
3,2,274,20.6,30466.0
4,2,274,19.9,30095.0
5,2,274,19.5,29504.0
6,2,274,19.2,28673.0
7,2,274,19.2,27275.0
8,2,274,18.8,25530.0
9,2,274,18.3,24832.0
10,2,274,18.0,23936.0
11,2,274,17.9,23837.0
12,2,274,17.0,23304.0
13,2,274,16.7,22582.0
14,2,274,16.5,23428.0
15,2,274,18.0,25130.0
16,2,274,20.0,26573.0
17,2,274,22.0,29171.0
18,2,274,23.6,31102.0
19,2,274,25.7,30899.0
20,2,274,27.0,30295.0
21,2,274,27.4,29519.0
22,2,274,26.9,29328.0
23,2,274,25.7,29674.0
0,3,275,24.2,29953.0
1,3,275,22.5,30119.0
2,3,275,21.2,30285.0
3,3,275,20.4,31123.0
4,3,275,19.9,30832.0
5,3,275,19.4,29624.0
6,3,275,19.0,28832.0
7,3,275,18.6,27397.0
8,3,275,18.1,25730.0
9,3,275,17.8,25015.0
10,3,275,17.2,23924.0
11,3,275,16.8,23587.0
12,3,275,16.3,23127.0
13,3,275,15.9,22917.0
14,3,275,15.6,23598.0
15,3,275,17.2,25245.0
16,3,275,19.1,26441.0
17,3,275,21.5,27975.0
18,3,275,23.4,29670.0
19,3,275,25.6,29641.0
20,3,275,26.9,29568.0
21,3,275,27.9,29091.0
22,3,275,27.8,29564.0
23,3,275,26.9,29811.0
0,4,276,24.9,29596.0
1,4,276,23.2,29602.0
2,4,276,22.2,29963.0
3,4,276,21.5,30580.0
4,4,276,20.6,30297.0
5,4,276,19.9,29321.0
6,4,276,19.8,28789.0
7,4,276,19.4,27629.0
8,4,276,19.0,25612.0
9,4,276,18.7,24732.0
10,4,276,18.4,23696.0
11,4,276,18.2,23012.0
12,4,276,18.2,23061.0
13,4,276,17.9,22741.0
14,4,276,17.9,23823.0
15,4,276,18.6,25179.0
16,4,276,20.0,26177.0
17,4,276,20.6,27725.0
18,4,276,21.4,29335.0
19,4,276,23.1,29450.0
20,4,276,25.0,29728.0
21,4,276,25.9,29371.0
22,4,276,25.6,28887.0
23,4,276,24.3,28479.0
0,5,277,23.5,27483.0
1,5,277,22.5,27088.0
2,5,277,21.0,27405.0
3,5,277,20.0,28230.0
4,5,277,19.3,27996.0
5,5,277,19.0,27315.0
6,5,277,18.5,26748.0
7,5,277,17.9,25752.0
8,5,277,18.7,24486.0
9,5,277,17.9,24030.0
10,5,277,16.7,22755.0
11,5,277,15.8,22106.0
12,5,277,15.1,21458.0
13,5,277,15.5,21097.0
14,5,277,15.3,21482.0
15,5,277,16.5,22214.0
16,5,277,18.3,22628.0
17,5,277,20.1,23513.0
18,5,277,21.9,24161.0
19,5,277,23.6,23343.0
20,5,277,25.4,22784.0
21,5,277,26.7,22557.0
22,5,277,27.3,22482.0
23,5,277,25.9,21708.0
0,6,278,23.7,22588.0
1,6,278,22.3,23603.0
2,6,278,20.9,25113.0
3,6,278,19.9,26796.0
4,6,278,19.2,26744.0
5,6,278,18.6,26061.0
6,6,278,18.2,25603.0
7,6,278,17.8,24432.0
8,6,278,17.6,23218.0
9,6,278,17.2,22525.0
10,6,278,16.9,21564.0
11,6,278,16.4,20971.0
12,6,278,16.9,20353.0
13,6,278,15.8,20197.0
14,6,278,15.3,20575.0
15,6,278,17.0,20769.0
16,6,278,19.0,21323.0
17,6,278,20.9,22436.0
18,6,278,22.5,23504.0
19,6,278,24.7,23375.0
20,6,278,26.4,23820.0
21,6,278,27.5,23781.0
22,6,278,27.5,23815.0
23,6,278,26.8,23221.0
0,0,279,25.2,23117.0
1,0,279,22.4,24161.0
2,0,279,20.4,26301.0
3,0,279,19.6,28013.0
4,0,279,19.1,28025.0
5,0,279,18.8,27122.0
6,0,279,18.6,26302.0
7,0,279,18.2,24917.0
8,0,279,17.7,23515.0
9,0,279,17.1,22522.0
10,0,279,16.5,21440.0
11,0,279,16.0,20750.0
12,0,279,15.6,20511.0
13,0,279,15.3,21279.0
14,0,279,15.3,21851.0
15,0,279,16.4,23723.0
16,0,279,17.8,25226.0
17,0,279,20.0,27590.0
18,0,279,21.0,28718.0
19,0,279,24.2,28243.0
20,0,279,26.4,28437.0
21,0,279,27.7,27612.0
22,0,279,27.6,26957.0
23,0,279,26.0,27140.0
0,1,280,23.6,27702.0
1,1,280,21.4,28528.0
2,1,280,19.8,29693.0
3,1,280,19.1,30600.0
4,1,280,18.8,30173.0
5,1,280,18.6,28903.0
6,1,280,18.2,27890.0
7,1,280,17.9,26087.0
8,1,280,17.3,24438.0
9,1,280,16.6,23577.0
10,1,280,16.0,22474.0
11,1,280,15.8,22138.0
12,1,280,15.6,21834.0
13,1,280,15.4,21339.0
14,1,280,15.3,22359.0
15,1,280,15.4,24220.0
16,1,280,15.8,25657.0
17,1,280,17.9,28156.0
18,1,280,20.4,28911.0
19,1,280,23.2,28631.0
20,1,280,25.2,28587.0
21,1,280,26.5,27713.0
22,1,280,26.7,27120.0
23,1,280,25.8,27888.0
0,2,281,23.4,27935.0
1,2,281,21.3,28722.0
2,2,281,19.4,29935.0
3,2,281,18.5,30811.0
4,2,281,18.4,30384.0
5,2,281,18.2,29028.0
6,2,281,17.7,27978.0
7,2,281,17.0,26381.0
8,2,281,16.5,24511.0
9,2,281,16.0,23670.0
10,2,281,15.6,22733.0
11,2,281,15.3,22199.0
12,2,281,15.1,22229.0
13,2,281,15.2,22377.0
14,2,281,15.1,22422.0
15,2,281,15.6,24642.0
16,2,281,16.3,25680.0
17,2,281,18.9,27445.0
18,2,281,20.9,30236.0
19,2,281,23.6,30490.0
20,2,281,24.9,29652.0
21,2,281,25.4,28250.0
22,2,281,24.9,27382.0
23,2,281,24.2,26716.0
0,3,282,23.2,26782.0
1,3,282,21.1,27195.0
2,3,282,19.6,28588.0
3,3,282,18.8,29222.0
4,3,282,18.3,28939.0
5,3,282,17.9,27964.0
6,3,282,17.1,27102.0
7,3,282,16.5,25890.0
8,3,282,15.9,24101.0
9,3,282,15.4,23407.0
10,3,282,15.2,22557.0
11,3,282,14.7,22079.0
12,3,282,14.6,21733.0
13,3,282,14.2,21920.0
14,3,282,13.7,22199.0
15,3,282,15.2,24316.0
16,3,282,17.8,25132.0
17,3,282,20.9,26179.0
18,3,282,24.0,28513.0
19,3,282,26.7,28616.0
20,3,282,27.7,28068.0
21,3,282,29.5,26902.0
22,3,282,30.1,26732.0
23,3,282,29.0,26590.0
0,4,283,27.3,26826.0
1,4,283,25.4,26975.0
2,4,283,23.7,28212.0
3,4,283,23.1,29122.0
4,4,283,22.2,29285.0
5,4,283,20.9,28236.0
6,4,283,20.3,27545.0
7,4,283,20.0,26072.0
8,4,283,19.9,24452.0
9,4,283,19.6,23837.0
10,4,283,19.1,22935.0
11,4,283,19.2,22239.0
12,4,283,19.4,22214.0
13,4,283,18.6,22197.0
14,4,283,18.6,22903.0
15,4,283,20.4,24363.0
16,4,283,22.9,25285.0
17,4,283,26.0,25278.0
18,4,283,29.1,26435.0
19,4,283,29.6,27448.0
20,4,283,31.0,27352.0
21,4,283,26.5,27219.0
22,4,283,25.3,26799.0
23,4,283,26.2,27107.0
0,5,284,27.1,27534.0
1,5,284,25.5,28332.0
2,5,284,26.0,29183.0
3,5,284,25.3,29724.0
4,5,284,24.7,29317.0
5,5,284,23.8,28581.0
6,5,284,22.5,27939.0
7,5,284,21.7,27103.0
8,5,284,20.5,25199.0
9,5,284,20.1,24047.0
10,5,284,19.5,22884.0
11,5,284,19.1,22048.0
12,5,284,18.7,21331.0
13,5,284,17.4,21545.0
14,5,284,16.2,21171.0
15,5,284,17.2,21908.0
16,5,284,19.6,22240.0
17,5,284,22.5,23049.0
18,5,284,24.2,24077.0
19,5,284,26.2,24331.0
20,5,284,27.9,24605.0
21,5,284,28.8,24575.0
22,5,284,28.9,24157.0
23,5,284,28.0,24452.0
0,6,285,26.1,24895.0
1,6,285,24.3,24788.0
2,6,285,23.1,25606.0
3,6,285,22.3,26366.0
4,6,285,21.3,26722.0
5,6,285,20.3,25759.0
6,6,285,18.9,25111.0
7,6,285,17.8,24261.0
8,6,285,16.9,22966.0
9,6,285,16.4,22141.0
10,6,285,15.9,21238.0
11,6,285,15.5,20761.0
12,6,285,16.1,20459.0
13,6,285,15.3,20148.0
14,6,285,14.6,20046.0
15,6,285,15.0,20847.0
16,6,285,17.0,20843.0
17,6,285,19.2,22261.0
18,6,285,20.9,24054.0
19,6,285,23.7,24150.0
20,6,285,25.4,23419.0
21,6,285,26.9,22459.0
22,6,285,27.5,22458.0
23,6,285,27.0,22471.0
0,0,286,24.3,22111.0
1,0,286,22.1,22992.0
2,0,286,20.5,24818.0
3,0,286,19.3,25970.0
4,0,286,18.6,26144.0
5,0,286,18.0,25446.0
6,0,286,17.4,24702.0
7,0,286,17.1,23581.0
8,0,286,16.3,22071.0
9,0,286,16.1,21718.0
10,0,286,16.0,20981.0
11,0,286,15.9,20461.0
12,0,286,16.4,20288.0
13,0,286,16.4,20735.0
14,0,286,16.5,21227.0
15,0,286,16.6,22943.0
16,0,286,17.7,24344.0
17,0,286,19.4,26547.0
18,0,286,20.0,26523.0
19,0,286,21.3,27311.0
20,0,286,22.1,27451.0
21,0,286,21.9,27732.0
22,0,286,22.3,27609.0
23,0,286,21.4,27215.0
0,1,287,19.8,26308.0
1,1,287,18.7,26007.0
2,1,287,17.8,26080.0
3,1,287,17.5,26782.0
4,1,287,16.7,26760.0
5,1,287,16.1,26055.0
6,1,287,15.7,25242.0
7,1,287,15.3,24185.0
8,1,287,15.4,22857.0
9,1,287,15.8,22184.0
10,1,287,15.6,21482.0
11,1,287,15.3,21096.0
12,1,287,14.9,20967.0
13,1,287,14.5,21017.0
14,1,287,14.4,21814.0
15,1,287,14.5,23696.0
16,1,287,15.0,25113.0
17,1,287,15.3,25856.0
18,1,287,14.6,25930.0
19,1,287,14.3,26548.0
20,1,287,14.9,26578.0
21,1,287,15.8,27459.0
22,1,287,16.3,27708.0
23,1,287,16.9,28386.0
0,2,288,16.3,27997.0
1,2,288,15.8,26461.0
2,2,288,14.7,25218.0
3,2,288,14.0,25953.0
4,2,288,13.5,26035.0
5,2,288,13.2,25384.0
6,2,288,12.7,24810.0
7,2,288,13.3,23812.0
8,2,288,13.3,22661.0
9,2,288,13.2,22020.0
10,2,288,12.5,21388.0
11,2,288,12.2,21137.0
12,2,288,12.7,21087.0
13,2,288,11.5,20616.0
14,2,288,11.1,21076.0
15,2,288,12.4,23348.0
16,2,288,14.5,24582.0
17,2,288,16.4,25389.0
18,2,288,17.7,26576.0
19,2,288,18.7,26837.0
20,2,288,19.5,26918.0
21,2,288,19.9,25901.0
22,2,288,19.5,25594.0
23,2,288,18.7,25487.0
0,3,289,18.1,24610.0
1,3,289,16.7,23559.0
2,3,289,15.3,24240.0
3,3,289,14.4,25630.0
4,3,289,13.5,26059.0
5,3,289,12.9,25262.0
6,3,289,12.2,25048.0
7,3,289,12.3,23759.0
8,3,289,12.1,22537.0
9,3,289,11.5,22319.0
10,3,289,10.9,21387.0
11,3,289,10.3,20555.0
12,3,289,9.8,20405.0
13,3,289,9.7,20643.0
14,3,289,9.4,21614.0
15,3,289,10.6,23412.0
16,3,289,13.7,24763.0
17,3,289,15.9,25984.0
18,3,289,18.5,26764.0
19,3,289,20.4,25941.0
20,3,289,21.8,26077.0
21,3,289,22.8,26079.0
22,3,289,23.2,25167.0
23,3,289,22.7,24717.0
0,4,290,21.9,24197.0
1,4,290,19.5,23232.0
2,4,290,18.0,24908.0
3,4,290,17.1,26484.0
4,4,290,15.8,26640.0
5,4,290,14.3,25906.0
6,4,290,13.4,25080.0
7,4,290,13.3,24054.0
8,4,290,12.9,22706.0
9,4,290,12.4,21928.0
10,4,290,11.8,20991.0
11,4,290,11.0,20668.0
12,4,290,10.5,20519.0
13,4,290,10.1,20225.0
14,4,290,10.0,21243.0
15,4,290,11.1,23474.0
16,4,290,15.1,24549.0
17,4,290,18.3,25196.0
18,4,290,21.2,26582.0
19,4,290,23.3,26791.0
20,4,290,25.0,26055.0
21,4,290,26.0,25462.0
22,4,290,25.8,24885.0
23,4,290,24.7,24352.0
0,5,291,23.1,24228.0
1,5,291,21.0,24552.0
2,5,291,20.5,26117.0
3,5,291,19.1,26777.0
4,5,291,16.7,26747.0
5,5,291,15.0,25749.0
6,5,291,14.8,25321.0
7,5,291,14.6,24142.0
8,5,291,14.2,23097.0
9,5,291,13.4,22584.0
10,5,291,12.7,21604.0
11,5,291,12.6,20868.0
12,5,291,12.8,20288.0
13,5,291,12.0,20135.0
14,5,291,11.7,20550.0
15,5,291,13.7,21343.0
16,5,291,17.4,21987.0
17,5,291,20.3,24098.0
18,5,291,23.2,25492.0
19,5,291,25.7,24514.0
20,5,291,27.3,24515.0
21,5,291,28.2,24239.0
22,5,291,28.8,24296.0
23,5,291,28.5,23237.0
0,6,292,27.7,23096.0
1,6,292,23.6,23710.0
2,6,292,21.5,25323.0
3,6,292,20.6,26200.0
4,6,292,19.3,25939.0
5,6,292,17.2,25087.0
6,6,292,15.6,24370.0
7,6,292,15.6,23538.0
8,6,292,15.7,22472.0
9,6,292,16.4,22102.0
10,6,292,16.7,21114.0
11,6,292,16.6,20296.0
12,6,292,18.2,19978.0
13,6,292,16.9,19713.0
14,6,292,16.3,19806.0
15,6,292,16.8,20356.0
16,6,292,18.7,20812.0
17,6,292,20.2,22883.0
18,6,292,22.3,24145.0
19,6,292,24.3,23922.0
20,6,292,26.0,24575.0
21,6,292,27.3,24532.0
22,6,292,27.9,22690.0
23,6,292,27.2,22951.0
0,0,293,24.8,22981.0
1,0,293,21.7,23563.0
2,0,293,20.3,25927.0
3,0,293,19.5,26729.0
4,0,293,18.8,26627.0
5,0,293,17.9,25683.0
6,0,293,16.5,25021.0
7,0,293,16.2,23831.0
8,0,293,16.3,22197.0
9,0,293,16.4,21879.0
10,0,293,16.2,21748.0
11,0,293,15.8,21385.0
12,0,293,16.1,21289.0
13,0,293,15.2,20529.0
14,0,293,14.3,21674.0
15,0,293,15.0,24063.0
16,0,293,17.3,25101.0
17,0,293,19.5,26406.0
18,0,293,22.2,28202.0
19,0,293,24.9,27656.0
20,0,293,26.9,27510.0
21,0,293,28.1,26804.0
22,0,293,28.7,25461.0
23,0,293,28.4,24836.0
0,1,294,26.7,25212.0
1,1,294,23.2,26871.0
2,1,294,21.1,28635.0
3,1,294,20.1,29024.0
4,1,294,19.1,28364.0
5,1,294,17.7,27229.0
6,1,294,16.4,26186.0
7,1,294,16.5,24973.0
8,1,294,16.5,23347.0
9,1,294,16.2,22440.0
10,1,294,16.5,22014.0
11,1,294,16.6,21462.0
12,1,294,16.6,20984.0
13,1,294,15.4,21144.0
14,1,294,15.4,21888.0
15,1,294,16.2,23942.0
16,1,294,18.6,25039.0
17,1,294,20.2,26830.0
18,1,294,22.1,28040.0
19,1,294,25.2,27655.0
20,1,294,27.6,28179.0
21,1,294,27.5,26556.0
22,1,294,26.0,26191.0
23,1,294,24.2,26401.0
0,2,295,23.0,26615.0
1,2,295,20.6,26626.0
2,2,295,19.4,27380.0
3,2,295,18.5,28200.0
4,2,295,17.6,28196.0
5,2,295,17.3,27072.0
6,2,295,16.5,26435.0
7,2,295,17.0,25068.0
8,2,295,16.0,23397.0
9,2,295,15.2,22532.0
10,2,295,14.6,21629.0
11,2,295,14.0,21672.0
12,2,295,14.0,21756.0
13,2,295,14.2,21424.0
14,2,295,14.7,21762.0
15,2,295,15.7,23854.0
16,2,295,16.5,25394.0
17,2,295,17.7,26146.0
18,2,295,19.1,27217.0
19,2,295,21.4,27387.0
20,2,295,22.9,28038.0
21,2,295,23.5,27291.0
22,2,295,22.7,27906.0
23,2,295,21.8,29785.0
0,3,296,20.9,28950.0
1,3,296,19.5,26185.0
2,3,296,18.5,26461.0
3,3,296,18.0,27176.0
4,3,296,17.3,27072.0
5,3,296,16.6,25917.0
6,3,296,16.0,25761.0
7,3,296,15.8,24461.0
8,3,296,15.4,23044.0
9,3,296,14.9,22597.0
10,3,296,14.5,21920.0
11,3,296,14.1,21348.0
12,3,296,13.6,20859.0
13,3,296,13.5,20971.0
14,3,296,13.4,21866.0
15,3,296,14.0,24074.0
16,3,296,15.5,24951.0
17,3,296,17.2,26530.0
18,3,296,18.6,28194.0
19,3,296,20.8,27160.0
20,3,296,22.8,26949.0
21,3,296,24.4,26427.0
22,3,296,25.0,26495.0
23,3,296,24.7,26284.0
0,4,297,23.0,26030.0
1,4,297,20.7,25221.0
2,4,297,18.8,26207.0
3,4,297,17.8,26895.0
4,4,297,17.2,26829.0
5,4,297,16.7,25848.0
6,4,297,16.1,25224.0
7,4,297,15.9,24040.0
8,4,297,15.6,22587.0
9,4,297,15.4,22020.0
10,4,297,15.2,21161.0
11,4,297,14.6,21025.0
12,4,297,14.8,20669.0
13,4,297,13.8,20604.0
14,4,297,13.9,21415.0
15,4,297,14.9,23435.0
16,4,297,17.2,24686.0
17,4,297,19.6,25842.0
18,4,297,22.0,27730.0
19,4,297,24.3,27404.0
20,4,297,26.4,26777.0
21,4,297,27.7,26122.0
22,4,297,27.8,26382.0
23,4,297,25.8,26515.0
0,5,298,22.4,26432.0
1,5,298,20.2,25874.0
2,5,298,18.8,26322.0
3,5,298,17.7,27475.0
4,5,298,16.8,27294.0
5,5,298,16.5,25932.0
6,5,298,16.1,25526.0
7,5,298,16.2,24492.0
8,5,298,16.0,22969.0
9,5,298,16.1,22282.0
10,5,298,15.9,21565.0
11,5,298,15.6,20746.0
12,5,298,15.5,20366.0
13,5,298,15.4,20058.0
14,5,298,15.3,20462.0
15,5,298,15.3,21083.0
16,5,298,15.7,21975.0
17,5,298,16.6,23684.0
18,5,298,17.4,26379.0
19,5,298,20.0,26750.0
20,5,298,21.6,26460.0
21,5,298,22.9,26837.0
22,5,298,23.5,25951.0
23,5,298,23.6,25178.0
0,6,299,22.1,25158.0
1,6,299,19.4,23353.0
2,6,299,17.6,24343.0
3,6,299,16.5,25287.0
4,6,299,15.9,25133.0
5,6,299,15.5,24193.0
6,6,299,15.2,23707.0
7,6,299,15.0,22882.0
8,6,299,14.7,21940.0
9,6,299,14.3,21251.0
10,6,299,14.2,20357.0
11,6,299,13.7,19842.0
12,6,299,14.7,19322.0
13,6,299,14.3,19282.0
14,6,299,14.3,19246.0
15,6,299,14.1,20049.0
16,6,299,14.3,20530.0
17,6,299,15.4,22520.0
18,6,299,18.5,24183.0
19,6,299,20.8,24203.0
20,6,299,22.7,24729.0
21,6,299,23.5,24508.0
22,6,299,23.5,24347.0
23,6,299,22.9,24231.0
0,0,300,21.9,23781.0
1,0,300,20.2,22854.0
2,0,300,18.7,23893.0
3,0,300,17.7,25305.0
4,0,300,17.2,25259.0
5,0,300,16.7,24376.0
6,0,300,15.4,24181.0
7,0,300,15.3,23212.0
8,0,300,14.9,22104.0
9,0,300,14.5,21341.0
10,0,300,14.1,20762.0
11,0,300,13.8,20651.0
12,0,300,14.3,21062.0
13,0,300,14.4,20359.0
14,0,300,14.4,20901.0
15,0,300,14.1,23001.0
16,0,300,15.1,24318.0
17,0,300,17.1,26253.0
18,0,300,17.6,29646.0
19,0,300,19.3,29129.0
20,0,300,20.5,28087.0
21,0,300,22.2,27413.0
22,0,300,23.0,25878.0
23,0,300,22.4,25991.0
0,1,301,21.0,25666.0
1,1,301,18.9,24501.0
2,1,301,17.5,26186.0
3,1,301,16.6,27399.0
4,1,301,16.1,27111.0
5,1,301,15.7,26065.0
6,1,301,15.1,25319.0
7,1,301,14.9,24142.0
8,1,301,14.5,22618.0
9,1,301,14.1,21968.0
10,1,301,13.6,21470.0
11,1,301,13.3,21027.0
12,1,301,13.0,21150.0
13,1,301,11.8,20905.0
14,1,301,11.3,21332.0
15,1,301,12.0,23596.0
16,1,301,16.5,25059.0
17,1,301,20.8,26505.0
18,1,301,24.7,28354.0
19,1,301,27.9,28151.0
20,1,301,30.3,27390.0
21,1,301,31.9,27069.0
22,1,301,32.9,26513.0
23,1,301,32.8,26936.0
0,2,302,31.4,26660.0
1,2,302,27.4,27020.0
2,2,302,24.8,28314.0
3,2,302,22.3,28638.0
4,2,302,21.3,28177.0
5,2,302,20.1,27202.0
6,2,302,20.6,26176.0
7,2,302,19.1,24858.0
8,2,302,17.6,23162.0
9,2,302,15.5,22469.0
10,2,302,14.0,21525.0
11,2,302,13.1,21407.0
12,2,302,15.6,21260.0
13,2,302,15.2,21427.0
14,2,302,13.9,21616.0
15,2,302,14.0,23789.0
16,2,302,17.1,25185.0
17,2,302,22.4,27098.0
18,2,302,27.3,28526.0
19,2,302,30.6,28125.0
20,2,302,32.6,28354.0
21,2,302,34.1,27915.0
22,2,302,34.7,27436.0
23,2,302,33.9,28058.0
0,3,303,30.3,28427.0
1,3,303,27.0,28462.0
2,3,303,26.1,30058.0
3,3,303,23.8,30351.0
4,3,303,21.1,29072.0
5,3,303,19.5,27918.0
6,3,303,20.2,26909.0
7,3,303,18.5,25455.0
8,3,303,16.8,23654.0
9,3,303,16.0,22657.0
10,3,303,15.6,21518.0
11,3,303,15.7,21064.0
12,3,303,19.0,20981.0
13,3,303,18.1,20869.0
14,3,303,17.6,21396.0
15,3,303,18.1,23363.0
16,3,303,20.8,24663.0
17,3,303,23.3,26360.0
18,3,303,26.2,28673.0
19,3,303,28.1,29142.0
20,3,303,29.7,28621.0
21,3,303,30.9,28032.0
22,3,303,31.4,27912.0
23,3,303,31.1,28403.0
0,4,304,29.2,28654.0
1,4,304,25.7,27548.0
2,4,304,23.1,28352.0
3,4,304,21.8,28733.0
4,4,304,20.8,28066.0
5,4,304,20.0,27390.0
6,4,304,19.1,26297.0
7,4,304,18.6,24924.0
8,4,304,17.4,23345.0
9,4,304,16.7,22495.0
10,4,304,16.2,21628.0
11,4,304,15.9,20947.0
12,4,304,15.5,20769.0
13,4,304,14.8,20675.0
14,4,304,15.5,21484.0
15,4,304,15.3,23297.0
16,4,304,15.6,24627.0
17,4,304,16.7,25773.0
18,4,304,18.1,26897.0
19,4,304,20.8,27593.0
20,4,304,22.8,27444.0
21,4,304,24.4,27594.0
22,4,304,25.4,27471.0
23,4,304,25.5,27999.0
0,5,305,25.5,27633.0
1,5,305,22.5,26242.0
2,5,305,20.4,26940.0
3,5,305,18.8,27113.0
4,5,305,17.9,25946.0
5,5,305,17.3,25077.0
6,5,305,16.3,24759.0
7,5,305,15.8,23783.0
8,5,305,15.3,22654.0
9,5,305,14.6,22018.0
10,5,305,14.2,21196.0
11,5,305,14.0,20315.0
12,5,305,13.8,20097.0
13,5,305,13.6,19719.0
14,5,305,13.5,20143.0
15,5,305,13.9,20844.0
16,5,305,14.8,21482.0
17,5,305,17.2,22862.0
18,5,305,18.5,25132.0
19,5,305,20.9,24331.0
20,5,305,22.9,23052.0
21,5,305,24.5,22533.0
22,5,305,25.1,22973.0
23,5,305,24.4,24404.0
0,6,306,22.9,24902.0
1,6,306,19.6,23862.0
2,6,306,17.7,24969.0
3,6,306,16.4,25922.0
4,6,306,16.1,25180.0
5,6,306,16.2,24283.0
6,6,306,15.6,23764.0
7,6,306,15.4,22970.0
8,6,306,15.0,21966.0
9,6,306,15.0,21295.0
10,6,306,14.7,20730.0
11,6,306,14.2,20540.0
12,6,306,13.8,19523.0
13,6,306,13.5,19018.0
14,6,306,13.6,18921.0
15,6,306,13.7,19137.0
16,6,306,14.4,19820.0
17,6,306,17.0,21242.0
18,6,306,19.1,24366.0
19,6,306,21.3,24882.0
20,6,306,22.8,24769.0
21,6,306,24.0,24136.0
22,6,306,24.9,23038.0
23,6,306,24.9,22974.0
0,0,307,24.7,22788.0
1,0,307,21.5,22905.0
2,0,307,19.2,24878.0
3,0,307,17.6,26119.0
4,0,307,17.1,25743.0
5,0,307,16.3,24957.0
6,0,307,15.6,24298.0
7,0,307,15.0,23630.0
8,0,307,14.6,22341.0
9,0,307,14.2,21253.0
10,0,307,13.9,20917.0
11,0,307,14.3,19904.0
12,0,307,14.5,20018.0
13,0,307,14.2,19534.0
14,0,307,13.9,19591.0
15,0,307,13.9,20894.0
16,0,307,14.4,22806.0
17,0,307,14.9,24312.0
18,0,307,16.5,26782.0
19,0,307,18.8,26730.0
20,0,307,20.6,26332.0
21,0,307,22.5,26382.0
22,0,307,23.7,26836.0
23,0,307,23.6,27030.0
0,1,308,21.2,27116.0
1,1,308,18.9,26046.0
2,1,308,17.6,26961.0
3,1,308,16.6,28029.0
4,1,308,16.0,27445.0
5,1,308,15.3,26437.0
6,1,308,14.7,25449.0
7,1,308,14.0,24795.0
8,1,308,13.8,23462.0
9,1,308,13.6,22218.0
10,1,308,13.1,21761.0
11,1,308,12.7,21011.0
12,1,308,13.0,21038.0
13,1,308,13.1,20469.0
14,1,308,13.1,20491.0
15,1,308,12.9,21646.0
16,1,308,13.6,23546.0
17,1,308,15.2,24917.0
18,1,308,17.2,27018.0
19,1,308,19.7,27147.0
20,1,308,21.7,26793.0
21,1,308,23.4,26542.0
22,1,308,24.1,27108.0
23,1,308,23.3,26834.0
0,2,309,21.2,26038.0
1,2,309,18.8,25725.0
2,2,309,17.5,26978.0
3,2,309,16.5,28224.0
4,2,309,15.8,27843.0
5,2,309,15.0,26544.0
6,2,309,14.6,25576.0
7,2,309,14.1,24957.0
8,2,309,13.7,23592.0
9,2,309,13.7,22312.0
10,2,309,13.5,21725.0
11,2,309,13.3,21040.0
12,2,309,13.5,20402.0
13,2,309,13.4,20367.0
14,2,309,13.7,20375.0
15,2,309,14.3,21560.0
16,2,309,15.4,23338.0
17,2,309,17.2,25788.0
18,2,309,18.8,28117.0
19,2,309,20.3,28018.0
20,2,309,21.2,27999.0
21,2,309,21.7,28291.0
22,2,309,21.9,27980.0
23,2,309,21.6,27632.0
0,3,310,20.0,26958.0
1,3,310,18.4,25563.0
2,3,310,17.1,26327.0
3,3,310,16.4,27294.0
4,3,310,16.1,26927.0
5,3,310,15.5,26401.0
6,3,310,15.2,25758.0
7,3,310,14.7,25233.0
8,3,310,14.3,23878.0
9,3,310,13.7,22626.0
10,3,310,13.1,22149.0
11,3,310,12.9,21263.0
12,3,310,12.6,21080.0
13,3,310,12.1,20858.0
14,3,310,11.7,20758.0
15,3,310,12.6,21884.0
16,3,310,14.1,23598.0
17,3,310,16.3,25191.0
18,3,310,17.3,28228.0
19,3,310,19.5,29241.0
20,3,310,21.2,28002.0
21,3,310,22.7,26783.0
22,3,310,23.4,26565.0
23,3,310,23.1,27123.0
0,4,311,22.2,26714.0
1,4,311,20.5,25710.0
2,4,311,19.0,26310.0
3,4,311,17.6,27569.0
4,4,311,16.7,26977.0
5,4,311,16.3,26477.0
6,4,311,15.6,25784.0
7,4,311,15.0,24913.0
8,4,311,14.5,24120.0
9,4,311,13.9,23136.0
10,4,311,13.5,22223.0
11,4,311,13.2,21693.0
12,4,311,13.2,21192.0
13,4,311,12.9,21179.0
14,4,311,12.6,20672.0
15,4,311,12.7,21794.0
16,4,311,14.2,23392.0
17,4,311,16.8,25003.0
18,4,311,19.7,27478.0
19,4,311,22.7,27718.0
20,4,311,25.0,26896.0
21,4,311,26.6,26860.0
22,4,311,26.9,27759.0
23,4,311,25.5,28805.0
0,5,312,24.3,28984.0
1,5,312,21.7,26837.0
2,5,312,20.4,26981.0
3,5,312,19.9,27726.0
4,5,312,19.2,27061.0
5,5,312,18.4,26141.0
6,5,312,17.7,25266.0
7,5,312,17.0,24682.0
8,5,312,16.9,23688.0
9,5,312,16.2,22586.0
10,5,312,15.5,22342.0
11,5,312,14.8,21513.0
12,5,312,14.5,20715.0
13,5,312,13.5,20459.0
14,5,312,13.1,20611.0
15,5,312,13.6,20859.0
16,5,312,16.5,21676.0
17,5,312,19.0,22308.0
18,5,312,20.6,23986.0
19,5,312,23.3,25222.0
20,5,312,25.4,24747.0
21,5,312,26.9,24378.0
22,5,312,27.6,24691.0
23,5,312,27.1,25617.0
0,6,313,25.7,25246.0
1,6,313,22.8,24461.0
2,6,313,21.1,25342.0
3,6,313,19.9,26384.0
4,6,313,18.6,25807.0
5,6,313,17.6,25056.0
6,6,313,16.3,24223.0
7,6,313,16.0,23741.0
8,6,313,15.4,22854.0
9,6,313,14.8,21981.0
10,6,313,14.3,21353.0
11,6,313,13.9,20587.0
12,6,313,13.7,19983.0
13,6,313,13.4,19511.0
14,6,313,13.0,19457.0
15,6,313,13.9,19576.0
16,6,313,16.6,20148.0
17,6,313,19.9,20952.0
18,6,313,23.5,22991.0
19,6,313,25.0,24506.0
20,6,313,26.9,23933.0
21,6,313,28.8,23878.0
22,6,313,29.8,24641.0
23,6,313,29.6,24701.0
0,0,314,27.3,25036.0
1,0,314,22.9,25165.0
2,0,314,19.9,26175.0
3,0,314,17.7,26937.0
4,0,314,16.4,26432.0
5,0,314,16.4,25677.0
6,0,314,16.3,25086.0
7,0,314,15.7,24234.0
8,0,314,15.0,23067.0
9,0,314,14.5,21785.0
10,0,314,14.5,21358.0
11,0,314,14.5,20599.0
12,0,314,14.9,20237.0
13,0,314,14.0,20137.0
14,0,314,12.9,20307.0
15,0,314,13.0,21387.0
16,0,314,16.7,22869.0
17,0,314,21.8,25124.0
18,0,314,25.6,28481.0
19,0,314,29.0,29093.0
20,0,314,31.3,28771.0
21,0,314,32.5,27816.0
22,0,314,32.8,27967.0
23,0,314,31.6,28017.0
0,1,315,26.0,28802.0
1,1,315,22.8,28889.0
2,1,315,21.6,29389.0
3,1,315,20.8,29615.0
4,1,315,20.3,28676.0
5,1,315,19.6,27604.0
6,1,315,18.4,26892.0
7,1,315,17.1,26050.0
8,1,315,17.4,24761.0
9,1,315,17.6,23164.0
10,1,315,16.9,22381.0
11,1,315,16.1,21363.0
12,1,315,16.9,20883.0
13,1,315,14.5,20485.0
14,1,315,13.8,20569.0
15,1,315,14.2,21426.0
16,1,315,16.7,22866.0
17,1,315,19.8,25396.0
18,1,315,21.8,27748.0
19,1,315,23.7,28247.0
20,1,315,25.3,28230.0
21,1,315,26.4,28065.0
22,1,315,26.9,27190.0
23,1,315,25.8,26906.0
0,2,316,24.7,27136.0
1,2,316,22.0,26681.0
2,2,316,19.7,27350.0
3,2,316,18.5,28283.0
4,2,316,17.7,27726.0
5,2,316,16.9,27208.0
6,2,316,16.6,26395.0
7,2,316,16.0,25563.0
8,2,316,15.8,24261.0
9,2,316,15.2,22906.0
10,2,316,14.9,22296.0
11,2,316,14.8,21764.0
12,2,316,14.7,21484.0
13,2,316,14.6,21268.0
14,2,316,14.2,20933.0
15,2,316,14.5,21921.0
16,2,316,14.8,23461.0
17,2,316,16.0,24728.0
18,2,316,17.0,26405.0
19,2,316,18.6,26989.0
20,2,316,21.4,27432.0
21,2,316,23.0,28542.0
22,2,316,23.1,28761.0
23,2,316,23.3,27897.0
0,3,317,21.2,26962.0
1,3,317,20.2,26901.0
2,3,317,20.0,27327.0
3,3,317,19.0,28378.0
4,3,317,18.4,27548.0
5,3,317,17.7,26978.0
6,3,317,17.3,25888.0
7,3,317,16.5,25149.0
8,3,317,16.1,24095.0
9,3,317,15.9,22898.0
10,3,317,15.8,21741.0
11,3,317,15.6,21094.0
12,3,317,15.4,20447.0
13,3,317,14.9,20310.0
14,3,317,14.8,20373.0
15,3,317,15.7,21257.0
16,3,317,17.6,22843.0
17,3,317,18.9,24661.0
18,3,317,19.0,28181.0
19,3,317,21.6,29706.0
20,3,317,23.3,29477.0
21,3,317,24.3,29462.0
22,3,317,25.0,28698.0
23,3,317,24.8,27631.0
0,4,318,24.0,26534.0
1,4,318,22.4,26465.0
2,4,318,21.2,26483.0
3,4,318,20.0,27243.0
4,4,318,19.4,26772.0
5,4,318,18.3,26104.0
6,4,318,18.4,25645.0
7,4,318,17.3,24977.0
8,4,318,16.6,23773.0
9,4,318,16.5,22465.0
10,4,318,16.3,22576.0
11,4,318,16.2,22135.0
12,4,318,16.4,22087.0
13,4,318,16.5,21613.0
14,4,318,15.5,21111.0
15,4,318,15.4,22083.0
16,4,318,15.3,22777.0
17,4,318,15.4,24223.0
18,4,318,15.8,25102.0
19,4,318,16.4,25601.0
20,4,318,16.6,26320.0
21,4,318,16.8,26476.0
22,4,318,17.2,26695.0
23,4,318,17.1,26710.0
0,5,319,17.5,25646.0
1,5,319,17.3,25235.0
2,5,319,17.2,25198.0
3,5,319,17.1,26301.0
4,5,319,16.8,25737.0
5,5,319,16.8,25716.0
6,5,319,17.0,25309.0
7,5,319,17.1,24431.0
8,5,319,17.1,23353.0
9,5,319,17.1,22473.0
10,5,319,17.0,22202.0
11,5,319,16.8,21779.0
12,5,319,16.8,21805.0
13,5,319,17.4,21825.0
14,5,319,17.1,21528.0
15,5,319,16.8,21092.0
16,5,319,17.3,21297.0
17,5,319,15.3,21646.0
18,5,319,15.2,22628.0
19,5,319,15.3,23167.0
20,5,319,14.2,23356.0
21,5,319,14.4,23176.0
22,5,319,14.8,23133.0
23,5,319,15.2,23025.0
0,6,320,14.3,23185.0
1,6,320,14.1,23528.0
2,6,320,13.8,24311.0
3,6,320,13.5,24667.0
4,6,320,13.6,24332.0
5,6,320,13.0,23828.0
6,6,320,13.2,23465.0
7,6,320,13.1,23006.0
8,6,320,13.0,22719.0
9,6,320,12.8,21595.0
10,6,320,12.0,20943.0
11,6,320,12.2,19989.0
12,6,320,12.7,19375.0
13,6,320,12.2,18992.0
14,6,320,12.3,18862.0
15,6,320,12.5,19149.0
16,6,320,12.6,19517.0
17,6,320,13.6,20271.0
18,6,320,14.0,22181.0
19,6,320,13.9,22962.0
20,6,320,13.6,24751.0
21,6,320,14.9,25064.0
22,6,320,15.5,25009.0
23,6,320,16.2,24350.0
0,0,321,14.5,24101.0
1,0,321,14.3,22853.0
2,0,321,14.1,23364.0
3,0,321,14.2,24759.0
4,0,321,14.1,24557.0
5,0,321,13.9,24158.0
6,0,321,14.1,23677.0
7,0,321,14.2,23080.0
8,0,321,14.1,21982.0
9,0,321,14.0,21208.0
10,0,321,14.1,21982.0
11,0,321,13.9,21852.0
12,0,321,13.9,21056.0
13,0,321,13.5,20646.0
14,0,321,13.2,20560.0
15,0,321,13.5,21112.0
16,0,321,14.4,22530.0
17,0,321,15.7,24066.0
18,0,321,15.8,26150.0
19,0,321,16.9,26598.0
20,0,321,16.8,26236.0
21,0,321,16.5,26024.0
22,0,321,16.1,26397.0
23,0,321,15.2,25383.0
0,1,322,15.2,24667.0
1,1,322,14.3,25247.0
2,1,322,14.1,25693.0
3,1,322,13.5,27011.0
4,1,322,13.6,26787.0
5,1,322,13.4,26079.0
6,1,322,12.6,25442.0
7,1,322,11.3,24739.0
8,1,322,11.5,23677.0
9,1,322,11.1,22563.0
10,1,322,10.8,21433.0
11,1,322,10.5,20551.0
12,1,322,10.2,20623.0
13,1,322,9.2,20370.0
14,1,322,8.1,20112.0
15,1,322,8.4,21254.0
16,1,322,10.3,23382.0
17,1,322,11.9,24099.0
18,1,322,12.9,23933.0
19,1,322,14.4,25434.0
20,1,322,14.9,25948.0
21,1,322,15.3,25535.0
22,1,322,15.3,24452.0
23,1,322,15.3,24486.0
0,2,323,14.8,23808.0
1,2,323,13.4,23612.0
2,2,323,13.3,24986.0
3,2,323,12.5,26615.0
4,2,323,11.6,26590.0
5,2,323,10.8,26213.0
6,2,323,10.7,25776.0
7,2,323,10.6,25077.0
8,2,323,10.4,23813.0
9,2,323,10.2,22364.0
10,2,323,10.2,22049.0
11,2,323,9.6,21268.0
12,2,323,8.3,20821.0
13,2,323,7.7,20439.0
14,2,323,7.7,20510.0
15,2,323,8.3,21910.0
16,2,323,10.4,23860.0
17,2,323,12.5,24803.0
18,2,323,14.1,25654.0
19,2,323,15.4,25436.0
20,2,323,16.2,26187.0
21,2,323,16.4,26163.0
22,2,323,16.3,25909.0
23,2,323,15.7,25539.0
0,3,324,14.9,24787.0
1,3,324,13.6,24271.0
2,3,324,12.9,25678.0
3,3,324,12.5,26931.0
4,3,324,12.0,26763.0
5,3,324,11.3,26284.0
6,3,324,10.2,25769.0
7,3,324,9.8,25274.0
8,3,324,9.6,23974.0
9,3,324,9.8,22604.0
10,3,324,9.9,22149.0
11,3,324,9.7,21160.0
12,3,324,9.4,20984.0
13,3,324,9.0,20689.0
14,3,324,9.0,20739.0
15,3,324,9.6,21949.0
16,3,324,11.3,23685.0
17,3,324,13.4,25573.0
18,3,324,14.7,28702.0
19,3,324,15.1,29074.0
20,3,324,14.4,29043.0
21,3,324,14.8,29349.0
22,3,324,15.3,28792.0
23,3,324,14.5,28220.0
0,4,325,13.3,26814.0
1,4,325,12.6,25860.0
2,4,325,12.5,26256.0
3,4,325,12.0,27619.0
4,4,325,12.1,27180.0
5,4,325,11.6,26766.0
6,4,325,11.6,26367.0
7,4,325,11.5,25593.0
8,4,325,11.7,24336.0
9,4,325,11.7,23194.0
10,4,325,11.6,22503.0
11,4,325,11.6,21759.0
12,4,325,11.5,21753.0
13,4,325,11.7,21780.0
14,4,325,11.8,21365.0
15,4,325,12.3,22062.0
16,4,325,12.8,23849.0
17,4,325,13.2,24753.0
18,4,325,14.7,24867.0
19,4,325,15.9,23730.0
20,4,325,16.7,23954.0
21,4,325,17.6,23273.0
22,4,325,17.9,23366.0
23,4,325,17.4,24013.0
0,5,326,16.2,23387.0
1,5,326,15.5,23486.0
2,5,326,15.2,25344.0
3,5,326,14.6,26510.0
4,5,326,12.8,26279.0
5,5,326,12.0,25834.0
6,5,326,11.4,25310.0
7,5,326,11.2,24958.0
8,5,326,11.3,24134.0
9,5,326,11.2,23054.0
10,5,326,11.2,22210.0
11,5,326,11.8,21306.0
12,5,326,11.2,20566.0
13,5,326,11.6,20034.0
14,5,326,11.8,20116.0
15,5,326,12.2,20495.0
16,5,326,12.8,21385.0
17,5,326,14.2,21820.0
18,5,326,16.3,21898.0
19,5,326,18.2,21448.0
20,5,326,19.0,22565.0
21,5,326,19.7,22871.0
22,5,326,20.6,23477.0
23,5,326,20.9,23551.0
0,6,327,19.5,22877.0
1,6,327,18.6,22465.0
2,6,327,17.1,23603.0
3,6,327,16.0,24809.0
4,6,327,14.5,24555.0
5,6,327,13.3,24292.0
6,6,327,12.9,23769.0
7,6,327,13.0,23631.0
8,6,327,12.0,22802.0
9,6,327,11.1,21878.0
10,6,327,10.1,21395.0
11,6,327,9.8,20395.0
12,6,327,10.8,19626.0
13,6,327,10.0,19292.0
14,6,327,9.4,19183.0
15,6,327,9.3,19656.0
16,6,327,11.6,20183.0
17,6,327,14.9,20433.0
18,6,327,16.8,20971.0
19,6,327,18.1,21657.0
20,6,327,19.1,21624.0
21,6,327,19.7,22223.0
22,6,327,19.8,21712.0
23,6,327,19.5,22936.0
0,0,328,19.1,22631.0
1,0,328,17.0,21342.0
2,0,328,16.2,23006.0
3,0,328,15.5,24871.0
4,0,328,14.8,24773.0
5,0,328,14.2,24273.0
6,0,328,13.7,23688.0
7,0,328,13.6,23347.0
8,0,328,13.3,22686.0
9,0,328,13.0,21630.0
10,0,328,12.7,21167.0
11,0,328,12.4,20601.0
12,0,328,12.4,20975.0
13,0,328,11.9,20270.0
14,0,328,11.7,20857.0
15,0,328,11.9,21842.0
16,0,328,13.3,23178.0
17,0,328,14.4,24385.0
18,0,328,15.3,26426.0
19,0,328,16.4,25944.0
20,0,328,17.5,25935.0
21,0,328,18.3,25767.0
22,0,328,18.7,25799.0
23,0,328,18.6,26830.0
0,1,329,17.7,26487.0
1,1,329,15.7,24672.0
2,1,329,14.7,25592.0
3,1,329,14.4,26860.0
4,1,329,13.4,26437.0
5,1,329,12.1,25996.0
6,1,329,11.7,25359.0
7,1,329,11.1,25128.0
8,1,329,10.3,24096.0
9,1,329,10.0,22753.0
10,1,329,10.1,22122.0
11,1,329,10.6,21354.0
12,1,329,12.1,21341.0
13,1,329,11.7,20950.0
14,1,329,11.5,20961.0
15,1,329,11.8,22214.0
16,1,329,14.6,23766.0
17,1,329,15.8,24633.0
18,1,329,18.5,26095.0
19,1,329,19.9,26872.0
20,1,329,21.1,26934.0
21,1,329,22.0,26740.0
22,1,329,22.4,26521.0
23,1,329,22.4,27170.0
0,2,330,20.8,26967.0
1,2,330,19.2,25307.0
2,2,330,16.8,26111.0
3,2,330,15.2,27190.0
4,2,330,13.7,26942.0
5,2,330,12.1,26417.0
6,2,330,12.7,25876.0
7,2,330,12.4,25479.0
8,2,330,11.1,24411.0
9,2,330,10.1,23560.0
10,2,330,9.5,22875.0
11,2,330,8.8,22085.0
12,2,330,11.0,21606.0
13,2,330,10.3,21119.0
14,2,330,8.9,21515.0
15,2,330,8.4,22705.0
16,2,330,10.4,23844.0
17,2,330,14.8,24653.0
18,2,330,18.7,26973.0
19,2,330,20.7,27755.0
20,2,330,21.9,27798.0
21,2,330,22.6,27649.0
22,2,330,22.7,27852.0
23,2,330,22.3,27566.0
0,3,331,22.5,26607.0
1,3,331,20.5,25095.0
2,3,331,17.7,26223.0
3,3,331,15.9,27170.0
4,3,331,13.9,26736.0
5,3,331,12.8,26111.0
6,3,331,12.4,25567.0
7,3,331,12.7,25297.0
8,3,331,11.8,24562.0
9,3,331,10.9,23020.0
10,3,331,10.1,22485.0
11,3,331,9.6,21400.0
12,3,331,9.9,20518.0
13,3,331,10.4,20190.0
14,3,331,10.0,20119.0
15,3,331,10.2,20561.0
16,3,331,11.8,21293.0
17,3,331,14.8,22042.0
18,3,331,19.3,24628.0
19,3,331,21.1,25433.0
20,3,331,22.2,26746.0
21,3,331,22.3,26703.0
22,3,331,22.5,25711.0
23,3,331,22.3,25169.0
0,4,332,20.5,24323.0
1,4,332,18.8,23326.0
2,4,332,18.2,23911.0
3,4,332,16.7,23981.0
4,4,332,15.0,23183.0
5,4,332,13.6,22600.0
6,4,332,13.9,22439.0
7,4,332,14.0,22530.0
8,4,332,13.9,21961.0
9,4,332,13.7,21140.0
10,4,332,13.4,20913.0
11,4,332,13.3,20276.0
12,4,332,13.8,19726.0
13,4,332,12.8,19445.0
14,4,332,12.4,19627.0
15,4,332,12.0,20463.0
16,4,332,13.9,21670.0
17,4,332,15.1,22361.0
18,4,332,17.1,24597.0
19,4,332,18.7,25580.0
20,4,332,19.7,26185.0
21,4,332,20.3,25990.0
22,4,332,20.5,26028.0
23,4,332,20.4,26347.0
0,5,333,19.5,25025.0
1,5,333,17.1,23802.0
2,5,333,15.9,24820.0
3,5,333,14.6,26129.0
4,5,333,13.7,25596.0
5,5,333,12.9,25245.0
6,5,333,12.7,24702.0
7,5,333,12.4,24371.0
8,5,333,12.1,23483.0
9,5,333,12.0,22338.0
10,5,333,11.7,21720.0
11,5,333,11.6,20655.0
12,5,333,12.2,19862.0
13,5,333,11.7,19568.0
14,5,333,11.6,19613.0
15,5,333,12.0,20168.0
16,5,333,13.7,20948.0
17,5,333,15.2,21715.0
18,5,333,17.0,23679.0
19,5,333,18.4,25129.0
20,5,333,19.3,25862.0
21,5,333,19.9,25304.0
22,5,333,20.1,25289.0
23,5,333,19.9,25608.0
0,6,334,18.8,25082.0
1,6,334,16.1,22823.0
2,6,334,14.8,24196.0
3,6,334,14.0,25398.0
4,6,334,13.2,25265.0
5,6,334,12.5,24823.0
6,6,334,11.5,24322.0
7,6,334,12.1,24084.0
8,6,334,12.0,23223.0
9,6,334,11.9,22063.0
10,6,334,11.8,21577.0
11,6,334,11.2,20730.0
12,6,334,10.9,20155.0
13,6,334,11.4,19734.0
14,6,334,11.3,19946.0
15,6,334,11.3,20006.0
16,6,334,11.6,20938.0
17,6,334,12.4,21724.0
18,6,334,13.4,23310.0
19,6,334,15.2,23959.0
20,6,334,16.4,25372.0
21,6,334,17.2,26472.0
22,6,334,17.5,25770.0
23,6,334,17.5,24329.0
0,0,335,16.7,23448.0
1,0,335,15.0,23190.0
2,0,335,14.9,24716.0
3,0,335,13.5,26547.0
4,0,335,13.1,26254.0
5,0,335,12.4,25994.0
6,0,335,12.5,25360.0
7,0,335,12.3,24819.0
8,0,335,12.1,23710.0
9,0,335,11.4,22514.0
10,0,335,10.7,22126.0
11,0,335,10.0,22240.0
12,0,335,10.4,21504.0
13,0,335,9.8,21307.0
14,0,335,9.3,21562.0
15,0,335,8.8,22551.0
16,0,335,10.2,24611.0
17,0,335,12.5,25699.0
18,0,335,14.5,27706.0
19,0,335,16.7,28286.0
20,0,335,18.4,28635.0
21,0,335,19.3,28038.0
22,0,335,19.4,27772.0
23,0,335,18.8,27747.0
0,1,336,18.1,26642.0
1,1,336,16.0,24817.0
2,1,336,15.5,26419.0
3,1,336,14.6,27902.0
4,1,336,13.4,27779.0
5,1,336,11.8,27375.0
6,1,336,10.6,26779.0
7,1,336,10.2,26204.0
8,1,336,9.5,24803.0
9,1,336,8.6,23233.0
10,1,336,8.1,22662.0
11,1,336,8.1,21918.0
12,1,336,9.4,21901.0
13,1,336,9.0,21749.0
14,1,336,9.0,21593.0
15,1,336,9.3,23025.0
16,1,336,11.8,25323.0
17,1,336,13.8,26348.0
18,1,336,15.7,28106.0
19,1,336,17.1,28109.0
20,1,336,18.0,26691.0
21,1,336,18.3,26619.0
22,1,336,18.4,26681.0
23,1,336,17.9,26740.0
0,2,337,17.0,25466.0
1,2,337,14.3,26628.0
2,2,337,13.4,27592.0
3,2,337,12.8,27417.0
4,2,337,11.9,27156.0
5,2,337,11.2,26564.0
6,2,337,11.0,26179.0
7,2,337,11.2,24905.0
8,2,337,11.3,23568.0
9,2,337,11.7,22992.0
10,2,337,11.3,22892.0
11,2,337,11.0,22288.0
12,2,337,11.4,21835.0
13,2,337,11.0,21900.0
14,2,337,11.4,23029.0
15,2,337,11.4,25335.0
16,2,337,12.0,26351.0
17,2,337,13.3,27291.0
18,2,337,14.6,28092.0
19,2,337,15.8,28585.0
20,2,337,16.6,28083.0
21,2,337,17.6,27431.0
22,2,337,18.5,27688.0
23,2,337,18.6,27160.0
0,3,338,17.9,25232.0
1,3,338,16.3,26492.0
2,3,338,15.5,27957.0
3,3,338,14.0,27754.0
4,3,338,12.6,27451.0
5,3,338,11.8,27182.0
6,3,338,11.7,26555.0
7,3,338,10.9,25389.0
8,3,338,9.6,23784.0
9,3,338,9.1,23182.0
10,3,338,8.3,22534.0
11,3,338,7.6,22312.0
12,3,338,8.3,22258.0
13,3,338,8.8,21951.0
14,3,338,8.1,23607.0
15,3,338,7.3,25594.0
16,3,338,9.2,26485.0
17,3,338,11.9,27389.0
18,3,338,15.3,28449.0
19,3,338,18.0,28327.0
20,3,338,19.2,28354.0
21,3,338,19.7,28034.0
22,3,338,19.9,26954.0
23,3,338,19.7,25630.0
0,4,339,18.3,24355.0
1,4,339,15.6,26492.0
2,4,339,15.4,27950.0
3,4,339,13.1,27853.0
4,4,339,11.8,28023.0
5,4,339,11.4,27264.0
6,4,339,10.5,26799.0
7,4,339,9.6,25502.0
8,4,339,8.9,23754.0
9,4,339,7.9,23151.0
10,4,339,7.1,22256.0
11,4,339,6.4,21902.0
12,4,339,6.1,21533.0
13,4,339,5.7,21840.0
14,4,339,5.5,23049.0
15,4,339,5.5,25206.0
16,4,339,8.3,26328.0
17,4,339,12.2,27568.0
18,4,339,15.6,28470.0
19,4,339,17.6,28042.0
20,4,339,18.8,27939.0
21,4,339,19.7,27853.0
22,4,339,19.9,28011.0
23,4,339,19.6,26910.0
0,5,340,18.0,24891.0
1,5,340,15.4,26193.0
2,5,340,14.4,27649.0
3,5,340,13.5,27305.0
4,5,340,13.1,26812.0
5,5,340,12.4,26574.0
6,5,340,12.7,26292.0
7,5,340,12.0,25245.0
8,5,340,11.6,24067.0
9,5,340,11.4,23450.0
10,5,340,11.4,22566.0
11,5,340,11.4,21641.0
12,5,340,11.4,21209.0
13,5,340,11.3,21412.0
14,5,340,11.0,21764.0
15,5,340,10.3,22649.0
16,5,340,12.3,23338.0
17,5,340,14.5,24529.0
18,5,340,16.6,25965.0
19,5,340,18.1,26516.0
20,5,340,19.2,26108.0
21,5,340,19.9,26360.0
22,5,340,20.1,26818.0
23,5,340,19.9,26696.0
0,6,341,18.8,24236.0
1,6,341,16.8,24868.0
2,6,341,16.0,26233.0
3,6,341,15.0,25813.0
4,6,341,13.8,25527.0
5,6,341,13.3,25265.0
6,6,341,14.0,25286.0
7,6,341,13.7,24441.0
8,6,341,13.1,23294.0
9,6,341,12.7,22557.0
10,6,341,12.4,21771.0
11,6,341,12.1,21158.0
12,6,341,10.4,20613.0
13,6,341,9.0,20630.0
14,6,341,9.0,20993.0
15,6,341,9.8,21643.0
16,6,341,12.0,22312.0
17,6,341,14.6,24164.0
18,6,341,16.9,25072.0
19,6,341,19.2,24838.0
20,6,341,21.1,24769.0
21,6,341,22.3,25599.0
22,6,341,22.7,25859.0
23,6,341,22.2,25705.0
0,0,342,19.8,23823.0
1,0,342,16.9,24740.0
2,0,342,15.7,26382.0
3,0,342,15.2,26511.0
4,0,342,15.1,26261.0
5,0,342,14.4,25909.0
6,0,342,13.9,25476.0
7,0,342,13.4,24118.0
8,0,342,13.6,22856.0
9,0,342,13.4,22343.0
10,0,342,13.1,21891.0
11,0,342,12.8,21587.0
12,0,342,12.0,21642.0
13,0,342,9.5,21642.0
14,0,342,8.4,23170.0
15,0,342,7.7,25313.0
16,0,342,9.4,26535.0
17,0,342,13.5,28191.0
18,0,342,18.2,28754.0
19,0,342,20.3,28912.0
20,0,342,22.2,29089.0
21,0,342,23.3,29690.0
22,0,342,23.6,29905.0
23,0,342,23.1,28988.0
0,1,343,21.8,26650.0
1,1,343,19.5,27645.0
2,1,343,17.8,28705.0
3,1,343,16.5,28586.0
4,1,343,15.2,28080.0
5,1,343,13.5,27559.0
6,1,343,14.6,26796.0
7,1,343,13.5,25227.0
8,1,343,12.1,24010.0
9,1,343,10.9,23014.0
10,1,343,10.2,22478.0
11,1,343,9.5,22005.0
12,1,343,8.8,21755.0
13,1,343,8.2,21841.0
14,1,343,8.0,23198.0
15,1,343,8.1,25349.0
16,1,343,10.5,26575.0
17,1,343,15.5,28810.0
18,1,343,19.3,30102.0
19,1,343,21.8,30195.0
20,1,343,23.7,30148.0
21,1,343,24.6,30090.0
22,1,343,24.8,30792.0
23,1,343,24.2,29961.0
0,2,344,21.4,27113.0
1,2,344,19.5,27700.0
2,2,344,18.4,28956.0
3,2,344,16.6,28776.0
4,2,344,14.4,28165.0
5,2,344,12.8,27641.0
6,2,344,12.0,26965.0
7,2,344,11.2,25728.0
8,2,344,10.8,23998.0
9,2,344,10.6,23184.0
10,2,344,10.2,22469.0
11,2,344,9.8,22026.0
12,2,344,10.3,21815.0
13,2,344,10.3,21763.0
14,2,344,9.6,23100.0
15,2,344,9.3,25138.0
16,2,344,11.9,26894.0
17,2,344,15.7,30148.0
18,2,344,19.9,30759.0
19,2,344,22.3,30619.0
20,2,344,24.2,29561.0
21,2,344,25.1,29746.0
22,2,344,24.8,29802.0
23,2,344,23.9,28595.0
0,3,345,20.7,27009.0
1,3,345,18.3,27722.0
2,3,345,18.0,28908.0
3,3,345,17.4,28582.0
4,3,345,16.0,28149.0
5,3,345,14.3,27636.0
6,3,345,13.8,26908.0
7,3,345,12.8,25500.0
8,3,345,11.9,24145.0
9,3,345,11.1,23457.0
10,3,345,10.8,22743.0
11,3,345,10.5,22236.0
12,3,345,10.8,21873.0
13,3,345,9.7,22028.0
14,3,345,9.1,23085.0
15,3,345,8.8,25072.0
16,3,345,11.1,27016.0
17,3,345,15.7,29857.0
18,3,345,19.3,30557.0
19,3,345,21.6,30177.0
20,3,345,23.2,29505.0
21,3,345,24.1,28986.0
22,3,345,24.4,28864.0
23,3,345,24.0,28083.0
0,4,346,21.7,26958.0
1,4,346,19.7,27559.0
2,4,346,18.8,28815.0
3,4,346,18.1,28509.0
4,4,346,16.6,28083.0
5,4,346,15.9,27521.0
6,4,346,16.5,26927.0
7,4,346,16.4,25651.0
8,4,346,15.0,24085.0
9,4,346,14.0,23206.0
10,4,346,13.8,22422.0
11,4,346,13.9,22257.0
12,4,346,14.9,21915.0
13,4,346,13.8,21678.0
14,4,346,13.4,22937.0
15,4,346,13.2,25037.0
16,4,346,14.9,26530.0
17,4,346,16.7,28792.0
18,4,346,17.9,29750.0
19,4,346,19.6,28813.0
20,4,346,21.1,28703.0
21,4,346,22.2,28973.0
22,4,346,22.8,29154.0
23,4,346,22.5,28502.0
0,5,347,19.9,26414.0
1,5,347,16.5,26971.0
2,5,347,15.1,28217.0
3,5,347,14.1,27792.0
4,5,347,13.1,27219.0
5,5,347,12.4,26842.0
6,5,347,12.4,26426.0
7,5,347,11.9,25355.0
8,5,347,11.6,24079.0
9,5,347,11.2,23283.0
10,5,347,10.8,22423.0
11,5,347,11.2,21542.0
12,5,347,11.3,21142.0
13,5,347,10.5,21087.0
14,5,347,10.3,21656.0
15,5,347,9.9,22623.0
16,5,347,11.3,23684.0
17,5,347,12.4,26454.0
18,5,347,13.1,28137.0
19,5,347,15.9,27886.0
20,5,347,18.2,27212.0
21,5,347,19.4,27508.0
22,5,347,19.9,27191.0
23,5,347,19.4,25792.0
0,6,348,16.9,23970.0
1,6,348,14.7,24980.0
2,6,348,14.1,26288.0
3,6,348,13.6,26104.0
4,6,348,13.4,25789.0
5,6,348,13.6,25600.0
6,6,348,13.2,25311.0
7,6,348,12.9,24430.0
8,6,348,13.3,23185.0
9,6,348,12.6,22627.0
10,6,348,12.4,21697.0
11,6,348,12.4,21192.0
12,6,348,12.1,20634.0
13,6,348,11.9,20436.0
14,6,348,11.6,20715.0
15,6,348,10.4,21447.0
16,6,348,11.8,22248.0
17,6,348,13.2,24230.0
18,6,348,13.7,26133.0
19,6,348,16.0,27287.0
20,6,348,17.6,27307.0
21,6,348,18.9,27332.0
22,6,348,19.4,27644.0
23,6,348,19.3,26885.0
0,0,349,17.8,24634.0
1,0,349,15.5,25166.0
2,0,349,14.5,26874.0
3,0,349,13.9,26907.0
4,0,349,12.9,26669.0
5,0,349,12.4,26325.0
6,0,349,12.8,25766.0
7,0,349,12.8,24752.0
8,0,349,12.5,23148.0
9,0,349,12.3,22449.0
10,0,349,11.8,21813.0
11,0,349,11.6,21799.0
12,0,349,11.3,21363.0
13,0,349,9.7,21679.0
14,0,349,8.9,22878.0
15,0,349,8.2,24979.0
16,0,349,10.0,26723.0
17,0,349,12.4,29222.0
18,0,349,13.1,30144.0
19,0,349,15.2,30400.0
20,0,349,17.0,29976.0
21,0,349,18.0,30455.0
22,0,349,18.3,29881.0
23,0,349,17.6,29613.0
0,1,350,16.3,26893.0
1,1,350,14.4,27675.0
2,1,350,13.9,28918.0
3,1,350,13.4,28825.0
4,1,350,12.6,28439.0
5,1,350,11.7,27884.0
6,1,350,11.3,27268.0
7,1,350,10.6,25723.0
8,1,350,10.6,24317.0
9,1,350,10.7,23528.0
10,1,350,9.4,22474.0
11,1,350,8.9,22154.0
12,1,350,10.3,21870.0
13,1,350,9.5,21791.0
14,1,350,9.1,23089.0
15,1,350,9.6,25277.0
16,1,350,11.4,26919.0
17,1,350,13.4,29148.0
18,1,350,15.1,29848.0
19,1,350,17.3,29970.0
20,1,350,19.3,30421.0
21,1,350,19.9,30132.0
22,1,350,20.1,29896.0
23,1,350,20.2,28372.0
0,2,351,18.5,26215.0
1,2,351,16.8,26902.0
2,2,351,15.2,28517.0
3,2,351,13.8,28339.0
4,2,351,13.2,27843.0
5,2,351,12.9,27407.0
6,2,351,12.8,26755.0
7,2,351,12.5,25409.0
8,2,351,12.2,23737.0
9,2,351,11.7,22881.0
10,2,351,11.6,22030.0
11,2,351,11.3,21823.0
12,2,351,11.7,21572.0
13,2,351,10.3,21397.0
14,2,351,10.1,22798.0
15,2,351,9.9,24925.0
16,2,351,10.6,26360.0
17,2,351,11.1,28767.0
18,2,351,11.8,29865.0
19,2,351,12.8,29866.0
20,2,351,14.1,30020.0
21,2,351,15.8,29670.0
22,2,351,17.4,29304.0
23,2,351,18.3,28181.0
0,3,352,18.7,25980.0
1,3,352,19.3,26369.0
2,3,352,20.2,27982.0
3,3,352,18.6,27553.0
4,3,352,17.3,27076.0
5,3,352,13.9,26811.0
6,3,352,12.7,26273.0
7,3,352,12.0,24814.0
8,3,352,12.4,23291.0
9,3,352,12.0,23047.0
10,3,352,11.6,21889.0
11,3,352,11.1,21526.0
12,3,352,11.6,21002.0
13,3,352,10.4,21308.0
14,3,352,9.5,22428.0
15,3,352,9.1,24673.0
16,3,352,10.8,25794.0
17,3,352,14.1,26775.0
18,3,352,16.9,27356.0
19,3,352,18.5,26647.0
20,3,352,19.9,27281.0
21,3,352,21.4,27633.0
22,3,352,22.3,28215.0
23,3,352,22.0,28393.0
0,4,353,20.1,26240.0
1,4,353,17.3,26937.0
2,4,353,16.4,27780.0
3,4,353,15.9,27442.0
4,4,353,15.3,26830.0
5,4,353,15.3,26254.0
6,4,353,15.9,25746.0
7,4,353,15.8,24641.0
8,4,353,14.7,23560.0
9,4,353,13.6,23094.0
10,4,353,13.7,22752.0
11,4,353,13.7,22221.0
12,4,353,14.0,22084.0
13,4,353,13.5,21858.0
14,4,353,13.3,22133.0
15,4,353,12.7,23991.0
16,4,353,13.8,25280.0
17,4,353,15.9,26731.0
18,4,353,17.1,28094.0
19,4,353,18.8,27576.0
20,4,353,19.8,28222.0
21,4,353,20.6,29106.0
22,4,353,20.7,29400.0
23,4,353,20.4,29425.0
0,5,354,19.4,26385.0
1,5,354,16.7,26209.0
2,5,354,15.2,27224.0
3,5,354,13.9,26788.0
4,5,354,13.3,26050.0
5,5,354,12.8,25638.0
6,5,354,13.3,25160.0
7,5,354,13.2,24050.0
8,5,354,13.0,22601.0
9,5,354,12.8,22260.0
10,5,354,12.4,21335.0
11,5,354,12.5,20723.0
12,5,354,12.1,20031.0
13,5,354,11.7,19991.0
14,5,354,11.4,20285.0
15,5,354,11.2,21413.0
16,5,354,11.7,22806.0
17,5,354,12.7,25527.0
18,5,354,13.3,27729.0
19,5,354,15.0,27788.0
20,5,354,16.6,27874.0
21,5,354,17.6,27552.0
22,5,354,18.0,26308.0
23,5,354,17.9,25454.0
0,6,355,17.9,23489.0
1,6,355,16.1,24325.0
2,6,355,15.1,25648.0
3,6,355,14.3,25128.0
4,6,355,13.7,24681.0
5,6,355,13.0,24542.0
6,6,355,12.4,24138.0
7,6,355,12.2,23308.0
8,6,355,11.9,22198.0
9,6,355,12.0,21730.0
10,6,355,12.1,20639.0
11,6,355,11.9,19935.0
12,6,355,11.6,19511.0
13,6,355,11.5,19270.0
14,6,355,11.4,19500.0
15,6,355,11.1,20493.0
16,6,355,12.0,22049.0
17,6,355,13.1,24603.0
18,6,355,14.5,25900.0
19,6,355,16.6,26043.0
20,6,355,18.3,25707.0
21,6,355,19.6,25803.0
22,6,355,20.0,25082.0
23,6,355,19.3,24214.0
0,0,356,18.1,23126.0
1,0,356,16.2,23998.0
2,0,356,14.7,25567.0
3,0,356,14.0,25316.0
4,0,356,13.3,25043.0
5,0,356,12.9,24591.0
6,0,356,12.7,24012.0
7,0,356,12.8,23137.0
8,0,356,12.8,22146.0
9,0,356,12.6,22174.0
10,0,356,12.4,21398.0
11,0,356,12.4,21384.0
12,0,356,12.5,21059.0
13,0,356,11.8,20679.0
14,0,356,12.1,21328.0
15,0,356,11.4,22879.0
16,0,356,12.1,23974.0
17,0,356,13.4,26374.0
18,0,356,15.4,28286.0
19,0,356,17.2,28238.0
20,0,356,18.6,27387.0
21,0,356,19.0,27247.0
22,0,356,19.0,27042.0
23,0,356,18.7,26317.0
0,1,357,18.8,25409.0
1,1,357,17.1,25982.0
2,1,357,16.1,27282.0
3,1,357,15.3,26868.0
4,1,357,14.7,26389.0
5,1,357,13.9,25952.0
6,1,357,13.9,25487.0
7,1,357,14.1,24307.0
8,1,357,13.8,23333.0
9,1,357,13.7,22794.0
10,1,357,13.8,22357.0
11,1,357,13.9,22098.0
12,1,357,13.9,21526.0
13,1,357,13.9,21480.0
14,1,357,13.8,22063.0
15,1,357,13.9,23172.0
16,1,357,13.9,24641.0
17,1,357,14.3,25763.0
18,1,357,15.2,26512.0
19,1,357,15.9,27754.0
20,1,357,15.4,27770.0
21,1,357,16.3,27166.0
22,1,357,16.5,26662.0
23,1,357,17.0,26207.0
0,2,358,16.4,25720.0
1,2,358,16.3,26682.0
2,2,358,16.0,27454.0
3,2,358,15.9,26893.0
4,2,358,16.1,26340.0
5,2,358,16.1,25741.0
6,2,358,15.8,25370.0
7,2,358,15.6,24403.0
8,2,358,15.4,23478.0
9,2,358,15.3,23073.0
10,2,358,15.1,22673.0
11,2,358,15.0,22084.0
12,2,358,15.5,21923.0
13,2,358,16.1,21404.0
14,2,358,16.5,21212.0
15,2,358,16.9,21902.0
16,2,358,16.4,22914.0
17,2,358,16.6,23836.0
18,2,358,16.9,24577.0
19,2,358,16.0,25359.0
20,2,358,15.5,25382.0
21,2,358,15.2,25234.0
22,2,358,14.7,24834.0
23,2,358,15.2,24191.0
0,3,359,14.7,24248.0
1,3,359,14.8,25178.0
2,3,359,14.5,25613.0
3,3,359,13.4,25051.0
4,3,359,13.6,24176.0
5,3,359,13.4,23835.0
6,3,359,12.8,23153.0
7,3,359,13.1,22818.0
8,3,359,13.4,22550.0
9,3,359,13.4,21453.0
10,3,359,13.3,21274.0
11,3,359,13.4,21209.0
12,3,359,13.4,20492.0
13,3,359,13.1,20338.0
14,3,359,13.5,20135.0
15,3,359,12.1,20053.0
16,3,359,13.0,20471.0
17,3,359,13.8,22889.0
18,3,359,15.6,23944.0
19,3,359,16.8,24057.0
20,3,359,17.8,22844.0
21,3,359,16.1,22929.0
22,3,359,16.6,22569.0
23,3,359,16.5,22270.0
0,4,360,17.2,21884.0
1,4,360,16.2,22347.0
2,4,360,15.3,23106.0
3,4,360,14.4,22825.0
4,4,360,14.1,22602.0
5,4,360,14.2,22233.0
6,4,360,13.8,22005.0
7,4,360,13.8,21440.0
8,4,360,13.6,20614.0
9,4,360,13.3,20673.0
10,4,360,13.3,20070.0
11,4,360,13.4,19764.0
12,4,360,12.9,19370.0
13,4,360,12.9,19008.0
14,4,360,13.0,19785.0
15,4,360,13.0,20920.0
16,4,360,13.1,21383.0
17,4,360,13.4,23170.0
18,4,360,14.0,23290.0
19,4,360,13.9,23477.0
20,4,360,14.0,23737.0
21,4,360,14.2,23928.0
22,4,360,13.7,24645.0
23,4,360,13.6,24075.0
0,5,361,13.9,23732.0
1,5,361,13.4,24631.0
2,5,361,13.4,25891.0
3,5,361,12.8,25689.0
4,5,361,12.9,25031.0
5,5,361,12.6,24741.0
6,5,361,12.5,24244.0
7,5,361,12.0,23192.0
8,5,361,10.9,22249.0
9,5,361,10.4,21228.0
10,5,361,10.0,20153.0
11,5,361,9.1,19443.0
12,5,361,7.3,19239.0
13,5,361,6.1,19199.0
14,5,361,5.0,19526.0
15,5,361,5.1,20833.0
16,5,361,7.3,21366.0
17,5,361,9.9,22509.0
18,5,361,11.7,23710.0
19,5,361,13.5,25001.0
20,5,361,14.5,25107.0
21,5,361,15.2,24673.0
22,5,361,15.6,24778.0
23,5,361,15.5,24234.0
0,6,362,15.3,22129.0
1,6,362,13.7,22655.0
2,6,362,12.4,24658.0
3,6,362,11.3,24810.0
4,6,362,10.8,24570.0
5,6,362,9.7,24295.0
6,6,362,8.4,23982.0
7,6,362,7.9,23151.0
8,6,362,7.1,22045.0
9,6,362,7.2,21435.0
10,6,362,7.3,20586.0
11,6,362,6.7,20075.0
12,6,362,6.0,19584.0
13,6,362,5.1,19579.0
14,6,362,4.9,19995.0
15,6,362,4.7,20915.0
16,6,362,6.4,21757.0
17,6,362,9.7,22938.0
18,6,362,12.8,24015.0
19,6,362,14.9,24334.0
20,6,362,16.4,24720.0
21,6,362,17.5,24832.0
22,6,362,18.3,24953.0
23,6,362,17.9,24618.0
0,0,363,16.3,22763.0
1,0,363,14.3,23170.0
2,0,363,12.8,25236.0
3,0,363,11.6,25221.0
4,0,363,11.1,24959.0
5,0,363,11.1,24707.0
6,0,363,10.9,24607.0
7,0,363,10.3,23335.0
8,0,363,10.7,22095.0
9,0,363,10.2,21424.0
10,0,363,9.2,20611.0
11,0,363,8.4,20254.0
12,0,363,8.3,20220.0
13,0,363,7.5,20556.0
14,0,363,6.7,21640.0
15,0,363,6.5,23499.0
16,0,363,7.8,24870.0
17,0,363,10.8,25940.0
18,0,363,14.5,26315.0
19,0,363,16.1,26773.0
20,0,363,17.9,26904.0
21,0,363,19.8,26814.0
22,0,363,20.8,26695.0
23,0,363,20.7,26001.0
0,1,364,19.5,23347.0
1,1,364,16.4,24681.0
2,1,364,14.0,26550.0
3,1,364,13.1,26525.0
4,1,364,11.5,26217.0
5,1,364,10.2,25658.0
6,1,364,11.0,25207.0
7,1,364,11.4,24077.0
8,1,364,10.9,22777.0
9,1,364,9.9,22577.0
10,1,364,10.0,21636.0
11,1,364,10.6,21578.0
12,1,364,11.8,21080.0
13,1,364,12.3,20955.0
14,1,364,11.8,22140.0
15,1,364,11.9,23545.0
16,1,364,12.7,24729.0
17,1,364,14.0,25835.0
18,1,364,13.9,26954.0
19,1,364,14.5,27807.0
20,1,364,17.0,27785.0
21,1,364,18.9,26488.0
22,1,364,19.8,25805.0
23,1,364,19.9,25723.0
0,2,365,19.1,25054.0
