date_hour,hour,day_of_week,day_of_year,is_holiday,demand
2024-01-01T00:00,0,0,1,1,23126.0
2024-01-01T01:00,1,0,1,1,23165.0
2024-01-01T02:00,2,0,1,1,24138.0
2024-01-01T03:00,3,0,1,1,25999.0
2024-01-01T04:00,4,0,1,1,25812.0
2024-01-01T05:00,5,0,1,1,25007.0
2024-01-01T06:00,6,0,1,1,24317.0
2024-01-01T07:00,7,0,1,1,23918.0
2024-01-01T08:00,8,0,1,1,23066.0
2024-01-01T09:00,9,0,1,1,22365.0
2024-01-01T10:00,10,0,1,1,21604.0
2024-01-01T11:00,11,0,1,1,21007.0
2024-01-01T12:00,12,0,1,1,20402.0
2024-01-01T13:00,13,0,1,1,20119.0
2024-01-01T14:00,14,0,1,1,19740.0
2024-01-01T15:00,15,0,1,1,20059.0
2024-01-01T16:00,16,0,1,1,20697.0
2024-01-01T17:00,17,0,1,1,21060.0
2024-01-01T18:00,18,0,1,1,20827.0
2024-01-01T19:00,19,0,1,1,20608.0
2024-01-01T20:00,20,0,1,1,20707.0
2024-01-01T21:00,21,0,1,1,20191.0
2024-01-01T22:00,22,0,1,1,19778.0
2024-01-01T23:00,23,0,1,1,19756.0
2024-01-02T00:00,0,1,2,0,19820.0
2024-01-02T01:00,1,1,2,0,20302.0
2024-01-02T02:00,2,1,2,0,22243.0
2024-01-02T03:00,3,1,2,0,24523.0
2024-01-02T04:00,4,1,2,0,24851.0
2024-01-02T05:00,5,1,2,0,24529.0
2024-01-02T06:00,6,1,2,0,24327.0
2024-01-02T07:00,7,1,2,0,24078.0
2024-01-02T08:00,8,1,2,0,22808.0
2024-01-02T09:00,9,1,2,0,21576.0
2024-01-02T10:00,10,1,2,0,20779.0
2024-01-02T11:00,11,1,2,0,20227.0
2024-01-02T12:00,12,1,2,0,19834.0
2024-01-02T13:00,13,1,2,0,19611.0
2024-01-02T14:00,14,1,2,0,20025.0
2024-01-02T15:00,15,1,2,0,21422.0
2024-01-02T16:00,16,1,2,0,23274.0
2024-01-02T17:00,17,1,2,0,24578.0
2024-01-02T18:00,18,1,2,0,25319.0
2024-01-02T19:00,19,1,2,0,25332.0
2024-01-02T20:00,20,1,2,0,24774.0
2024-01-02T21:00,21,1,2,0,24306.0
2024-01-02T22:00,22,1,2,0,23267.0
2024-01-02T23:00,23,1,2,0,23088.0
2024-01-03T00:00,0,2,3,0,23720.0
2024-01-03T01:00,1,2,3,0,24304.0
2024-01-03T02:00,2,2,3,0,25631.0
2024-01-03T03:00,3,2,3,0,27425.0
2024-01-03T04:00,4,2,3,0,27329.0
2024-01-03T05:00,5,2,3,0,26871.0
2024-01-03T06:00,6,2,3,0,26561.0
2024-01-03T07:00,7,2,3,0,25692.0
2024-01-03T08:00,8,2,3,0,24252.0
2024-01-03T09:00,9,2,3,0,22981.0
2024-01-03T10:00,10,2,3,0,22117.0
2024-01-03T11:00,11,2,3,0,21614.0
2024-01-03T12:00,12,2,3,0,21392.0
2024-01-03T13:00,13,2,3,0,21195.0
2024-01-03T14:00,14,2,3,0,20947.0
2024-01-03T15:00,15,2,3,0,21893.0
2024-01-03T16:00,16,2,3,0,23583.0
2024-01-03T17:00,17,2,3,0,24968.0
2024-01-03T18:00,18,2,3,0,25498.0
2024-01-03T19:00,19,2,3,0,25244.0
2024-01-03T20:00,20,2,3,0,24591.0
2024-01-03T21:00,21,2,3,0,23535.0
2024-01-03T22:00,22,2,3,0,23240.0
2024-01-03T23:00,23,2,3,0,22838.0
2024-01-04T00:00,0,3,4,0,23562.0
2024-01-04T01:00,1,3,4,0,24280.0
2024-01-04T02:00,2,3,4,0,25786.0
2024-01-04T03:00,3,3,4,0,27524.0
2024-01-04T04:00,4,3,4,0,27613.0
2024-01-04T05:00,5,3,4,0,27137.0
2024-01-04T06:00,6,3,4,0,26620.0
2024-01-04T07:00,7,3,4,0,25908.0
2024-01-04T08:00,8,3,4,0,24599.0
2024-01-04T09:00,9,3,4,0,23340.0
2024-01-04T10:00,10,3,4,0,22150.0
2024-01-04T11:00,11,3,4,0,21707.0
2024-01-04T12:00,12,3,4,0,21499.0
2024-01-04T13:00,13,3,4,0,21182.0
2024-01-04T14:00,14,3,4,0,21178.0
2024-01-04T15:00,15,3,4,0,22424.0
2024-01-04T16:00,16,3,4,0,24394.0
2024-01-04T17:00,17,3,4,0,25560.0
2024-01-04T18:00,18,3,4,0,25655.0
2024-01-04T19:00,19,3,4,0,24749.0
2024-01-04T20:00,20,3,4,0,23839.0
2024-01-04T21:00,21,3,4,0,23412.0
2024-01-04T22:00,22,3,4,0,23655.0
2024-01-04T23:00,23,3,4,0,23570.0
2024-01-05T00:00,0,4,5,0,23519.0
2024-01-05T01:00,1,4,5,0,23229.0
2024-01-05T02:00,2,4,5,0,24896.0
2024-01-05T03:00,3,4,5,0,27069.0
2024-01-05T04:00,4,4,5,0,27288.0
2024-01-05T05:00,5,4,5,0,27142.0
2024-01-05T06:00,6,4,5,0,26536.0
2024-01-05T07:00,7,4,5,0,25702.0
2024-01-05T08:00,8,4,5,0,24875.0
2024-01-05T09:00,9,4,5,0,23809.0
2024-01-05T10:00,10,4,5,0,22782.0
2024-01-05T11:00,11,4,5,0,21926.0
2024-01-05T12:00,12,4,5,0,21340.0
2024-01-05T13:00,13,4,5,0,21250.0
2024-01-05T14:00,14,4,5,0,21522.0
2024-01-05T15:00,15,4,5,0,22574.0
2024-01-05T16:00,16,4,5,0,24315.0
2024-01-05T17:00,17,4,5,0,25508.0
2024-01-05T18:00,18,4,5,0,25581.0
2024-01-05T19:00,19,4,5,0,24296.0
2024-01-05T20:00,20,4,5,0,23747.0
2024-01-05T21:00,21,4,5,0,22297.0
2024-01-05T22:00,22,4,5,0,22171.0
2024-01-05T23:00,23,4,5,0,22841.0
2024-01-06T00:00,0,5,6,0,23741.0
2024-01-06T01:00,1,5,6,0,23666.0
2024-01-06T02:00,2,5,6,0,24623.0
2024-01-06T03:00,3,5,6,0,26595.0
2024-01-06T04:00,4,5,6,0,26752.0
2024-01-06T05:00,5,5,6,0,26363.0
2024-01-06T06:00,6,5,6,0,26007.0
2024-01-06T07:00,7,5,6,0,25615.0
2024-01-06T08:00,8,5,6,0,24460.0
2024-01-06T09:00,9,5,6,0,23211.0
2024-01-06T10:00,10,5,6,0,22631.0
2024-01-06T11:00,11,5,6,0,21797.0
2024-01-06T12:00,12,5,6,0,21259.0
2024-01-06T13:00,13,5,6,0,21015.0
2024-01-06T14:00,14,5,6,0,21125.0
2024-01-06T15:00,15,5,6,0,21691.0
2024-01-06T16:00,16,5,6,0,22692.0
2024-01-06T17:00,17,5,6,0,23106.0
2024-01-06T18:00,18,5,6,0,22751.0
2024-01-06T19:00,19,5,6,0,22499.0
2024-01-06T20:00,20,5,6,0,22773.0
2024-01-06T21:00,21,5,6,0,22832.0
2024-01-06T22:00,22,5,6,0,22822.0
2024-01-06T23:00,23,5,6,0,23221.0
2024-01-07T00:00,0,6,7,0,22580.0
2024-01-07T01:00,1,6,7,0,22891.0
2024-01-07T02:00,2,6,7,0,23957.0
2024-01-07T03:00,3,6,7,0,25939.0
2024-01-07T04:00,4,6,7,0,26008.0
2024-01-07T05:00,5,6,7,0,25784.0
2024-01-07T06:00,6,6,7,0,25197.0
2024-01-07T07:00,7,6,7,0,24632.0
2024-01-07T08:00,8,6,7,0,23705.0
2024-01-07T09:00,9,6,7,0,22824.0
2024-01-07T10:00,10,6,7,0,22183.0
2024-01-07T11:00,11,6,7,0,21494.0
2024-01-07T12:00,12,6,7,0,21113.0
2024-01-07T13:00,13,6,7,0,20635.0
2024-01-07T14:00,14,6,7,0,20563.0
2024-01-07T15:00,15,6,7,0,20776.0
2024-01-07T16:00,16,6,7,0,21597.0
2024-01-07T17:00,17,6,7,0,22186.0
2024-01-07T18:00,18,6,7,0,21518.0
2024-01-07T19:00,19,6,7,0,20532.0
2024-01-07T20:00,20,6,7,0,20204.0
2024-01-07T21:00,21,6,7,0,20479.0
2024-01-07T22:00,22,6,7,0,20558.0
2024-01-07T23:00,23,6,7,0,21072.0
2024-01-08T00:00,0,0,8,0,21096.0
2024-01-08T01:00,1,0,8,0,21000.0
2024-01-08T02:00,2,0,8,0,23142.0
2024-01-08T03:00,3,0,8,0,26032.0
2024-01-08T04:00,4,0,8,0,26570.0
2024-01-08T05:00,5,0,8,0,26611.0
2024-01-08T06:00,6,0,8,0,26336.0
2024-01-08T07:00,7,0,8,0,25652.0
2024-01-08T08:00,8,0,8,0,24385.0
2024-01-08T09:00,9,0,8,0,23262.0
2024-01-08T10:00,10,0,8,0,22903.0
2024-01-08T11:00,11,0,8,0,22259.0
2024-01-08T12:00,12,0,8,0,22426.0
2024-01-08T13:00,13,0,8,0,22475.0
2024-01-08T14:00,14,0,8,0,22605.0
2024-01-08T15:00,15,0,8,0,24095.0
2024-01-08T16:00,16,0,8,0,26713.0
2024-01-08T17:00,17,0,8,0,27988.0
2024-01-08T18:00,18,0,8,0,27600.0
2024-01-08T19:00,19,0,8,0,26740.0
2024-01-08T20:00,20,0,8,0,24807.0
2024-01-08T21:00,21,0,8,0,24499.0
2024-01-08T22:00,22,0,8,0,23640.0
2024-01-08T23:00,23,0,8,0,23745.0
2024-01-09T00:00,0,1,9,0,24514.0
2024-01-09T01:00,1,1,9,0,24195.0
2024-01-09T02:00,2,1,9,0,25769.0
2024-01-09T03:00,3,1,9,0,28345.0
2024-01-09T04:00,4,1,9,0,28795.0
2024-01-09T05:00,5,1,9,0,28393.0
2024-01-09T06:00,6,1,9,0,27873.0
2024-01-09T07:00,7,1,9,0,26939.0
2024-01-09T08:00,8,1,9,0,25477.0
2024-01-09T09:00,9,1,9,0,23860.0
2024-01-09T10:00,10,1,9,0,23659.0
2024-01-09T11:00,11,1,9,0,23472.0
2024-01-09T12:00,12,1,9,0,22895.0
2024-01-09T13:00,13,1,9,0,22874.0
2024-01-09T14:00,14,1,9,0,22716.0
2024-01-09T15:00,15,1,9,0,23876.0
2024-01-09T16:00,16,1,9,0,25274.0
2024-01-09T17:00,17,1,9,0,27506.0
2024-01-09T18:00,18,1,9,0,27720.0
2024-01-09T19:00,19,1,9,0,27254.0
2024-01-09T20:00,20,1,9,0,26279.0
2024-01-09T21:00,21,1,9,0,25455.0
2024-01-09T22:00,22,1,9,0,24337.0
2024-01-09T23:00,23,1,9,0,23412.0
2024-01-10T00:00,0,2,10,0,23545.0
2024-01-10T01:00,1,2,10,0,23507.0
2024-01-10T02:00,2,2,10,0,25339.0
2024-01-10T03:00,3,2,10,0,27559.0
2024-01-10T04:00,4,2,10,0,28040.0
2024-01-10T05:00,5,2,10,0,27769.0
2024-01-10T06:00,6,2,10,0,27493.0
2024-01-10T07:00,7,2,10,0,26517.0
2024-01-10T08:00,8,2,10,0,24986.0
2024-01-10T09:00,9,2,10,0,23515.0
2024-01-10T10:00,10,2,10,0,22907.0
2024-01-10T11:00,11,2,10,0,22994.0
2024-01-10T12:00,12,2,10,0,22309.0
2024-01-10T13:00,13,2,10,0,21997.0
2024-01-10T14:00,14,2,10,0,22195.0
2024-01-10T15:00,15,2,10,0,23232.0
2024-01-10T16:00,16,2,10,0,25601.0
2024-01-10T17:00,17,2,10,0,27146.0
2024-01-10T18:00,18,2,10,0,27313.0
2024-01-10T19:00,19,2,10,0,26526.0
2024-01-10T20:00,20,2,10,0,26025.0
2024-01-10T21:00,21,2,10,0,25710.0
2024-01-10T22:00,22,2,10,0,25480.0
2024-01-10T23:00,23,2,10,0,25209.0
2024-01-11T00:00,0,3,11,0,25170.0
2024-01-11T01:00,1,3,11,0,25140.0
2024-01-11T02:00,2,3,11,0,26360.0
2024-01-11T03:00,3,3,11,0,28408.0
2024-01-11T04:00,4,3,11,0,28592.0
2024-01-11T05:00,5,3,11,0,27968.0
2024-01-11T06:00,6,3,11,0,27359.0
2024-01-11T07:00,7,3,11,0,26734.0
2024-01-11T08:00,8,3,11,0,25166.0
2024-01-11T09:00,9,3,11,0,23721.0
2024-01-11T10:00,10,3,11,0,22918.0
2024-01-11T11:00,11,3,11,0,22923.0
2024-01-11T12:00,12,3,11,0,22802.0
2024-01-11T13:00,13,3,11,0,22081.0
2024-01-11T14:00,14,3,11,0,22287.0
2024-01-11T15:00,15,3,11,0,22977.0
2024-01-11T16:00,16,3,11,0,25314.0
2024-01-11T17:00,17,3,11,0,26814.0
2024-01-11T18:00,18,3,11,0,26513.0
2024-01-11T19:00,19,3,11,0,24963.0
2024-01-11T20:00,20,3,11,0,23373.0
2024-01-11T21:00,21,3,11,0,22544.0
2024-01-11T22:00,22,3,11,0,22399.0
2024-01-11T23:00,23,3,11,0,23008.0
2024-01-12T00:00,0,4,12,0,23059.0
2024-01-12T01:00,1,4,12,0,23294.0
2024-01-12T02:00,2,4,12,0,25231.0
2024-01-12T03:00,3,4,12,0,27711.0
2024-01-12T04:00,4,4,12,0,28068.0
2024-01-12T05:00,5,4,12,0,27825.0
2024-01-12T06:00,6,4,12,0,27351.0
2024-01-12T07:00,7,4,12,0,26856.0
2024-01-12T08:00,8,4,12,0,25446.0
2024-01-12T09:00,9,4,12,0,23965.0
2024-01-12T10:00,10,4,12,0,23850.0
2024-01-12T11:00,11,4,12,0,23418.0
2024-01-12T12:00,12,4,12,0,22694.0
2024-01-12T13:00,13,4,12,0,22608.0
2024-01-12T14:00,14,4,12,0,22992.0
2024-01-12T15:00,15,4,12,0,24165.0
2024-01-12T16:00,16,4,12,0,26404.0
2024-01-12T17:00,17,4,12,0,27703.0
2024-01-12T18:00,18,4,12,0,27276.0
2024-01-12T19:00,19,4,12,0,25988.0
2024-01-12T20:00,20,4,12,0,25259.0
2024-01-12T21:00,21,4,12,0,24489.0
2024-01-12T22:00,22,4,12,0,24946.0
2024-01-12T23:00,23,4,12,0,24676.0
2024-01-13T00:00,0,5,13,0,24534.0
2024-01-13T01:00,1,5,13,0,24750.0
2024-01-13T02:00,2,5,13,0,25734.0
2024-01-13T03:00,3,5,13,0,27538.0
2024-01-13T04:00,4,5,13,0,27584.0
2024-01-13T05:00,5,5,13,0,27225.0
2024-01-13T06:00,6,5,13,0,26849.0
2024-01-13T07:00,7,5,13,0,26293.0
2024-01-13T08:00,8,5,13,0,25225.0
2024-01-13T09:00,9,5,13,0,23885.0
2024-01-13T10:00,10,5,13,0,22787.0
2024-01-13T11:00,11,5,13,0,22008.0
2024-01-13T12:00,12,5,13,0,21658.0
2024-01-13T13:00,13,5,13,0,21337.0
2024-01-13T14:00,14,5,13,0,21620.0
2024-01-13T15:00,15,5,13,0,21863.0
2024-01-13T16:00,16,5,13,0,22800.0
2024-01-13T17:00,17,5,13,0,23409.0
2024-01-13T18:00,18,5,13,0,24473.0
2024-01-13T19:00,19,5,13,0,24020.0
2024-01-13T20:00,20,5,13,0,24199.0
2024-01-13T21:00,21,5,13,0,23842.0
2024-01-13T22:00,22,5,13,0,23096.0
2024-01-13T23:00,23,5,13,0,22463.0
2024-01-14T00:00,0,6,14,0,22568.0
2024-01-14T01:00,1,6,14,0,22665.0
2024-01-14T02:00,2,6,14,0,23632.0
2024-01-14T03:00,3,6,14,0,25794.0
2024-01-14T04:00,4,6,14,0,26298.0
2024-01-14T05:00,5,6,14,0,26013.0
2024-01-14T06:00,6,6,14,0,25436.0
2024-01-14T07:00,7,6,14,0,24982.0
2024-01-14T08:00,8,6,14,0,23847.0
2024-01-14T09:00,9,6,14,0,23192.0
2024-01-14T10:00,10,6,14,0,22174.0
2024-01-14T11:00,11,6,14,0,21339.0
2024-01-14T12:00,12,6,14,0,21001.0
2024-01-14T13:00,13,6,14,0,20325.0
2024-01-14T14:00,14,6,14,0,20097.0
2024-01-14T15:00,15,6,14,0,20410.0
2024-01-14T16:00,16,6,14,0,21087.0
2024-01-14T17:00,17,6,14,0,21747.0
2024-01-14T18:00,18,6,14,0,22412.0
2024-01-14T19:00,19,6,14,0,22745.0
2024-01-14T20:00,20,6,14,0,22500.0
2024-01-14T21:00,21,6,14,0,21564.0
2024-01-14T22:00,22,6,14,0,20611.0
2024-01-14T23:00,23,6,14,0,19998.0
2024-01-15T00:00,0,0,15,1,19754.0
2024-01-15T01:00,1,0,15,1,19919.0
2024-01-15T02:00,2,0,15,1,22055.0
2024-01-15T03:00,3,0,15,1,24381.0
2024-01-15T04:00,4,0,15,1,24682.0
2024-01-15T05:00,5,0,15,1,24583.0
2024-01-15T06:00,6,0,15,1,24146.0
2024-01-15T07:00,7,0,15,1,23691.0
2024-01-15T08:00,8,0,15,1,22585.0
2024-01-15T09:00,9,0,15,1,21614.0
2024-01-15T10:00,10,0,15,1,20997.0
2024-01-15T11:00,11,0,15,1,20327.0
2024-01-15T12:00,12,0,15,1,20313.0
2024-01-15T13:00,13,0,15,1,20345.0
2024-01-15T14:00,14,0,15,1,20261.0
2024-01-15T15:00,15,0,15,1,21451.0
2024-01-15T16:00,16,0,15,1,23196.0
2024-01-15T17:00,17,0,15,1,24254.0
2024-01-15T18:00,18,0,15,1,25195.0
2024-01-15T19:00,19,0,15,1,24879.0
2024-01-15T20:00,20,0,15,1,23249.0
2024-01-15T21:00,21,0,15,1,22744.0
2024-01-15T22:00,22,0,15,1,22771.0
2024-01-15T23:00,23,0,15,1,23119.0
2024-01-16T00:00,0,1,16,0,23891.0
2024-01-16T01:00,1,1,16,0,24425.0
2024-01-16T02:00,2,1,16,0,24625.0
2024-01-16T03:00,3,1,16,0,26800.0
2024-01-16T04:00,4,1,16,0,27007.0
2024-01-16T05:00,5,1,16,0,26581.0
2024-01-16T06:00,6,1,16,0,26104.0
2024-01-16T07:00,7,1,16,0,25248.0
2024-01-16T08:00,8,1,16,0,23740.0
2024-01-16T09:00,9,1,16,0,22853.0
2024-01-16T10:00,10,1,16,0,21703.0
2024-01-16T11:00,11,1,16,0,21557.0
2024-01-16T12:00,12,1,16,0,20845.0
2024-01-16T13:00,13,1,16,0,20695.0
2024-01-16T14:00,14,1,16,0,21290.0
2024-01-16T15:00,15,1,16,0,22629.0
2024-01-16T16:00,16,1,16,0,24876.0
2024-01-16T17:00,17,1,16,0,26530.0
2024-01-16T18:00,18,1,16,0,26777.0
2024-01-16T19:00,19,1,16,0,26253.0
2024-01-16T20:00,20,1,16,0,25243.0
2024-01-16T21:00,21,1,16,0,24895.0
2024-01-16T22:00,22,1,16,0,24957.0
2024-01-16T23:00,23,1,16,0,24926.0
2024-01-17T00:00,0,2,17,0,25237.0
2024-01-17T01:00,1,2,17,0,24999.0
2024-01-17T02:00,2,2,17,0,25519.0
2024-01-17T03:00,3,2,17,0,27388.0
2024-01-17T04:00,4,2,17,0,27415.0
2024-01-17T05:00,5,2,17,0,26938.0
2024-01-17T06:00,6,2,17,0,26562.0
2024-01-17T07:00,7,2,17,0,25580.0
2024-01-17T08:00,8,2,17,0,23894.0
2024-01-17T09:00,9,2,17,0,22880.0
2024-01-17T10:00,10,2,17,0,22443.0
2024-01-17T11:00,11,2,17,0,21856.0
2024-01-17T12:00,12,2,17,0,21500.0
2024-01-17T13:00,13,2,17,0,21175.0
2024-01-17T14:00,14,2,17,0,21054.0
2024-01-17T15:00,15,2,17,0,21797.0
2024-01-17T16:00,16,2,17,0,24075.0
2024-01-17T17:00,17,2,17,0,25821.0
2024-01-17T18:00,18,2,17,0,26205.0
2024-01-17T19:00,19,2,17,0,26041.0
2024-01-17T20:00,20,2,17,0,25265.0
2024-01-17T21:00,21,2,17,0,24924.0
2024-01-17T22:00,22,2,17,0,24361.0
2024-01-17T23:00,23,2,17,0,24596.0
2024-01-18T00:00,0,3,18,0,24072.0
2024-01-18T01:00,1,3,18,0,24045.0
2024-01-18T02:00,2,3,18,0,24514.0
2024-01-18T03:00,3,3,18,0,26742.0
2024-01-18T04:00,4,3,18,0,27056.0
2024-01-18T05:00,5,3,18,0,26768.0
2024-01-18T06:00,6,3,18,0,25925.0
2024-01-18T07:00,7,3,18,0,25115.0
2024-01-18T08:00,8,3,18,0,23946.0
2024-01-18T09:00,9,3,18,0,22829.0
2024-01-18T10:00,10,3,18,0,22089.0
2024-01-18T11:00,11,3,18,0,21852.0
2024-01-18T12:00,12,3,18,0,21396.0
2024-01-18T13:00,13,3,18,0,21146.0
2024-01-18T14:00,14,3,18,0,21178.0
2024-01-18T15:00,15,3,18,0,22591.0
2024-01-18T16:00,16,3,18,0,24655.0
2024-01-18T17:00,17,3,18,0,26287.0
2024-01-18T18:00,18,3,18,0,26380.0
2024-01-18T19:00,19,3,18,0,25694.0
2024-01-18T20:00,20,3,18,0,24839.0
2024-01-18T21:00,21,3,18,0,24535.0
2024-01-18T22:00,22,3,18,0,24061.0
2024-01-18T23:00,23,3,18,0,24078.0
2024-01-19T00:00,0,4,19,0,23904.0
2024-01-19T01:00,1,4,19,0,23678.0
2024-01-19T02:00,2,4,19,0,24584.0
2024-01-19T03:00,3,4,19,0,26920.0
2024-01-19T04:00,4,4,19,0,26919.0
2024-01-19T05:00,5,4,19,0,26443.0
2024-01-19T06:00,6,4,19,0,25823.0
2024-01-19T07:00,7,4,19,0,25176.0
2024-01-19T08:00,8,4,19,0,23809.0
2024-01-19T09:00,9,4,19,0,22524.0
2024-01-19T10:00,10,4,19,0,22208.0
2024-01-19T11:00,11,4,19,0,21535.0
2024-01-19T12:00,12,4,19,0,21409.0
2024-01-19T13:00,13,4,19,0,21207.0
2024-01-19T14:00,14,4,19,0,21304.0
2024-01-19T15:00,15,4,19,0,22434.0
2024-01-19T16:00,16,4,19,0,24247.0
2024-01-19T17:00,17,4,19,0,25746.0
2024-01-19T18:00,18,4,19,0,25664.0
2024-01-19T19:00,19,4,19,0,25600.0
2024-01-19T20:00,20,4,19,0,25207.0
2024-01-19T21:00,21,4,19,0,25395.0
2024-01-19T22:00,22,4,19,0,25128.0
2024-01-19T23:00,23,4,19,0,24840.0
2024-01-20T00:00,0,5,20,0,24390.0
2024-01-20T01:00,1,5,20,0,24970.0
2024-01-20T02:00,2,5,20,0,25396.0
2024-01-20T03:00,3,5,20,0,26717.0
2024-01-20T04:00,4,5,20,0,26682.0
2024-01-20T05:00,5,5,20,0,26047.0
2024-01-20T06:00,6,5,20,0,25332.0
2024-01-20T07:00,7,5,20,0,24645.0
2024-01-20T08:00,8,5,20,0,23475.0
2024-01-20T09:00,9,5,20,0,22294.0
2024-01-20T10:00,10,5,20,0,21769.0
2024-01-20T11:00,11,5,20,0,21150.0
2024-01-20T12:00,12,5,20,0,20847.0
2024-01-20T13:00,13,5,20,0,20262.0
2024-01-20T14:00,14,5,20,0,20258.0
2024-01-20T15:00,15,5,20,0,20542.0
2024-01-20T16:00,16,5,20,0,21539.0
2024-01-20T17:00,17,5,20,0,21743.0
2024-01-20T18:00,18,5,20,0,22339.0
2024-01-20T19:00,19,5,20,0,22563.0
2024-01-20T20:00,20,5,20,0,23461.0
2024-01-20T21:00,21,5,20,0,23563.0
2024-01-20T22:00,22,5,20,0,23374.0
2024-01-20T23:00,23,5,20,0,23716.0
2024-01-21T00:00,0,6,21,0,23973.0
2024-01-21T01:00,1,6,21,0,24287.0
2024-01-21T02:00,2,6,21,0,24554.0
2024-01-21T03:00,3,6,21,0,25542.0
2024-01-21T04:00,4,6,21,0,25426.0
2024-01-21T05:00,5,6,21,0,25032.0
2024-01-21T06:00,6,6,21,0,24304.0
2024-01-21T07:00,7,6,21,0,23995.0
2024-01-21T08:00,8,6,21,0,23296.0
2024-01-21T09:00,9,6,21,0,22461.0
2024-01-21T10:00,10,6,21,0,21905.0
2024-01-21T11:00,11,6,21,0,21718.0
2024-01-21T12:00,12,6,21,0,21394.0
2024-01-21T13:00,13,6,21,0,21293.0
2024-01-21T14:00,14,6,21,0,20875.0
2024-01-21T15:00,15,6,21,0,20519.0
2024-01-21T16:00,16,6,21,0,21107.0
2024-01-21T17:00,17,6,21,0,21092.0
2024-01-21T18:00,18,6,21,0,21464.0
2024-01-21T19:00,19,6,21,0,21926.0
2024-01-21T20:00,20,6,21,0,22282.0
2024-01-21T21:00,21,6,21,0,21901.0
2024-01-21T22:00,22,6,21,0,22067.0
2024-01-21T23:00,23,6,21,0,21974.0
2024-01-22T00:00,0,0,22,0,21967.0
2024-01-22T01:00,1,0,22,0,21975.0
2024-01-22T02:00,2,0,22,0,23094.0
2024-01-22T03:00,3,0,22,0,24931.0
2024-01-22T04:00,4,0,22,0,24955.0
2024-01-22T05:00,5,0,22,0,24694.0
2024-01-22T06:00,6,0,22,0,24000.0
2024-01-22T07:00,7,0,22,0,23313.0
2024-01-22T08:00,8,0,22,0,22605.0
2024-01-22T09:00,9,0,22,0,21825.0
2024-01-22T10:00,10,0,22,0,22241.0
2024-01-22T11:00,11,0,22,0,21561.0
2024-01-22T12:00,12,0,22,0,20840.0
2024-01-22T13:00,13,0,22,0,20243.0
2024-01-22T14:00,14,0,22,0,20246.0
2024-01-22T15:00,15,0,22,0,21453.0
2024-01-22T16:00,16,0,22,0,23561.0
2024-01-22T17:00,17,0,22,0,25285.0
2024-01-22T18:00,18,0,22,0,26327.0
2024-01-22T19:00,19,0,22,0,26990.0
2024-01-22T20:00,20,0,22,0,27077.0
2024-01-22T21:00,21,0,22,0,26257.0
2024-01-22T22:00,22,0,22,0,25253.0
2024-01-22T23:00,23,0,22,0,25303.0
2024-01-23T00:00,0,1,23,0,25432.0
2024-01-23T01:00,1,1,23,0,25124.0
2024-01-23T02:00,2,1,23,0,25783.0
2024-01-23T03:00,3,1,23,0,27042.0
2024-01-23T04:00,4,1,23,0,27267.0
2024-01-23T05:00,5,1,23,0,26565.0
2024-01-23T06:00,6,1,23,0,25829.0
2024-01-23T07:00,7,1,23,0,24935.0
2024-01-23T08:00,8,1,23,0,23767.0
2024-01-23T09:00,9,1,23,0,22468.0
2024-01-23T10:00,10,1,23,0,21451.0
2024-01-23T11:00,11,1,23,0,20793.0
2024-01-23T12:00,12,1,23,0,20876.0
2024-01-23T13:00,13,1,23,0,20605.0
2024-01-23T14:00,14,1,23,0,20651.0
2024-01-23T15:00,15,1,23,0,21304.0
2024-01-23T16:00,16,1,23,0,23202.0
2024-01-23T17:00,17,1,23,0,24690.0
2024-01-23T18:00,18,1,23,0,24419.0
2024-01-23T19:00,19,1,23,0,23578.0
2024-01-23T20:00,20,1,23,0,23383.0
2024-01-23T21:00,21,1,23,0,23075.0
2024-01-23T22:00,22,1,23,0,22274.0
2024-01-23T23:00,23,1,23,0,22185.0
2024-01-24T00:00,0,2,24,0,22496.0
2024-01-24T01:00,1,2,24,0,22993.0
2024-01-24T02:00,2,2,24,0,23937.0
2024-01-24T03:00,3,2,24,0,25921.0
2024-01-24T04:00,4,2,24,0,26564.0
2024-01-24T05:00,5,2,24,0,26052.0
2024-01-24T06:00,6,2,24,0,25318.0
2024-01-24T07:00,7,2,24,0,24758.0
2024-01-24T08:00,8,2,24,0,23627.0
2024-01-24T09:00,9,2,24,0,22276.0
2024-01-24T10:00,10,2,24,0,21745.0
2024-01-24T11:00,11,2,24,0,20993.0
2024-01-24T12:00,12,2,24,0,20922.0
2024-01-24T13:00,13,2,24,0,20578.0
2024-01-24T14:00,14,2,24,0,20629.0
2024-01-24T15:00,15,2,24,0,21700.0
2024-01-24T16:00,16,2,24,0,23632.0
2024-01-24T17:00,17,2,24,0,25086.0
2024-01-24T18:00,18,2,24,0,25590.0
2024-01-24T19:00,19,2,24,0,25917.0
2024-01-24T20:00,20,2,24,0,26124.0
2024-01-24T21:00,21,2,24,0,25969.0
2024-01-24T22:00,22,2,24,0,26379.0
2024-01-24T23:00,23,2,24,0,25671.0
2024-01-25T00:00,0,3,25,0,25093.0
2024-01-25T01:00,1,3,25,0,25054.0
2024-01-25T02:00,2,3,25,0,25658.0
2024-01-25T03:00,3,3,25,0,26909.0
2024-01-25T04:00,4,3,25,0,27009.0
2024-01-25T05:00,5,3,25,0,26451.0
2024-01-25T06:00,6,3,25,0,25869.0
2024-01-25T07:00,7,3,25,0,25118.0
2024-01-25T08:00,8,3,25,0,23838.0
2024-01-25T09:00,9,3,25,0,22845.0
2024-01-25T10:00,10,3,25,0,21769.0
2024-01-25T11:00,11,3,25,0,21438.0
2024-01-25T12:00,12,3,25,0,20950.0
2024-01-25T13:00,13,3,25,0,21161.0
2024-01-25T14:00,14,3,25,0,21138.0
2024-01-25T15:00,15,3,25,0,22041.0
2024-01-25T16:00,16,3,25,0,23899.0
2024-01-25T17:00,17,3,25,0,25082.0
2024-01-25T18:00,18,3,25,0,25158.0
2024-01-25T19:00,19,3,25,0,24679.0
2024-01-25T20:00,20,3,25,0,24325.0
2024-01-25T21:00,21,3,25,0,23316.0
2024-01-25T22:00,22,3,25,0,22133.0
2024-01-25T23:00,23,3,25,0,22388.0
2024-01-26T00:00,0,4,26,0,22263.0
2024-01-26T01:00,1,4,26,0,21919.0
2024-01-26T02:00,2,4,26,0,23612.0
2024-01-26T03:00,3,4,26,0,25764.0
2024-01-26T04:00,4,4,26,0,26189.0
2024-01-26T05:00,5,4,26,0,25826.0
2024-01-26T06:00,6,4,26,0,25585.0
2024-01-26T07:00,7,4,26,0,24818.0
2024-01-26T08:00,8,4,26,0,23579.0
2024-01-26T09:00,9,4,26,0,22294.0
2024-01-26T10:00,10,4,26,0,21789.0
2024-01-26T11:00,11,4,26,0,21157.0
2024-01-26T12:00,12,4,26,0,20514.0
2024-01-26T13:00,13,4,26,0,20337.0
2024-01-26T14:00,14,4,26,0,20617.0
2024-01-26T15:00,15,4,26,0,21661.0
2024-01-26T16:00,16,4,26,0,23854.0
2024-01-26T17:00,17,4,26,0,25095.0
2024-01-26T18:00,18,4,26,0,25039.0
2024-01-26T19:00,19,4,26,0,24652.0
2024-01-26T20:00,20,4,26,0,24434.0
2024-01-26T21:00,21,4,26,0,23426.0
2024-01-26T22:00,22,4,26,0,22860.0
2024-01-26T23:00,23,4,26,0,23221.0
2024-01-27T00:00,0,5,27,0,23206.0
2024-01-27T01:00,1,5,27,0,22903.0
2024-01-27T02:00,2,5,27,0,23864.0
2024-01-27T03:00,3,5,27,0,25638.0
2024-01-27T04:00,4,5,27,0,25861.0
2024-01-27T05:00,5,5,27,0,25138.0
2024-01-27T06:00,6,5,27,0,24404.0
2024-01-27T07:00,7,5,27,0,23723.0
2024-01-27T08:00,8,5,27,0,22797.0
2024-01-27T09:00,9,5,27,0,22086.0
2024-01-27T10:00,10,5,27,0,21227.0
2024-01-27T11:00,11,5,27,0,20461.0
2024-01-27T12:00,12,5,27,0,19970.0
2024-01-27T13:00,13,5,27,0,19446.0
2024-01-27T14:00,14,5,27,0,19378.0
2024-01-27T15:00,15,5,27,0,19831.0
2024-01-27T16:00,16,5,27,0,20701.0
2024-01-27T17:00,17,5,27,0,21208.0
2024-01-27T18:00,18,5,27,0,21929.0
2024-01-27T19:00,19,5,27,0,21211.0
2024-01-27T20:00,20,5,27,0,20507.0
2024-01-27T21:00,21,5,27,0,19987.0
2024-01-27T22:00,22,5,27,0,19596.0
2024-01-27T23:00,23,5,27,0,18871.0
2024-01-28T00:00,0,6,28,0,19307.0
2024-01-28T01:00,1,6,28,0,20460.0
2024-01-28T02:00,2,6,28,0,22244.0
2024-01-28T03:00,3,6,28,0,24047.0
2024-01-28T04:00,4,6,28,0,24360.0
2024-01-28T05:00,5,6,28,0,23819.0
2024-01-28T06:00,6,6,28,0,23286.0
2024-01-28T07:00,7,6,28,0,22668.0
2024-01-28T08:00,8,6,28,0,22066.0
2024-01-28T09:00,9,6,28,0,20683.0
2024-01-28T10:00,10,6,28,0,20224.0
2024-01-28T11:00,11,6,28,0,19620.0
2024-01-28T12:00,12,6,28,0,19065.0
2024-01-28T13:00,13,6,28,0,18729.0
2024-01-28T14:00,14,6,28,0,18623.0
2024-01-28T15:00,15,6,28,0,18972.0
2024-01-28T16:00,16,6,28,0,19729.0
2024-01-28T17:00,17,6,28,0,20194.0
2024-01-28T18:00,18,6,28,0,20716.0
2024-01-28T19:00,19,6,28,0,21183.0
2024-01-28T20:00,20,6,28,0,20807.0
2024-01-28T21:00,21,6,28,0,19492.0
2024-01-28T22:00,22,6,28,0,18930.0
2024-01-28T23:00,23,6,28,0,18884.0
2024-01-29T00:00,0,0,29,0,18506.0
2024-01-29T01:00,1,0,29,0,19483.0
2024-01-29T02:00,2,0,29,0,21416.0
2024-01-29T03:00,3,0,29,0,23637.0
2024-01-29T04:00,4,0,29,0,23999.0
2024-01-29T05:00,5,0,29,0,23781.0
2024-01-29T06:00,6,0,29,0,23246.0
2024-01-29T07:00,7,0,29,0,22619.0
2024-01-29T08:00,8,0,29,0,21566.0
2024-01-29T09:00,9,0,29,0,20460.0
2024-01-29T10:00,10,0,29,0,20103.0
2024-01-29T11:00,11,0,29,0,19677.0
2024-01-29T12:00,12,0,29,0,19132.0
2024-01-29T13:00,13,0,29,0,19169.0
2024-01-29T14:00,14,0,29,0,19532.0
2024-01-29T15:00,15,0,29,0,20892.0
2024-01-29T16:00,16,0,29,0,22884.0
2024-01-29T17:00,17,0,29,0,24184.0
2024-01-29T18:00,18,0,29,0,23571.0
2024-01-29T19:00,19,0,29,0,22847.0
2024-01-29T20:00,20,0,29,0,22679.0
2024-01-29T21:00,21,0,29,0,21568.0
2024-01-29T22:00,22,0,29,0,21675.0
2024-01-29T23:00,23,0,29,0,22183.0
2024-01-30T00:00,0,1,30,0,22291.0
2024-01-30T01:00,1,1,30,0,22056.0
2024-01-30T02:00,2,1,30,0,23632.0
2024-01-30T03:00,3,1,30,0,25684.0
2024-01-30T04:00,4,1,30,0,26001.0
2024-01-30T05:00,5,1,30,0,25273.0
2024-01-30T06:00,6,1,30,0,24459.0
2024-01-30T07:00,7,1,30,0,23589.0
2024-01-30T08:00,8,1,30,0,22228.0
2024-01-30T09:00,9,1,30,0,21195.0
2024-01-30T10:00,10,1,30,0,20995.0
2024-01-30T11:00,11,1,30,0,20348.0
2024-01-30T12:00,12,1,30,0,20093.0
2024-01-30T13:00,13,1,30,0,20136.0
2024-01-30T14:00,14,1,30,0,19962.0
2024-01-30T15:00,15,1,30,0,21098.0
2024-01-30T16:00,16,1,30,0,23165.0
2024-01-30T17:00,17,1,30,0,24284.0
2024-01-30T18:00,18,1,30,0,23814.0
2024-01-30T19:00,19,1,30,0,22808.0
2024-01-30T20:00,20,1,30,0,21533.0
2024-01-30T21:00,21,1,30,0,21363.0
2024-01-30T22:00,22,1,30,0,21266.0
2024-01-30T23:00,23,1,30,0,21496.0
2024-01-31T00:00,0,2,31,0,22143.0
2024-01-31T01:00,1,2,31,0,22727.0
2024-01-31T02:00,2,2,31,0,23771.0
2024-01-31T03:00,3,2,31,0,25613.0
2024-01-31T04:00,4,2,31,0,26043.0
2024-01-31T05:00,5,2,31,0,25492.0
2024-01-31T06:00,6,2,31,0,24769.0
2024-01-31T07:00,7,2,31,0,23953.0
2024-01-31T08:00,8,2,31,0,22702.0
2024-01-31T09:00,9,2,31,0,21680.0
2024-01-31T10:00,10,2,31,0,21083.0
2024-01-31T11:00,11,2,31,0,20613.0
2024-01-31T12:00,12,2,31,0,20122.0
2024-01-31T13:00,13,2,31,0,20005.0
2024-01-31T14:00,14,2,31,0,20376.0
2024-01-31T15:00,15,2,31,0,21276.0
2024-01-31T16:00,16,2,31,0,23045.0
2024-01-31T17:00,17,2,31,0,24322.0
2024-01-31T18:00,18,2,31,0,24863.0
2024-01-31T19:00,19,2,31,0,24796.0
2024-01-31T20:00,20,2,31,0,24144.0
2024-01-31T21:00,21,2,31,0,24047.0
2024-01-31T22:00,22,2,31,0,23405.0
2024-01-31T23:00,23,2,31,0,23489.0
2024-02-01T00:00,0,3,32,0,23353.0
2024-02-01T01:00,1,3,32,0,23818.0
2024-02-01T02:00,2,3,32,0,24982.0
2024-02-01T03:00,3,3,32,0,26332.0
2024-02-01T04:00,4,3,32,0,26671.0
2024-02-01T05:00,5,3,32,0,26224.0
2024-02-01T06:00,6,3,32,0,25364.0
2024-02-01T07:00,7,3,32,0,24789.0
2024-02-01T08:00,8,3,32,0,23936.0
2024-02-01T09:00,9,3,32,0,22751.0
2024-02-01T10:00,10,3,32,0,22173.0
2024-02-01T11:00,11,3,32,0,21603.0
2024-02-01T12:00,12,3,32,0,21279.0
2024-02-01T13:00,13,3,32,0,20974.0
2024-02-01T14:00,14,3,32,0,21033.0
2024-02-01T15:00,15,3,32,0,21672.0
2024-02-01T16:00,16,3,32,0,23694.0
2024-02-01T17:00,17,3,32,0,25159.0
2024-02-01T18:00,18,3,32,0,25785.0
2024-02-01T19:00,19,3,32,0,25911.0
2024-02-01T20:00,20,3,32,0,25815.0
2024-02-01T21:00,21,3,32,0,25303.0
2024-02-01T22:00,22,3,32,0,25395.0
2024-02-01T23:00,23,3,32,0,24617.0
2024-02-02T00:00,0,4,33,0,24109.0
2024-02-02T01:00,1,4,33,0,23933.0
2024-02-02T02:00,2,4,33,0,24841.0
2024-02-02T03:00,3,4,33,0,26593.0
2024-02-02T04:00,4,4,33,0,27307.0
2024-02-02T05:00,5,4,33,0,26757.0
2024-02-02T06:00,6,4,33,0,25747.0
2024-02-02T07:00,7,4,33,0,24994.0
2024-02-02T08:00,8,4,33,0,23875.0
2024-02-02T09:00,9,4,33,0,22595.0
2024-02-02T10:00,10,4,33,0,22042.0
2024-02-02T11:00,11,4,33,0,21476.0
2024-02-02T12:00,12,4,33,0,20927.0
2024-02-02T13:00,13,4,33,0,20642.0
2024-02-02T14:00,14,4,33,0,21164.0
2024-02-02T15:00,15,4,33,0,22091.0
2024-02-02T16:00,16,4,33,0,23852.0
2024-02-02T17:00,17,4,33,0,25187.0
2024-02-02T18:00,18,4,33,0,25477.0
2024-02-02T19:00,19,4,33,0,24604.0
2024-02-02T20:00,20,4,33,0,24364.0
2024-02-02T21:00,21,4,33,0,23628.0
2024-02-02T22:00,22,4,33,0,23215.0
2024-02-02T23:00,23,4,33,0,22546.0
2024-02-03T00:00,0,5,34,0,22410.0
2024-02-03T01:00,1,5,34,0,22108.0
2024-02-03T02:00,2,5,34,0,23833.0
2024-02-03T03:00,3,5,34,0,26106.0
2024-02-03T04:00,4,5,34,0,26895.0
2024-02-03T05:00,5,5,34,0,26526.0
2024-02-03T06:00,6,5,34,0,25862.0
2024-02-03T07:00,7,5,34,0,25066.0
2024-02-03T08:00,8,5,34,0,23993.0
2024-02-03T09:00,9,5,34,0,22749.0
2024-02-03T10:00,10,5,34,0,22024.0
2024-02-03T11:00,11,5,34,0,21133.0
2024-02-03T12:00,12,5,34,0,20779.0
2024-02-03T13:00,13,5,34,0,20246.0
2024-02-03T14:00,14,5,34,0,20194.0
2024-02-03T15:00,15,5,34,0,20726.0
2024-02-03T16:00,16,5,34,0,21387.0
2024-02-03T17:00,17,5,34,0,21982.0
2024-02-03T18:00,18,5,34,0,22858.0
2024-02-03T19:00,19,5,34,0,22554.0
2024-02-03T20:00,20,5,34,0,22605.0
2024-02-03T21:00,21,5,34,0,22136.0
2024-02-03T22:00,22,5,34,0,21369.0
2024-02-03T23:00,23,5,34,0,20966.0
2024-02-04T00:00,0,6,35,0,20879.0
2024-02-04T01:00,1,6,35,0,21642.0
2024-02-04T02:00,2,6,35,0,22859.0
2024-02-04T03:00,3,6,35,0,24802.0
2024-02-04T04:00,4,6,35,0,25207.0
2024-02-04T05:00,5,6,35,0,24914.0
2024-02-04T06:00,6,6,35,0,24422.0
2024-02-04T07:00,7,6,35,0,24008.0
2024-02-04T08:00,8,6,35,0,23186.0
2024-02-04T09:00,9,6,35,0,22036.0
2024-02-04T10:00,10,6,35,0,21703.0
2024-02-04T11:00,11,6,35,0,20948.0
2024-02-04T12:00,12,6,35,0,20502.0
2024-02-04T13:00,13,6,35,0,20170.0
2024-02-04T14:00,14,6,35,0,20302.0
2024-02-04T15:00,15,6,35,0,20536.0
2024-02-04T16:00,16,6,35,0,20628.0
2024-02-04T17:00,17,6,35,0,21066.0
2024-02-04T18:00,18,6,35,0,21846.0
2024-02-04T19:00,19,6,35,0,22242.0
2024-02-04T20:00,20,6,35,0,22689.0
2024-02-04T21:00,21,6,35,0,22704.0
2024-02-04T22:00,22,6,35,0,22964.0
2024-02-04T23:00,23,6,35,0,22236.0
2024-02-05T00:00,0,0,36,0,22536.0
2024-02-05T01:00,1,0,36,0,22963.0
2024-02-05T02:00,2,0,36,0,23577.0
2024-02-05T03:00,3,0,36,0,24926.0
2024-02-05T04:00,4,0,36,0,25237.0
2024-02-05T05:00,5,0,36,0,24821.0
2024-02-05T06:00,6,0,36,0,24238.0
2024-02-05T07:00,7,0,36,0,23679.0
2024-02-05T08:00,8,0,36,0,22352.0
2024-02-05T09:00,9,0,36,0,21370.0
2024-02-05T10:00,10,0,36,0,21191.0
2024-02-05T11:00,11,0,36,0,20674.0
2024-02-05T12:00,12,0,36,0,20764.0
2024-02-05T13:00,13,0,36,0,20565.0
2024-02-05T14:00,14,0,36,0,20552.0
2024-02-05T15:00,15,0,36,0,21061.0
2024-02-05T16:00,16,0,36,0,22820.0
2024-02-05T17:00,17,0,36,0,24401.0
2024-02-05T18:00,18,0,36,0,24654.0
2024-02-05T19:00,19,0,36,0,24700.0
2024-02-05T20:00,20,0,36,0,24904.0
2024-02-05T21:00,21,0,36,0,25403.0
2024-02-05T22:00,22,0,36,0,25690.0
2024-02-05T23:00,23,0,36,0,25491.0
2024-02-06T00:00,0,1,37,0,25180.0
2024-02-06T01:00,1,1,37,0,25133.0
2024-02-06T02:00,2,1,37,0,25891.0
2024-02-06T03:00,3,1,37,0,27099.0
2024-02-06T04:00,4,1,37,0,27575.0
2024-02-06T05:00,5,1,37,0,27029.0
2024-02-06T06:00,6,1,37,0,26331.0
2024-02-06T07:00,7,1,37,0,25415.0
2024-02-06T08:00,8,1,37,0,23831.0
2024-02-06T09:00,9,1,37,0,23099.0
2024-02-06T10:00,10,1,37,0,21927.0
2024-02-06T11:00,11,1,37,0,21561.0
2024-02-06T12:00,12,1,37,0,21596.0
2024-02-06T13:00,13,1,37,0,21240.0
2024-02-06T14:00,14,1,37,0,21055.0
2024-02-06T15:00,15,1,37,0,21943.0
2024-02-06T16:00,16,1,37,0,24238.0
2024-02-06T17:00,17,1,37,0,25733.0
2024-02-06T18:00,18,1,37,0,25925.0
2024-02-06T19:00,19,1,37,0,25718.0
2024-02-06T20:00,20,1,37,0,25901.0
2024-02-06T21:00,21,1,37,0,25985.0
2024-02-06T22:00,22,1,37,0,25732.0
2024-02-06T23:00,23,1,37,0,24524.0
2024-02-07T00:00,0,2,38,0,23990.0
2024-02-07T01:00,1,2,38,0,24247.0
2024-02-07T02:00,2,2,38,0,25323.0
2024-02-07T03:00,3,2,38,0,27117.0
2024-02-07T04:00,4,2,38,0,27761.0
2024-02-07T05:00,5,2,38,0,27264.0
2024-02-07T06:00,6,2,38,0,26642.0
2024-02-07T07:00,7,2,38,0,25933.0
2024-02-07T08:00,8,2,38,0,24668.0
2024-02-07T09:00,9,2,38,0,23871.0
2024-02-07T10:00,10,2,38,0,22918.0
2024-02-07T11:00,11,2,38,0,22220.0
2024-02-07T12:00,12,2,38,0,21610.0
2024-02-07T13:00,13,2,38,0,21170.0
2024-02-07T14:00,14,2,38,0,21295.0
2024-02-07T15:00,15,2,38,0,22556.0
2024-02-07T16:00,16,2,38,0,24811.0
2024-02-07T17:00,17,2,38,0,26106.0
2024-02-07T18:00,18,2,38,0,26220.0
2024-02-07T19:00,19,2,38,0,26592.0
2024-02-07T20:00,20,2,38,0,26556.0
2024-02-07T21:00,21,2,38,0,26813.0
2024-02-07T22:00,22,2,38,0,26314.0
2024-02-07T23:00,23,2,38,0,26217.0
2024-02-08T00:00,0,3,39,0,25719.0
2024-02-08T01:00,1,3,39,0,25088.0
2024-02-08T02:00,2,3,39,0,25940.0
2024-02-08T03:00,3,3,39,0,27692.0
2024-02-08T04:00,4,3,39,0,28462.0
2024-02-08T05:00,5,3,39,0,28283.0
2024-02-08T06:00,6,3,39,0,27617.0
2024-02-08T07:00,7,3,39,0,26826.0
2024-02-08T08:00,8,3,39,0,25508.0
2024-02-08T09:00,9,3,39,0,23853.0
2024-02-08T10:00,10,3,39,0,23689.0
2024-02-08T11:00,11,3,39,0,22620.0
2024-02-08T12:00,12,3,39,0,22102.0
2024-02-08T13:00,13,3,39,0,21992.0
2024-02-08T14:00,14,3,39,0,22318.0
2024-02-08T15:00,15,3,39,0,23129.0
2024-02-08T16:00,16,3,39,0,25363.0
2024-02-08T17:00,17,3,39,0,26752.0
2024-02-08T18:00,18,3,39,0,26327.0
2024-02-08T19:00,19,3,39,0,24982.0
2024-02-08T20:00,20,3,39,0,24178.0
2024-02-08T21:00,21,3,39,0,23684.0
2024-02-08T22:00,22,3,39,0,24165.0
2024-02-08T23:00,23,3,39,0,24257.0
2024-02-09T00:00,0,4,40,0,24423.0
2024-02-09T01:00,1,4,40,0,23765.0
2024-02-09T02:00,2,4,40,0,24317.0
2024-02-09T03:00,3,4,40,0,26891.0
2024-02-09T04:00,4,4,40,0,27951.0
2024-02-09T05:00,5,4,40,0,27722.0
2024-02-09T06:00,6,4,40,0,27301.0
2024-02-09T07:00,7,4,40,0,26399.0
2024-02-09T08:00,8,4,40,0,25194.0
2024-02-09T09:00,9,4,40,0,23967.0
2024-02-09T10:00,10,4,40,0,22787.0
2024-02-09T11:00,11,4,40,0,22346.0
2024-02-09T12:00,12,4,40,0,22118.0
2024-02-09T13:00,13,4,40,0,22003.0
2024-02-09T14:00,14,4,40,0,22306.0
2024-02-09T15:00,15,4,40,0,23135.0
2024-02-09T16:00,16,4,40,0,25290.0
2024-02-09T17:00,17,4,40,0,26439.0
2024-02-09T18:00,18,4,40,0,25982.0
2024-02-09T19:00,19,4,40,0,25389.0
2024-02-09T20:00,20,4,40,0,24038.0
2024-02-09T21:00,21,4,40,0,23181.0
2024-02-09T22:00,22,4,40,0,22795.0
2024-02-09T23:00,23,4,40,0,21832.0
2024-02-10T00:00,0,5,41,0,22230.0
2024-02-10T01:00,1,5,41,0,22418.0
2024-02-10T02:00,2,5,41,0,23134.0
2024-02-10T03:00,3,5,41,0,25634.0
2024-02-10T04:00,4,5,41,0,26925.0
2024-02-10T05:00,5,5,41,0,26569.0
2024-02-10T06:00,6,5,41,0,26260.0
2024-02-10T07:00,7,5,41,0,25719.0
2024-02-10T08:00,8,5,41,0,24629.0
2024-02-10T09:00,9,5,41,0,23446.0
2024-02-10T10:00,10,5,41,0,22735.0
2024-02-10T11:00,11,5,41,0,21887.0
2024-02-10T12:00,12,5,41,0,21295.0
2024-02-10T13:00,13,5,41,0,21213.0
2024-02-10T14:00,14,5,41,0,21466.0
2024-02-10T15:00,15,5,41,0,22290.0
2024-02-10T16:00,16,5,41,0,22816.0
2024-02-10T17:00,17,5,41,0,22705.0
2024-02-10T18:00,18,5,41,0,21335.0
2024-02-10T19:00,19,5,41,0,19882.0
2024-02-10T20:00,20,5,41,0,19472.0
2024-02-10T21:00,21,5,41,0,18772.0
2024-02-10T22:00,22,5,41,0,19030.0
2024-02-10T23:00,23,5,41,0,19447.0
2024-02-11T00:00,0,6,42,0,19098.0
2024-02-11T01:00,1,6,42,0,18646.0
2024-02-11T02:00,2,6,42,0,20475.0
2024-02-11T03:00,3,6,42,0,23485.0
2024-02-11T04:00,4,6,42,0,24974.0
2024-02-11T05:00,5,6,42,0,24836.0
2024-02-11T06:00,6,6,42,0,24694.0
2024-02-11T07:00,7,6,42,0,24326.0
2024-02-11T08:00,8,6,42,0,23455.0
2024-02-11T09:00,9,6,42,0,22336.0
2024-02-11T10:00,10,6,42,0,22057.0
2024-02-11T11:00,11,6,42,0,21568.0
2024-02-11T12:00,12,6,42,0,21266.0
2024-02-11T13:00,13,6,42,0,21169.0
2024-02-11T14:00,14,6,42,0,21216.0
2024-02-11T15:00,15,6,42,0,21485.0
2024-02-11T16:00,16,6,42,0,22422.0
2024-02-11T17:00,17,6,42,0,22585.0
2024-02-11T18:00,18,6,42,0,21925.0
2024-02-11T19:00,19,6,42,0,20941.0
2024-02-11T20:00,20,6,42,0,20521.0
2024-02-11T21:00,21,6,42,0,20071.0
2024-02-11T22:00,22,6,42,0,19872.0
2024-02-11T23:00,23,6,42,0,19438.0
2024-02-12T00:00,0,0,43,0,19067.0
2024-02-12T01:00,1,0,43,0,18465.0
2024-02-12T02:00,2,0,43,0,19703.0
2024-02-12T03:00,3,0,43,0,22105.0
2024-02-12T04:00,4,0,43,0,23272.0
2024-02-12T05:00,5,0,43,0,23253.0
2024-02-12T06:00,6,0,43,0,23874.0
2024-02-12T07:00,7,0,43,0,23775.0
2024-02-12T08:00,8,0,43,0,23331.0
2024-02-12T09:00,9,0,43,0,21828.0
2024-02-12T10:00,10,0,43,0,21560.0
2024-02-12T11:00,11,0,43,0,21135.0
2024-02-12T12:00,12,0,43,0,21144.0
2024-02-12T13:00,13,0,43,0,21105.0
2024-02-12T14:00,14,0,43,0,21214.0
2024-02-12T15:00,15,0,43,0,22452.0
2024-02-12T16:00,16,0,43,0,24642.0
2024-02-12T17:00,17,0,43,0,25601.0
2024-02-12T18:00,18,0,43,0,24566.0
2024-02-12T19:00,19,0,43,0,23992.0
2024-02-12T20:00,20,0,43,0,23145.0
2024-02-12T21:00,21,0,43,0,21538.0
2024-02-12T22:00,22,0,43,0,21028.0
2024-02-12T23:00,23,0,43,0,20942.0
2024-02-13T00:00,0,1,44,0,20539.0
2024-02-13T01:00,1,1,44,0,20623.0
2024-02-13T02:00,2,1,44,0,22404.0
2024-02-13T03:00,3,1,44,0,25686.0
2024-02-13T04:00,4,1,44,0,27157.0
2024-02-13T05:00,5,1,44,0,26933.0
2024-02-13T06:00,6,1,44,0,26241.0
2024-02-13T07:00,7,1,44,0,25856.0
2024-02-13T08:00,8,1,44,0,23877.0
2024-02-13T09:00,9,1,44,0,22469.0
2024-02-13T10:00,10,1,44,0,21861.0
2024-02-13T11:00,11,1,44,0,21146.0
2024-02-13T12:00,12,1,44,0,20664.0
2024-02-13T13:00,13,1,44,0,20351.0
2024-02-13T14:00,14,1,44,0,20921.0
2024-02-13T15:00,15,1,44,0,22724.0
2024-02-13T16:00,16,1,44,0,24972.0
2024-02-13T17:00,17,1,44,0,25726.0
2024-02-13T18:00,18,1,44,0,24930.0
2024-02-13T19:00,19,1,44,0,23932.0
2024-02-13T20:00,20,1,44,0,22397.0
2024-02-13T21:00,21,1,44,0,21055.0
2024-02-13T22:00,22,1,44,0,21026.0
2024-02-13T23:00,23,1,44,0,20808.0
2024-02-14T00:00,0,2,45,0,20963.0
2024-02-14T01:00,1,2,45,0,20998.0
2024-02-14T02:00,2,2,45,0,22951.0
2024-02-14T03:00,3,2,45,0,25517.0
2024-02-14T04:00,4,2,45,0,26696.0
2024-02-14T05:00,5,2,45,0,26665.0
2024-02-14T06:00,6,2,45,0,26196.0
2024-02-14T07:00,7,2,45,0,25341.0
2024-02-14T08:00,8,2,45,0,24060.0
2024-02-14T09:00,9,2,45,0,22813.0
2024-02-14T10:00,10,2,45,0,22225.0
2024-02-14T11:00,11,2,45,0,21320.0
2024-02-14T12:00,12,2,45,0,20821.0
2024-02-14T13:00,13,2,45,0,20361.0
2024-02-14T14:00,14,2,45,0,20716.0
2024-02-14T15:00,15,2,45,0,22047.0
2024-02-14T16:00,16,2,45,0,24161.0
2024-02-14T17:00,17,2,45,0,25284.0
2024-02-14T18:00,18,2,45,0,24531.0
2024-02-14T19:00,19,2,45,0,23768.0
2024-02-14T20:00,20,2,45,0,23193.0
2024-02-14T21:00,21,2,45,0,23024.0
2024-02-14T22:00,22,2,45,0,22526.0
2024-02-14T23:00,23,2,45,0,22497.0
2024-02-15T00:00,0,3,46,0,22624.0
2024-02-15T01:00,1,3,46,0,22687.0
2024-02-15T02:00,2,3,46,0,24299.0
2024-02-15T03:00,3,3,46,0,26488.0
2024-02-15T04:00,4,3,46,0,27307.0
2024-02-15T05:00,5,3,46,0,26687.0
2024-02-15T06:00,6,3,46,0,25860.0
2024-02-15T07:00,7,3,46,0,24933.0
2024-02-15T08:00,8,3,46,0,24273.0
2024-02-15T09:00,9,3,46,0,22510.0
2024-02-15T10:00,10,3,46,0,22168.0
2024-02-15T11:00,11,3,46,0,21629.0
2024-02-15T12:00,12,3,46,0,21571.0
2024-02-15T13:00,13,3,46,0,21229.0
2024-02-15T14:00,14,3,46,0,21490.0
2024-02-15T15:00,15,3,46,0,22515.0
2024-02-15T16:00,16,3,46,0,24456.0
2024-02-15T17:00,17,3,46,0,25366.0
2024-02-15T18:00,18,3,46,0,24102.0
2024-02-15T19:00,19,3,46,0,22621.0
2024-02-15T20:00,20,3,46,0,22158.0
2024-02-15T21:00,21,3,46,0,21802.0
2024-02-15T22:00,22,3,46,0,21988.0
2024-02-15T23:00,23,3,46,0,22172.0
2024-02-16T00:00,0,4,47,0,22345.0
2024-02-16T01:00,1,4,47,0,21808.0
2024-02-16T02:00,2,4,47,0,23339.0
2024-02-16T03:00,3,4,47,0,25621.0
2024-02-16T04:00,4,4,47,0,26536.0
2024-02-16T05:00,5,4,47,0,26090.0
2024-02-16T06:00,6,4,47,0,25439.0
2024-02-16T07:00,7,4,47,0,24584.0
2024-02-16T08:00,8,4,47,0,23452.0
2024-02-16T09:00,9,4,47,0,22140.0
2024-02-16T10:00,10,4,47,0,21815.0
2024-02-16T11:00,11,4,47,0,21527.0
2024-02-16T12:00,12,4,47,0,20941.0
2024-02-16T13:00,13,4,47,0,20599.0
2024-02-16T14:00,14,4,47,0,21087.0
2024-02-16T15:00,15,4,47,0,22287.0
2024-02-16T16:00,16,4,47,0,24110.0
2024-02-16T17:00,17,4,47,0,24700.0
2024-02-16T18:00,18,4,47,0,24050.0
2024-02-16T19:00,19,4,47,0,23000.0
2024-02-16T20:00,20,4,47,0,22361.0
2024-02-16T21:00,21,4,47,0,22241.0
2024-02-16T22:00,22,4,47,0,21939.0
2024-02-16T23:00,23,4,47,0,22075.0
2024-02-17T00:00,0,5,48,0,22400.0
2024-02-17T01:00,1,5,48,0,22374.0
2024-02-17T02:00,2,5,48,0,23088.0
2024-02-17T03:00,3,5,48,0,25013.0
2024-02-17T04:00,4,5,48,0,25901.0
2024-02-17T05:00,5,5,48,0,25600.0
2024-02-17T06:00,6,5,48,0,25118.0
2024-02-17T07:00,7,5,48,0,24405.0
2024-02-17T08:00,8,5,48,0,23359.0
2024-02-17T09:00,9,5,48,0,22339.0
2024-02-17T10:00,10,5,48,0,21653.0
2024-02-17T11:00,11,5,48,0,20885.0
2024-02-17T12:00,12,5,48,0,20480.0
2024-02-17T13:00,13,5,48,0,20310.0
2024-02-17T14:00,14,5,48,0,20152.0
2024-02-17T15:00,15,5,48,0,20434.0
2024-02-17T16:00,16,5,48,0,20980.0
2024-02-17T17:00,17,5,48,0,21661.0
2024-02-17T18:00,18,5,48,0,22037.0
2024-02-17T19:00,19,5,48,0,22666.0
2024-02-17T20:00,20,5,48,0,22814.0
2024-02-17T21:00,21,5,48,0,22803.0
2024-02-17T22:00,22,5,48,0,22988.0
2024-02-17T23:00,23,5,48,0,22722.0
2024-02-18T00:00,0,6,49,0,22302.0
2024-02-18T01:00,1,6,49,0,22286.0
2024-02-18T02:00,2,6,49,0,22690.0
2024-02-18T03:00,3,6,49,0,23906.0
2024-02-18T04:00,4,6,49,0,24722.0
2024-02-18T05:00,5,6,49,0,24394.0
2024-02-18T06:00,6,6,49,0,23733.0
2024-02-18T07:00,7,6,49,0,23295.0
2024-02-18T08:00,8,6,49,0,22724.0
2024-02-18T09:00,9,6,49,0,21243.0
2024-02-18T10:00,10,6,49,0,20799.0
2024-02-18T11:00,11,6,49,0,20530.0
2024-02-18T12:00,12,6,49,0,19707.0
2024-02-18T13:00,13,6,49,0,19458.0
2024-02-18T14:00,14,6,49,0,19556.0
2024-02-18T15:00,15,6,49,0,19913.0
2024-02-18T16:00,16,6,49,0,20398.0
2024-02-18T17:00,17,6,49,0,20560.0
2024-02-18T18:00,18,6,49,0,20722.0
2024-02-18T19:00,19,6,49,0,20473.0
2024-02-18T20:00,20,6,49,0,19600.0
2024-02-18T21:00,21,6,49,0,18640.0
2024-02-18T22:00,22,6,49,0,18425.0
2024-02-18T23:00,23,6,49,0,18211.0
2024-02-19T00:00,0,0,50,1,18871.0
2024-02-19T01:00,1,0,50,1,19904.0
2024-02-19T02:00,2,0,50,1,21564.0
2024-02-19T03:00,3,0,50,1,23474.0
2024-02-19T04:00,4,0,50,1,24473.0
2024-02-19T05:00,5,0,50,1,24149.0
2024-02-19T06:00,6,0,50,1,23546.0
2024-02-19T07:00,7,0,50,1,22952.0
2024-02-19T08:00,8,0,50,1,22030.0
2024-02-19T09:00,9,0,50,1,20812.0
2024-02-19T10:00,10,0,50,1,20323.0
2024-02-19T11:00,11,0,50,1,19920.0
2024-02-19T12:00,12,0,50,1,19809.0
2024-02-19T13:00,13,0,50,1,19627.0
2024-02-19T14:00,14,0,50,1,19821.0
2024-02-19T15:00,15,0,50,1,20493.0
2024-02-19T16:00,16,0,50,1,21787.0
2024-02-19T17:00,17,0,50,1,22285.0
2024-02-19T18:00,18,0,50,1,24029.0
2024-02-19T19:00,19,0,50,1,23253.0
2024-02-19T20:00,20,0,50,1,23333.0
2024-02-19T21:00,21,0,50,1,23544.0
2024-02-19T22:00,22,0,50,1,23209.0
2024-02-19T23:00,23,0,50,1,22685.0
2024-02-20T00:00,0,1,51,0,22518.0
2024-02-20T01:00,1,1,51,0,22839.0
2024-02-20T02:00,2,1,51,0,24300.0
2024-02-20T03:00,3,1,51,0,25923.0
2024-02-20T04:00,4,1,51,0,26645.0
2024-02-20T05:00,5,1,51,0,26032.0
2024-02-20T06:00,6,1,51,0,25169.0
2024-02-20T07:00,7,1,51,0,24349.0
2024-02-20T08:00,8,1,51,0,23029.0
2024-02-20T09:00,9,1,51,0,21714.0
2024-02-20T10:00,10,1,51,0,21357.0
2024-02-20T11:00,11,1,51,0,20925.0
2024-02-20T12:00,12,1,51,0,20327.0
2024-02-20T13:00,13,1,51,0,20153.0
2024-02-20T14:00,14,1,51,0,20506.0
2024-02-20T15:00,15,1,51,0,21440.0
2024-02-20T16:00,16,1,51,0,23398.0
2024-02-20T17:00,17,1,51,0,24757.0
2024-02-20T18:00,18,1,51,0,25867.0
2024-02-20T19:00,19,1,51,0,25684.0
2024-02-20T20:00,20,1,51,0,24913.0
2024-02-20T21:00,21,1,51,0,25046.0
2024-02-20T22:00,22,1,51,0,25388.0
2024-02-20T23:00,23,1,51,0,25674.0
2024-02-21T00:00,0,2,52,0,25743.0
2024-02-21T01:00,1,2,52,0,25317.0
2024-02-21T02:00,2,2,52,0,25657.0
2024-02-21T03:00,3,2,52,0,26699.0
2024-02-21T04:00,4,2,52,0,27584.0
2024-02-21T05:00,5,2,52,0,26982.0
2024-02-21T06:00,6,2,52,0,26230.0
2024-02-21T07:00,7,2,52,0,25362.0
2024-02-21T08:00,8,2,52,0,23851.0
2024-02-21T09:00,9,2,52,0,22538.0
2024-02-21T10:00,10,2,52,0,21827.0
2024-02-21T11:00,11,2,52,0,21262.0
2024-02-21T12:00,12,2,52,0,20922.0
2024-02-21T13:00,13,2,52,0,20643.0
2024-02-21T14:00,14,2,52,0,21219.0
2024-02-21T15:00,15,2,52,0,22463.0
2024-02-21T16:00,16,2,52,0,24311.0
2024-02-21T17:00,17,2,52,0,25165.0
2024-02-21T18:00,18,2,52,0,23977.0
2024-02-21T19:00,19,2,52,0,23140.0
2024-02-21T20:00,20,2,52,0,22705.0
2024-02-21T21:00,21,2,52,0,22643.0
2024-02-21T22:00,22,2,52,0,21935.0
2024-02-21T23:00,23,2,52,0,21243.0
2024-02-22T00:00,0,3,53,0,20988.0
2024-02-22T01:00,1,3,53,0,21391.0
2024-02-22T02:00,2,3,53,0,22604.0
2024-02-22T03:00,3,3,53,0,25523.0
2024-02-22T04:00,4,3,53,0,26786.0
2024-02-22T05:00,5,3,53,0,26593.0
2024-02-22T06:00,6,3,53,0,25845.0
2024-02-22T07:00,7,3,53,0,24913.0
2024-02-22T08:00,8,3,53,0,23560.0
2024-02-22T09:00,9,3,53,0,22258.0
2024-02-22T10:00,10,3,53,0,21801.0
2024-02-22T11:00,11,3,53,0,21052.0
2024-02-22T12:00,12,3,53,0,20763.0
2024-02-22T13:00,13,3,53,0,20337.0
2024-02-22T14:00,14,3,53,0,21011.0
2024-02-22T15:00,15,3,53,0,22481.0
2024-02-22T16:00,16,3,53,0,24411.0
2024-02-22T17:00,17,3,53,0,24804.0
2024-02-22T18:00,18,3,53,0,23613.0
2024-02-22T19:00,19,3,53,0,21973.0
2024-02-22T20:00,20,3,53,0,20940.0
2024-02-22T21:00,21,3,53,0,20367.0
2024-02-22T22:00,22,3,53,0,20088.0
2024-02-22T23:00,23,3,53,0,19773.0
2024-02-23T00:00,0,4,54,0,19526.0
2024-02-23T01:00,1,4,54,0,20159.0
2024-02-23T02:00,2,4,54,0,22014.0
2024-02-23T03:00,3,4,54,0,25029.0
2024-02-23T04:00,4,4,54,0,26473.0
2024-02-23T05:00,5,4,54,0,26205.0
2024-02-23T06:00,6,4,54,0,25397.0
2024-02-23T07:00,7,4,54,0,24530.0
2024-02-23T08:00,8,4,54,0,23245.0
2024-02-23T09:00,9,4,54,0,21938.0
2024-02-23T10:00,10,4,54,0,21516.0
2024-02-23T11:00,11,4,54,0,21020.0
2024-02-23T12:00,12,4,54,0,20681.0
2024-02-23T13:00,13,4,54,0,20360.0
2024-02-23T14:00,14,4,54,0,20688.0
2024-02-23T15:00,15,4,54,0,21932.0
2024-02-23T16:00,16,4,54,0,23733.0
2024-02-23T17:00,17,4,54,0,24622.0
2024-02-23T18:00,18,4,54,0,24113.0
2024-02-23T19:00,19,4,54,0,22703.0
2024-02-23T20:00,20,4,54,0,21880.0
2024-02-23T21:00,21,4,54,0,21863.0
2024-02-23T22:00,22,4,54,0,22188.0
2024-02-23T23:00,23,4,54,0,22218.0
2024-02-24T00:00,0,5,55,0,21438.0
2024-02-24T01:00,1,5,55,0,20717.0
2024-02-24T02:00,2,5,55,0,22485.0
2024-02-24T03:00,3,5,55,0,24821.0
2024-02-24T04:00,4,5,55,0,25345.0
2024-02-24T05:00,5,5,55,0,24991.0
2024-02-24T06:00,6,5,55,0,24244.0
2024-02-24T07:00,7,5,55,0,23708.0
2024-02-24T08:00,8,5,55,0,23051.0
2024-02-24T09:00,9,5,55,0,21772.0
2024-02-24T10:00,10,5,55,0,21141.0
2024-02-24T11:00,11,5,55,0,20517.0
2024-02-24T12:00,12,5,55,0,19923.0
2024-02-24T13:00,13,5,55,0,19704.0
2024-02-24T14:00,14,5,55,0,19747.0
2024-02-24T15:00,15,5,55,0,20223.0
2024-02-24T16:00,16,5,55,0,21005.0
2024-02-24T17:00,17,5,55,0,20881.0
2024-02-24T18:00,18,5,55,0,20606.0
2024-02-24T19:00,19,5,55,0,19628.0
2024-02-24T20:00,20,5,55,0,19277.0
2024-02-24T21:00,21,5,55,0,18395.0
2024-02-24T22:00,22,5,55,0,17654.0
2024-02-24T23:00,23,5,55,0,17801.0
2024-02-25T00:00,0,6,56,0,18280.0
2024-02-25T01:00,1,6,56,0,18281.0
2024-02-25T02:00,2,6,56,0,19832.0
2024-02-25T03:00,3,6,56,0,22514.0
2024-02-25T04:00,4,6,56,0,23923.0
2024-02-25T05:00,5,6,56,0,23622.0
2024-02-25T06:00,6,6,56,0,23178.0
2024-02-25T07:00,7,6,56,0,22726.0
2024-02-25T08:00,8,6,56,0,21847.0
2024-02-25T09:00,9,6,56,0,21017.0
2024-02-25T10:00,10,6,56,0,20336.0
2024-02-25T11:00,11,6,56,0,19675.0
2024-02-25T12:00,12,6,56,0,19169.0
2024-02-25T13:00,13,6,56,0,18882.0
2024-02-25T14:00,14,6,56,0,18996.0
2024-02-25T15:00,15,6,56,0,19475.0
2024-02-25T16:00,16,6,56,0,19904.0
2024-02-25T17:00,17,6,56,0,19557.0
2024-02-25T18:00,18,6,56,0,19084.0
2024-02-25T19:00,19,6,56,0,18265.0
2024-02-25T20:00,20,6,56,0,18111.0
2024-02-25T21:00,21,6,56,0,17427.0
2024-02-25T22:00,22,6,56,0,17065.0
2024-02-25T23:00,23,6,56,0,17229.0
2024-02-26T00:00,0,0,57,0,17033.0
2024-02-26T01:00,1,0,57,0,18176.0
2024-02-26T02:00,2,0,57,0,20335.0
2024-02-26T03:00,3,0,57,0,22656.0
2024-02-26T04:00,4,0,57,0,24164.0
2024-02-26T05:00,5,0,57,0,24027.0
2024-02-26T06:00,6,0,57,0,23480.0
2024-02-26T07:00,7,0,57,0,22859.0
2024-02-26T08:00,8,0,57,0,21649.0
2024-02-26T09:00,9,0,57,0,20593.0
2024-02-26T10:00,10,0,57,0,20455.0
2024-02-26T11:00,11,0,57,0,19956.0
2024-02-26T12:00,12,0,57,0,19388.0
2024-02-26T13:00,13,0,57,0,19367.0
2024-02-26T14:00,14,0,57,0,19951.0
2024-02-26T15:00,15,0,57,0,21172.0
2024-02-26T16:00,16,0,57,0,23208.0
2024-02-26T17:00,17,0,57,0,24401.0
2024-02-26T18:00,18,0,57,0,23975.0
2024-02-26T19:00,19,0,57,0,23727.0
2024-02-26T20:00,20,0,57,0,24067.0
2024-02-26T21:00,21,0,57,0,24824.0
2024-02-26T22:00,22,0,57,0,24506.0
2024-02-26T23:00,23,0,57,0,23494.0
2024-02-27T00:00,0,1,58,0,23663.0
2024-02-27T01:00,1,1,58,0,23556.0
2024-02-27T02:00,2,1,58,0,23798.0
2024-02-27T03:00,3,1,58,0,25133.0
2024-02-27T04:00,4,1,58,0,26136.0
2024-02-27T05:00,5,1,58,0,25956.0
2024-02-27T06:00,6,1,58,0,25367.0
2024-02-27T07:00,7,1,58,0,24367.0
2024-02-27T08:00,8,1,58,0,22964.0
2024-02-27T09:00,9,1,58,0,21973.0
2024-02-27T10:00,10,1,58,0,21150.0
2024-02-27T11:00,11,1,58,0,20648.0
2024-02-27T12:00,12,1,58,0,20076.0
2024-02-27T13:00,13,1,58,0,19706.0
2024-02-27T14:00,14,1,58,0,19987.0
2024-02-27T15:00,15,1,58,0,21411.0
2024-02-27T16:00,16,1,58,0,23488.0
2024-02-27T17:00,17,1,58,0,24193.0
2024-02-27T18:00,18,1,58,0,23547.0
2024-02-27T19:00,19,1,58,0,23022.0
2024-02-27T20:00,20,1,58,0,22201.0
2024-02-27T21:00,21,1,58,0,21172.0
2024-02-27T22:00,22,1,58,0,20692.0
2024-02-27T23:00,23,1,58,0,20368.0
2024-02-28T00:00,0,2,59,0,20303.0
2024-02-28T01:00,1,2,59,0,20823.0
2024-02-28T02:00,2,2,59,0,21745.0
2024-02-28T03:00,3,2,59,0,24100.0
2024-02-28T04:00,4,2,59,0,25875.0
2024-02-28T05:00,5,2,59,0,25773.0
2024-02-28T06:00,6,2,59,0,25230.0
2024-02-28T07:00,7,2,59,0,24483.0
2024-02-28T08:00,8,2,59,0,23361.0
2024-02-28T09:00,9,2,59,0,22108.0
2024-02-28T10:00,10,2,59,0,21310.0
2024-02-28T11:00,11,2,59,0,20737.0
2024-02-28T12:00,12,2,59,0,20374.0
2024-02-28T13:00,13,2,59,0,20275.0
2024-02-28T14:00,14,2,59,0,20732.0
2024-02-28T15:00,15,2,59,0,22021.0
2024-02-28T16:00,16,2,59,0,24032.0
2024-02-28T17:00,17,2,59,0,24289.0
2024-02-28T18:00,18,2,59,0,22852.0
2024-02-28T19:00,19,2,59,0,21348.0
2024-02-28T20:00,20,2,59,0,20761.0
2024-02-28T21:00,21,2,59,0,20054.0
2024-02-28T22:00,22,2,59,0,19326.0
2024-02-28T23:00,23,2,59,0,19282.0
2024-02-29T00:00,0,3,60,0,19513.0
2024-02-29T01:00,1,3,60,0,20358.0
2024-02-29T02:00,2,3,60,0,21837.0
2024-02-29T03:00,3,3,60,0,24376.0
2024-02-29T04:00,4,3,60,0,25993.0
2024-02-29T05:00,5,3,60,0,25609.0
2024-02-29T06:00,6,3,60,0,25065.0
2024-02-29T07:00,7,3,60,0,24285.0
2024-02-29T08:00,8,3,60,0,23116.0
2024-02-29T09:00,9,3,60,0,21783.0
2024-02-29T10:00,10,3,60,0,21080.0
2024-02-29T11:00,11,3,60,0,20437.0
2024-02-29T12:00,12,3,60,0,20114.0
2024-02-29T13:00,13,3,60,0,20232.0
2024-02-29T14:00,14,3,60,0,20126.0
2024-02-29T15:00,15,3,60,0,21454.0
2024-02-29T16:00,16,3,60,0,23337.0
2024-02-29T17:00,17,3,60,0,24398.0
2024-02-29T18:00,18,3,60,0,24594.0
2024-02-29T19:00,19,3,60,0,24323.0
2024-02-29T20:00,20,3,60,0,24168.0
2024-02-29T21:00,21,3,60,0,23717.0
2024-02-29T22:00,22,3,60,0,23876.0
2024-02-29T23:00,23,3,60,0,23997.0
2024-03-01T00:00,0,4,61,0,22689.0
2024-03-01T01:00,1,4,61,0,22536.0
2024-03-01T02:00,2,4,61,0,23280.0
2024-03-01T03:00,3,4,61,0,25220.0
2024-03-01T04:00,4,4,61,0,26589.0
2024-03-01T05:00,5,4,61,0,26242.0
2024-03-01T06:00,6,4,61,0,25585.0
2024-03-01T07:00,7,4,61,0,24815.0
2024-03-01T08:00,8,4,61,0,23718.0
2024-03-01T09:00,9,4,61,0,22091.0
2024-03-01T10:00,10,4,61,0,21425.0
2024-03-01T11:00,11,4,61,0,20639.0
2024-03-01T12:00,12,4,61,0,20124.0
2024-03-01T13:00,13,4,61,0,19982.0
2024-03-01T14:00,14,4,61,0,20540.0
2024-03-01T15:00,15,4,61,0,21590.0
2024-03-01T16:00,16,4,61,0,23326.0
2024-03-01T17:00,17,4,61,0,24340.0
2024-03-01T18:00,18,4,61,0,24809.0
2024-03-01T19:00,19,4,61,0,24163.0
2024-03-01T20:00,20,4,61,0,23440.0
2024-03-01T21:00,21,4,61,0,23466.0
2024-03-01T22:00,22,4,61,0,22747.0
2024-03-01T23:00,23,4,61,0,22457.0
2024-03-02T00:00,0,5,62,0,21952.0
2024-03-02T01:00,1,5,62,0,22132.0
2024-03-02T02:00,2,5,62,0,23377.0
2024-03-02T03:00,3,5,62,0,25161.0
2024-03-02T04:00,4,5,62,0,26248.0
2024-03-02T05:00,5,5,62,0,25790.0
2024-03-02T06:00,6,5,62,0,24922.0
2024-03-02T07:00,7,5,62,0,24418.0
2024-03-02T08:00,8,5,62,0,23455.0
2024-03-02T09:00,9,5,62,0,22220.0
2024-03-02T10:00,10,5,62,0,21663.0
2024-03-02T11:00,11,5,62,0,20825.0
2024-03-02T12:00,12,5,62,0,20101.0
2024-03-02T13:00,13,5,62,0,19680.0
2024-03-02T14:00,14,5,62,0,19741.0
2024-03-02T15:00,15,5,62,0,20120.0
2024-03-02T16:00,16,5,62,0,21010.0
2024-03-02T17:00,17,5,62,0,21723.0
2024-03-02T18:00,18,5,62,0,21552.0
2024-03-02T19:00,19,5,62,0,21624.0
2024-03-02T20:00,20,5,62,0,21370.0
2024-03-02T21:00,21,5,62,0,21563.0
2024-03-02T22:00,22,5,62,0,21391.0
2024-03-02T23:00,23,5,62,0,21507.0
2024-03-03T00:00,0,6,63,0,21867.0
2024-03-03T01:00,1,6,63,0,21390.0
2024-03-03T02:00,2,6,63,0,22108.0
2024-03-03T03:00,3,6,63,0,23860.0
2024-03-03T04:00,4,6,63,0,25197.0
2024-03-03T05:00,5,6,63,0,24894.0
2024-03-03T06:00,6,6,63,0,24394.0
2024-03-03T07:00,7,6,63,0,23944.0
2024-03-03T08:00,8,6,63,0,23089.0
2024-03-03T09:00,9,6,63,0,21986.0
2024-03-03T10:00,10,6,63,0,21405.0
2024-03-03T11:00,11,6,63,0,20428.0
2024-03-03T12:00,12,6,63,0,20010.0
2024-03-03T13:00,13,6,63,0,19597.0
2024-03-03T14:00,14,6,63,0,19568.0
2024-03-03T15:00,15,6,63,0,19974.0
2024-03-03T16:00,16,6,63,0,20525.0
2024-03-03T17:00,17,6,63,0,20533.0
2024-03-03T18:00,18,6,63,0,20695.0
2024-03-03T19:00,19,6,63,0,20489.0
2024-03-03T20:00,20,6,63,0,20593.0
2024-03-03T21:00,21,6,63,0,20207.0
2024-03-03T22:00,22,6,63,0,19982.0
2024-03-03T23:00,23,6,63,0,20247.0
2024-03-04T00:00,0,0,64,0,19905.0
2024-03-04T01:00,1,0,64,0,19741.0
2024-03-04T02:00,2,0,64,0,20570.0
2024-03-04T03:00,3,0,64,0,23146.0
2024-03-04T04:00,4,0,64,0,25090.0
2024-03-04T05:00,5,0,64,0,25110.0
2024-03-04T06:00,6,0,64,0,24565.0
2024-03-04T07:00,7,0,64,0,23938.0
2024-03-04T08:00,8,0,64,0,22787.0
2024-03-04T09:00,9,0,64,0,21613.0
2024-03-04T10:00,10,0,64,0,21252.0
2024-03-04T11:00,11,0,64,0,20722.0
2024-03-04T12:00,12,0,64,0,19896.0
2024-03-04T13:00,13,0,64,0,19917.0
2024-03-04T14:00,14,0,64,0,20664.0
2024-03-04T15:00,15,0,64,0,21924.0
2024-03-04T16:00,16,0,64,0,23902.0
2024-03-04T17:00,17,0,64,0,24652.0
2024-03-04T18:00,18,0,64,0,23233.0
2024-03-04T19:00,19,0,64,0,22685.0
2024-03-04T20:00,20,0,64,0,22484.0
2024-03-04T21:00,21,0,64,0,22419.0
2024-03-04T22:00,22,0,64,0,21928.0
2024-03-04T23:00,23,0,64,0,21429.0
2024-03-05T00:00,0,1,65,0,21307.0
2024-03-05T01:00,1,1,65,0,21100.0
2024-03-05T02:00,2,1,65,0,22499.0
2024-03-05T03:00,3,1,65,0,24889.0
2024-03-05T04:00,4,1,65,0,26694.0
2024-03-05T05:00,5,1,65,0,26632.0
2024-03-05T06:00,6,1,65,0,25970.0
2024-03-05T07:00,7,1,65,0,25096.0
2024-03-05T08:00,8,1,65,0,23414.0
2024-03-05T09:00,9,1,65,0,22239.0
2024-03-05T10:00,10,1,65,0,21634.0
2024-03-05T11:00,11,1,65,0,21377.0
2024-03-05T12:00,12,1,65,0,21158.0
2024-03-05T13:00,13,1,65,0,21003.0
2024-03-05T14:00,14,1,65,0,20904.0
2024-03-05T15:00,15,1,65,0,22458.0
2024-03-05T16:00,16,1,65,0,24247.0
2024-03-05T17:00,17,1,65,0,24730.0
2024-03-05T18:00,18,1,65,0,23399.0
2024-03-05T19:00,19,1,65,0,22664.0
2024-03-05T20:00,20,1,65,0,22685.0
2024-03-05T21:00,21,1,65,0,22562.0
2024-03-05T22:00,22,1,65,0,22167.0
2024-03-05T23:00,23,1,65,0,22204.0
2024-03-06T00:00,0,2,66,0,21655.0
2024-03-06T01:00,1,2,66,0,21765.0
2024-03-06T02:00,2,2,66,0,22647.0
2024-03-06T03:00,3,2,66,0,24763.0
2024-03-06T04:00,4,2,66,0,26675.0
2024-03-06T05:00,5,2,66,0,26718.0
2024-03-06T06:00,6,2,66,0,25623.0
2024-03-06T07:00,7,2,66,0,24497.0
2024-03-06T08:00,8,2,66,0,23258.0
2024-03-06T09:00,9,2,66,0,21809.0
2024-03-06T10:00,10,2,66,0,21687.0
2024-03-06T11:00,11,2,66,0,21258.0
2024-03-06T12:00,12,2,66,0,20400.0
2024-03-06T13:00,13,2,66,0,20347.0
2024-03-06T14:00,14,2,66,0,20634.0
2024-03-06T15:00,15,2,66,0,22000.0
2024-03-06T16:00,16,2,66,0,23770.0
2024-03-06T17:00,17,2,66,0,24432.0
2024-03-06T18:00,18,2,66,0,23913.0
2024-03-06T19:00,19,2,66,0,23391.0
2024-03-06T20:00,20,2,66,0,22973.0
2024-03-06T21:00,21,2,66,0,22368.0
2024-03-06T22:00,22,2,66,0,22446.0
2024-03-06T23:00,23,2,66,0,23569.0
2024-03-07T00:00,0,3,67,0,23489.0
2024-03-07T01:00,1,3,67,0,24108.0
2024-03-07T02:00,2,3,67,0,24763.0
2024-03-07T03:00,3,3,67,0,25930.0
2024-03-07T04:00,4,3,67,0,26950.0
2024-03-07T05:00,5,3,67,0,26368.0
2024-03-07T06:00,6,3,67,0,25440.0
2024-03-07T07:00,7,3,67,0,24606.0
2024-03-07T08:00,8,3,67,0,23372.0
2024-03-07T09:00,9,3,67,0,22264.0
2024-03-07T10:00,10,3,67,0,22028.0
2024-03-07T11:00,11,3,67,0,21412.0
2024-03-07T12:00,12,3,67,0,21351.0
2024-03-07T13:00,13,3,67,0,21057.0
2024-03-07T14:00,14,3,67,0,21213.0
2024-03-07T15:00,15,3,67,0,22349.0
2024-03-07T16:00,16,3,67,0,24152.0
2024-03-07T17:00,17,3,67,0,25033.0
2024-03-07T18:00,18,3,67,0,24373.0
2024-03-07T19:00,19,3,67,0,23720.0
2024-03-07T20:00,20,3,67,0,22389.0
2024-03-07T21:00,21,3,67,0,22351.0
2024-03-07T22:00,22,3,67,0,22002.0
2024-03-07T23:00,23,3,67,0,21229.0
2024-03-08T00:00,0,4,68,0,21188.0
2024-03-08T01:00,1,4,68,0,20914.0
2024-03-08T02:00,2,4,68,0,22718.0
2024-03-08T03:00,3,4,68,0,24772.0
2024-03-08T04:00,4,4,68,0,26514.0
2024-03-08T05:00,5,4,68,0,25886.0
2024-03-08T06:00,6,4,68,0,25052.0
2024-03-08T07:00,7,4,68,0,24445.0
2024-03-08T08:00,8,4,68,0,23244.0
2024-03-08T09:00,9,4,68,0,22061.0
2024-03-08T10:00,10,4,68,0,22016.0
2024-03-08T11:00,11,4,68,0,21404.0
2024-03-08T12:00,12,4,68,0,20830.0
2024-03-08T13:00,13,4,68,0,20482.0
2024-03-08T14:00,14,4,68,0,20946.0
2024-03-08T15:00,15,4,68,0,22251.0
2024-03-08T16:00,16,4,68,0,23887.0
2024-03-08T17:00,17,4,68,0,23847.0
2024-03-08T18:00,18,4,68,0,22176.0
2024-03-08T19:00,19,4,68,0,20428.0
2024-03-08T20:00,20,4,68,0,19987.0
2024-03-08T21:00,21,4,68,0,19460.0
2024-03-08T22:00,22,4,68,0,19178.0
2024-03-08T23:00,23,4,68,0,19211.0
2024-03-09T00:00,0,5,69,0,19222.0
2024-03-09T01:00,1,5,69,0,19626.0
2024-03-09T02:00,2,5,69,0,21059.0
2024-03-09T03:00,3,5,69,0,23278.0
2024-03-09T04:00,4,5,69,0,24904.0
2024-03-09T05:00,5,5,69,0,24806.0
2024-03-09T06:00,6,5,69,0,24307.0
2024-03-09T07:00,7,5,69,0,23799.0
2024-03-09T08:00,8,5,69,0,22763.0
2024-03-09T09:00,9,5,69,0,21729.0
2024-03-09T10:00,10,5,69,0,21368.0
2024-03-09T11:00,11,5,69,0,20706.0
2024-03-09T12:00,12,5,69,0,20130.0
2024-03-09T13:00,13,5,69,0,19947.0
2024-03-09T14:00,14,5,69,0,19897.0
2024-03-09T15:00,15,5,69,0,20352.0
2024-03-09T16:00,16,5,69,0,20643.0
2024-03-09T17:00,17,5,69,0,20337.0
2024-03-09T18:00,18,5,69,0,19445.0
2024-03-09T19:00,19,5,69,0,19478.0
2024-03-09T20:00,20,5,69,0,19385.0
2024-03-09T21:00,21,5,69,0,18866.0
2024-03-09T22:00,22,5,69,0,18645.0
2024-03-09T23:00,23,5,69,0,18319.0
2024-03-10T00:00,0,6,70,0,17596.0
2024-03-10T01:00,1,6,70,0,17747.0
2024-03-10T02:00,2,6,70,0,18793.0
2024-03-10T03:00,3,6,70,0,21422.0
2024-03-10T04:00,4,6,70,0,23575.0
2024-03-10T05:00,5,6,70,0,23516.0
2024-03-10T06:00,6,6,70,0,22983.0
2024-03-10T07:00,7,6,70,0,22474.0
2024-03-10T08:00,8,6,70,0,21611.0
2024-03-10T09:00,9,6,70,0,20720.0
2024-03-10T10:00,10,6,70,0,20246.0
2024-03-10T11:00,11,6,70,0,19650.0
2024-03-10T12:00,12,6,70,0,19452.0
2024-03-10T13:00,13,6,70,0,19185.0
2024-03-10T14:00,14,6,70,0,19360.0
2024-03-10T15:00,15,6,70,0,19963.0
2024-03-10T16:00,16,6,70,0,20414.0
2024-03-10T17:00,17,6,70,0,19919.0
2024-03-10T18:00,18,6,70,0,18758.0
2024-03-10T19:00,19,6,70,0,17876.0
2024-03-10T20:00,20,6,70,0,17625.0
2024-03-10T21:00,21,6,70,0,17040.0
2024-03-10T22:00,22,6,70,0,16306.0
2024-03-10T23:00,23,6,70,0,16051.0
2024-03-11T00:00,0,0,71,0,16332.0
2024-03-11T01:00,1,0,71,0,18176.0
2024-03-11T02:00,2,0,71,0,19802.0
2024-03-11T03:00,3,0,71,0,22013.0
2024-03-11T04:00,4,0,71,0,23558.0
2024-03-11T05:00,5,0,71,0,23553.0
2024-03-11T06:00,6,0,71,0,23017.0
2024-03-11T07:00,7,0,71,0,21943.0
2024-03-11T08:00,8,0,71,0,20688.0
2024-03-11T09:00,9,0,71,0,20418.0
2024-03-11T10:00,10,0,71,0,19766.0
2024-03-11T11:00,11,0,71,0,19379.0
2024-03-11T12:00,12,0,71,0,19333.0
2024-03-11T13:00,13,0,71,0,19629.0
2024-03-11T14:00,14,0,71,0,20766.0
2024-03-11T15:00,15,0,71,0,23130.0
2024-03-11T16:00,16,0,71,0,25032.0
2024-03-11T17:00,17,0,71,0,24575.0
2024-03-11T18:00,18,0,71,0,22876.0
2024-03-11T19:00,19,0,71,0,21939.0
2024-03-11T20:00,20,0,71,0,20707.0
2024-03-11T21:00,21,0,71,0,20405.0
2024-03-11T22:00,22,0,71,0,20021.0
2024-03-11T23:00,23,0,71,0,19982.0
2024-03-12T00:00,0,1,72,0,20052.0
2024-03-12T01:00,1,1,72,0,20700.0
2024-03-12T02:00,2,1,72,0,22221.0
2024-03-12T03:00,3,1,72,0,24298.0
2024-03-12T04:00,4,1,72,0,25749.0
2024-03-12T05:00,5,1,72,0,25469.0
2024-03-12T06:00,6,1,72,0,24724.0
2024-03-12T07:00,7,1,72,0,23282.0
2024-03-12T08:00,8,1,72,0,22128.0
2024-03-12T09:00,9,1,72,0,21064.0
2024-03-12T10:00,10,1,72,0,20301.0
2024-03-12T11:00,11,1,72,0,20151.0
2024-03-12T12:00,12,1,72,0,20151.0
2024-03-12T13:00,13,1,72,0,20257.0
2024-03-12T14:00,14,1,72,0,21327.0
2024-03-12T15:00,15,1,72,0,23451.0
2024-03-12T16:00,16,1,72,0,24920.0
2024-03-12T17:00,17,1,72,0,25313.0
2024-03-12T18:00,18,1,72,0,24706.0
2024-03-12T19:00,19,1,72,0,23373.0
2024-03-12T20:00,20,1,72,0,23309.0
2024-03-12T21:00,21,1,72,0,23836.0
2024-03-12T22:00,22,1,72,0,23995.0
2024-03-12T23:00,23,1,72,0,22964.0
2024-03-13T00:00,0,2,73,0,22140.0
2024-03-13T01:00,1,2,73,0,21575.0
2024-03-13T02:00,2,2,73,0,22453.0
2024-03-13T03:00,3,2,73,0,24003.0
2024-03-13T04:00,4,2,73,0,25439.0
2024-03-13T05:00,5,2,73,0,25359.0
2024-03-13T06:00,6,2,73,0,24766.0
2024-03-13T07:00,7,2,73,0,23424.0
2024-03-13T08:00,8,2,73,0,22115.0
2024-03-13T09:00,9,2,73,0,21678.0
2024-03-13T10:00,10,2,73,0,20824.0
2024-03-13T11:00,11,2,73,0,20472.0
2024-03-13T12:00,12,2,73,0,20022.0
2024-03-13T13:00,13,2,73,0,20407.0
2024-03-13T14:00,14,2,73,0,21818.0
2024-03-13T15:00,15,2,73,0,24042.0
2024-03-13T16:00,16,2,73,0,25344.0
2024-03-13T17:00,17,2,73,0,25098.0
2024-03-13T18:00,18,2,73,0,23591.0
2024-03-13T19:00,19,2,73,0,21678.0
2024-03-13T20:00,20,2,73,0,21028.0
2024-03-13T21:00,21,2,73,0,20307.0
2024-03-13T22:00,22,2,73,0,19940.0
2024-03-13T23:00,23,2,73,0,20035.0
2024-03-14T00:00,0,3,74,0,20265.0
2024-03-14T01:00,1,3,74,0,19966.0
2024-03-14T02:00,2,3,74,0,21565.0
2024-03-14T03:00,3,3,74,0,23509.0
2024-03-14T04:00,4,3,74,0,25457.0
2024-03-14T05:00,5,3,74,0,25432.0
2024-03-14T06:00,6,3,74,0,24826.0
2024-03-14T07:00,7,3,74,0,23490.0
2024-03-14T08:00,8,3,74,0,22243.0
2024-03-14T09:00,9,3,74,0,21300.0
2024-03-14T10:00,10,3,74,0,20405.0
2024-03-14T11:00,11,3,74,0,20231.0
2024-03-14T12:00,12,3,74,0,20248.0
2024-03-14T13:00,13,3,74,0,20405.0
2024-03-14T14:00,14,3,74,0,21569.0
2024-03-14T15:00,15,3,74,0,23594.0
2024-03-14T16:00,16,3,74,0,24751.0
2024-03-14T17:00,17,3,74,0,24605.0
2024-03-14T18:00,18,3,74,0,22369.0
2024-03-14T19:00,19,3,74,0,21203.0
2024-03-14T20:00,20,3,74,0,19664.0
2024-03-14T21:00,21,3,74,0,19396.0
2024-03-14T22:00,22,3,74,0,19235.0
2024-03-14T23:00,23,3,74,0,18805.0
2024-03-15T00:00,0,4,75,0,18830.0
2024-03-15T01:00,1,4,75,0,19214.0
2024-03-15T02:00,2,4,75,0,21340.0
2024-03-15T03:00,3,4,75,0,23382.0
2024-03-15T04:00,4,4,75,0,25270.0
2024-03-15T05:00,5,4,75,0,25368.0
2024-03-15T06:00,6,4,75,0,24818.0
2024-03-15T07:00,7,4,75,0,23463.0
2024-03-15T08:00,8,4,75,0,22502.0
2024-03-15T09:00,9,4,75,0,21507.0
2024-03-15T10:00,10,4,75,0,20743.0
2024-03-15T11:00,11,4,75,0,20291.0
2024-03-15T12:00,12,4,75,0,20286.0
2024-03-15T13:00,13,4,75,0,20407.0
2024-03-15T14:00,14,4,75,0,21438.0
2024-03-15T15:00,15,4,75,0,23417.0
2024-03-15T16:00,16,4,75,0,24641.0
2024-03-15T17:00,17,4,75,0,24137.0
2024-03-15T18:00,18,4,75,0,22199.0
2024-03-15T19:00,19,4,75,0,19749.0
2024-03-15T20:00,20,4,75,0,19196.0
2024-03-15T21:00,21,4,75,0,19207.0
2024-03-15T22:00,22,4,75,0,19783.0
2024-03-15T23:00,23,4,75,0,19560.0
2024-03-16T00:00,0,5,76,0,19142.0
2024-03-16T01:00,1,5,76,0,19770.0
2024-03-16T02:00,2,5,76,0,21597.0
2024-03-16T03:00,3,5,76,0,23259.0
2024-03-16T04:00,4,5,76,0,24796.0
2024-03-16T05:00,5,5,76,0,24552.0
2024-03-16T06:00,6,5,76,0,24054.0
2024-03-16T07:00,7,5,76,0,22949.0
2024-03-16T08:00,8,5,76,0,21871.0
2024-03-16T09:00,9,5,76,0,21014.0
2024-03-16T10:00,10,5,76,0,20150.0
2024-03-16T11:00,11,5,76,0,19492.0
2024-03-16T12:00,12,5,76,0,19420.0
2024-03-16T13:00,13,5,76,0,19216.0
2024-03-16T14:00,14,5,76,0,19761.0
2024-03-16T15:00,15,5,76,0,20764.0
2024-03-16T16:00,16,5,76,0,21433.0
2024-03-16T17:00,17,5,76,0,21161.0
2024-03-16T18:00,18,5,76,0,20103.0
2024-03-16T19:00,19,5,76,0,18627.0
2024-03-16T20:00,20,5,76,0,17735.0
2024-03-16T21:00,21,5,76,0,16619.0
2024-03-16T22:00,22,5,76,0,16545.0
2024-03-16T23:00,23,5,76,0,16523.0
2024-03-17T00:00,0,6,77,0,16734.0
2024-03-17T01:00,1,6,77,0,17427.0
2024-03-17T02:00,2,6,77,0,19263.0
2024-03-17T03:00,3,6,77,0,21459.0
2024-03-17T04:00,4,6,77,0,23060.0
2024-03-17T05:00,5,6,77,0,23072.0
2024-03-17T06:00,6,6,77,0,22734.0
2024-03-17T07:00,7,6,77,0,21862.0
2024-03-17T08:00,8,6,77,0,20751.0
2024-03-17T09:00,9,6,77,0,20396.0
2024-03-17T10:00,10,6,77,0,19474.0
2024-03-17T11:00,11,6,77,0,18925.0
2024-03-17T12:00,12,6,77,0,18587.0
2024-03-17T13:00,13,6,77,0,18542.0
2024-03-17T14:00,14,6,77,0,18829.0
2024-03-17T15:00,15,6,77,0,19699.0
2024-03-17T16:00,16,6,77,0,20134.0
2024-03-17T17:00,17,6,77,0,19746.0
2024-03-17T18:00,18,6,77,0,18091.0
2024-03-17T19:00,19,6,77,0,17916.0
2024-03-17T20:00,20,6,77,0,17531.0
2024-03-17T21:00,21,6,77,0,17224.0
2024-03-17T22:00,22,6,77,0,17215.0
2024-03-17T23:00,23,6,77,0,16333.0
2024-03-18T00:00,0,0,78,0,15424.0
2024-03-18T01:00,1,0,78,0,16926.0
2024-03-18T02:00,2,0,78,0,18632.0
2024-03-18T03:00,3,0,78,0,21298.0
2024-03-18T04:00,4,0,78,0,23346.0
2024-03-18T05:00,5,0,78,0,23380.0
2024-03-18T06:00,6,0,78,0,22581.0
2024-03-18T07:00,7,0,78,0,21503.0
2024-03-18T08:00,8,0,78,0,20481.0
2024-03-18T09:00,9,0,78,0,20094.0
2024-03-18T10:00,10,0,78,0,19738.0
2024-03-18T11:00,11,0,78,0,19235.0
2024-03-18T12:00,12,0,78,0,18975.0
2024-03-18T13:00,13,0,78,0,19459.0
2024-03-18T14:00,14,0,78,0,20811.0
2024-03-18T15:00,15,0,78,0,22871.0
2024-03-18T16:00,16,0,78,0,24374.0
2024-03-18T17:00,17,0,78,0,24289.0
2024-03-18T18:00,18,0,78,0,22692.0
2024-03-18T19:00,19,0,78,0,22123.0
2024-03-18T20:00,20,0,78,0,21052.0
2024-03-18T21:00,21,0,78,0,20295.0
2024-03-18T22:00,22,0,78,0,20081.0
2024-03-18T23:00,23,0,78,0,20476.0
2024-03-19T00:00,0,1,79,0,21121.0
2024-03-19T01:00,1,1,79,0,21841.0
2024-03-19T02:00,2,1,79,0,22932.0
2024-03-19T03:00,3,1,79,0,24003.0
2024-03-19T04:00,4,1,79,0,25451.0
2024-03-19T05:00,5,1,79,0,25344.0
2024-03-19T06:00,6,1,79,0,24636.0
2024-03-19T07:00,7,1,79,0,23023.0
2024-03-19T08:00,8,1,79,0,21649.0
2024-03-19T09:00,9,1,79,0,21328.0
2024-03-19T10:00,10,1,79,0,20619.0
2024-03-19T11:00,11,1,79,0,20597.0
2024-03-19T12:00,12,1,79,0,20219.0
2024-03-19T13:00,13,1,79,0,20020.0
2024-03-19T14:00,14,1,79,0,20854.0
2024-03-19T15:00,15,1,79,0,22676.0
2024-03-19T16:00,16,1,79,0,23813.0
2024-03-19T17:00,17,1,79,0,23682.0
2024-03-19T18:00,18,1,79,0,22523.0
2024-03-19T19:00,19,1,79,0,21173.0
2024-03-19T20:00,20,1,79,0,20444.0
2024-03-19T21:00,21,1,79,0,19707.0
2024-03-19T22:00,22,1,79,0,19069.0
2024-03-19T23:00,23,1,79,0,18234.0
2024-03-20T00:00,0,2,80,0,17987.0
2024-03-20T01:00,1,2,80,0,19463.0
2024-03-20T02:00,2,2,80,0,21580.0
2024-03-20T03:00,3,2,80,0,23980.0
2024-03-20T04:00,4,2,80,0,25597.0
2024-03-20T05:00,5,2,80,0,25368.0
2024-03-20T06:00,6,2,80,0,24507.0
2024-03-20T07:00,7,2,80,0,22847.0
2024-03-20T08:00,8,2,80,0,21487.0
2024-03-20T09:00,9,2,80,0,20945.0
2024-03-20T10:00,10,2,80,0,20475.0
2024-03-20T11:00,11,2,80,0,19838.0
2024-03-20T12:00,12,2,80,0,19491.0
2024-03-20T13:00,13,2,80,0,19731.0
2024-03-20T14:00,14,2,80,0,20841.0
2024-03-20T15:00,15,2,80,0,22623.0
2024-03-20T16:00,16,2,80,0,24019.0
2024-03-20T17:00,17,2,80,0,24012.0
2024-03-20T18:00,18,2,80,0,22529.0
2024-03-20T19:00,19,2,80,0,21871.0
2024-03-20T20:00,20,2,80,0,20628.0
2024-03-20T21:00,21,2,80,0,19877.0
2024-03-20T22:00,22,2,80,0,19405.0
2024-03-20T23:00,23,2,80,0,18443.0
2024-03-21T00:00,0,3,81,0,18458.0
2024-03-21T01:00,1,3,81,0,19526.0
2024-03-21T02:00,2,3,81,0,21849.0
2024-03-21T03:00,3,3,81,0,23990.0
2024-03-21T04:00,4,3,81,0,25440.0
2024-03-21T05:00,5,3,81,0,25245.0
2024-03-21T06:00,6,3,81,0,24557.0
2024-03-21T07:00,7,3,81,0,23012.0
2024-03-21T08:00,8,3,81,0,21875.0
2024-03-21T09:00,9,3,81,0,20999.0
2024-03-21T10:00,10,3,81,0,20234.0
2024-03-21T11:00,11,3,81,0,19700.0
2024-03-21T12:00,12,3,81,0,19531.0
2024-03-21T13:00,13,3,81,0,19695.0
2024-03-21T14:00,14,3,81,0,20758.0
2024-03-21T15:00,15,3,81,0,22727.0
2024-03-21T16:00,16,3,81,0,23783.0
2024-03-21T17:00,17,3,81,0,23582.0
2024-03-21T18:00,18,3,81,0,22566.0
2024-03-21T19:00,19,3,81,0,21291.0
2024-03-21T20:00,20,3,81,0,19625.0
2024-03-21T21:00,21,3,81,0,18830.0
2024-03-21T22:00,22,3,81,0,18360.0
2024-03-21T23:00,23,3,81,0,18481.0
2024-03-22T00:00,0,4,82,0,19122.0
2024-03-22T01:00,1,4,82,0,20242.0
2024-03-22T02:00,2,4,82,0,22212.0
2024-03-22T03:00,3,4,82,0,23776.0
2024-03-22T04:00,4,4,82,0,25411.0
2024-03-22T05:00,5,4,82,0,25481.0
2024-03-22T06:00,6,4,82,0,24735.0
2024-03-22T07:00,7,4,82,0,23133.0
2024-03-22T08:00,8,4,82,0,21762.0
2024-03-22T09:00,9,4,82,0,20948.0
2024-03-22T10:00,10,4,82,0,20406.0
2024-03-22T11:00,11,4,82,0,19922.0
2024-03-22T12:00,12,4,82,0,19688.0
2024-03-22T13:00,13,4,82,0,19599.0
2024-03-22T14:00,14,4,82,0,20787.0
2024-03-22T15:00,15,4,82,0,22909.0
2024-03-22T16:00,16,4,82,0,23990.0
2024-03-22T17:00,17,4,82,0,23477.0
2024-03-22T18:00,18,4,82,0,22135.0
2024-03-22T19:00,19,4,82,0,21584.0
2024-03-22T20:00,20,4,82,0,20735.0
2024-03-22T21:00,21,4,82,0,20603.0
2024-03-22T22:00,22,4,82,0,21171.0
2024-03-22T23:00,23,4,82,0,21691.0
2024-03-23T00:00,0,5,83,0,21612.0
2024-03-23T01:00,1,5,83,0,21532.0
2024-03-23T02:00,2,5,83,0,22597.0
2024-03-23T03:00,3,5,83,0,23685.0
2024-03-23T04:00,4,5,83,0,24838.0
2024-03-23T05:00,5,5,83,0,24639.0
2024-03-23T06:00,6,5,83,0,23953.0
2024-03-23T07:00,7,5,83,0,22791.0
2024-03-23T08:00,8,5,83,0,21618.0
2024-03-23T09:00,9,5,83,0,20958.0
2024-03-23T10:00,10,5,83,0,20230.0
2024-03-23T11:00,11,5,83,0,19685.0
2024-03-23T12:00,12,5,83,0,19359.0
2024-03-23T13:00,13,5,83,0,19155.0
2024-03-23T14:00,14,5,83,0,19504.0
2024-03-23T15:00,15,5,83,0,20368.0
2024-03-23T16:00,16,5,83,0,20708.0
2024-03-23T17:00,17,5,83,0,20801.0
2024-03-23T18:00,18,5,83,0,20634.0
2024-03-23T19:00,19,5,83,0,20474.0
2024-03-23T20:00,20,5,83,0,20598.0
2024-03-23T21:00,21,5,83,0,20378.0
2024-03-23T22:00,22,5,83,0,20163.0
2024-03-23T23:00,23,5,83,0,19238.0
2024-03-24T00:00,0,6,84,0,19485.0
2024-03-24T01:00,1,6,84,0,19158.0
2024-03-24T02:00,2,6,84,0,20573.0
2024-03-24T03:00,3,6,84,0,21570.0
2024-03-24T04:00,4,6,84,0,23307.0
2024-03-24T05:00,5,6,84,0,23377.0
2024-03-24T06:00,6,6,84,0,22982.0
2024-03-24T07:00,7,6,84,0,22035.0
2024-03-24T08:00,8,6,84,0,21207.0
2024-03-24T09:00,9,6,84,0,20654.0
2024-03-24T10:00,10,6,84,0,20255.0
2024-03-24T11:00,11,6,84,0,19450.0
2024-03-24T12:00,12,6,84,0,19335.0
2024-03-24T13:00,13,6,84,0,19226.0
2024-03-24T14:00,14,6,84,0,19253.0
2024-03-24T15:00,15,6,84,0,19748.0
2024-03-24T16:00,16,6,84,0,20013.0
2024-03-24T17:00,17,6,84,0,20098.0
2024-03-24T18:00,18,6,84,0,19258.0
2024-03-24T19:00,19,6,84,0,18803.0
2024-03-24T20:00,20,6,84,0,17912.0
2024-03-24T21:00,21,6,84,0,16613.0
2024-03-24T22:00,22,6,84,0,16997.0
2024-03-24T23:00,23,6,84,0,16980.0
2024-03-25T00:00,0,0,85,0,17262.0
2024-03-25T01:00,1,0,85,0,18548.0
2024-03-25T02:00,2,0,85,0,20041.0
2024-03-25T03:00,3,0,85,0,21595.0
2024-03-25T04:00,4,0,85,0,23515.0
2024-03-25T05:00,5,0,85,0,23659.0
2024-03-25T06:00,6,0,85,0,23252.0
2024-03-25T07:00,7,0,85,0,22081.0
2024-03-25T08:00,8,0,85,0,21018.0
2024-03-25T09:00,9,0,85,0,20241.0
2024-03-25T10:00,10,0,85,0,19824.0
2024-03-25T11:00,11,0,85,0,19759.0
2024-03-25T12:00,12,0,85,0,19664.0
2024-03-25T13:00,13,0,85,0,19940.0
2024-03-25T14:00,14,0,85,0,21138.0
2024-03-25T15:00,15,0,85,0,23236.0
2024-03-25T16:00,16,0,85,0,24472.0
2024-03-25T17:00,17,0,85,0,24283.0
2024-03-25T18:00,18,0,85,0,22720.0
2024-03-25T19:00,19,0,85,0,21821.0
2024-03-25T20:00,20,0,85,0,20589.0
2024-03-25T21:00,21,0,85,0,20064.0
2024-03-25T22:00,22,0,85,0,19425.0
2024-03-25T23:00,23,0,85,0,18762.0
2024-03-26T00:00,0,1,86,0,19315.0
2024-03-26T01:00,1,1,86,0,20126.0
2024-03-26T02:00,2,1,86,0,21731.0
2024-03-26T03:00,3,1,86,0,23259.0
2024-03-26T04:00,4,1,86,0,25007.0
2024-03-26T05:00,5,1,86,0,24981.0
2024-03-26T06:00,6,1,86,0,24286.0
2024-03-26T07:00,7,1,86,0,22996.0
2024-03-26T08:00,8,1,86,0,21604.0
2024-03-26T09:00,9,1,86,0,21039.0
2024-03-26T10:00,10,1,86,0,20323.0
2024-03-26T11:00,11,1,86,0,20244.0
2024-03-26T12:00,12,1,86,0,20056.0
2024-03-26T13:00,13,1,86,0,20079.0
2024-03-26T14:00,14,1,86,0,21167.0
2024-03-26T15:00,15,1,86,0,23155.0
2024-03-26T16:00,16,1,86,0,24453.0
2024-03-26T17:00,17,1,86,0,23834.0
2024-03-26T18:00,18,1,86,0,22689.0
2024-03-26T19:00,19,1,86,0,22182.0
2024-03-26T20:00,20,1,86,0,21180.0
2024-03-26T21:00,21,1,86,0,20106.0
2024-03-26T22:00,22,1,86,0,19849.0
2024-03-26T23:00,23,1,86,0,19172.0
2024-03-27T00:00,0,2,87,0,18283.0
2024-03-27T01:00,1,2,87,0,18533.0
2024-03-27T02:00,2,2,87,0,20286.0
2024-03-27T03:00,3,2,87,0,22680.0
2024-03-27T04:00,4,2,87,0,24796.0
2024-03-27T05:00,5,2,87,0,25056.0
2024-03-27T06:00,6,2,87,0,24299.0
2024-03-27T07:00,7,2,87,0,23015.0
2024-03-27T08:00,8,2,87,0,21639.0
2024-03-27T09:00,9,2,87,0,20889.0
2024-03-27T10:00,10,2,87,0,20553.0
2024-03-27T11:00,11,2,87,0,20129.0
2024-03-27T12:00,12,2,87,0,20101.0
2024-03-27T13:00,13,2,87,0,20498.0
2024-03-27T14:00,14,2,87,0,21840.0
2024-03-27T15:00,15,2,87,0,23600.0
2024-03-27T16:00,16,2,87,0,24604.0
2024-03-27T17:00,17,2,87,0,24842.0
2024-03-27T18:00,18,2,87,0,23525.0
2024-03-27T19:00,19,2,87,0,22922.0
2024-03-27T20:00,20,2,87,0,22518.0
2024-03-27T21:00,21,2,87,0,22139.0
2024-03-27T22:00,22,2,87,0,21989.0
2024-03-27T23:00,23,2,87,0,21171.0
2024-03-28T00:00,0,3,88,0,21206.0
2024-03-28T01:00,1,3,88,0,21714.0
2024-03-28T02:00,2,3,88,0,23028.0
2024-03-28T03:00,3,3,88,0,24091.0
2024-03-28T04:00,4,3,88,0,25491.0
2024-03-28T05:00,5,3,88,0,25420.0
2024-03-28T06:00,6,3,88,0,24545.0
2024-03-28T07:00,7,3,88,0,23295.0
2024-03-28T08:00,8,3,88,0,22199.0
2024-03-28T09:00,9,3,88,0,21520.0
2024-03-28T10:00,10,3,88,0,20690.0
2024-03-28T11:00,11,3,88,0,20101.0
2024-03-28T12:00,12,3,88,0,19704.0
2024-03-28T13:00,13,3,88,0,20141.0
2024-03-28T14:00,14,3,88,0,21380.0
2024-03-28T15:00,15,3,88,0,23225.0
2024-03-28T16:00,16,3,88,0,24412.0
2024-03-28T17:00,17,3,88,0,24671.0
2024-03-28T18:00,18,3,88,0,23728.0
2024-03-28T19:00,19,3,88,0,22788.0
2024-03-28T20:00,20,3,88,0,21950.0
2024-03-28T21:00,21,3,88,0,20885.0
2024-03-28T22:00,22,3,88,0,19990.0
2024-03-28T23:00,23,3,88,0,19962.0
2024-03-29T00:00,0,4,89,0,19562.0
2024-03-29T01:00,1,4,89,0,20176.0
2024-03-29T02:00,2,4,89,0,21457.0
2024-03-29T03:00,3,4,89,0,23233.0
2024-03-29T04:00,4,4,89,0,24946.0
2024-03-29T05:00,5,4,89,0,24830.0
2024-03-29T06:00,6,4,89,0,24172.0
2024-03-29T07:00,7,4,89,0,22916.0
2024-03-29T08:00,8,4,89,0,22015.0
2024-03-29T09:00,9,4,89,0,21019.0
2024-03-29T10:00,10,4,89,0,20431.0
2024-03-29T11:00,11,4,89,0,19796.0
2024-03-29T12:00,12,4,89,0,19648.0
2024-03-29T13:00,13,4,89,0,19965.0
2024-03-29T14:00,14,4,89,0,20860.0
2024-03-29T15:00,15,4,89,0,22542.0
2024-03-29T16:00,16,4,89,0,23883.0
2024-03-29T17:00,17,4,89,0,24919.0
2024-03-29T18:00,18,4,89,0,24452.0
2024-03-29T19:00,19,4,89,0,23274.0
2024-03-29T20:00,20,4,89,0,22519.0
2024-03-29T21:00,21,4,89,0,22214.0
2024-03-29T22:00,22,4,89,0,22043.0
2024-03-29T23:00,23,4,89,0,21332.0
2024-03-30T00:00,0,5,90,0,20842.0
2024-03-30T01:00,1,5,90,0,21111.0
2024-03-30T02:00,2,5,90,0,22054.0
2024-03-30T03:00,3,5,90,0,23639.0
2024-03-30T04:00,4,5,90,0,24980.0
2024-03-30T05:00,5,5,90,0,24991.0
2024-03-30T06:00,6,5,90,0,24314.0
2024-03-30T07:00,7,5,90,0,23136.0
2024-03-30T08:00,8,5,90,0,22156.0
2024-03-30T09:00,9,5,90,0,21239.0
2024-03-30T10:00,10,5,90,0,20523.0
2024-03-30T11:00,11,5,90,0,19850.0
2024-03-30T12:00,12,5,90,0,19792.0
2024-03-30T13:00,13,5,90,0,19591.0
2024-03-30T14:00,14,5,90,0,19858.0
2024-03-30T15:00,15,5,90,0,20522.0
2024-03-30T16:00,16,5,90,0,21179.0
2024-03-30T17:00,17,5,90,0,22129.0
2024-03-30T18:00,18,5,90,0,22031.0
2024-03-30T19:00,19,5,90,0,21755.0
2024-03-30T20:00,20,5,90,0,21515.0
2024-03-30T21:00,21,5,90,0,21227.0
2024-03-30T22:00,22,5,90,0,20630.0
2024-03-30T23:00,23,5,90,0,19558.0
2024-03-31T00:00,0,6,91,0,19492.0
2024-03-31T01:00,1,6,91,0,19350.0
2024-03-31T02:00,2,6,91,0,21216.0
2024-03-31T03:00,3,6,91,0,22729.0
2024-03-31T04:00,4,6,91,0,23814.0
2024-03-31T05:00,5,6,91,0,24063.0
2024-03-31T06:00,6,6,91,0,23676.0
2024-03-31T07:00,7,6,91,0,22743.0
2024-03-31T08:00,8,6,91,0,21637.0
2024-03-31T09:00,9,6,91,0,20978.0
2024-03-31T10:00,10,6,91,0,20382.0
2024-03-31T11:00,11,6,91,0,19874.0
2024-03-31T12:00,12,6,91,0,19464.0
2024-03-31T13:00,13,6,91,0,19368.0
2024-03-31T14:00,14,6,91,0,19484.0
2024-03-31T15:00,15,6,91,0,19965.0
2024-03-31T16:00,16,6,91,0,20300.0
2024-03-31T17:00,17,6,91,0,20949.0
2024-03-31T18:00,18,6,91,0,20334.0
2024-03-31T19:00,19,6,91,0,19276.0
2024-03-31T20:00,20,6,91,0,18380.0
2024-03-31T21:00,21,6,91,0,18256.0
2024-03-31T22:00,22,6,91,0,17639.0
2024-03-31T23:00,23,6,91,0,17641.0
2024-04-01T00:00,0,0,92,0,17971.0
2024-04-01T01:00,1,0,92,0,17716.0
2024-04-01T02:00,2,0,92,0,18816.0
2024-04-01T03:00,3,0,92,0,20554.0
2024-04-01T04:00,4,0,92,0,22641.0
2024-04-01T05:00,5,0,92,0,23131.0
2024-04-01T06:00,6,0,92,0,22697.0
2024-04-01T07:00,7,0,92,0,21592.0
2024-04-01T08:00,8,0,92,0,20331.0
2024-04-01T09:00,9,0,92,0,19914.0
2024-04-01T10:00,10,0,92,0,19389.0
2024-04-01T11:00,11,0,92,0,19310.0
2024-04-01T12:00,12,0,92,0,19343.0
2024-04-01T13:00,13,0,92,0,19727.0
2024-04-01T14:00,14,0,92,0,20898.0
2024-04-01T15:00,15,0,92,0,22817.0
2024-04-01T16:00,16,0,92,0,23849.0
2024-04-01T17:00,17,0,92,0,23002.0
2024-04-01T18:00,18,0,92,0,21046.0
2024-04-01T19:00,19,0,92,0,19333.0
2024-04-01T20:00,20,0,92,0,19102.0
2024-04-01T21:00,21,0,92,0,18443.0
2024-04-01T22:00,22,0,92,0,18659.0
2024-04-01T23:00,23,0,92,0,18391.0
2024-04-02T00:00,0,1,93,0,18590.0
2024-04-02T01:00,1,1,93,0,18629.0
2024-04-02T02:00,2,1,93,0,20507.0
2024-04-02T03:00,3,1,93,0,22862.0
2024-04-02T04:00,4,1,93,0,24627.0
2024-04-02T05:00,5,1,93,0,24500.0
2024-04-02T06:00,6,1,93,0,23643.0
2024-04-02T07:00,7,1,93,0,22204.0
2024-04-02T08:00,8,1,93,0,20955.0
2024-04-02T09:00,9,1,93,0,20702.0
2024-04-02T10:00,10,1,93,0,20404.0
2024-04-02T11:00,11,1,93,0,19834.0
2024-04-02T12:00,12,1,93,0,19633.0
2024-04-02T13:00,13,1,93,0,20081.0
2024-04-02T14:00,14,1,93,0,21330.0
2024-04-02T15:00,15,1,93,0,23094.0
2024-04-02T16:00,16,1,93,0,23634.0
2024-04-02T17:00,17,1,93,0,23160.0
2024-04-02T18:00,18,1,93,0,22435.0
2024-04-02T19:00,19,1,93,0,20786.0
2024-04-02T20:00,20,1,93,0,20360.0
2024-04-02T21:00,21,1,93,0,20295.0
2024-04-02T22:00,22,1,93,0,20060.0
2024-04-02T23:00,23,1,93,0,19252.0
2024-04-03T00:00,0,2,94,0,18077.0
2024-04-03T01:00,1,2,94,0,18880.0
2024-04-03T02:00,2,2,94,0,21090.0
2024-04-03T03:00,3,2,94,0,23369.0
2024-04-03T04:00,4,2,94,0,24996.0
2024-04-03T05:00,5,2,94,0,25155.0
2024-04-03T06:00,6,2,94,0,23741.0
2024-04-03T07:00,7,2,94,0,22570.0
2024-04-03T08:00,8,2,94,0,21771.0
2024-04-03T09:00,9,2,94,0,20968.0
2024-04-03T10:00,10,2,94,0,20528.0
2024-04-03T11:00,11,2,94,0,19996.0
2024-04-03T12:00,12,2,94,0,19988.0
2024-04-03T13:00,13,2,94,0,19797.0
2024-04-03T14:00,14,2,94,0,20821.0
2024-04-03T15:00,15,2,94,0,22733.0
2024-04-03T16:00,16,2,94,0,23733.0
2024-04-03T17:00,17,2,94,0,23605.0
2024-04-03T18:00,18,2,94,0,22464.0
2024-04-03T19:00,19,2,94,0,21666.0
2024-04-03T20:00,20,2,94,0,21328.0
2024-04-03T21:00,21,2,94,0,20798.0
2024-04-03T22:00,22,2,94,0,20303.0
2024-04-03T23:00,23,2,94,0,19769.0
2024-04-04T00:00,0,3,95,0,19964.0
2024-04-04T01:00,1,3,95,0,20547.0
2024-04-04T02:00,2,3,95,0,22425.0
2024-04-04T03:00,3,3,95,0,24227.0
2024-04-04T04:00,4,3,95,0,25734.0
2024-04-04T05:00,5,3,95,0,25539.0
2024-04-04T06:00,6,3,95,0,24697.0
2024-04-04T07:00,7,3,95,0,23285.0
2024-04-04T08:00,8,3,95,0,21912.0
2024-04-04T09:00,9,3,95,0,21196.0
2024-04-04T10:00,10,3,95,0,20604.0
2024-04-04T11:00,11,3,95,0,20058.0
2024-04-04T12:00,12,3,95,0,19855.0
2024-04-04T13:00,13,3,95,0,20228.0
2024-04-04T14:00,14,3,95,0,21136.0
2024-04-04T15:00,15,3,95,0,23091.0
2024-04-04T16:00,16,3,95,0,24537.0
2024-04-04T17:00,17,3,95,0,25673.0
2024-04-04T18:00,18,3,95,0,25583.0
2024-04-04T19:00,19,3,95,0,26097.0
2024-04-04T20:00,20,3,95,0,25470.0
2024-04-04T21:00,21,3,95,0,24787.0
2024-04-04T22:00,22,3,95,0,23819.0
2024-04-04T23:00,23,3,95,0,23171.0
2024-04-05T00:00,0,4,96,0,22478.0
2024-04-05T01:00,1,4,96,0,22897.0
2024-04-05T02:00,2,4,96,0,23765.0
2024-04-05T03:00,3,4,96,0,24429.0
2024-04-05T04:00,4,4,96,0,26040.0
2024-04-05T05:00,5,4,96,0,25952.0
2024-04-05T06:00,6,4,96,0,25436.0
2024-04-05T07:00,7,4,96,0,24097.0
2024-04-05T08:00,8,4,96,0,22856.0
2024-04-05T09:00,9,4,96,0,22326.0
2024-04-05T10:00,10,4,96,0,21472.0
2024-04-05T11:00,11,4,96,0,21164.0
2024-04-05T12:00,12,4,96,0,21072.0
2024-04-05T13:00,13,4,96,0,21252.0
2024-04-05T14:00,14,4,96,0,22382.0
2024-04-05T15:00,15,4,96,0,24097.0
2024-04-05T16:00,16,4,96,0,25147.0
2024-04-05T17:00,17,4,96,0,25967.0
2024-04-05T18:00,18,4,96,0,24679.0
2024-04-05T19:00,19,4,96,0,24276.0
2024-04-05T20:00,20,4,96,0,23612.0
2024-04-05T21:00,21,4,96,0,23652.0
2024-04-05T22:00,22,4,96,0,23420.0
2024-04-05T23:00,23,4,96,0,21794.0
2024-04-06T00:00,0,5,97,0,20204.0
2024-04-06T01:00,1,5,97,0,20477.0
2024-04-06T02:00,2,5,97,0,21415.0
2024-04-06T03:00,3,5,97,0,23093.0
2024-04-06T04:00,4,5,97,0,25047.0
2024-04-06T05:00,5,5,97,0,25476.0
2024-04-06T06:00,6,5,97,0,25148.0
2024-04-06T07:00,7,5,97,0,24063.0
2024-04-06T08:00,8,5,97,0,23159.0
2024-04-06T09:00,9,5,97,0,22302.0
2024-04-06T10:00,10,5,97,0,21522.0
2024-04-06T11:00,11,5,97,0,21142.0
2024-04-06T12:00,12,5,97,0,21061.0
2024-04-06T13:00,13,5,97,0,21148.0
2024-04-06T14:00,14,5,97,0,21655.0
2024-04-06T15:00,15,5,97,0,22449.0
2024-04-06T16:00,16,5,97,0,22393.0
2024-04-06T17:00,17,5,97,0,21769.0
2024-04-06T18:00,18,5,97,0,19759.0
2024-04-06T19:00,19,5,97,0,18547.0
2024-04-06T20:00,20,5,97,0,17973.0
2024-04-06T21:00,21,5,97,0,17891.0
2024-04-06T22:00,22,5,97,0,17802.0
2024-04-06T23:00,23,5,97,0,17090.0
2024-04-07T00:00,0,6,98,0,16445.0
2024-04-07T01:00,1,6,98,0,16718.0
2024-04-07T02:00,2,6,98,0,18336.0
2024-04-07T03:00,3,6,98,0,20127.0
2024-04-07T04:00,4,6,98,0,22413.0
2024-04-07T05:00,5,6,98,0,23015.0
2024-04-07T06:00,6,6,98,0,22869.0
2024-04-07T07:00,7,6,98,0,22231.0
2024-04-07T08:00,8,6,98,0,21084.0
2024-04-07T09:00,9,6,98,0,20626.0
2024-04-07T10:00,10,6,98,0,19902.0
2024-04-07T11:00,11,6,98,0,19546.0
2024-04-07T12:00,12,6,98,0,19447.0
2024-04-07T13:00,13,6,98,0,19262.0
2024-04-07T14:00,14,6,98,0,19573.0
2024-04-07T15:00,15,6,98,0,20060.0
2024-04-07T16:00,16,6,98,0,20054.0
2024-04-07T17:00,17,6,98,0,20046.0
2024-04-07T18:00,18,6,98,0,19037.0
2024-04-07T19:00,19,6,98,0,18326.0
2024-04-07T20:00,20,6,98,0,17559.0
2024-04-07T21:00,21,6,98,0,16988.0
2024-04-07T22:00,22,6,98,0,16971.0
2024-04-07T23:00,23,6,98,0,16627.0
2024-04-08T00:00,0,0,99,0,15764.0
2024-04-08T01:00,1,0,99,0,16513.0
2024-04-08T02:00,2,0,99,0,18396.0
2024-04-08T03:00,3,0,99,0,20217.0
2024-04-08T04:00,4,0,99,0,22505.0
2024-04-08T05:00,5,0,99,0,23154.0
2024-04-08T06:00,6,0,99,0,22712.0
2024-04-08T07:00,7,0,99,0,21630.0
2024-04-08T08:00,8,0,99,0,20414.0
2024-04-08T09:00,9,0,99,0,19818.0
2024-04-08T10:00,10,0,99,0,19281.0
2024-04-08T11:00,11,0,99,0,18904.0
2024-04-08T12:00,12,0,99,0,19236.0
2024-04-08T13:00,13,0,99,0,20422.0
2024-04-08T14:00,14,0,99,0,22899.0
2024-04-08T15:00,15,0,99,0,25269.0
2024-04-08T16:00,16,0,99,0,25719.0
2024-04-08T17:00,17,0,99,0,24259.0
2024-04-08T18:00,18,0,99,0,21724.0
2024-04-08T19:00,19,0,99,0,20982.0
2024-04-08T20:00,20,0,99,0,20613.0
2024-04-08T21:00,21,0,99,0,18859.0
2024-04-08T22:00,22,0,99,0,18346.0
2024-04-08T23:00,23,0,99,0,18202.0
2024-04-09T00:00,0,1,100,0,18570.0
2024-04-09T01:00,1,1,100,0,19376.0
2024-04-09T02:00,2,1,100,0,20805.0
2024-04-09T03:00,3,1,100,0,22606.0
2024-04-09T04:00,4,1,100,0,24311.0
2024-04-09T05:00,5,1,100,0,24504.0
2024-04-09T06:00,6,1,100,0,23865.0
2024-04-09T07:00,7,1,100,0,22458.0
2024-04-09T08:00,8,1,100,0,21107.0
2024-04-09T09:00,9,1,100,0,20746.0
2024-04-09T10:00,10,1,100,0,20378.0
2024-04-09T11:00,11,1,100,0,20083.0
2024-04-09T12:00,12,1,100,0,20076.0
2024-04-09T13:00,13,1,100,0,20354.0
2024-04-09T14:00,14,1,100,0,21425.0
2024-04-09T15:00,15,1,100,0,23295.0
2024-04-09T16:00,16,1,100,0,23749.0
2024-04-09T17:00,17,1,100,0,23062.0
2024-04-09T18:00,18,1,100,0,21234.0
2024-04-09T19:00,19,1,100,0,20836.0
2024-04-09T20:00,20,1,100,0,19967.0
2024-04-09T21:00,21,1,100,0,19821.0
2024-04-09T22:00,22,1,100,0,19559.0
2024-04-09T23:00,23,1,100,0,19346.0
2024-04-10T00:00,0,2,101,0,19059.0
2024-04-10T01:00,1,2,101,0,20088.0
2024-04-10T02:00,2,2,101,0,22185.0
2024-04-10T03:00,3,2,101,0,23507.0
2024-04-10T04:00,4,2,101,0,24814.0
2024-04-10T05:00,5,2,101,0,25052.0
2024-04-10T06:00,6,2,101,0,24099.0
2024-04-10T07:00,7,2,101,0,22607.0
2024-04-10T08:00,8,2,101,0,21188.0
2024-04-10T09:00,9,2,101,0,20457.0
2024-04-10T10:00,10,2,101,0,19869.0
2024-04-10T11:00,11,2,101,0,19585.0
2024-04-10T12:00,12,2,101,0,19525.0
2024-04-10T13:00,13,2,101,0,19718.0
2024-04-10T14:00,14,2,101,0,20749.0
2024-04-10T15:00,15,2,101,0,22385.0
2024-04-10T16:00,16,2,101,0,22954.0
2024-04-10T17:00,17,2,101,0,22834.0
2024-04-10T18:00,18,2,101,0,21867.0
2024-04-10T19:00,19,2,101,0,20881.0
2024-04-10T20:00,20,2,101,0,20310.0
2024-04-10T21:00,21,2,101,0,20111.0
2024-04-10T22:00,22,2,101,0,20052.0
2024-04-10T23:00,23,2,101,0,20331.0
2024-04-11T00:00,0,3,102,0,21026.0
2024-04-11T01:00,1,3,102,0,22041.0
2024-04-11T02:00,2,3,102,0,23633.0
2024-04-11T03:00,3,3,102,0,24818.0
2024-04-11T04:00,4,3,102,0,25691.0
2024-04-11T05:00,5,3,102,0,25793.0
2024-04-11T06:00,6,3,102,0,25122.0
2024-04-11T07:00,7,3,102,0,23425.0
2024-04-11T08:00,8,3,102,0,21931.0
2024-04-11T09:00,9,3,102,0,20946.0
2024-04-11T10:00,10,3,102,0,20223.0
2024-04-11T11:00,11,3,102,0,19758.0
2024-04-11T12:00,12,3,102,0,19377.0
2024-04-11T13:00,13,3,102,0,19423.0
2024-04-11T14:00,14,3,102,0,20611.0
2024-04-11T15:00,15,3,102,0,22242.0
2024-04-11T16:00,16,3,102,0,23415.0
2024-04-11T17:00,17,3,102,0,23067.0
2024-04-11T18:00,18,3,102,0,21869.0
2024-04-11T19:00,19,3,102,0,21215.0
2024-04-11T20:00,20,3,102,0,20473.0
2024-04-11T21:00,21,3,102,0,20347.0
2024-04-11T22:00,22,3,102,0,20596.0
2024-04-11T23:00,23,3,102,0,21013.0
2024-04-12T00:00,0,4,103,0,21738.0
2024-04-12T01:00,1,4,103,0,23133.0
2024-04-12T02:00,2,4,103,0,24601.0
2024-04-12T03:00,3,4,103,0,25405.0
2024-04-12T04:00,4,4,103,0,26562.0
2024-04-12T05:00,5,4,103,0,26395.0
2024-04-12T06:00,6,4,103,0,25328.0
2024-04-12T07:00,7,4,103,0,23734.0
2024-04-12T08:00,8,4,103,0,22494.0
2024-04-12T09:00,9,4,103,0,21445.0
2024-04-12T10:00,10,4,103,0,20595.0
2024-04-12T11:00,11,4,103,0,20316.0
2024-04-12T12:00,12,4,103,0,20181.0
2024-04-12T13:00,13,4,103,0,20094.0
2024-04-12T14:00,14,4,103,0,21016.0
2024-04-12T15:00,15,4,103,0,22653.0
2024-04-12T16:00,16,4,103,0,23504.0
2024-04-12T17:00,17,4,103,0,23403.0
2024-04-12T18:00,18,4,103,0,22724.0
2024-04-12T19:00,19,4,103,0,22493.0
2024-04-12T20:00,20,4,103,0,22262.0
2024-04-12T21:00,21,4,103,0,22564.0
2024-04-12T22:00,22,4,103,0,22267.0
2024-04-12T23:00,23,4,103,0,22440.0
2024-04-13T00:00,0,5,104,0,21750.0
2024-04-13T01:00,1,5,104,0,21027.0
2024-04-13T02:00,2,5,104,0,21889.0
2024-04-13T03:00,3,5,104,0,22865.0
2024-04-13T04:00,4,5,104,0,24320.0
2024-04-13T05:00,5,5,104,0,24659.0
2024-04-13T06:00,6,5,104,0,24231.0
2024-04-13T07:00,7,5,104,0,22859.0
2024-04-13T08:00,8,5,104,0,21538.0
2024-04-13T09:00,9,5,104,0,20834.0
2024-04-13T10:00,10,5,104,0,19800.0
2024-04-13T11:00,11,5,104,0,19590.0
2024-04-13T12:00,12,5,104,0,19294.0
2024-04-13T13:00,13,5,104,0,19209.0
2024-04-13T14:00,14,5,104,0,19447.0
2024-04-13T15:00,15,5,104,0,20162.0
2024-04-13T16:00,16,5,104,0,20659.0
2024-04-13T17:00,17,5,104,0,22029.0
2024-04-13T18:00,18,5,104,0,22246.0
2024-04-13T19:00,19,5,104,0,22175.0
2024-04-13T20:00,20,5,104,0,22302.0
2024-04-13T21:00,21,5,104,0,21958.0
2024-04-13T22:00,22,5,104,0,22248.0
2024-04-13T23:00,23,5,104,0,21831.0
2024-04-14T00:00,0,6,105,0,21379.0
2024-04-14T01:00,1,6,105,0,21387.0
2024-04-14T02:00,2,6,105,0,21537.0
2024-04-14T03:00,3,6,105,0,22691.0
2024-04-14T04:00,4,6,105,0,23362.0
2024-04-14T05:00,5,6,105,0,23632.0
2024-04-14T06:00,6,6,105,0,23432.0
2024-04-14T07:00,7,6,105,0,22471.0
2024-04-14T08:00,8,6,105,0,21118.0
2024-04-14T09:00,9,6,105,0,20671.0
2024-04-14T10:00,10,6,105,0,20168.0
2024-04-14T11:00,11,6,105,0,19659.0
2024-04-14T12:00,12,6,105,0,19330.0
2024-04-14T13:00,13,6,105,0,19244.0
2024-04-14T14:00,14,6,105,0,19669.0
2024-04-14T15:00,15,6,105,0,19999.0
2024-04-14T16:00,16,6,105,0,20349.0
2024-04-14T17:00,17,6,105,0,20217.0
2024-04-14T18:00,18,6,105,0,19978.0
2024-04-14T19:00,19,6,105,0,19957.0
2024-04-14T20:00,20,6,105,0,20392.0
2024-04-14T21:00,21,6,105,0,19948.0
2024-04-14T22:00,22,6,105,0,19729.0
2024-04-14T23:00,23,6,105,0,18996.0
2024-04-15T00:00,0,0,106,0,18720.0
2024-04-15T01:00,1,0,106,0,18778.0
2024-04-15T02:00,2,0,106,0,20071.0
2024-04-15T03:00,3,0,106,0,21792.0
2024-04-15T04:00,4,0,106,0,23441.0
2024-04-15T05:00,5,0,106,0,24094.0
2024-04-15T06:00,6,0,106,0,23638.0
2024-04-15T07:00,7,0,106,0,22015.0
2024-04-15T08:00,8,0,106,0,20843.0
2024-04-15T09:00,9,0,106,0,20320.0
2024-04-15T10:00,10,0,106,0,20087.0
2024-04-15T11:00,11,0,106,0,19614.0
2024-04-15T12:00,12,0,106,0,19470.0
2024-04-15T13:00,13,0,106,0,20114.0
2024-04-15T14:00,14,0,106,0,21388.0
2024-04-15T15:00,15,0,106,0,23078.0
2024-04-15T16:00,16,0,106,0,23200.0
2024-04-15T17:00,17,0,106,0,23217.0
2024-04-15T18:00,18,0,106,0,22645.0
2024-04-15T19:00,19,0,106,0,21917.0
2024-04-15T20:00,20,0,106,0,21785.0
2024-04-15T21:00,21,0,106,0,21106.0
2024-04-15T22:00,22,0,106,0,20320.0
2024-04-15T23:00,23,0,106,0,19610.0
2024-04-16T00:00,0,1,107,0,18617.0
2024-04-16T01:00,1,1,107,0,18828.0
2024-04-16T02:00,2,1,107,0,20408.0
2024-04-16T03:00,3,1,107,0,22303.0
2024-04-16T04:00,4,1,107,0,24289.0
2024-04-16T05:00,5,1,107,0,24779.0
2024-04-16T06:00,6,1,107,0,24283.0
2024-04-16T07:00,7,1,107,0,22859.0
2024-04-16T08:00,8,1,107,0,21601.0
2024-04-16T09:00,9,1,107,0,21035.0
2024-04-16T10:00,10,1,107,0,20350.0
2024-04-16T11:00,11,1,107,0,20132.0
2024-04-16T12:00,12,1,107,0,19984.0
2024-04-16T13:00,13,1,107,0,20053.0
2024-04-16T14:00,14,1,107,0,21107.0
2024-04-16T15:00,15,1,107,0,22740.0
2024-04-16T16:00,16,1,107,0,23214.0
2024-04-16T17:00,17,1,107,0,23200.0
2024-04-16T18:00,18,1,107,0,22560.0
2024-04-16T19:00,19,1,107,0,21744.0
2024-04-16T20:00,20,1,107,0,20925.0
2024-04-16T21:00,21,1,107,0,20394.0
2024-04-16T22:00,22,1,107,0,20022.0
2024-04-16T23:00,23,1,107,0,19144.0
2024-04-17T00:00,0,2,108,0,19292.0
2024-04-17T01:00,1,2,108,0,20153.0
2024-04-17T02:00,2,2,108,0,22078.0
2024-04-17T03:00,3,2,108,0,23184.0
2024-04-17T04:00,4,2,108,0,24760.0
2024-04-17T05:00,5,2,108,0,25119.0
2024-04-17T06:00,6,2,108,0,24213.0
2024-04-17T07:00,7,2,108,0,22854.0
2024-04-17T08:00,8,2,108,0,21460.0
2024-04-17T09:00,9,2,108,0,20639.0
2024-04-17T10:00,10,2,108,0,20197.0
2024-04-17T11:00,11,2,108,0,19930.0
2024-04-17T12:00,12,2,108,0,19482.0
2024-04-17T13:00,13,2,108,0,19617.0
2024-04-17T14:00,14,2,108,0,20758.0
2024-04-17T15:00,15,2,108,0,22168.0
2024-04-17T16:00,16,2,108,0,22794.0
2024-04-17T17:00,17,2,108,0,22493.0
2024-04-17T18:00,18,2,108,0,21519.0
2024-04-17T19:00,19,2,108,0,21486.0
2024-04-17T20:00,20,2,108,0,21264.0
2024-04-17T21:00,21,2,108,0,21443.0
2024-04-17T22:00,22,2,108,0,20511.0
2024-04-17T23:00,23,2,108,0,21540.0
2024-04-18T00:00,0,3,109,0,21259.0
2024-04-18T01:00,1,3,109,0,22703.0
2024-04-18T02:00,2,3,109,0,23596.0
2024-04-18T03:00,3,3,109,0,24636.0
2024-04-18T04:00,4,3,109,0,25989.0
2024-04-18T05:00,5,3,109,0,26240.0
2024-04-18T06:00,6,3,109,0,25527.0
2024-04-18T07:00,7,3,109,0,23914.0
2024-04-18T08:00,8,3,109,0,22276.0
2024-04-18T09:00,9,3,109,0,21326.0
2024-04-18T10:00,10,3,109,0,20320.0
2024-04-18T11:00,11,3,109,0,20032.0
2024-04-18T12:00,12,3,109,0,19866.0
2024-04-18T13:00,13,3,109,0,20019.0
2024-04-18T14:00,14,3,109,0,20844.0
2024-04-18T15:00,15,3,109,0,22226.0
2024-04-18T16:00,16,3,109,0,22772.0
2024-04-18T17:00,17,3,109,0,22541.0
2024-04-18T18:00,18,3,109,0,22197.0
2024-04-18T19:00,19,3,109,0,21769.0
2024-04-18T20:00,20,3,109,0,21899.0
2024-04-18T21:00,21,3,109,0,21868.0
2024-04-18T22:00,22,3,109,0,21393.0
2024-04-18T23:00,23,3,109,0,21347.0
2024-04-19T00:00,0,4,110,0,21194.0
2024-04-19T01:00,1,4,110,0,21450.0
2024-04-19T02:00,2,4,110,0,23333.0
2024-04-19T03:00,3,4,110,0,24557.0
2024-04-19T04:00,4,4,110,0,25887.0
2024-04-19T05:00,5,4,110,0,26221.0
2024-04-19T06:00,6,4,110,0,25318.0
2024-04-19T07:00,7,4,110,0,23310.0
2024-04-19T08:00,8,4,110,0,21764.0
2024-04-19T09:00,9,4,110,0,20790.0
2024-04-19T10:00,10,4,110,0,19868.0
2024-04-19T11:00,11,4,110,0,19671.0
2024-04-19T12:00,12,4,110,0,19623.0
2024-04-19T13:00,13,4,110,0,19776.0
2024-04-19T14:00,14,4,110,0,20728.0
2024-04-19T15:00,15,4,110,0,21880.0
2024-04-19T16:00,16,4,110,0,23427.0
2024-04-19T17:00,17,4,110,0,23688.0
2024-04-19T18:00,18,4,110,0,22877.0
2024-04-19T19:00,19,4,110,0,21928.0
2024-04-19T20:00,20,4,110,0,21478.0
2024-04-19T21:00,21,4,110,0,20791.0
2024-04-19T22:00,22,4,110,0,20740.0
2024-04-19T23:00,23,4,110,0,20694.0
2024-04-20T00:00,0,5,111,0,20763.0
2024-04-20T01:00,1,5,111,0,21046.0
2024-04-20T02:00,2,5,111,0,22005.0
2024-04-20T03:00,3,5,111,0,23493.0
2024-04-20T04:00,4,5,111,0,24818.0
2024-04-20T05:00,5,5,111,0,24573.0
2024-04-20T06:00,6,5,111,0,23950.0
2024-04-20T07:00,7,5,111,0,22971.0
2024-04-20T08:00,8,5,111,0,21588.0
2024-04-20T09:00,9,5,111,0,20935.0
2024-04-20T10:00,10,5,111,0,20022.0
2024-04-20T11:00,11,5,111,0,19363.0
2024-04-20T12:00,12,5,111,0,19077.0
2024-04-20T13:00,13,5,111,0,18836.0
2024-04-20T14:00,14,5,111,0,19174.0
2024-04-20T15:00,15,5,111,0,19794.0
2024-04-20T16:00,16,5,111,0,20212.0
2024-04-20T17:00,17,5,111,0,20972.0
2024-04-20T18:00,18,5,111,0,20782.0
2024-04-20T19:00,19,5,111,0,19861.0
2024-04-20T20:00,20,5,111,0,18686.0
2024-04-20T21:00,21,5,111,0,17366.0
2024-04-20T22:00,22,5,111,0,17020.0
2024-04-20T23:00,23,5,111,0,16720.0
2024-04-21T00:00,0,6,112,0,17196.0
2024-04-21T01:00,1,6,112,0,18037.0
2024-04-21T02:00,2,6,112,0,19410.0
2024-04-21T03:00,3,6,112,0,21687.0
2024-04-21T04:00,4,6,112,0,23426.0
2024-04-21T05:00,5,6,112,0,23774.0
2024-04-21T06:00,6,6,112,0,23417.0
2024-04-21T07:00,7,6,112,0,22292.0
2024-04-21T08:00,8,6,112,0,21260.0
2024-04-21T09:00,9,6,112,0,20468.0
2024-04-21T10:00,10,6,112,0,19509.0
2024-04-21T11:00,11,6,112,0,18931.0
2024-04-21T12:00,12,6,112,0,18462.0
2024-04-21T13:00,13,6,112,0,18294.0
2024-04-21T14:00,14,6,112,0,18503.0
2024-04-21T15:00,15,6,112,0,18611.0
2024-04-21T16:00,16,6,112,0,18848.0
2024-04-21T17:00,17,6,112,0,18983.0
2024-04-21T18:00,18,6,112,0,19260.0
2024-04-21T19:00,19,6,112,0,18787.0
2024-04-21T20:00,20,6,112,0,18005.0
2024-04-21T21:00,21,6,112,0,17563.0
2024-04-21T22:00,22,6,112,0,17216.0
2024-04-21T23:00,23,6,112,0,16711.0
2024-04-22T00:00,0,0,113,0,17565.0
2024-04-22T01:00,1,0,113,0,19312.0
2024-04-22T02:00,2,0,113,0,21723.0
2024-04-22T03:00,3,0,113,0,23576.0
2024-04-22T04:00,4,0,113,0,24882.0
2024-04-22T05:00,5,0,113,0,25080.0
2024-04-22T06:00,6,0,113,0,24381.0
2024-04-22T07:00,7,0,113,0,23056.0
2024-04-22T08:00,8,0,113,0,21602.0
2024-04-22T09:00,9,0,113,0,20613.0
2024-04-22T10:00,10,0,113,0,19816.0
2024-04-22T11:00,11,0,113,0,19226.0
2024-04-22T12:00,12,0,113,0,19059.0
2024-04-22T13:00,13,0,113,0,19347.0
2024-04-22T14:00,14,0,113,0,20464.0
2024-04-22T15:00,15,0,113,0,21766.0
2024-04-22T16:00,16,0,113,0,22972.0
2024-04-22T17:00,17,0,113,0,23351.0
2024-04-22T18:00,18,0,113,0,23074.0
2024-04-22T19:00,19,0,113,0,23855.0
2024-04-22T20:00,20,0,113,0,23732.0
2024-04-22T21:00,21,0,113,0,23256.0
2024-04-22T22:00,22,0,113,0,23541.0
2024-04-22T23:00,23,0,113,0,23410.0
2024-04-23T00:00,0,1,114,0,22991.0
2024-04-23T01:00,1,1,114,0,23615.0
2024-04-23T02:00,2,1,114,0,24540.0
2024-04-23T03:00,3,1,114,0,25718.0
2024-04-23T04:00,4,1,114,0,26524.0
2024-04-23T05:00,5,1,114,0,26625.0
2024-04-23T06:00,6,1,114,0,25706.0
2024-04-23T07:00,7,1,114,0,23858.0
2024-04-23T08:00,8,1,114,0,22215.0
2024-04-23T09:00,9,1,114,0,21465.0
2024-04-23T10:00,10,1,114,0,20523.0
2024-04-23T11:00,11,1,114,0,19952.0
2024-04-23T12:00,12,1,114,0,19686.0
2024-04-23T13:00,13,1,114,0,19766.0
2024-04-23T14:00,14,1,114,0,20830.0
2024-04-23T15:00,15,1,114,0,22262.0
2024-04-23T16:00,16,1,114,0,23516.0
2024-04-23T17:00,17,1,114,0,24049.0
2024-04-23T18:00,18,1,114,0,23426.0
2024-04-23T19:00,19,1,114,0,23302.0
2024-04-23T20:00,20,1,114,0,23479.0
2024-04-23T21:00,21,1,114,0,22488.0
2024-04-23T22:00,22,1,114,0,22408.0
2024-04-23T23:00,23,1,114,0,21621.0
2024-04-24T00:00,0,2,115,0,21944.0
2024-04-24T01:00,1,2,115,0,21984.0
2024-04-24T02:00,2,2,115,0,22585.0
2024-04-24T03:00,3,2,115,0,23341.0
2024-04-24T04:00,4,2,115,0,24820.0
2024-04-24T05:00,5,2,115,0,25244.0
2024-04-24T06:00,6,2,115,0,24744.0
2024-04-24T07:00,7,2,115,0,23258.0
2024-04-24T08:00,8,2,115,0,21673.0
2024-04-24T09:00,9,2,115,0,21021.0
2024-04-24T10:00,10,2,115,0,20122.0
2024-04-24T11:00,11,2,115,0,19609.0
2024-04-24T12:00,12,2,115,0,19350.0
2024-04-24T13:00,13,2,115,0,19583.0
2024-04-24T14:00,14,2,115,0,20724.0
2024-04-24T15:00,15,2,115,0,22120.0
2024-04-24T16:00,16,2,115,0,23189.0
2024-04-24T17:00,17,2,115,0,23734.0
2024-04-24T18:00,18,2,115,0,23583.0
2024-04-24T19:00,19,2,115,0,23009.0
2024-04-24T20:00,20,2,115,0,23298.0
2024-04-24T21:00,21,2,115,0,22539.0
2024-04-24T22:00,22,2,115,0,22176.0
2024-04-24T23:00,23,2,115,0,22233.0
2024-04-25T00:00,0,3,116,0,22072.0
2024-04-25T01:00,1,3,116,0,22300.0
2024-04-25T02:00,2,3,116,0,23120.0
2024-04-25T03:00,3,3,116,0,23607.0
2024-04-25T04:00,4,3,116,0,25019.0
2024-04-25T05:00,5,3,116,0,25559.0
2024-04-25T06:00,6,3,116,0,25151.0
2024-04-25T07:00,7,3,116,0,23533.0
2024-04-25T08:00,8,3,116,0,22100.0
2024-04-25T09:00,9,3,116,0,21217.0
2024-04-25T10:00,10,3,116,0,20355.0
2024-04-25T11:00,11,3,116,0,20109.0
2024-04-25T12:00,12,3,116,0,19942.0
2024-04-25T13:00,13,3,116,0,19846.0
2024-04-25T14:00,14,3,116,0,20969.0
2024-04-25T15:00,15,3,116,0,22640.0
2024-04-25T16:00,16,3,116,0,23792.0
2024-04-25T17:00,17,3,116,0,23832.0
2024-04-25T18:00,18,3,116,0,23556.0
2024-04-25T19:00,19,3,116,0,22410.0
2024-04-25T20:00,20,3,116,0,22029.0
2024-04-25T21:00,21,3,116,0,21943.0
2024-04-25T22:00,22,3,116,0,22032.0
2024-04-25T23:00,23,3,116,0,22174.0
2024-04-26T00:00,0,4,117,0,22213.0
2024-04-26T01:00,1,4,117,0,22002.0
2024-04-26T02:00,2,4,117,0,22844.0
2024-04-26T03:00,3,4,117,0,23728.0
2024-04-26T04:00,4,4,117,0,25023.0
2024-04-26T05:00,5,4,117,0,25463.0
2024-04-26T06:00,6,4,117,0,25015.0
2024-04-26T07:00,7,4,117,0,23519.0
2024-04-26T08:00,8,4,117,0,22082.0
2024-04-26T09:00,9,4,117,0,21468.0
2024-04-26T10:00,10,4,117,0,20526.0
2024-04-26T11:00,11,4,117,0,19955.0
2024-04-26T12:00,12,4,117,0,19737.0
2024-04-26T13:00,13,4,117,0,20107.0
2024-04-26T14:00,14,4,117,0,21131.0
2024-04-26T15:00,15,4,117,0,22416.0
2024-04-26T16:00,16,4,117,0,23561.0
2024-04-26T17:00,17,4,117,0,23661.0
2024-04-26T18:00,18,4,117,0,23083.0
2024-04-26T19:00,19,4,117,0,22030.0
2024-04-26T20:00,20,4,117,0,21969.0
2024-04-26T21:00,21,4,117,0,21733.0
2024-04-26T22:00,22,4,117,0,21495.0
2024-04-26T23:00,23,4,117,0,21458.0
2024-04-27T00:00,0,5,118,0,20878.0
2024-04-27T01:00,1,5,118,0,21174.0
2024-04-27T02:00,2,5,118,0,22409.0
2024-04-27T03:00,3,5,118,0,22698.0
2024-04-27T04:00,4,5,118,0,23783.0
2024-04-27T05:00,5,5,118,0,24367.0
2024-04-27T06:00,6,5,118,0,24141.0
2024-04-27T07:00,7,5,118,0,22966.0
2024-04-27T08:00,8,5,118,0,21740.0
2024-04-27T09:00,9,5,118,0,21022.0
2024-04-27T10:00,10,5,118,0,20415.0
2024-04-27T11:00,11,5,118,0,19802.0
2024-04-27T12:00,12,5,118,0,19475.0
2024-04-27T13:00,13,5,118,0,19415.0
2024-04-27T14:00,14,5,118,0,19628.0
2024-04-27T15:00,15,5,118,0,20066.0
2024-04-27T16:00,16,5,118,0,20521.0
2024-04-27T17:00,17,5,118,0,20547.0
2024-04-27T18:00,18,5,118,0,19565.0
2024-04-27T19:00,19,5,118,0,19288.0
2024-04-27T20:00,20,5,118,0,18493.0
2024-04-27T21:00,21,5,118,0,18192.0
2024-04-27T22:00,22,5,118,0,17556.0
2024-04-27T23:00,23,5,118,0,17304.0
2024-04-28T00:00,0,6,119,0,17150.0
2024-04-28T01:00,1,6,119,0,17051.0
2024-04-28T02:00,2,6,119,0,18938.0
2024-04-28T03:00,3,6,119,0,20679.0
2024-04-28T04:00,4,6,119,0,22395.0
2024-04-28T05:00,5,6,119,0,23106.0
2024-04-28T06:00,6,6,119,0,22892.0
2024-04-28T07:00,7,6,119,0,21811.0
2024-04-28T08:00,8,6,119,0,20981.0
2024-04-28T09:00,9,6,119,0,20455.0
2024-04-28T10:00,10,6,119,0,20050.0
2024-04-28T11:00,11,6,119,0,19523.0
2024-04-28T12:00,12,6,119,0,19410.0
2024-04-28T13:00,13,6,119,0,19247.0
2024-04-28T14:00,14,6,119,0,19171.0
2024-04-28T15:00,15,6,119,0,19250.0
2024-04-28T16:00,16,6,119,0,19212.0
2024-04-28T17:00,17,6,119,0,18949.0
2024-04-28T18:00,18,6,119,0,18026.0
2024-04-28T19:00,19,6,119,0,17233.0
2024-04-28T20:00,20,6,119,0,16379.0
2024-04-28T21:00,21,6,119,0,16453.0
2024-04-28T22:00,22,6,119,0,15936.0
2024-04-28T23:00,23,6,119,0,15503.0
2024-04-29T00:00,0,0,120,0,15937.0
2024-04-29T01:00,1,0,120,0,16912.0
2024-04-29T02:00,2,0,120,0,19433.0
2024-04-29T03:00,3,0,120,0,21303.0
2024-04-29T04:00,4,0,120,0,23058.0
2024-04-29T05:00,5,0,120,0,23752.0
2024-04-29T06:00,6,0,120,0,23243.0
2024-04-29T07:00,7,0,120,0,21828.0
2024-04-29T08:00,8,0,120,0,20578.0
2024-04-29T09:00,9,0,120,0,19891.0
2024-04-29T10:00,10,0,120,0,19243.0
2024-04-29T11:00,11,0,120,0,18769.0
2024-04-29T12:00,12,0,120,0,18735.0
2024-04-29T13:00,13,0,120,0,18927.0
2024-04-29T14:00,14,0,120,0,20365.0
2024-04-29T15:00,15,0,120,0,21605.0
2024-04-29T16:00,16,0,120,0,22594.0
2024-04-29T17:00,17,0,120,0,23171.0
2024-04-29T18:00,18,0,120,0,22198.0
2024-04-29T19:00,19,0,120,0,21651.0
2024-04-29T20:00,20,0,120,0,21259.0
2024-04-29T21:00,21,0,120,0,20621.0
2024-04-29T22:00,22,0,120,0,20379.0
2024-04-29T23:00,23,0,120,0,20096.0
2024-04-30T00:00,0,1,121,0,20375.0
2024-04-30T01:00,1,1,121,0,21329.0
2024-04-30T02:00,2,1,121,0,23080.0
2024-04-30T03:00,3,1,121,0,24356.0
2024-04-30T04:00,4,1,121,0,25639.0
2024-04-30T05:00,5,1,121,0,26135.0
2024-04-30T06:00,6,1,121,0,25470.0
2024-04-30T07:00,7,1,121,0,23669.0
2024-04-30T08:00,8,1,121,0,22338.0
2024-04-30T09:00,9,1,121,0,21400.0
2024-04-30T10:00,10,1,121,0,20630.0
2024-04-30T11:00,11,1,121,0,20131.0
2024-04-30T12:00,12,1,121,0,19575.0
2024-04-30T13:00,13,1,121,0,19915.0
2024-04-30T14:00,14,1,121,0,21151.0
2024-04-30T15:00,15,1,121,0,22497.0
2024-04-30T16:00,16,1,121,0,23582.0
2024-04-30T17:00,17,1,121,0,24185.0
2024-04-30T18:00,18,1,121,0,23419.0
2024-04-30T19:00,19,1,121,0,22424.0
2024-04-30T20:00,20,1,121,0,21785.0
2024-04-30T21:00,21,1,121,0,21599.0
2024-04-30T22:00,22,1,121,0,21533.0
2024-04-30T23:00,23,1,121,0,20993.0
2024-05-01T00:00,0,2,122,0,21521.0
2024-05-01T01:00,1,2,122,0,22169.0
2024-05-01T02:00,2,2,122,0,23974.0
2024-05-01T03:00,3,2,122,0,24456.0
2024-05-01T04:00,4,2,122,0,25727.0
2024-05-01T05:00,5,2,122,0,26307.0
2024-05-01T06:00,6,2,122,0,25564.0
2024-05-01T07:00,7,2,122,0,24035.0
2024-05-01T08:00,8,2,122,0,22738.0
2024-05-01T09:00,9,2,122,0,21925.0
2024-05-01T10:00,10,2,122,0,21106.0
2024-05-01T11:00,11,2,122,0,20711.0
2024-05-01T12:00,12,2,122,0,20409.0
2024-05-01T13:00,13,2,122,0,20711.0
2024-05-01T14:00,14,2,122,0,21817.0
2024-05-01T15:00,15,2,122,0,23294.0
2024-05-01T16:00,16,2,122,0,24272.0
2024-05-01T17:00,17,2,122,0,24313.0
2024-05-01T18:00,18,2,122,0,23264.0
2024-05-01T19:00,19,2,122,0,22655.0
2024-05-01T20:00,20,2,122,0,22169.0
2024-05-01T21:00,21,2,122,0,21814.0
2024-05-01T22:00,22,2,122,0,21841.0
2024-05-01T23:00,23,2,122,0,22061.0
2024-05-02T00:00,0,3,123,0,21642.0
2024-05-02T01:00,1,3,123,0,22632.0
2024-05-02T02:00,2,3,123,0,23885.0
2024-05-02T03:00,3,3,123,0,24618.0
2024-05-02T04:00,4,3,123,0,25842.0
2024-05-02T05:00,5,3,123,0,26546.0
2024-05-02T06:00,6,3,123,0,25885.0
2024-05-02T07:00,7,3,123,0,24251.0
2024-05-02T08:00,8,3,123,0,22911.0
2024-05-02T09:00,9,3,123,0,22325.0
2024-05-02T10:00,10,3,123,0,21120.0
2024-05-02T11:00,11,3,123,0,20467.0
2024-05-02T12:00,12,3,123,0,20242.0
2024-05-02T13:00,13,3,123,0,20524.0
2024-05-02T14:00,14,3,123,0,21694.0
2024-05-02T15:00,15,3,123,0,23253.0
2024-05-02T16:00,16,3,123,0,23790.0
2024-05-02T17:00,17,3,123,0,24338.0
2024-05-02T18:00,18,3,123,0,24491.0
2024-05-02T19:00,19,3,123,0,23680.0
2024-05-02T20:00,20,3,123,0,23450.0
2024-05-02T21:00,21,3,123,0,22399.0
2024-05-02T22:00,22,3,123,0,22837.0
2024-05-02T23:00,23,3,123,0,22521.0
2024-05-03T00:00,0,4,124,0,22778.0
2024-05-03T01:00,1,4,124,0,22620.0
2024-05-03T02:00,2,4,124,0,23985.0
2024-05-03T03:00,3,4,124,0,24794.0
2024-05-03T04:00,4,4,124,0,25761.0
2024-05-03T05:00,5,4,124,0,26112.0
2024-05-03T06:00,6,4,124,0,25653.0
2024-05-03T07:00,7,4,124,0,24226.0
2024-05-03T08:00,8,4,124,0,22896.0
2024-05-03T09:00,9,4,124,0,22267.0
2024-05-03T10:00,10,4,124,0,21574.0
2024-05-03T11:00,11,4,124,0,21068.0
2024-05-03T12:00,12,4,124,0,20778.0
2024-05-03T13:00,13,4,124,0,20912.0
2024-05-03T14:00,14,4,124,0,22068.0
2024-05-03T15:00,15,4,124,0,23137.0
2024-05-03T16:00,16,4,124,0,24237.0
2024-05-03T17:00,17,4,124,0,24720.0
2024-05-03T18:00,18,4,124,0,24548.0
2024-05-03T19:00,19,4,124,0,23957.0
2024-05-03T20:00,20,4,124,0,23185.0
2024-05-03T21:00,21,4,124,0,22938.0
2024-05-03T22:00,22,4,124,0,22793.0
2024-05-03T23:00,23,4,124,0,21488.0
2024-05-04T00:00,0,5,125,0,21270.0
2024-05-04T01:00,1,5,125,0,21969.0
2024-05-04T02:00,2,5,125,0,23190.0
2024-05-04T03:00,3,5,125,0,24107.0
2024-05-04T04:00,4,5,125,0,25260.0
2024-05-04T05:00,5,5,125,0,25920.0
2024-05-04T06:00,6,5,125,0,25285.0
2024-05-04T07:00,7,5,125,0,24015.0
2024-05-04T08:00,8,5,125,0,22751.0
2024-05-04T09:00,9,5,125,0,21922.0
2024-05-04T10:00,10,5,125,0,21070.0
2024-05-04T11:00,11,5,125,0,20396.0
2024-05-04T12:00,12,5,125,0,19882.0
2024-05-04T13:00,13,5,125,0,19762.0
2024-05-04T14:00,14,5,125,0,19889.0
2024-05-04T15:00,15,5,125,0,20363.0
2024-05-04T16:00,16,5,125,0,21962.0
2024-05-04T17:00,17,5,125,0,23136.0
2024-05-04T18:00,18,5,125,0,23476.0
2024-05-04T19:00,19,5,125,0,24108.0
2024-05-04T20:00,20,5,125,0,24503.0
2024-05-04T21:00,21,5,125,0,24783.0
2024-05-04T22:00,22,5,125,0,23141.0
2024-05-04T23:00,23,5,125,0,22028.0
2024-05-05T00:00,0,6,126,0,20770.0
2024-05-05T01:00,1,6,126,0,20790.0
2024-05-05T02:00,2,6,126,0,21023.0
2024-05-05T03:00,3,6,126,0,21547.0
2024-05-05T04:00,4,6,126,0,22636.0
2024-05-05T05:00,5,6,126,0,23455.0
2024-05-05T06:00,6,6,126,0,23135.0
2024-05-05T07:00,7,6,126,0,22326.0
2024-05-05T08:00,8,6,126,0,21392.0
2024-05-05T09:00,9,6,126,0,20705.0
2024-05-05T10:00,10,6,126,0,20425.0
2024-05-05T11:00,11,6,126,0,19952.0
2024-05-05T12:00,12,6,126,0,19741.0
2024-05-05T13:00,13,6,126,0,19729.0
2024-05-05T14:00,14,6,126,0,19803.0
2024-05-05T15:00,15,6,126,0,20408.0
2024-05-05T16:00,16,6,126,0,20098.0
2024-05-05T17:00,17,6,126,0,19452.0
2024-05-05T18:00,18,6,126,0,18118.0
2024-05-05T19:00,19,6,126,0,18227.0
2024-05-05T20:00,20,6,126,0,17617.0
2024-05-05T21:00,21,6,126,0,17247.0
2024-05-05T22:00,22,6,126,0,17074.0
2024-05-05T23:00,23,6,126,0,15746.0
2024-05-06T00:00,0,0,127,0,14794.0
2024-05-06T01:00,1,0,127,0,15556.0
2024-05-06T02:00,2,0,127,0,18110.0
2024-05-06T03:00,3,0,127,0,20328.0
2024-05-06T04:00,4,0,127,0,21986.0
2024-05-06T05:00,5,0,127,0,23318.0
2024-05-06T06:00,6,0,127,0,23126.0
2024-05-06T07:00,7,0,127,0,21950.0
2024-05-06T08:00,8,0,127,0,20714.0
2024-05-06T09:00,9,0,127,0,20389.0
2024-05-06T10:00,10,0,127,0,20098.0
2024-05-06T11:00,11,0,127,0,19746.0
2024-05-06T12:00,12,0,127,0,19301.0
2024-05-06T13:00,13,0,127,0,19535.0
2024-05-06T14:00,14,0,127,0,20746.0
2024-05-06T15:00,15,0,127,0,22249.0
2024-05-06T16:00,16,0,127,0,23395.0
2024-05-06T17:00,17,0,127,0,23478.0
2024-05-06T18:00,18,0,127,0,21686.0
2024-05-06T19:00,19,0,127,0,21370.0
2024-05-06T20:00,20,0,127,0,20621.0
2024-05-06T21:00,21,0,127,0,19851.0
2024-05-06T22:00,22,0,127,0,19175.0
2024-05-06T23:00,23,0,127,0,19106.0
2024-05-07T00:00,0,1,128,0,18721.0
2024-05-07T01:00,1,1,128,0,19236.0
2024-05-07T02:00,2,1,128,0,21151.0
2024-05-07T03:00,3,1,128,0,23029.0
2024-05-07T04:00,4,1,128,0,24713.0
2024-05-07T05:00,5,1,128,0,25513.0
2024-05-07T06:00,6,1,128,0,24995.0
2024-05-07T07:00,7,1,128,0,23507.0
2024-05-07T08:00,8,1,128,0,22002.0
2024-05-07T09:00,9,1,128,0,21440.0
2024-05-07T10:00,10,1,128,0,20644.0
2024-05-07T11:00,11,1,128,0,20244.0
2024-05-07T12:00,12,1,128,0,20333.0
2024-05-07T13:00,13,1,128,0,20391.0
2024-05-07T14:00,14,1,128,0,21187.0
2024-05-07T15:00,15,1,128,0,22608.0
2024-05-07T16:00,16,1,128,0,23856.0
2024-05-07T17:00,17,1,128,0,23805.0
2024-05-07T18:00,18,1,128,0,22812.0
2024-05-07T19:00,19,1,128,0,22111.0
2024-05-07T20:00,20,1,128,0,21702.0
2024-05-07T21:00,21,1,128,0,20519.0
2024-05-07T22:00,22,1,128,0,19322.0
2024-05-07T23:00,23,1,128,0,18906.0
2024-05-08T00:00,0,2,129,0,18990.0
2024-05-08T01:00,1,2,129,0,20050.0
2024-05-08T02:00,2,2,129,0,21818.0
2024-05-08T03:00,3,2,129,0,23810.0
2024-05-08T04:00,4,2,129,0,25474.0
2024-05-08T05:00,5,2,129,0,26030.0
2024-05-08T06:00,6,2,129,0,25463.0
2024-05-08T07:00,7,2,129,0,23883.0
2024-05-08T08:00,8,2,129,0,22445.0
2024-05-08T09:00,9,2,129,0,21757.0
2024-05-08T10:00,10,2,129,0,21071.0
2024-05-08T11:00,11,2,129,0,20456.0
2024-05-08T12:00,12,2,129,0,20017.0
2024-05-08T13:00,13,2,129,0,20241.0
2024-05-08T14:00,14,2,129,0,21133.0
2024-05-08T15:00,15,2,129,0,22486.0
2024-05-08T16:00,16,2,129,0,23378.0
2024-05-08T17:00,17,2,129,0,23883.0
2024-05-08T18:00,18,2,129,0,22762.0
2024-05-08T19:00,19,2,129,0,22337.0
2024-05-08T20:00,20,2,129,0,21629.0
2024-05-08T21:00,21,2,129,0,20830.0
2024-05-08T22:00,22,2,129,0,20252.0
2024-05-08T23:00,23,2,129,0,19414.0
2024-05-09T00:00,0,3,130,0,19420.0
2024-05-09T01:00,1,3,130,0,20717.0
2024-05-09T02:00,2,3,130,0,23234.0
2024-05-09T03:00,3,3,130,0,24598.0
2024-05-09T04:00,4,3,130,0,26050.0
2024-05-09T05:00,5,3,130,0,26738.0
2024-05-09T06:00,6,3,130,0,25969.0
2024-05-09T07:00,7,3,130,0,24365.0
2024-05-09T08:00,8,3,130,0,22691.0
2024-05-09T09:00,9,3,130,0,22025.0
2024-05-09T10:00,10,3,130,0,20918.0
2024-05-09T11:00,11,3,130,0,20509.0
2024-05-09T12:00,12,3,130,0,20355.0
2024-05-09T13:00,13,3,130,0,20497.0
2024-05-09T14:00,14,3,130,0,21395.0
2024-05-09T15:00,15,3,130,0,22609.0
2024-05-09T16:00,16,3,130,0,23785.0
2024-05-09T17:00,17,3,130,0,23890.0
2024-05-09T18:00,18,3,130,0,23886.0
2024-05-09T19:00,19,3,130,0,23745.0
2024-05-09T20:00,20,3,130,0,22531.0
2024-05-09T21:00,21,3,130,0,22229.0
2024-05-09T22:00,22,3,130,0,21582.0
2024-05-09T23:00,23,3,130,0,21644.0
2024-05-10T00:00,0,4,131,0,21636.0
2024-05-10T01:00,1,4,131,0,23095.0
2024-05-10T02:00,2,4,131,0,25104.0
2024-05-10T03:00,3,4,131,0,26024.0
2024-05-10T04:00,4,4,131,0,26998.0
2024-05-10T05:00,5,4,131,0,27354.0
2024-05-10T06:00,6,4,131,0,26541.0
2024-05-10T07:00,7,4,131,0,24898.0
2024-05-10T08:00,8,4,131,0,23339.0
2024-05-10T09:00,9,4,131,0,22337.0
2024-05-10T10:00,10,4,131,0,21323.0
2024-05-10T11:00,11,4,131,0,20753.0
2024-05-10T12:00,12,4,131,0,20346.0
2024-05-10T13:00,13,4,131,0,20683.0
2024-05-10T14:00,14,4,131,0,21607.0
2024-05-10T15:00,15,4,131,0,22672.0
2024-05-10T16:00,16,4,131,0,23497.0
2024-05-10T17:00,17,4,131,0,23751.0
2024-05-10T18:00,18,4,131,0,23517.0
2024-05-10T19:00,19,4,131,0,23391.0
2024-05-10T20:00,20,4,131,0,22874.0
2024-05-10T21:00,21,4,131,0,22498.0
2024-05-10T22:00,22,4,131,0,21720.0
2024-05-10T23:00,23,4,131,0,22051.0
2024-05-11T00:00,0,5,132,0,22839.0
2024-05-11T01:00,1,5,132,0,24123.0
2024-05-11T02:00,2,5,132,0,25238.0
2024-05-11T03:00,3,5,132,0,26533.0
2024-05-11T04:00,4,5,132,0,27411.0
2024-05-11T05:00,5,5,132,0,27254.0
2024-05-11T06:00,6,5,132,0,26606.0
2024-05-11T07:00,7,5,132,0,25126.0
2024-05-11T08:00,8,5,132,0,23713.0
2024-05-11T09:00,9,5,132,0,22696.0
2024-05-11T10:00,10,5,132,0,21552.0
2024-05-11T11:00,11,5,132,0,20612.0
2024-05-11T12:00,12,5,132,0,20180.0
2024-05-11T13:00,13,5,132,0,20197.0
2024-05-11T14:00,14,5,132,0,20180.0
2024-05-11T15:00,15,5,132,0,20371.0
2024-05-11T16:00,16,5,132,0,20984.0
2024-05-11T17:00,17,5,132,0,21595.0
2024-05-11T18:00,18,5,132,0,20283.0
2024-05-11T19:00,19,5,132,0,20278.0
2024-05-11T20:00,20,5,132,0,20239.0
2024-05-11T21:00,21,5,132,0,19623.0
2024-05-11T22:00,22,5,132,0,19539.0
2024-05-11T23:00,23,5,132,0,19446.0
2024-05-12T00:00,0,6,133,0,19921.0
2024-05-12T01:00,1,6,133,0,21732.0
2024-05-12T02:00,2,6,133,0,23496.0
2024-05-12T03:00,3,6,133,0,25131.0
2024-05-12T04:00,4,6,133,0,26272.0
2024-05-12T05:00,5,6,133,0,26323.0
2024-05-12T06:00,6,6,133,0,25650.0
2024-05-12T07:00,7,6,133,0,24272.0
2024-05-12T08:00,8,6,133,0,22795.0
2024-05-12T09:00,9,6,133,0,22003.0
2024-05-12T10:00,10,6,133,0,20932.0
2024-05-12T11:00,11,6,133,0,20174.0
2024-05-12T12:00,12,6,133,0,19788.0
2024-05-12T13:00,13,6,133,0,19475.0
2024-05-12T14:00,14,6,133,0,19577.0
2024-05-12T15:00,15,6,133,0,19344.0
2024-05-12T16:00,16,6,133,0,19982.0
2024-05-12T17:00,17,6,133,0,21168.0
2024-05-12T18:00,18,6,133,0,20877.0
2024-05-12T19:00,19,6,133,0,20328.0
2024-05-12T20:00,20,6,133,0,19525.0
2024-05-12T21:00,21,6,133,0,18878.0
2024-05-12T22:00,22,6,133,0,18376.0
2024-05-12T23:00,23,6,133,0,17698.0
2024-05-13T00:00,0,0,134,0,18535.0
2024-05-13T01:00,1,0,134,0,20435.0
2024-05-13T02:00,2,0,134,0,23051.0
2024-05-13T03:00,3,0,134,0,24773.0
2024-05-13T04:00,4,0,134,0,25977.0
2024-05-13T05:00,5,0,134,0,26310.0
2024-05-13T06:00,6,0,134,0,25639.0
2024-05-13T07:00,7,0,134,0,24065.0
2024-05-13T08:00,8,0,134,0,22388.0
2024-05-13T09:00,9,0,134,0,21521.0
2024-05-13T10:00,10,0,134,0,20684.0
2024-05-13T11:00,11,0,134,0,20148.0
2024-05-13T12:00,12,0,134,0,19911.0
2024-05-13T13:00,13,0,134,0,20296.0
2024-05-13T14:00,14,0,134,0,21139.0
2024-05-13T15:00,15,0,134,0,22535.0
2024-05-13T16:00,16,0,134,0,23872.0
2024-05-13T17:00,17,0,134,0,24545.0
2024-05-13T18:00,18,0,134,0,24493.0
2024-05-13T19:00,19,0,134,0,23976.0
2024-05-13T20:00,20,0,134,0,23117.0
2024-05-13T21:00,21,0,134,0,22621.0
2024-05-13T22:00,22,0,134,0,22005.0
2024-05-13T23:00,23,0,134,0,21986.0
2024-05-14T00:00,0,1,135,0,23120.0
2024-05-14T01:00,1,1,135,0,24063.0
2024-05-14T02:00,2,1,135,0,25169.0
2024-05-14T03:00,3,1,135,0,26462.0
2024-05-14T04:00,4,1,135,0,27521.0
2024-05-14T05:00,5,1,135,0,27952.0
2024-05-14T06:00,6,1,135,0,27072.0
2024-05-14T07:00,7,1,135,0,25306.0
2024-05-14T08:00,8,1,135,0,23743.0
2024-05-14T09:00,9,1,135,0,22579.0
2024-05-14T10:00,10,1,135,0,21546.0
2024-05-14T11:00,11,1,135,0,20924.0
2024-05-14T12:00,12,1,135,0,20780.0
2024-05-14T13:00,13,1,135,0,20805.0
2024-05-14T14:00,14,1,135,0,21816.0
2024-05-14T15:00,15,1,135,0,23144.0
2024-05-14T16:00,16,1,135,0,24505.0
2024-05-14T17:00,17,1,135,0,25443.0
2024-05-14T18:00,18,1,135,0,25216.0
2024-05-14T19:00,19,1,135,0,24253.0
2024-05-14T20:00,20,1,135,0,22675.0
2024-05-14T21:00,21,1,135,0,22640.0
2024-05-14T22:00,22,1,135,0,21838.0
2024-05-14T23:00,23,1,135,0,21980.0
2024-05-15T00:00,0,2,136,0,22858.0
2024-05-15T01:00,1,2,136,0,24615.0
2024-05-15T02:00,2,2,136,0,25754.0
2024-05-15T03:00,3,2,136,0,27400.0
2024-05-15T04:00,4,2,136,0,27959.0
2024-05-15T05:00,5,2,136,0,28174.0
2024-05-15T06:00,6,2,136,0,27379.0
2024-05-15T07:00,7,2,136,0,25522.0
2024-05-15T08:00,8,2,136,0,23838.0
2024-05-15T09:00,9,2,136,0,22947.0
2024-05-15T10:00,10,2,136,0,21948.0
2024-05-15T11:00,11,2,136,0,21390.0
2024-05-15T12:00,12,2,136,0,21217.0
2024-05-15T13:00,13,2,136,0,21281.0
2024-05-15T14:00,14,2,136,0,22147.0
2024-05-15T15:00,15,2,136,0,23414.0
2024-05-15T16:00,16,2,136,0,24573.0
2024-05-15T17:00,17,2,136,0,25332.0
2024-05-15T18:00,18,2,136,0,25422.0
2024-05-15T19:00,19,2,136,0,25786.0
2024-05-15T20:00,20,2,136,0,24844.0
2024-05-15T21:00,21,2,136,0,24130.0
2024-05-15T22:00,22,2,136,0,24427.0
2024-05-15T23:00,23,2,136,0,24717.0
2024-05-16T00:00,0,3,137,0,24820.0
2024-05-16T01:00,1,3,137,0,25648.0
2024-05-16T02:00,2,3,137,0,27118.0
2024-05-16T03:00,3,3,137,0,27568.0
2024-05-16T04:00,4,3,137,0,28282.0
2024-05-16T05:00,5,3,137,0,28433.0
2024-05-16T06:00,6,3,137,0,27673.0
2024-05-16T07:00,7,3,137,0,25921.0
2024-05-16T08:00,8,3,137,0,24324.0
2024-05-16T09:00,9,3,137,0,23266.0
2024-05-16T10:00,10,3,137,0,22177.0
2024-05-16T11:00,11,3,137,0,21680.0
2024-05-16T12:00,12,3,137,0,21343.0
2024-05-16T13:00,13,3,137,0,21404.0
2024-05-16T14:00,14,3,137,0,22348.0
2024-05-16T15:00,15,3,137,0,23833.0
2024-05-16T16:00,16,3,137,0,24900.0
2024-05-16T17:00,17,3,137,0,26162.0
2024-05-16T18:00,18,3,137,0,26282.0
2024-05-16T19:00,19,3,137,0,26577.0
2024-05-16T20:00,20,3,137,0,26127.0
2024-05-16T21:00,21,3,137,0,25785.0
2024-05-16T22:00,22,3,137,0,25570.0
2024-05-16T23:00,23,3,137,0,25079.0
2024-05-17T00:00,0,4,138,0,24916.0
2024-05-17T01:00,1,4,138,0,24868.0
2024-05-17T02:00,2,4,138,0,25918.0
2024-05-17T03:00,3,4,138,0,26583.0
2024-05-17T04:00,4,4,138,0,27647.0
2024-05-17T05:00,5,4,138,0,28173.0
2024-05-17T06:00,6,4,138,0,27240.0
2024-05-17T07:00,7,4,138,0,25496.0
2024-05-17T08:00,8,4,138,0,23937.0
2024-05-17T09:00,9,4,138,0,22875.0
2024-05-17T10:00,10,4,138,0,22063.0
2024-05-17T11:00,11,4,138,0,21508.0
2024-05-17T12:00,12,4,138,0,21560.0
2024-05-17T13:00,13,4,138,0,21659.0
2024-05-17T14:00,14,4,138,0,22625.0
2024-05-17T15:00,15,4,138,0,23812.0
2024-05-17T16:00,16,4,138,0,26014.0
2024-05-17T17:00,17,4,138,0,26835.0
2024-05-17T18:00,18,4,138,0,26744.0
2024-05-17T19:00,19,4,138,0,26442.0
2024-05-17T20:00,20,4,138,0,26903.0
2024-05-17T21:00,21,4,138,0,25189.0
2024-05-17T22:00,22,4,138,0,24319.0
2024-05-17T23:00,23,4,138,0,23097.0
2024-05-18T00:00,0,5,139,0,22941.0
2024-05-18T01:00,1,5,139,0,23161.0
2024-05-18T02:00,2,5,139,0,24686.0
2024-05-18T03:00,3,5,139,0,26116.0
2024-05-18T04:00,4,5,139,0,27060.0
2024-05-18T05:00,5,5,139,0,27602.0
2024-05-18T06:00,6,5,139,0,27111.0
2024-05-18T07:00,7,5,139,0,25675.0
2024-05-18T08:00,8,5,139,0,23928.0
2024-05-18T09:00,9,5,139,0,23181.0
2024-05-18T10:00,10,5,139,0,22533.0
2024-05-18T11:00,11,5,139,0,21782.0
2024-05-18T12:00,12,5,139,0,21430.0
2024-05-18T13:00,13,5,139,0,21168.0
2024-05-18T14:00,14,5,139,0,21214.0
2024-05-18T15:00,15,5,139,0,21177.0
2024-05-18T16:00,16,5,139,0,21947.0
2024-05-18T17:00,17,5,139,0,21500.0
2024-05-18T18:00,18,5,139,0,21581.0
2024-05-18T19:00,19,5,139,0,21155.0
2024-05-18T20:00,20,5,139,0,21029.0
2024-05-18T21:00,21,5,139,0,20487.0
2024-05-18T22:00,22,5,139,0,20078.0
2024-05-18T23:00,23,5,139,0,19083.0
2024-05-19T00:00,0,6,140,0,18997.0
2024-05-19T01:00,1,6,140,0,20101.0
2024-05-19T02:00,2,6,140,0,22390.0
2024-05-19T03:00,3,6,140,0,24454.0
2024-05-19T04:00,4,6,140,0,25123.0
2024-05-19T05:00,5,6,140,0,25648.0
2024-05-19T06:00,6,6,140,0,25163.0
2024-05-19T07:00,7,6,140,0,23953.0
2024-05-19T08:00,8,6,140,0,22572.0
2024-05-19T09:00,9,6,140,0,22336.0
2024-05-19T10:00,10,6,140,0,21508.0
2024-05-19T11:00,11,6,140,0,20721.0
2024-05-19T12:00,12,6,140,0,20397.0
2024-05-19T13:00,13,6,140,0,20097.0
2024-05-19T14:00,14,6,140,0,20139.0
2024-05-19T15:00,15,6,140,0,20136.0
2024-05-19T16:00,16,6,140,0,20561.0
2024-05-19T17:00,17,6,140,0,21300.0
2024-05-19T18:00,18,6,140,0,19757.0
2024-05-19T19:00,19,6,140,0,18724.0
2024-05-19T20:00,20,6,140,0,18359.0
2024-05-19T21:00,21,6,140,0,18001.0
2024-05-19T22:00,22,6,140,0,17642.0
2024-05-19T23:00,23,6,140,0,17336.0
2024-05-20T00:00,0,0,141,0,17828.0
2024-05-20T01:00,1,0,141,0,19357.0
2024-05-20T02:00,2,0,141,0,21504.0
2024-05-20T03:00,3,0,141,0,23764.0
2024-05-20T04:00,4,0,141,0,25173.0
2024-05-20T05:00,5,0,141,0,25898.0
2024-05-20T06:00,6,0,141,0,25427.0
2024-05-20T07:00,7,0,141,0,24030.0
2024-05-20T08:00,8,0,141,0,22450.0
2024-05-20T09:00,9,0,141,0,21600.0
2024-05-20T10:00,10,0,141,0,20804.0
2024-05-20T11:00,11,0,141,0,20454.0
2024-05-20T12:00,12,0,141,0,20215.0
2024-05-20T13:00,13,0,141,0,20400.0
2024-05-20T14:00,14,0,141,0,21539.0
2024-05-20T15:00,15,0,141,0,22822.0
2024-05-20T16:00,16,0,141,0,23550.0
2024-05-20T17:00,17,0,141,0,23740.0
2024-05-20T18:00,18,0,141,0,22896.0
2024-05-20T19:00,19,0,141,0,21952.0
2024-05-20T20:00,20,0,141,0,22269.0
2024-05-20T21:00,21,0,141,0,22211.0
2024-05-20T22:00,22,0,141,0,22667.0
2024-05-20T23:00,23,0,141,0,22823.0
2024-05-21T00:00,0,1,142,0,22768.0
2024-05-21T01:00,1,1,142,0,23575.0
2024-05-21T02:00,2,1,142,0,24053.0
2024-05-21T03:00,3,1,142,0,25047.0
2024-05-21T04:00,4,1,142,0,26378.0
2024-05-21T05:00,5,1,142,0,27043.0
2024-05-21T06:00,6,1,142,0,26432.0
2024-05-21T07:00,7,1,142,0,24834.0
2024-05-21T08:00,8,1,142,0,23189.0
2024-05-21T09:00,9,1,142,0,22473.0
2024-05-21T10:00,10,1,142,0,21545.0
2024-05-21T11:00,11,1,142,0,21050.0
2024-05-21T12:00,12,1,142,0,21015.0
2024-05-21T13:00,13,1,142,0,21134.0
2024-05-21T14:00,14,1,142,0,21970.0
2024-05-21T15:00,15,1,142,0,22941.0
2024-05-21T16:00,16,1,142,0,23496.0
2024-05-21T17:00,17,1,142,0,24285.0
2024-05-21T18:00,18,1,142,0,23977.0
2024-05-21T19:00,19,1,142,0,23519.0
2024-05-21T20:00,20,1,142,0,23411.0
2024-05-21T21:00,21,1,142,0,22332.0
2024-05-21T22:00,22,1,142,0,22260.0
2024-05-21T23:00,23,1,142,0,21910.0
2024-05-22T00:00,0,2,143,0,22216.0
2024-05-22T01:00,1,2,143,0,23224.0
2024-05-22T02:00,2,2,143,0,24794.0
2024-05-22T03:00,3,2,143,0,26154.0
2024-05-22T04:00,4,2,143,0,27372.0
2024-05-22T05:00,5,2,143,0,27878.0
2024-05-22T06:00,6,2,143,0,27093.0
2024-05-22T07:00,7,2,143,0,25293.0
2024-05-22T08:00,8,2,143,0,23440.0
2024-05-22T09:00,9,2,143,0,22630.0
2024-05-22T10:00,10,2,143,0,21897.0
2024-05-22T11:00,11,2,143,0,21712.0
2024-05-22T12:00,12,2,143,0,21743.0
2024-05-22T13:00,13,2,143,0,21845.0
2024-05-22T14:00,14,2,143,0,22153.0
2024-05-22T15:00,15,2,143,0,23027.0
2024-05-22T16:00,16,2,143,0,24423.0
2024-05-22T17:00,17,2,143,0,24722.0
2024-05-22T18:00,18,2,143,0,24790.0
2024-05-22T19:00,19,2,143,0,24065.0
2024-05-22T20:00,20,2,143,0,23089.0
2024-05-22T21:00,21,2,143,0,22838.0
2024-05-22T22:00,22,2,143,0,23187.0
2024-05-22T23:00,23,2,143,0,23011.0
2024-05-23T00:00,0,3,144,0,23699.0
2024-05-23T01:00,1,3,144,0,24486.0
2024-05-23T02:00,2,3,144,0,25425.0
2024-05-23T03:00,3,3,144,0,26674.0
2024-05-23T04:00,4,3,144,0,27710.0
2024-05-23T05:00,5,3,144,0,27837.0
2024-05-23T06:00,6,3,144,0,27181.0
2024-05-23T07:00,7,3,144,0,25435.0
2024-05-23T08:00,8,3,144,0,23708.0
2024-05-23T09:00,9,3,144,0,22834.0
2024-05-23T10:00,10,3,144,0,22100.0
2024-05-23T11:00,11,3,144,0,21416.0
2024-05-23T12:00,12,3,144,0,21055.0
2024-05-23T13:00,13,3,144,0,21119.0
2024-05-23T14:00,14,3,144,0,22211.0
2024-05-23T15:00,15,3,144,0,23051.0
2024-05-23T16:00,16,3,144,0,25330.0
2024-05-23T17:00,17,3,144,0,25867.0
2024-05-23T18:00,18,3,144,0,25031.0
2024-05-23T19:00,19,3,144,0,24696.0
2024-05-23T20:00,20,3,144,0,24069.0
2024-05-23T21:00,21,3,144,0,23131.0
2024-05-23T22:00,22,3,144,0,22773.0
2024-05-23T23:00,23,3,144,0,22387.0
2024-05-24T00:00,0,4,145,0,22462.0
2024-05-24T01:00,1,4,145,0,22985.0
2024-05-24T02:00,2,4,145,0,23946.0
2024-05-24T03:00,3,4,145,0,25679.0
2024-05-24T04:00,4,4,145,0,26605.0
2024-05-24T05:00,5,4,145,0,27265.0
2024-05-24T06:00,6,4,145,0,26763.0
2024-05-24T07:00,7,4,145,0,25318.0
2024-05-24T08:00,8,4,145,0,23588.0
2024-05-24T09:00,9,4,145,0,22768.0
2024-05-24T10:00,10,4,145,0,21907.0
2024-05-24T11:00,11,4,145,0,21195.0
2024-05-24T12:00,12,4,145,0,20874.0
2024-05-24T13:00,13,4,145,0,20951.0
2024-05-24T14:00,14,4,145,0,21802.0
2024-05-24T15:00,15,4,145,0,22780.0
2024-05-24T16:00,16,4,145,0,23584.0
2024-05-24T17:00,17,4,145,0,24333.0
2024-05-24T18:00,18,4,145,0,23543.0
2024-05-24T19:00,19,4,145,0,23119.0
2024-05-24T20:00,20,4,145,0,22943.0
2024-05-24T21:00,21,4,145,0,22737.0
2024-05-24T22:00,22,4,145,0,23203.0
2024-05-24T23:00,23,4,145,0,22977.0
2024-05-25T00:00,0,5,146,0,22205.0
2024-05-25T01:00,1,5,146,0,22621.0
2024-05-25T02:00,2,5,146,0,22921.0
2024-05-25T03:00,3,5,146,0,24111.0
2024-05-25T04:00,4,5,146,0,25273.0
2024-05-25T05:00,5,5,146,0,25788.0
2024-05-25T06:00,6,5,146,0,25522.0
2024-05-25T07:00,7,5,146,0,24390.0
2024-05-25T08:00,8,5,146,0,23205.0
2024-05-25T09:00,9,5,146,0,22329.0
2024-05-25T10:00,10,5,146,0,21442.0
2024-05-25T11:00,11,5,146,0,20714.0
2024-05-25T12:00,12,5,146,0,20444.0
2024-05-25T13:00,13,5,146,0,20301.0
2024-05-25T14:00,14,5,146,0,20507.0
2024-05-25T15:00,15,5,146,0,20152.0
2024-05-25T16:00,16,5,146,0,20708.0
2024-05-25T17:00,17,5,146,0,21410.0
2024-05-25T18:00,18,5,146,0,21301.0
2024-05-25T19:00,19,5,146,0,20425.0
2024-05-25T20:00,20,5,146,0,19999.0
2024-05-25T21:00,21,5,146,0,19555.0
2024-05-25T22:00,22,5,146,0,19343.0
2024-05-25T23:00,23,5,146,0,18835.0
2024-05-26T00:00,0,6,147,0,18455.0
2024-05-26T01:00,1,6,147,0,18720.0
2024-05-26T02:00,2,6,147,0,19964.0
2024-05-26T03:00,3,6,147,0,21590.0
2024-05-26T04:00,4,6,147,0,23162.0
2024-05-26T05:00,5,6,147,0,24187.0
2024-05-26T06:00,6,6,147,0,24109.0
2024-05-26T07:00,7,6,147,0,23184.0
2024-05-26T08:00,8,6,147,0,21827.0
2024-05-26T09:00,9,6,147,0,21540.0
2024-05-26T10:00,10,6,147,0,20867.0
2024-05-26T11:00,11,6,147,0,20207.0
2024-05-26T12:00,12,6,147,0,19581.0
2024-05-26T13:00,13,6,147,0,19305.0
2024-05-26T14:00,14,6,147,0,19261.0
2024-05-26T15:00,15,6,147,0,19254.0
2024-05-26T16:00,16,6,147,0,20004.0
2024-05-26T17:00,17,6,147,0,20467.0
2024-05-26T18:00,18,6,147,0,19494.0
2024-05-26T19:00,19,6,147,0,18673.0
2024-05-26T20:00,20,6,147,0,18184.0
2024-05-26T21:00,21,6,147,0,17231.0
2024-05-26T22:00,22,6,147,0,16785.0
2024-05-26T23:00,23,6,147,0,16549.0
2024-05-27T00:00,0,0,148,1,16801.0
2024-05-27T01:00,1,0,148,1,18124.0
2024-05-27T02:00,2,0,148,1,20213.0
2024-05-27T03:00,3,0,148,1,22254.0
2024-05-27T04:00,4,0,148,1,23839.0
2024-05-27T05:00,5,0,148,1,24646.0
2024-05-27T06:00,6,0,148,1,24398.0
2024-05-27T07:00,7,0,148,1,23279.0
2024-05-27T08:00,8,0,148,1,21960.0
2024-05-27T09:00,9,0,148,1,21131.0
2024-05-27T10:00,10,0,148,1,20159.0
2024-05-27T11:00,11,0,148,1,19504.0
2024-05-27T12:00,12,0,148,1,19088.0
2024-05-27T13:00,13,0,148,1,19124.0
2024-05-27T14:00,14,0,148,1,19491.0
2024-05-27T15:00,15,0,148,1,19284.0
2024-05-27T16:00,16,0,148,1,19752.0
2024-05-27T17:00,17,0,148,1,20147.0
2024-05-27T18:00,18,0,148,1,19528.0
2024-05-27T19:00,19,0,148,1,19500.0
2024-05-27T20:00,20,0,148,1,19199.0
2024-05-27T21:00,21,0,148,1,18586.0
2024-05-27T22:00,22,0,148,1,18644.0
2024-05-27T23:00,23,0,148,1,19246.0
2024-05-28T00:00,0,1,149,0,19855.0
2024-05-28T01:00,1,1,149,0,21191.0
2024-05-28T02:00,2,1,149,0,23287.0
2024-05-28T03:00,3,1,149,0,24862.0
2024-05-28T04:00,4,1,149,0,26351.0
2024-05-28T05:00,5,1,149,0,26793.0
2024-05-28T06:00,6,1,149,0,26322.0
2024-05-28T07:00,7,1,149,0,24662.0
2024-05-28T08:00,8,1,149,0,23083.0
2024-05-28T09:00,9,1,149,0,22156.0
2024-05-28T10:00,10,1,149,0,21054.0
2024-05-28T11:00,11,1,149,0,20367.0
2024-05-28T12:00,12,1,149,0,20195.0
2024-05-28T13:00,13,1,149,0,20388.0
2024-05-28T14:00,14,1,149,0,21077.0
2024-05-28T15:00,15,1,149,0,21935.0
2024-05-28T16:00,16,1,149,0,23324.0
2024-05-28T17:00,17,1,149,0,24009.0
2024-05-28T18:00,18,1,149,0,22961.0
2024-05-28T19:00,19,1,149,0,22235.0
2024-05-28T20:00,20,1,149,0,22474.0
2024-05-28T21:00,21,1,149,0,22346.0
2024-05-28T22:00,22,1,149,0,21968.0
2024-05-28T23:00,23,1,149,0,22428.0
2024-05-29T00:00,0,2,150,0,23177.0
2024-05-29T01:00,1,2,150,0,24161.0
2024-05-29T02:00,2,2,150,0,25824.0
2024-05-29T03:00,3,2,150,0,27273.0
2024-05-29T04:00,4,2,150,0,28313.0
2024-05-29T05:00,5,2,150,0,28738.0
2024-05-29T06:00,6,2,150,0,28235.0
2024-05-29T07:00,7,2,150,0,26476.0
2024-05-29T08:00,8,2,150,0,24637.0
2024-05-29T09:00,9,2,150,0,23640.0
2024-05-29T10:00,10,2,150,0,22521.0
2024-05-29T11:00,11,2,150,0,22019.0
2024-05-29T12:00,12,2,150,0,21622.0
2024-05-29T13:00,13,2,150,0,21598.0
2024-05-29T14:00,14,2,150,0,22608.0
2024-05-29T15:00,15,2,150,0,23610.0
2024-05-29T16:00,16,2,150,0,24888.0
2024-05-29T17:00,17,2,150,0,25715.0
2024-05-29T18:00,18,2,150,0,24598.0
2024-05-29T19:00,19,2,150,0,23819.0
2024-05-29T20:00,20,2,150,0,23631.0
2024-05-29T21:00,21,2,150,0,22960.0
2024-05-29T22:00,22,2,150,0,23193.0
2024-05-29T23:00,23,2,150,0,23500.0
2024-05-30T00:00,0,3,151,0,23762.0
2024-05-30T01:00,1,3,151,0,24954.0
2024-05-30T02:00,2,3,151,0,26292.0
2024-05-30T03:00,3,3,151,0,27701.0
2024-05-30T04:00,4,3,151,0,28453.0
2024-05-30T05:00,5,3,151,0,28766.0
2024-05-30T06:00,6,3,151,0,28200.0
2024-05-30T07:00,7,3,151,0,26478.0
2024-05-30T08:00,8,3,151,0,24723.0
2024-05-30T09:00,9,3,151,0,23735.0
2024-05-30T10:00,10,3,151,0,22734.0
2024-05-30T11:00,11,3,151,0,21931.0
2024-05-30T12:00,12,3,151,0,21476.0
2024-05-30T13:00,13,3,151,0,21723.0
2024-05-30T14:00,14,3,151,0,22381.0
2024-05-30T15:00,15,3,151,0,23240.0
2024-05-30T16:00,16,3,151,0,24021.0
2024-05-30T17:00,17,3,151,0,24952.0
2024-05-30T18:00,18,3,151,0,24253.0
2024-05-30T19:00,19,3,151,0,24068.0
2024-05-30T20:00,20,3,151,0,23482.0
2024-05-30T21:00,21,3,151,0,23249.0
2024-05-30T22:00,22,3,151,0,22916.0
2024-05-30T23:00,23,3,151,0,23733.0
2024-05-31T00:00,0,4,152,0,25482.0
2024-05-31T01:00,1,4,152,0,26955.0
2024-05-31T02:00,2,4,152,0,28408.0
2024-05-31T03:00,3,4,152,0,29579.0
2024-05-31T04:00,4,4,152,0,30191.0
2024-05-31T05:00,5,4,152,0,30332.0
2024-05-31T06:00,6,4,152,0,29516.0
2024-05-31T07:00,7,4,152,0,27541.0
2024-05-31T08:00,8,4,152,0,25758.0
2024-05-31T09:00,9,4,152,0,24589.0
2024-05-31T10:00,10,4,152,0,23317.0
2024-05-31T11:00,11,4,152,0,22414.0
2024-05-31T12:00,12,4,152,0,21978.0
2024-05-31T13:00,13,4,152,0,22015.0
2024-05-31T14:00,14,4,152,0,22625.0
2024-05-31T15:00,15,4,152,0,23696.0
2024-05-31T16:00,16,4,152,0,25118.0
2024-05-31T17:00,17,4,152,0,25683.0
2024-05-31T18:00,18,4,152,0,25308.0
2024-05-31T19:00,19,4,152,0,24678.0
2024-05-31T20:00,20,4,152,0,24116.0
2024-05-31T21:00,21,4,152,0,23461.0
2024-05-31T22:00,22,4,152,0,24600.0
2024-05-31T23:00,23,4,152,0,25270.0
2024-06-01T00:00,0,5,153,0,26474.0
2024-06-01T01:00,1,5,153,0,27749.0
2024-06-01T02:00,2,5,153,0,28771.0
2024-06-01T03:00,3,5,153,0,29429.0
2024-06-01T04:00,4,5,153,0,29783.0
2024-06-01T05:00,5,5,153,0,29595.0
2024-06-01T06:00,6,5,153,0,28851.0
2024-06-01T07:00,7,5,153,0,27100.0
2024-06-01T08:00,8,5,153,0,25316.0
2024-06-01T09:00,9,5,153,0,24152.0
2024-06-01T10:00,10,5,153,0,23340.0
2024-06-01T11:00,11,5,153,0,22496.0
2024-06-01T12:00,12,5,153,0,21792.0
2024-06-01T13:00,13,5,153,0,21630.0
2024-06-01T14:00,14,5,153,0,21798.0
2024-06-01T15:00,15,5,153,0,21452.0
2024-06-01T16:00,16,5,153,0,23268.0
2024-06-01T17:00,17,5,153,0,23790.0
2024-06-01T18:00,18,5,153,0,23160.0
2024-06-01T19:00,19,5,153,0,22937.0
2024-06-01T20:00,20,5,153,0,22208.0
2024-06-01T21:00,21,5,153,0,21401.0
2024-06-01T22:00,22,5,153,0,21041.0
2024-06-01T23:00,23,5,153,0,20925.0
2024-06-02T00:00,0,6,154,0,21549.0
2024-06-02T01:00,1,6,154,0,22738.0
2024-06-02T02:00,2,6,154,0,23956.0
2024-06-02T03:00,3,6,154,0,25549.0
2024-06-02T04:00,4,6,154,0,26532.0
2024-06-02T05:00,5,6,154,0,27010.0
2024-06-02T06:00,6,6,154,0,26395.0
2024-06-02T07:00,7,6,154,0,25448.0
2024-06-02T08:00,8,6,154,0,24013.0
2024-06-02T09:00,9,6,154,0,22587.0
2024-06-02T10:00,10,6,154,0,21554.0
2024-06-02T11:00,11,6,154,0,20820.0
2024-06-02T12:00,12,6,154,0,20761.0
2024-06-02T13:00,13,6,154,0,20593.0
2024-06-02T14:00,14,6,154,0,20922.0
2024-06-02T15:00,15,6,154,0,20707.0
2024-06-02T16:00,16,6,154,0,21054.0
2024-06-02T17:00,17,6,154,0,21598.0
2024-06-02T18:00,18,6,154,0,21592.0
2024-06-02T19:00,19,6,154,0,20735.0
2024-06-02T20:00,20,6,154,0,20322.0
2024-06-02T21:00,21,6,154,0,20040.0
2024-06-02T22:00,22,6,154,0,20454.0
2024-06-02T23:00,23,6,154,0,20124.0
2024-06-03T00:00,0,0,155,0,19895.0
2024-06-03T01:00,1,0,155,0,20408.0
2024-06-03T02:00,2,0,155,0,22289.0
2024-06-03T03:00,3,0,155,0,24595.0
2024-06-03T04:00,4,0,155,0,25975.0
2024-06-03T05:00,5,0,155,0,26660.0
2024-06-03T06:00,6,0,155,0,26505.0
2024-06-03T07:00,7,0,155,0,24852.0
2024-06-03T08:00,8,0,155,0,23301.0
2024-06-03T09:00,9,0,155,0,22308.0
2024-06-03T10:00,10,0,155,0,21350.0
2024-06-03T11:00,11,0,155,0,20755.0
2024-06-03T12:00,12,0,155,0,20682.0
2024-06-03T13:00,13,0,155,0,21008.0
2024-06-03T14:00,14,0,155,0,21943.0
2024-06-03T15:00,15,0,155,0,23408.0
2024-06-03T16:00,16,0,155,0,25357.0
2024-06-03T17:00,17,0,155,0,25753.0
2024-06-03T18:00,18,0,155,0,25691.0
2024-06-03T19:00,19,0,155,0,25577.0
2024-06-03T20:00,20,0,155,0,24965.0
2024-06-03T21:00,21,0,155,0,24809.0
2024-06-03T22:00,22,0,155,0,24641.0
2024-06-03T23:00,23,0,155,0,24296.0
2024-06-04T00:00,0,1,156,0,24462.0
2024-06-04T01:00,1,1,156,0,25377.0
2024-06-04T02:00,2,1,156,0,26531.0
2024-06-04T03:00,3,1,156,0,27217.0
2024-06-04T04:00,4,1,156,0,27779.0
2024-06-04T05:00,5,1,156,0,28309.0
2024-06-04T06:00,6,1,156,0,27812.0
2024-06-04T07:00,7,1,156,0,26089.0
2024-06-04T08:00,8,1,156,0,24397.0
2024-06-04T09:00,9,1,156,0,23827.0
2024-06-04T10:00,10,1,156,0,22982.0
2024-06-04T11:00,11,1,156,0,22426.0
2024-06-04T12:00,12,1,156,0,22054.0
2024-06-04T13:00,13,1,156,0,22218.0
2024-06-04T14:00,14,1,156,0,22670.0
2024-06-04T15:00,15,1,156,0,23895.0
2024-06-04T16:00,16,1,156,0,25131.0
2024-06-04T17:00,17,1,156,0,26533.0
2024-06-04T18:00,18,1,156,0,26438.0
2024-06-04T19:00,19,1,156,0,26896.0
2024-06-04T20:00,20,1,156,0,26401.0
2024-06-04T21:00,21,1,156,0,26047.0
2024-06-04T22:00,22,1,156,0,25376.0
2024-06-04T23:00,23,1,156,0,25638.0
2024-06-05T00:00,0,2,157,0,27252.0
2024-06-05T01:00,1,2,157,0,28602.0
2024-06-05T02:00,2,2,157,0,30456.0
2024-06-05T03:00,3,2,157,0,31941.0
2024-06-05T04:00,4,2,157,0,32648.0
2024-06-05T05:00,5,2,157,0,32621.0
2024-06-05T06:00,6,2,157,0,31736.0
2024-06-05T07:00,7,2,157,0,29492.0
2024-06-05T08:00,8,2,157,0,27296.0
2024-06-05T09:00,9,2,157,0,25859.0
2024-06-05T10:00,10,2,157,0,24511.0
2024-06-05T11:00,11,2,157,0,23540.0
2024-06-05T12:00,12,2,157,0,23095.0
2024-06-05T13:00,13,2,157,0,22932.0
2024-06-05T14:00,14,2,157,0,23713.0
2024-06-05T15:00,15,2,157,0,25192.0
2024-06-05T16:00,16,2,157,0,27221.0
2024-06-05T17:00,17,2,157,0,29160.0
2024-06-05T18:00,18,2,157,0,29075.0
2024-06-05T19:00,19,2,157,0,29100.0
2024-06-05T20:00,20,2,157,0,29198.0
2024-06-05T21:00,21,2,157,0,30013.0
2024-06-05T22:00,22,2,157,0,29849.0
2024-06-05T23:00,23,2,157,0,30456.0
2024-06-06T00:00,0,3,158,0,31929.0
2024-06-06T01:00,1,3,158,0,32950.0
2024-06-06T02:00,2,3,158,0,34769.0
2024-06-06T03:00,3,3,158,0,35698.0
2024-06-06T04:00,4,3,158,0,35522.0
2024-06-06T05:00,5,3,158,0,34904.0
2024-06-06T06:00,6,3,158,0,33718.0
2024-06-06T07:00,7,3,158,0,31240.0
2024-06-06T08:00,8,3,158,0,29103.0
2024-06-06T09:00,9,3,158,0,27213.0
2024-06-06T10:00,10,3,158,0,25429.0
2024-06-06T11:00,11,3,158,0,24559.0
2024-06-06T12:00,12,3,158,0,23860.0
2024-06-06T13:00,13,3,158,0,23618.0
2024-06-06T14:00,14,3,158,0,24057.0
2024-06-06T15:00,15,3,158,0,25030.0
2024-06-06T16:00,16,3,158,0,26662.0
2024-06-06T17:00,17,3,158,0,28395.0
2024-06-06T18:00,18,3,158,0,28362.0
2024-06-06T19:00,19,3,158,0,28332.0
2024-06-06T20:00,20,3,158,0,28478.0
2024-06-06T21:00,21,3,158,0,29008.0
2024-06-06T22:00,22,3,158,0,28892.0
2024-06-06T23:00,23,3,158,0,30338.0
2024-06-07T00:00,0,4,159,0,31123.0
2024-06-07T01:00,1,4,159,0,32777.0
2024-06-07T02:00,2,4,159,0,34171.0
2024-06-07T03:00,3,4,159,0,34457.0
2024-06-07T04:00,4,4,159,0,34440.0
2024-06-07T05:00,5,4,159,0,33750.0
2024-06-07T06:00,6,4,159,0,32709.0
2024-06-07T07:00,7,4,159,0,30492.0
2024-06-07T08:00,8,4,159,0,28423.0
2024-06-07T09:00,9,4,159,0,26911.0
2024-06-07T10:00,10,4,159,0,25227.0
2024-06-07T11:00,11,4,159,0,23760.0
2024-06-07T12:00,12,4,159,0,23318.0
2024-06-07T13:00,13,4,159,0,23222.0
2024-06-07T14:00,14,4,159,0,23730.0
2024-06-07T15:00,15,4,159,0,24818.0
2024-06-07T16:00,16,4,159,0,26695.0
2024-06-07T17:00,17,4,159,0,28392.0
2024-06-07T18:00,18,4,159,0,28723.0
2024-06-07T19:00,19,4,159,0,28348.0
2024-06-07T20:00,20,4,159,0,28125.0
2024-06-07T21:00,21,4,159,0,28009.0
2024-06-07T22:00,22,4,159,0,27415.0
2024-06-07T23:00,23,4,159,0,28082.0
2024-06-08T00:00,0,5,160,0,28569.0
2024-06-08T01:00,1,5,160,0,28676.0
2024-06-08T02:00,2,5,160,0,29995.0
2024-06-08T03:00,3,5,160,0,30803.0
2024-06-08T04:00,4,5,160,0,30926.0
2024-06-08T05:00,5,5,160,0,30513.0
2024-06-08T06:00,6,5,160,0,29783.0
2024-06-08T07:00,7,5,160,0,28071.0
2024-06-08T08:00,8,5,160,0,26371.0
2024-06-08T09:00,9,5,160,0,24894.0
2024-06-08T10:00,10,5,160,0,23630.0
2024-06-08T11:00,11,5,160,0,22652.0
2024-06-08T12:00,12,5,160,0,22122.0
2024-06-08T13:00,13,5,160,0,21900.0
2024-06-08T14:00,14,5,160,0,21769.0
2024-06-08T15:00,15,5,160,0,21863.0
2024-06-08T16:00,16,5,160,0,23136.0
2024-06-08T17:00,17,5,160,0,23794.0
2024-06-08T18:00,18,5,160,0,23691.0
2024-06-08T19:00,19,5,160,0,22918.0
2024-06-08T20:00,20,5,160,0,22731.0
2024-06-08T21:00,21,5,160,0,22208.0
2024-06-08T22:00,22,5,160,0,21884.0
2024-06-08T23:00,23,5,160,0,22056.0
2024-06-09T00:00,0,6,161,0,22676.0
2024-06-09T01:00,1,6,161,0,23706.0
2024-06-09T02:00,2,6,161,0,25325.0
2024-06-09T03:00,3,6,161,0,26772.0
2024-06-09T04:00,4,6,161,0,27545.0
2024-06-09T05:00,5,6,161,0,27710.0
2024-06-09T06:00,6,6,161,0,27222.0
2024-06-09T07:00,7,6,161,0,25888.0
2024-06-09T08:00,8,6,161,0,24320.0
2024-06-09T09:00,9,6,161,0,23172.0
2024-06-09T10:00,10,6,161,0,22130.0
2024-06-09T11:00,11,6,161,0,21399.0
2024-06-09T12:00,12,6,161,0,20841.0
2024-06-09T13:00,13,6,161,0,20355.0
2024-06-09T14:00,14,6,161,0,20195.0
2024-06-09T15:00,15,6,161,0,20151.0
2024-06-09T16:00,16,6,161,0,21080.0
2024-06-09T17:00,17,6,161,0,22632.0
2024-06-09T18:00,18,6,161,0,22112.0
2024-06-09T19:00,19,6,161,0,21514.0
2024-06-09T20:00,20,6,161,0,21353.0
2024-06-09T21:00,21,6,161,0,20709.0
2024-06-09T22:00,22,6,161,0,20143.0
2024-06-09T23:00,23,6,161,0,19930.0
2024-06-10T00:00,0,0,162,0,20757.0
2024-06-10T01:00,1,0,162,0,22189.0
2024-06-10T02:00,2,0,162,0,24454.0
2024-06-10T03:00,3,0,162,0,26394.0
2024-06-10T04:00,4,0,162,0,27293.0
2024-06-10T05:00,5,0,162,0,27503.0
2024-06-10T06:00,6,0,162,0,27082.0
2024-06-10T07:00,7,0,162,0,25422.0
2024-06-10T08:00,8,0,162,0,23580.0
2024-06-10T09:00,9,0,162,0,22526.0
2024-06-10T10:00,10,0,162,0,21612.0
2024-06-10T11:00,11,0,162,0,20904.0
2024-06-10T12:00,12,0,162,0,20514.0
2024-06-10T13:00,13,0,162,0,20730.0
2024-06-10T14:00,14,0,162,0,21528.0
2024-06-10T15:00,15,0,162,0,23021.0
2024-06-10T16:00,16,0,162,0,25463.0
2024-06-10T17:00,17,0,162,0,26777.0
2024-06-10T18:00,18,0,162,0,27604.0
2024-06-10T19:00,19,0,162,0,27270.0
2024-06-10T20:00,20,0,162,0,26629.0
2024-06-10T21:00,21,0,162,0,25867.0
2024-06-10T22:00,22,0,162,0,25081.0
2024-06-10T23:00,23,0,162,0,25600.0
2024-06-11T00:00,0,1,163,0,26587.0
2024-06-11T01:00,1,1,163,0,27697.0
2024-06-11T02:00,2,1,163,0,29634.0
2024-06-11T03:00,3,1,163,0,31072.0
2024-06-11T04:00,4,1,163,0,31489.0
2024-06-11T05:00,5,1,163,0,31237.0
2024-06-11T06:00,6,1,163,0,30421.0
2024-06-11T07:00,7,1,163,0,28332.0
2024-06-11T08:00,8,1,163,0,26058.0
2024-06-11T09:00,9,1,163,0,24803.0
2024-06-11T10:00,10,1,163,0,23683.0
2024-06-11T11:00,11,1,163,0,22734.0
2024-06-11T12:00,12,1,163,0,22086.0
2024-06-11T13:00,13,1,163,0,22229.0
2024-06-11T14:00,14,1,163,0,22838.0
2024-06-11T15:00,15,1,163,0,24094.0
2024-06-11T16:00,16,1,163,0,26061.0
2024-06-11T17:00,17,1,163,0,27356.0
2024-06-11T18:00,18,1,163,0,28306.0
2024-06-11T19:00,19,1,163,0,27582.0
2024-06-11T20:00,20,1,163,0,27610.0
2024-06-11T21:00,21,1,163,0,27414.0
2024-06-11T22:00,22,1,163,0,28587.0
2024-06-11T23:00,23,1,163,0,29454.0
2024-06-12T00:00,0,2,164,0,30679.0
2024-06-12T01:00,1,2,164,0,31844.0
2024-06-12T02:00,2,2,164,0,33345.0
2024-06-12T03:00,3,2,164,0,34216.0
2024-06-12T04:00,4,2,164,0,34352.0
2024-06-12T05:00,5,2,164,0,33864.0
2024-06-12T06:00,6,2,164,0,32649.0
2024-06-12T07:00,7,2,164,0,30314.0
2024-06-12T08:00,8,2,164,0,28131.0
2024-06-12T09:00,9,2,164,0,26376.0
2024-06-12T10:00,10,2,164,0,25127.0
2024-06-12T11:00,11,2,164,0,24078.0
2024-06-12T12:00,12,2,164,0,23427.0
2024-06-12T13:00,13,2,164,0,23361.0
2024-06-12T14:00,14,2,164,0,23997.0
2024-06-12T15:00,15,2,164,0,25201.0
2024-06-12T16:00,16,2,164,0,27489.0
2024-06-12T17:00,17,2,164,0,29136.0
2024-06-12T18:00,18,2,164,0,29353.0
2024-06-12T19:00,19,2,164,0,28779.0
2024-06-12T20:00,20,2,164,0,28132.0
2024-06-12T21:00,21,2,164,0,28690.0
2024-06-12T22:00,22,2,164,0,28495.0
2024-06-12T23:00,23,2,164,0,28008.0
2024-06-13T00:00,0,3,165,0,29024.0
2024-06-13T01:00,1,3,165,0,30220.0
2024-06-13T02:00,2,3,165,0,31917.0
2024-06-13T03:00,3,3,165,0,33121.0
2024-06-13T04:00,4,3,165,0,33140.0
2024-06-13T05:00,5,3,165,0,32409.0
2024-06-13T06:00,6,3,165,0,31313.0
2024-06-13T07:00,7,3,165,0,29221.0
2024-06-13T08:00,8,3,165,0,27174.0
2024-06-13T09:00,9,3,165,0,25590.0
2024-06-13T10:00,10,3,165,0,24270.0
2024-06-13T11:00,11,3,165,0,23061.0
2024-06-13T12:00,12,3,165,0,22517.0
2024-06-13T13:00,13,3,165,0,22536.0
2024-06-13T14:00,14,3,165,0,23239.0
2024-06-13T15:00,15,3,165,0,24427.0
2024-06-13T16:00,16,3,165,0,25862.0
2024-06-13T17:00,17,3,165,0,27017.0
2024-06-13T18:00,18,3,165,0,26713.0
2024-06-13T19:00,19,3,165,0,25679.0
2024-06-13T20:00,20,3,165,0,24960.0
2024-06-13T21:00,21,3,165,0,24579.0
2024-06-13T22:00,22,3,165,0,24669.0
2024-06-13T23:00,23,3,165,0,25054.0
2024-06-14T00:00,0,4,166,0,25890.0
2024-06-14T01:00,1,4,166,0,27396.0
2024-06-14T02:00,2,4,166,0,29104.0
2024-06-14T03:00,3,4,166,0,30391.0
2024-06-14T04:00,4,4,166,0,30842.0
2024-06-14T05:00,5,4,166,0,30449.0
2024-06-14T06:00,6,4,166,0,29964.0
2024-06-14T07:00,7,4,166,0,28216.0
2024-06-14T08:00,8,4,166,0,26555.0
2024-06-14T09:00,9,4,166,0,24996.0
2024-06-14T10:00,10,4,166,0,23623.0
2024-06-14T11:00,11,4,166,0,22668.0
2024-06-14T12:00,12,4,166,0,22324.0
2024-06-14T13:00,13,4,166,0,22305.0
2024-06-14T14:00,14,4,166,0,22676.0
2024-06-14T15:00,15,4,166,0,23897.0
2024-06-14T16:00,16,4,166,0,25956.0
2024-06-14T17:00,17,4,166,0,26609.0
2024-06-14T18:00,18,4,166,0,26146.0
2024-06-14T19:00,19,4,166,0,25696.0
2024-06-14T20:00,20,4,166,0,25119.0
2024-06-14T21:00,21,4,166,0,24917.0
2024-06-14T22:00,22,4,166,0,25217.0
2024-06-14T23:00,23,4,166,0,25648.0
2024-06-15T00:00,0,5,167,0,26775.0
2024-06-15T01:00,1,5,167,0,28413.0
2024-06-15T02:00,2,5,167,0,30232.0
2024-06-15T03:00,3,5,167,0,31140.0
2024-06-15T04:00,4,5,167,0,31391.0
2024-06-15T05:00,5,5,167,0,30958.0
2024-06-15T06:00,6,5,167,0,30361.0
2024-06-15T07:00,7,5,167,0,28374.0
2024-06-15T08:00,8,5,167,0,26926.0
2024-06-15T09:00,9,5,167,0,25237.0
2024-06-15T10:00,10,5,167,0,23839.0
2024-06-15T11:00,11,5,167,0,22853.0
2024-06-15T12:00,12,5,167,0,22107.0
2024-06-15T13:00,13,5,167,0,21796.0
2024-06-15T14:00,14,5,167,0,21864.0
2024-06-15T15:00,15,5,167,0,22051.0
2024-06-15T16:00,16,5,167,0,23202.0
2024-06-15T17:00,17,5,167,0,24194.0
2024-06-15T18:00,18,5,167,0,24312.0
2024-06-15T19:00,19,5,167,0,24150.0
2024-06-15T20:00,20,5,167,0,23479.0
2024-06-15T21:00,21,5,167,0,23183.0
2024-06-15T22:00,22,5,167,0,22741.0
2024-06-15T23:00,23,5,167,0,23178.0
2024-06-16T00:00,0,6,168,0,24263.0
2024-06-16T01:00,1,6,168,0,25963.0
2024-06-16T02:00,2,6,168,0,28058.0
2024-06-16T03:00,3,6,168,0,29380.0
2024-06-16T04:00,4,6,168,0,29780.0
2024-06-16T05:00,5,6,168,0,29418.0
2024-06-16T06:00,6,6,168,0,28895.0
2024-06-16T07:00,7,6,168,0,27152.0
2024-06-16T08:00,8,6,168,0,25320.0
2024-06-16T09:00,9,6,168,0,24242.0
2024-06-16T10:00,10,6,168,0,22803.0
2024-06-16T11:00,11,6,168,0,21773.0
2024-06-16T12:00,12,6,168,0,21038.0
2024-06-16T13:00,13,6,168,0,20677.0
2024-06-16T14:00,14,6,168,0,20593.0
2024-06-16T15:00,15,6,168,0,20734.0
2024-06-16T16:00,16,6,168,0,21208.0
2024-06-16T17:00,17,6,168,0,22218.0
2024-06-16T18:00,18,6,168,0,21927.0
2024-06-16T19:00,19,6,168,0,21891.0
2024-06-16T20:00,20,6,168,0,21646.0
2024-06-16T21:00,21,6,168,0,20918.0
2024-06-16T22:00,22,6,168,0,20658.0
2024-06-16T23:00,23,6,168,0,21228.0
2024-06-17T00:00,0,0,169,0,22031.0
2024-06-17T01:00,1,0,169,0,23830.0
2024-06-17T02:00,2,0,169,0,25660.0
2024-06-17T03:00,3,0,169,0,27316.0
2024-06-17T04:00,4,0,169,0,28067.0
2024-06-17T05:00,5,0,169,0,28151.0
2024-06-17T06:00,6,0,169,0,27863.0
2024-06-17T07:00,7,0,169,0,26262.0
2024-06-17T08:00,8,0,169,0,24504.0
2024-06-17T09:00,9,0,169,0,23428.0
2024-06-17T10:00,10,0,169,0,22124.0
2024-06-17T11:00,11,0,169,0,21356.0
2024-06-17T12:00,12,0,169,0,21093.0
2024-06-17T13:00,13,0,169,0,21171.0
2024-06-17T14:00,14,0,169,0,21982.0
2024-06-17T15:00,15,0,169,0,23059.0
2024-06-17T16:00,16,0,169,0,24236.0
2024-06-17T17:00,17,0,169,0,25671.0
2024-06-17T18:00,18,0,169,0,26213.0
2024-06-17T19:00,19,0,169,0,26456.0
2024-06-17T20:00,20,0,169,0,26231.0
2024-06-17T21:00,21,0,169,0,26006.0
2024-06-17T22:00,22,0,169,0,25141.0
2024-06-17T23:00,23,0,169,0,24250.0
2024-06-18T00:00,0,1,170,0,24238.0
2024-06-18T01:00,1,1,170,0,25420.0
2024-06-18T02:00,2,1,170,0,27354.0
2024-06-18T03:00,3,1,170,0,28353.0
2024-06-18T04:00,4,1,170,0,28937.0
2024-06-18T05:00,5,1,170,0,29331.0
2024-06-18T06:00,6,1,170,0,28758.0
2024-06-18T07:00,7,1,170,0,27140.0
2024-06-18T08:00,8,1,170,0,25320.0
2024-06-18T09:00,9,1,170,0,24333.0
2024-06-18T10:00,10,1,170,0,23174.0
2024-06-18T11:00,11,1,170,0,22204.0
2024-06-18T12:00,12,1,170,0,22015.0
2024-06-18T13:00,13,1,170,0,21995.0
2024-06-18T14:00,14,1,170,0,22750.0
2024-06-18T15:00,15,1,170,0,23992.0
2024-06-18T16:00,16,1,170,0,25956.0
2024-06-18T17:00,17,1,170,0,27250.0
2024-06-18T18:00,18,1,170,0,26869.0
2024-06-18T19:00,19,1,170,0,26634.0
2024-06-18T20:00,20,1,170,0,25911.0
2024-06-18T21:00,21,1,170,0,25819.0
2024-06-18T22:00,22,1,170,0,25292.0
2024-06-18T23:00,23,1,170,0,26098.0
2024-06-19T00:00,0,2,171,1,27067.0
2024-06-19T01:00,1,2,171,1,27783.0
2024-06-19T02:00,2,2,171,1,28617.0
2024-06-19T03:00,3,2,171,1,29922.0
2024-06-19T04:00,4,2,171,1,30149.0
2024-06-19T05:00,5,2,171,1,30203.0
2024-06-19T06:00,6,2,171,1,29542.0
2024-06-19T07:00,7,2,171,1,27644.0
2024-06-19T08:00,8,2,171,1,26206.0
2024-06-19T09:00,9,2,171,1,24513.0
2024-06-19T10:00,10,2,171,1,23263.0
2024-06-19T11:00,11,2,171,1,22457.0
2024-06-19T12:00,12,2,171,1,21891.0
2024-06-19T13:00,13,2,171,1,22056.0
2024-06-19T14:00,14,2,171,1,22627.0
2024-06-19T15:00,15,2,171,1,23703.0
2024-06-19T16:00,16,2,171,1,25162.0
2024-06-19T17:00,17,2,171,1,25707.0
2024-06-19T18:00,18,2,171,1,25846.0
2024-06-19T19:00,19,2,171,1,25542.0
2024-06-19T20:00,20,2,171,1,25045.0
2024-06-19T21:00,21,2,171,1,25028.0
2024-06-19T22:00,22,2,171,1,24168.0
2024-06-19T23:00,23,2,171,1,24539.0
2024-06-20T00:00,0,3,172,0,25025.0
2024-06-20T01:00,1,3,172,0,26868.0
2024-06-20T02:00,2,3,172,0,28166.0
2024-06-20T03:00,3,3,172,0,29221.0
2024-06-20T04:00,4,3,172,0,29816.0
2024-06-20T05:00,5,3,172,0,29867.0
2024-06-20T06:00,6,3,172,0,29353.0
2024-06-20T07:00,7,3,172,0,27642.0
2024-06-20T08:00,8,3,172,0,26063.0
2024-06-20T09:00,9,3,172,0,24721.0
2024-06-20T10:00,10,3,172,0,23538.0
2024-06-20T11:00,11,3,172,0,22753.0
2024-06-20T12:00,12,3,172,0,22017.0
2024-06-20T13:00,13,3,172,0,22167.0
2024-06-20T14:00,14,3,172,0,22848.0
2024-06-20T15:00,15,3,172,0,24074.0
2024-06-20T16:00,16,3,172,0,25867.0
2024-06-20T17:00,17,3,172,0,26647.0
2024-06-20T18:00,18,3,172,0,26195.0
2024-06-20T19:00,19,3,172,0,25636.0
2024-06-20T20:00,20,3,172,0,25266.0
2024-06-20T21:00,21,3,172,0,25144.0
2024-06-20T22:00,22,3,172,0,25526.0
2024-06-20T23:00,23,3,172,0,25794.0
2024-06-21T00:00,0,4,173,0,27019.0
2024-06-21T01:00,1,4,173,0,28309.0
2024-06-21T02:00,2,4,173,0,29758.0
2024-06-21T03:00,3,4,173,0,30500.0
2024-06-21T04:00,4,4,173,0,30863.0
2024-06-21T05:00,5,4,173,0,30734.0
2024-06-21T06:00,6,4,173,0,30279.0
2024-06-21T07:00,7,4,173,0,28350.0
2024-06-21T08:00,8,4,173,0,26395.0
2024-06-21T09:00,9,4,173,0,25023.0
2024-06-21T10:00,10,4,173,0,23591.0
2024-06-21T11:00,11,4,173,0,22590.0
2024-06-21T12:00,12,4,173,0,22244.0
2024-06-21T13:00,13,4,173,0,22096.0
2024-06-21T14:00,14,4,173,0,22814.0
2024-06-21T15:00,15,4,173,0,23981.0
2024-06-21T16:00,16,4,173,0,25886.0
2024-06-21T17:00,17,4,173,0,27847.0
2024-06-21T18:00,18,4,173,0,27202.0
2024-06-21T19:00,19,4,173,0,26792.0
2024-06-21T20:00,20,4,173,0,26398.0
2024-06-21T21:00,21,4,173,0,26635.0
2024-06-21T22:00,22,4,173,0,26081.0
2024-06-21T23:00,23,4,173,0,26636.0
2024-06-22T00:00,0,5,174,0,28246.0
2024-06-22T01:00,1,5,174,0,29983.0
2024-06-22T02:00,2,5,174,0,32002.0
2024-06-22T03:00,3,5,174,0,33271.0
2024-06-22T04:00,4,5,174,0,33291.0
2024-06-22T05:00,5,5,174,0,32624.0
2024-06-22T06:00,6,5,174,0,31780.0
2024-06-22T07:00,7,5,174,0,29720.0
2024-06-22T08:00,8,5,174,0,27621.0
2024-06-22T09:00,9,5,174,0,26032.0
2024-06-22T10:00,10,5,174,0,24692.0
2024-06-22T11:00,11,5,174,0,23543.0
2024-06-22T12:00,12,5,174,0,22917.0
2024-06-22T13:00,13,5,174,0,22410.0
2024-06-22T14:00,14,5,174,0,22354.0
2024-06-22T15:00,15,5,174,0,23042.0
2024-06-22T16:00,16,5,174,0,24729.0
2024-06-22T17:00,17,5,174,0,27254.0
2024-06-22T18:00,18,5,174,0,27336.0
2024-06-22T19:00,19,5,174,0,27095.0
2024-06-22T20:00,20,5,174,0,27215.0
2024-06-22T21:00,21,5,174,0,26969.0
2024-06-22T22:00,22,5,174,0,27353.0
2024-06-22T23:00,23,5,174,0,28657.0
2024-06-23T00:00,0,6,175,0,30489.0
2024-06-23T01:00,1,6,175,0,32534.0
2024-06-23T02:00,2,6,175,0,34868.0
2024-06-23T03:00,3,6,175,0,36525.0
2024-06-23T04:00,4,6,175,0,36569.0
2024-06-23T05:00,5,6,175,0,35379.0
2024-06-23T06:00,6,6,175,0,34183.0
2024-06-23T07:00,7,6,175,0,31885.0
2024-06-23T08:00,8,6,175,0,29634.0
2024-06-23T09:00,9,6,175,0,27790.0
2024-06-23T10:00,10,6,175,0,26069.0
2024-06-23T11:00,11,6,175,0,24669.0
2024-06-23T12:00,12,6,175,0,23731.0
2024-06-23T13:00,13,6,175,0,22873.0
2024-06-23T14:00,14,6,175,0,22655.0
2024-06-23T15:00,15,6,175,0,22824.0
2024-06-23T16:00,16,6,175,0,24206.0
2024-06-23T17:00,17,6,175,0,27123.0
2024-06-23T18:00,18,6,175,0,28241.0
2024-06-23T19:00,19,6,175,0,28374.0
2024-06-23T20:00,20,6,175,0,28928.0
2024-06-23T21:00,21,6,175,0,29313.0
2024-06-23T22:00,22,6,175,0,29390.0
2024-06-23T23:00,23,6,175,0,30732.0
2024-06-24T00:00,0,0,176,0,32352.0
2024-06-24T01:00,1,0,176,0,33909.0
2024-06-24T02:00,2,0,176,0,36048.0
2024-06-24T03:00,3,0,176,0,37484.0
2024-06-24T04:00,4,0,176,0,36954.0
2024-06-24T05:00,5,0,176,0,35896.0
2024-06-24T06:00,6,0,176,0,34765.0
2024-06-24T07:00,7,0,176,0,32438.0
2024-06-24T08:00,8,0,176,0,29846.0
2024-06-24T09:00,9,0,176,0,27813.0
2024-06-24T10:00,10,0,176,0,26185.0
2024-06-24T11:00,11,0,176,0,24933.0
2024-06-24T12:00,12,0,176,0,24015.0
2024-06-24T13:00,13,0,176,0,24177.0
2024-06-24T14:00,14,0,176,0,24722.0
2024-06-24T15:00,15,0,176,0,26103.0
2024-06-24T16:00,16,0,176,0,29272.0
2024-06-24T17:00,17,0,176,0,31805.0
2024-06-24T18:00,18,0,176,0,32197.0
2024-06-24T19:00,19,0,176,0,32265.0
2024-06-24T20:00,20,0,176,0,32412.0
2024-06-24T21:00,21,0,176,0,33467.0
2024-06-24T22:00,22,0,176,0,34271.0
2024-06-24T23:00,23,0,176,0,35576.0
2024-06-25T00:00,0,1,177,0,37243.0
2024-06-25T01:00,1,1,177,0,37600.0
2024-06-25T02:00,2,1,177,0,38117.0
2024-06-25T03:00,3,1,177,0,38678.0
2024-06-25T04:00,4,1,177,0,37933.0
2024-06-25T05:00,5,1,177,0,36772.0
2024-06-25T06:00,6,1,177,0,35545.0
2024-06-25T07:00,7,1,177,0,33115.0
2024-06-25T08:00,8,1,177,0,30571.0
2024-06-25T09:00,9,1,177,0,28759.0
2024-06-25T10:00,10,1,177,0,27116.0
2024-06-25T11:00,11,1,177,0,25801.0
2024-06-25T12:00,12,1,177,0,25239.0
2024-06-25T13:00,13,1,177,0,25105.0
2024-06-25T14:00,14,1,177,0,25639.0
2024-06-25T15:00,15,1,177,0,27299.0
2024-06-25T16:00,16,1,177,0,29686.0
2024-06-25T17:00,17,1,177,0,31757.0
2024-06-25T18:00,18,1,177,0,31667.0
2024-06-25T19:00,19,1,177,0,32207.0
2024-06-25T20:00,20,1,177,0,32497.0
2024-06-25T21:00,21,1,177,0,32569.0
2024-06-25T22:00,22,1,177,0,33166.0
2024-06-25T23:00,23,1,177,0,34218.0
2024-06-26T00:00,0,2,178,0,35701.0
2024-06-26T01:00,1,2,178,0,36814.0
2024-06-26T02:00,2,2,178,0,37620.0
2024-06-26T03:00,3,2,178,0,37762.0
2024-06-26T04:00,4,2,178,0,37249.0
2024-06-26T05:00,5,2,178,0,36197.0
2024-06-26T06:00,6,2,178,0,34966.0
2024-06-26T07:00,7,2,178,0,32544.0
2024-06-26T08:00,8,2,178,0,30230.0
2024-06-26T09:00,9,2,178,0,28289.0
2024-06-26T10:00,10,2,178,0,26450.0
2024-06-26T11:00,11,2,178,0,25401.0
2024-06-26T12:00,12,2,178,0,24659.0
2024-06-26T13:00,13,2,178,0,24483.0
2024-06-26T14:00,14,2,178,0,24993.0
2024-06-26T15:00,15,2,178,0,26248.0
2024-06-26T16:00,16,2,178,0,28921.0
2024-06-26T17:00,17,2,178,0,30470.0
2024-06-26T18:00,18,2,178,0,30719.0
2024-06-26T19:00,19,2,178,0,30442.0
2024-06-26T20:00,20,2,178,0,30113.0
2024-06-26T21:00,21,2,178,0,29773.0
2024-06-26T22:00,22,2,178,0,30002.0
2024-06-26T23:00,23,2,178,0,30490.0
2024-06-27T00:00,0,3,179,0,31764.0
2024-06-27T01:00,1,3,179,0,33088.0
2024-06-27T02:00,2,3,179,0,34945.0
2024-06-27T03:00,3,3,179,0,35785.0
2024-06-27T04:00,4,3,179,0,35419.0
2024-06-27T05:00,5,3,179,0,34519.0
2024-06-27T06:00,6,3,179,0,33666.0
2024-06-27T07:00,7,3,179,0,31333.0
2024-06-27T08:00,8,3,179,0,29166.0
2024-06-27T09:00,9,3,179,0,27441.0
2024-06-27T10:00,10,3,179,0,25932.0
2024-06-27T11:00,11,3,179,0,25170.0
2024-06-27T12:00,12,3,179,0,24360.0
2024-06-27T13:00,13,3,179,0,24298.0
2024-06-27T14:00,14,3,179,0,24863.0
2024-06-27T15:00,15,3,179,0,25893.0
2024-06-27T16:00,16,3,179,0,28496.0
2024-06-27T17:00,17,3,179,0,30290.0
2024-06-27T18:00,18,3,179,0,30205.0
2024-06-27T19:00,19,3,179,0,29489.0
2024-06-27T20:00,20,3,179,0,29351.0
2024-06-27T21:00,21,3,179,0,29617.0
2024-06-27T22:00,22,3,179,0,29576.0
2024-06-27T23:00,23,3,179,0,30705.0
2024-06-28T00:00,0,4,180,0,31848.0
2024-06-28T01:00,1,4,180,0,32698.0
2024-06-28T02:00,2,4,180,0,34393.0
2024-06-28T03:00,3,4,180,0,35411.0
2024-06-28T04:00,4,4,180,0,35126.0
2024-06-28T05:00,5,4,180,0,34306.0
2024-06-28T06:00,6,4,180,0,33461.0
2024-06-28T07:00,7,4,180,0,31198.0
2024-06-28T08:00,8,4,180,0,28857.0
2024-06-28T09:00,9,4,180,0,27394.0
2024-06-28T10:00,10,4,180,0,25840.0
2024-06-28T11:00,11,4,180,0,25016.0
2024-06-28T12:00,12,4,180,0,24405.0
2024-06-28T13:00,13,4,180,0,24016.0
2024-06-28T14:00,14,4,180,0,24472.0
2024-06-28T15:00,15,4,180,0,25617.0
2024-06-28T16:00,16,4,180,0,28209.0
2024-06-28T17:00,17,4,180,0,30270.0
2024-06-28T18:00,18,4,180,0,30117.0
2024-06-28T19:00,19,4,180,0,29390.0
2024-06-28T20:00,20,4,180,0,28915.0
2024-06-28T21:00,21,4,180,0,28638.0
2024-06-28T22:00,22,4,180,0,28997.0
2024-06-28T23:00,23,4,180,0,29769.0
2024-06-29T00:00,0,5,181,0,30762.0
2024-06-29T01:00,1,5,181,0,32261.0
2024-06-29T02:00,2,5,181,0,34003.0
2024-06-29T03:00,3,5,181,0,34862.0
2024-06-29T04:00,4,5,181,0,34656.0
2024-06-29T05:00,5,5,181,0,33814.0
2024-06-29T06:00,6,5,181,0,32858.0
2024-06-29T07:00,7,5,181,0,30671.0
2024-06-29T08:00,8,5,181,0,28808.0
2024-06-29T09:00,9,5,181,0,26986.0
2024-06-29T10:00,10,5,181,0,25325.0
2024-06-29T11:00,11,5,181,0,24159.0
2024-06-29T12:00,12,5,181,0,23381.0
2024-06-29T13:00,13,5,181,0,23068.0
2024-06-29T14:00,14,5,181,0,23060.0
2024-06-29T15:00,15,5,181,0,23373.0
2024-06-29T16:00,16,5,181,0,25371.0
2024-06-29T17:00,17,5,181,0,26976.0
2024-06-29T18:00,18,5,181,0,26590.0
2024-06-29T19:00,19,5,181,0,25766.0
2024-06-29T20:00,20,5,181,0,25499.0
2024-06-29T21:00,21,5,181,0,25816.0
2024-06-29T22:00,22,5,181,0,26756.0
2024-06-29T23:00,23,5,181,0,27279.0
2024-06-30T00:00,0,6,182,0,28521.0
2024-06-30T01:00,1,6,182,0,30467.0
2024-06-30T02:00,2,6,182,0,32670.0
2024-06-30T03:00,3,6,182,0,34162.0
2024-06-30T04:00,4,6,182,0,34173.0
2024-06-30T05:00,5,6,182,0,33335.0
2024-06-30T06:00,6,6,182,0,32249.0
2024-06-30T07:00,7,6,182,0,30233.0
2024-06-30T08:00,8,6,182,0,28441.0
2024-06-30T09:00,9,6,182,0,26540.0
2024-06-30T10:00,10,6,182,0,25174.0
2024-06-30T11:00,11,6,182,0,24074.0
2024-06-30T12:00,12,6,182,0,23468.0
2024-06-30T13:00,13,6,182,0,23013.0
2024-06-30T14:00,14,6,182,0,22661.0
2024-06-30T15:00,15,6,182,0,23194.0
2024-06-30T16:00,16,6,182,0,25342.0
2024-06-30T17:00,17,6,182,0,27135.0
2024-06-30T18:00,18,6,182,0,26867.0
2024-06-30T19:00,19,6,182,0,26115.0
2024-06-30T20:00,20,6,182,0,25319.0
2024-06-30T21:00,21,6,182,0,25129.0
2024-06-30T22:00,22,6,182,0,25439.0
2024-06-30T23:00,23,6,182,0,27155.0
2024-07-01T00:00,0,0,183,0,29408.0
2024-07-01T01:00,1,0,183,0,31482.0
2024-07-01T02:00,2,0,183,0,33579.0
2024-07-01T03:00,3,0,183,0,35137.0
2024-07-01T04:00,4,0,183,0,35172.0
2024-07-01T05:00,5,0,183,0,34059.0
2024-07-01T06:00,6,0,183,0,32978.0
2024-07-01T07:00,7,0,183,0,30736.0
2024-07-01T08:00,8,0,183,0,28251.0
2024-07-01T09:00,9,0,183,0,26610.0
2024-07-01T10:00,10,0,183,0,25130.0
2024-07-01T11:00,11,0,183,0,23940.0
2024-07-01T12:00,12,0,183,0,23774.0
2024-07-01T13:00,13,0,183,0,23568.0
2024-07-01T14:00,14,0,183,0,24108.0
2024-07-01T15:00,15,0,183,0,25946.0
2024-07-01T16:00,16,0,183,0,28696.0
2024-07-01T17:00,17,0,183,0,31281.0
2024-07-01T18:00,18,0,183,0,31293.0
2024-07-01T19:00,19,0,183,0,30731.0
2024-07-01T20:00,20,0,183,0,30119.0
2024-07-01T21:00,21,0,183,0,30427.0
2024-07-01T22:00,22,0,183,0,30748.0
2024-07-01T23:00,23,0,183,0,32163.0
2024-07-02T00:00,0,1,184,0,34240.0
2024-07-02T01:00,1,1,184,0,36113.0
2024-07-02T02:00,2,1,184,0,38024.0
2024-07-02T03:00,3,1,184,0,38956.0
2024-07-02T04:00,4,1,184,0,38457.0
2024-07-02T05:00,5,1,184,0,37259.0
2024-07-02T06:00,6,1,184,0,35781.0
2024-07-02T07:00,7,1,184,0,33014.0
2024-07-02T08:00,8,1,184,0,30269.0
2024-07-02T09:00,9,1,184,0,28633.0
2024-07-02T10:00,10,1,184,0,27675.0
2024-07-02T11:00,11,1,184,0,27000.0
2024-07-02T12:00,12,1,184,0,26215.0
2024-07-02T13:00,13,1,184,0,25908.0
2024-07-02T14:00,14,1,184,0,26162.0
2024-07-02T15:00,15,1,184,0,27437.0
2024-07-02T16:00,16,1,184,0,29734.0
2024-07-02T17:00,17,1,184,0,31254.0
2024-07-02T18:00,18,1,184,0,30825.0
2024-07-02T19:00,19,1,184,0,30340.0
2024-07-02T20:00,20,1,184,0,30842.0
2024-07-02T21:00,21,1,184,0,31571.0
2024-07-02T22:00,22,1,184,0,32835.0
2024-07-02T23:00,23,1,184,0,34832.0
2024-07-03T00:00,0,2,185,0,36844.0
2024-07-03T01:00,1,2,185,0,38509.0
2024-07-03T02:00,2,2,185,0,40599.0
2024-07-03T03:00,3,2,185,0,41428.0
2024-07-03T04:00,4,2,185,0,41063.0
2024-07-03T05:00,5,2,185,0,39776.0
2024-07-03T06:00,6,2,185,0,38217.0
2024-07-03T07:00,7,2,185,0,35339.0
2024-07-03T08:00,8,2,185,0,32546.0
2024-07-03T09:00,9,2,185,0,30593.0
2024-07-03T10:00,10,2,185,0,28728.0
2024-07-03T11:00,11,2,185,0,27650.0
2024-07-03T12:00,12,2,185,0,27250.0
2024-07-03T13:00,13,2,185,0,26972.0
2024-07-03T14:00,14,2,185,0,27200.0
2024-07-03T15:00,15,2,185,0,28137.0
2024-07-03T16:00,16,2,185,0,30484.0
2024-07-03T17:00,17,2,185,0,32275.0
2024-07-03T18:00,18,2,185,0,32564.0
2024-07-03T19:00,19,2,185,0,32433.0
2024-07-03T20:00,20,2,185,0,33401.0
2024-07-03T21:00,21,2,185,0,34237.0
2024-07-03T22:00,22,2,185,0,35745.0
2024-07-03T23:00,23,2,185,0,37628.0
2024-07-04T00:00,0,3,186,1,39555.0
2024-07-04T01:00,1,3,186,1,40991.0
2024-07-04T02:00,2,3,186,1,42141.0
2024-07-04T03:00,3,3,186,1,42598.0
2024-07-04T04:00,4,3,186,1,41684.0
2024-07-04T05:00,5,3,186,1,40144.0
2024-07-04T06:00,6,3,186,1,38435.0
2024-07-04T07:00,7,3,186,1,35678.0
2024-07-04T08:00,8,3,186,1,33127.0
2024-07-04T09:00,9,3,186,1,30701.0
2024-07-04T10:00,10,3,186,1,28724.0
2024-07-04T11:00,11,3,186,1,27193.0
2024-07-04T12:00,12,3,186,1,26025.0
2024-07-04T13:00,13,3,186,1,25484.0
2024-07-04T14:00,14,3,186,1,25355.0
2024-07-04T15:00,15,3,186,1,25890.0
2024-07-04T16:00,16,3,186,1,29003.0
2024-07-04T17:00,17,3,186,1,29992.0
2024-07-04T18:00,18,3,186,1,29852.0
2024-07-04T19:00,19,3,186,1,29974.0
2024-07-04T20:00,20,3,186,1,29862.0
2024-07-04T21:00,21,3,186,1,30292.0
2024-07-04T22:00,22,3,186,1,31883.0
2024-07-04T23:00,23,3,186,1,33076.0
2024-07-05T00:00,0,4,187,0,34618.0
2024-07-05T01:00,1,4,187,0,36111.0
2024-07-05T02:00,2,4,187,0,37406.0
2024-07-05T03:00,3,4,187,0,38211.0
2024-07-05T04:00,4,4,187,0,37733.0
2024-07-05T05:00,5,4,187,0,36228.0
2024-07-05T06:00,6,4,187,0,34660.0
2024-07-05T07:00,7,4,187,0,33114.0
2024-07-05T08:00,8,4,187,0,31122.0
2024-07-05T09:00,9,4,187,0,30633.0
2024-07-05T10:00,10,4,187,0,29020.0
2024-07-05T11:00,11,4,187,0,27253.0
2024-07-05T12:00,12,4,187,0,25943.0
2024-07-05T13:00,13,4,187,0,25130.0
2024-07-05T14:00,14,4,187,0,25514.0
2024-07-05T15:00,15,4,187,0,26374.0
2024-07-05T16:00,16,4,187,0,29234.0
2024-07-05T17:00,17,4,187,0,30313.0
2024-07-05T18:00,18,4,187,0,30408.0
2024-07-05T19:00,19,4,187,0,30528.0
2024-07-05T20:00,20,4,187,0,31495.0
2024-07-05T21:00,21,4,187,0,32823.0
2024-07-05T22:00,22,4,187,0,34332.0
2024-07-05T23:00,23,4,187,0,36406.0
2024-07-06T00:00,0,5,188,0,38531.0
2024-07-06T01:00,1,5,188,0,40225.0
2024-07-06T02:00,2,5,188,0,41565.0
2024-07-06T03:00,3,5,188,0,42126.0
2024-07-06T04:00,4,5,188,0,41502.0
2024-07-06T05:00,5,5,188,0,40100.0
2024-07-06T06:00,6,5,188,0,38511.0
2024-07-06T07:00,7,5,188,0,35841.0
2024-07-06T08:00,8,5,188,0,33623.0
2024-07-06T09:00,9,5,188,0,31050.0
2024-07-06T10:00,10,5,188,0,28933.0
2024-07-06T11:00,11,5,188,0,27229.0
2024-07-06T12:00,12,5,188,0,26306.0
2024-07-06T13:00,13,5,188,0,25514.0
2024-07-06T14:00,14,5,188,0,25301.0
2024-07-06T15:00,15,5,188,0,25598.0
2024-07-06T16:00,16,5,188,0,28184.0
2024-07-06T17:00,17,5,188,0,29581.0
2024-07-06T18:00,18,5,188,0,29713.0
2024-07-06T19:00,19,5,188,0,30195.0
2024-07-06T20:00,20,5,188,0,29654.0
2024-07-06T21:00,21,5,188,0,30162.0
2024-07-06T22:00,22,5,188,0,31813.0
2024-07-06T23:00,23,5,188,0,34005.0
2024-07-07T00:00,0,6,189,0,35975.0
2024-07-07T01:00,1,6,189,0,37930.0
2024-07-07T02:00,2,6,189,0,39678.0
2024-07-07T03:00,3,6,189,0,40642.0
2024-07-07T04:00,4,6,189,0,40419.0
2024-07-07T05:00,5,6,189,0,39102.0
2024-07-07T06:00,6,6,189,0,37565.0
2024-07-07T07:00,7,6,189,0,34965.0
2024-07-07T08:00,8,6,189,0,32659.0
2024-07-07T09:00,9,6,189,0,30353.0
2024-07-07T10:00,10,6,189,0,28426.0
2024-07-07T11:00,11,6,189,0,26799.0
2024-07-07T12:00,12,6,189,0,25909.0
2024-07-07T13:00,13,6,189,0,25247.0
2024-07-07T14:00,14,6,189,0,24784.0
2024-07-07T15:00,15,6,189,0,24737.0
2024-07-07T16:00,16,6,189,0,27047.0
2024-07-07T17:00,17,6,189,0,29097.0
2024-07-07T18:00,18,6,189,0,29046.0
2024-07-07T19:00,19,6,189,0,28734.0
2024-07-07T20:00,20,6,189,0,29304.0
2024-07-07T21:00,21,6,189,0,29752.0
2024-07-07T22:00,22,6,189,0,30807.0
2024-07-07T23:00,23,6,189,0,32146.0
2024-07-08T00:00,0,0,190,0,33932.0
2024-07-08T01:00,1,0,190,0,35830.0
2024-07-08T02:00,2,0,190,0,37861.0
2024-07-08T03:00,3,0,190,0,39261.0
2024-07-08T04:00,4,0,190,0,38988.0
2024-07-08T05:00,5,0,190,0,37854.0
2024-07-08T06:00,6,0,190,0,36537.0
2024-07-08T07:00,7,0,190,0,34062.0
2024-07-08T08:00,8,0,190,0,31440.0
2024-07-08T09:00,9,0,190,0,29759.0
2024-07-08T10:00,10,0,190,0,28179.0
2024-07-08T11:00,11,0,190,0,27652.0
2024-07-08T12:00,12,0,190,0,26824.0
2024-07-08T13:00,13,0,190,0,26806.0
2024-07-08T14:00,14,0,190,0,26616.0
2024-07-08T15:00,15,0,190,0,27686.0
2024-07-08T16:00,16,0,190,0,30815.0
2024-07-08T17:00,17,0,190,0,32928.0
2024-07-08T18:00,18,0,190,0,32810.0
2024-07-08T19:00,19,0,190,0,33140.0
2024-07-08T20:00,20,0,190,0,32228.0
2024-07-08T21:00,21,0,190,0,32678.0
2024-07-08T22:00,22,0,190,0,33811.0
2024-07-08T23:00,23,0,190,0,35556.0
2024-07-09T00:00,0,1,191,0,37186.0
2024-07-09T01:00,1,1,191,0,38939.0
2024-07-09T02:00,2,1,191,0,40603.0
2024-07-09T03:00,3,1,191,0,41249.0
2024-07-09T04:00,4,1,191,0,40453.0
2024-07-09T05:00,5,1,191,0,38954.0
2024-07-09T06:00,6,1,191,0,37329.0
2024-07-09T07:00,7,1,191,0,34654.0
2024-07-09T08:00,8,1,191,0,32048.0
2024-07-09T09:00,9,1,191,0,29915.0
2024-07-09T10:00,10,1,191,0,28436.0
2024-07-09T11:00,11,1,191,0,26968.0
2024-07-09T12:00,12,1,191,0,26271.0
2024-07-09T13:00,13,1,191,0,25970.0
2024-07-09T14:00,14,1,191,0,26713.0
2024-07-09T15:00,15,1,191,0,28275.0
2024-07-09T16:00,16,1,191,0,31441.0
2024-07-09T17:00,17,1,191,0,33612.0
2024-07-09T18:00,18,1,191,0,33351.0
2024-07-09T19:00,19,1,191,0,33158.0
2024-07-09T20:00,20,1,191,0,32329.0
2024-07-09T21:00,21,1,191,0,32545.0
2024-07-09T22:00,22,1,191,0,33809.0
2024-07-09T23:00,23,1,191,0,35271.0
2024-07-10T00:00,0,2,192,0,37098.0
2024-07-10T01:00,1,2,192,0,38950.0
2024-07-10T02:00,2,2,192,0,40165.0
2024-07-10T03:00,3,2,192,0,40913.0
2024-07-10T04:00,4,2,192,0,40085.0
2024-07-10T05:00,5,2,192,0,38942.0
2024-07-10T06:00,6,2,192,0,37530.0
2024-07-10T07:00,7,2,192,0,34831.0
2024-07-10T08:00,8,2,192,0,31959.0
2024-07-10T09:00,9,2,192,0,30559.0
2024-07-10T10:00,10,2,192,0,28712.0
2024-07-10T11:00,11,2,192,0,27191.0
2024-07-10T12:00,12,2,192,0,26410.0
2024-07-10T13:00,13,2,192,0,26254.0
2024-07-10T14:00,14,2,192,0,26625.0
2024-07-10T15:00,15,2,192,0,28474.0
2024-07-10T16:00,16,2,192,0,31952.0
2024-07-10T17:00,17,2,192,0,33769.0
2024-07-10T18:00,18,2,192,0,34139.0
2024-07-10T19:00,19,2,192,0,33866.0
2024-07-10T20:00,20,2,192,0,33277.0
2024-07-10T21:00,21,2,192,0,33203.0
2024-07-10T22:00,22,2,192,0,34687.0
2024-07-10T23:00,23,2,192,0,36565.0
2024-07-11T00:00,0,3,193,0,39054.0
2024-07-11T01:00,1,3,193,0,40959.0
2024-07-11T02:00,2,3,193,0,42926.0
2024-07-11T03:00,3,3,193,0,43417.0
2024-07-11T04:00,4,3,193,0,42939.0
2024-07-11T05:00,5,3,193,0,41564.0
2024-07-11T06:00,6,3,193,0,40112.0
2024-07-11T07:00,7,3,193,0,37046.0
2024-07-11T08:00,8,3,193,0,33624.0
2024-07-11T09:00,9,3,193,0,31396.0
2024-07-11T10:00,10,3,193,0,30039.0
2024-07-11T11:00,11,3,193,0,28436.0
2024-07-11T12:00,12,3,193,0,27936.0
2024-07-11T13:00,13,3,193,0,27924.0
2024-07-11T14:00,14,3,193,0,28127.0
2024-07-11T15:00,15,3,193,0,28604.0
2024-07-11T16:00,16,3,193,0,31455.0
2024-07-11T17:00,17,3,193,0,33303.0
2024-07-11T18:00,18,3,193,0,33770.0
2024-07-11T19:00,19,3,193,0,34030.0
2024-07-11T20:00,20,3,193,0,34373.0
2024-07-11T21:00,21,3,193,0,34829.0
2024-07-11T22:00,22,3,193,0,36149.0
2024-07-11T23:00,23,3,193,0,38317.0
2024-07-12T00:00,0,4,194,0,40450.0
2024-07-12T01:00,1,4,194,0,42089.0
2024-07-12T02:00,2,4,194,0,43058.0
2024-07-12T03:00,3,4,194,0,43602.0
2024-07-12T04:00,4,4,194,0,43002.0
2024-07-12T05:00,5,4,194,0,41740.0
2024-07-12T06:00,6,4,194,0,40166.0
2024-07-12T07:00,7,4,194,0,37129.0
2024-07-12T08:00,8,4,194,0,34143.0
2024-07-12T09:00,9,4,194,0,31839.0
2024-07-12T10:00,10,4,194,0,30031.0
2024-07-12T11:00,11,4,194,0,28473.0
2024-07-12T12:00,12,4,194,0,28020.0
2024-07-12T13:00,13,4,194,0,28313.0
2024-07-12T14:00,14,4,194,0,27813.0
2024-07-12T15:00,15,4,194,0,29125.0
2024-07-12T16:00,16,4,194,0,31308.0
2024-07-12T17:00,17,4,194,0,33412.0
2024-07-12T18:00,18,4,194,0,33804.0
2024-07-12T19:00,19,4,194,0,33947.0
2024-07-12T20:00,20,4,194,0,33927.0
2024-07-12T21:00,21,4,194,0,34364.0
2024-07-12T22:00,22,4,194,0,34761.0
2024-07-12T23:00,23,4,194,0,36267.0
2024-07-13T00:00,0,5,195,0,37803.0
2024-07-13T01:00,1,5,195,0,38509.0
2024-07-13T02:00,2,5,195,0,39705.0
2024-07-13T03:00,3,5,195,0,39709.0
2024-07-13T04:00,4,5,195,0,38901.0
2024-07-13T05:00,5,5,195,0,38197.0
2024-07-13T06:00,6,5,195,0,37087.0
2024-07-13T07:00,7,5,195,0,34716.0
2024-07-13T08:00,8,5,195,0,32209.0
2024-07-13T09:00,9,5,195,0,30367.0
2024-07-13T10:00,10,5,195,0,28500.0
2024-07-13T11:00,11,5,195,0,27235.0
2024-07-13T12:00,12,5,195,0,26162.0
2024-07-13T13:00,13,5,195,0,25703.0
2024-07-13T14:00,14,5,195,0,25466.0
2024-07-13T15:00,15,5,195,0,25602.0
2024-07-13T16:00,16,5,195,0,26542.0
2024-07-13T17:00,17,5,195,0,28886.0
2024-07-13T18:00,18,5,195,0,29376.0
2024-07-13T19:00,19,5,195,0,29615.0
2024-07-13T20:00,20,5,195,0,29559.0
2024-07-13T21:00,21,5,195,0,29410.0
2024-07-13T22:00,22,5,195,0,30154.0
2024-07-13T23:00,23,5,195,0,30988.0
2024-07-14T00:00,0,6,196,0,32629.0
2024-07-14T01:00,1,6,196,0,33206.0
2024-07-14T02:00,2,6,196,0,34666.0
2024-07-14T03:00,3,6,196,0,35833.0
2024-07-14T04:00,4,6,196,0,35585.0
2024-07-14T05:00,5,6,196,0,34806.0
2024-07-14T06:00,6,6,196,0,33875.0
2024-07-14T07:00,7,6,196,0,31995.0
2024-07-14T08:00,8,6,196,0,29721.0
2024-07-14T09:00,9,6,196,0,28223.0
2024-07-14T10:00,10,6,196,0,26637.0
2024-07-14T11:00,11,6,196,0,25384.0
2024-07-14T12:00,12,6,196,0,24581.0
2024-07-14T13:00,13,6,196,0,24073.0
2024-07-14T14:00,14,6,196,0,23805.0
2024-07-14T15:00,15,6,196,0,23827.0
2024-07-14T16:00,16,6,196,0,24597.0
2024-07-14T17:00,17,6,196,0,25553.0
2024-07-14T18:00,18,6,196,0,26201.0
2024-07-14T19:00,19,6,196,0,26172.0
2024-07-14T20:00,20,6,196,0,25680.0
2024-07-14T21:00,21,6,196,0,26513.0
2024-07-14T22:00,22,6,196,0,27596.0
2024-07-14T23:00,23,6,196,0,28775.0
2024-07-15T00:00,0,0,197,0,29846.0
2024-07-15T01:00,1,0,197,0,31671.0
2024-07-15T02:00,2,0,197,0,33795.0
2024-07-15T03:00,3,0,197,0,35290.0
2024-07-15T04:00,4,0,197,0,35303.0
2024-07-15T05:00,5,0,197,0,34761.0
2024-07-15T06:00,6,0,197,0,33708.0
2024-07-15T07:00,7,0,197,0,31664.0
2024-07-15T08:00,8,0,197,0,29322.0
2024-07-15T09:00,9,0,197,0,27457.0
2024-07-15T10:00,10,0,197,0,26085.0
2024-07-15T11:00,11,0,197,0,24937.0
2024-07-15T12:00,12,0,197,0,24061.0
2024-07-15T13:00,13,0,197,0,24088.0
2024-07-15T14:00,14,0,197,0,24893.0
2024-07-15T15:00,15,0,197,0,25966.0
2024-07-15T16:00,16,0,197,0,28073.0
2024-07-15T17:00,17,0,197,0,30312.0
2024-07-15T18:00,18,0,197,0,30982.0
2024-07-15T19:00,19,0,197,0,31597.0
2024-07-15T20:00,20,0,197,0,31573.0
2024-07-15T21:00,21,0,197,0,31119.0
2024-07-15T22:00,22,0,197,0,31334.0
2024-07-15T23:00,23,0,197,0,31359.0
2024-07-16T00:00,0,1,198,0,33036.0
2024-07-16T01:00,1,1,198,0,34455.0
2024-07-16T02:00,2,1,198,0,36016.0
2024-07-16T03:00,3,1,198,0,37290.0
2024-07-16T04:00,4,1,198,0,37333.0
2024-07-16T05:00,5,1,198,0,36699.0
2024-07-16T06:00,6,1,198,0,35205.0
2024-07-16T07:00,7,1,198,0,32913.0
2024-07-16T08:00,8,1,198,0,30538.0
2024-07-16T09:00,9,1,198,0,28628.0
2024-07-16T10:00,10,1,198,0,26899.0
2024-07-16T11:00,11,1,198,0,25830.0
2024-07-16T12:00,12,1,198,0,25202.0
2024-07-16T13:00,13,1,198,0,24981.0
2024-07-16T14:00,14,1,198,0,25668.0
2024-07-16T15:00,15,1,198,0,26641.0
2024-07-16T16:00,16,1,198,0,28991.0
2024-07-16T17:00,17,1,198,0,30586.0
2024-07-16T18:00,18,1,198,0,31129.0
2024-07-16T19:00,19,1,198,0,30845.0
2024-07-16T20:00,20,1,198,0,30377.0
2024-07-16T21:00,21,1,198,0,30076.0
2024-07-16T22:00,22,1,198,0,30146.0
2024-07-16T23:00,23,1,198,0,30742.0
2024-07-17T00:00,0,2,199,0,32332.0
2024-07-17T01:00,1,2,199,0,34010.0
2024-07-17T02:00,2,2,199,0,35606.0
2024-07-17T03:00,3,2,199,0,36665.0
2024-07-17T04:00,4,2,199,0,36824.0
2024-07-17T05:00,5,2,199,0,35620.0
2024-07-17T06:00,6,2,199,0,34441.0
2024-07-17T07:00,7,2,199,0,32292.0
2024-07-17T08:00,8,2,199,0,29614.0
2024-07-17T09:00,9,2,199,0,27998.0
2024-07-17T10:00,10,2,199,0,26611.0
2024-07-17T11:00,11,2,199,0,25399.0
2024-07-17T12:00,12,2,199,0,25033.0
2024-07-17T13:00,13,2,199,0,24859.0
2024-07-17T14:00,14,2,199,0,25317.0
2024-07-17T15:00,15,2,199,0,26575.0
2024-07-17T16:00,16,2,199,0,28099.0
2024-07-17T17:00,17,2,199,0,29656.0
2024-07-17T18:00,18,2,199,0,29621.0
2024-07-17T19:00,19,2,199,0,29801.0
2024-07-17T20:00,20,2,199,0,29363.0
2024-07-17T21:00,21,2,199,0,29335.0
2024-07-17T22:00,22,2,199,0,29458.0
2024-07-17T23:00,23,2,199,0,29707.0
2024-07-18T00:00,0,3,200,0,31962.0
2024-07-18T01:00,1,3,200,0,33989.0
2024-07-18T02:00,2,3,200,0,35886.0
2024-07-18T03:00,3,3,200,0,37114.0
2024-07-18T04:00,4,3,200,0,37026.0
2024-07-18T05:00,5,3,200,0,36231.0
2024-07-18T06:00,6,3,200,0,35099.0
2024-07-18T07:00,7,3,200,0,32783.0
2024-07-18T08:00,8,3,200,0,30387.0
2024-07-18T09:00,9,3,200,0,28763.0
2024-07-18T10:00,10,3,200,0,27387.0
2024-07-18T11:00,11,3,200,0,26195.0
2024-07-18T12:00,12,3,200,0,25740.0
2024-07-18T13:00,13,3,200,0,25397.0
2024-07-18T14:00,14,3,200,0,25888.0
2024-07-18T15:00,15,3,200,0,27166.0
2024-07-18T16:00,16,3,200,0,28886.0
2024-07-18T17:00,17,3,200,0,30933.0
2024-07-18T18:00,18,3,200,0,30696.0
2024-07-18T19:00,19,3,200,0,31873.0
2024-07-18T20:00,20,3,200,0,31745.0
2024-07-18T21:00,21,3,200,0,31371.0
2024-07-18T22:00,22,3,200,0,32200.0
2024-07-18T23:00,23,3,200,0,33657.0
2024-07-19T00:00,0,4,201,0,35156.0
2024-07-19T01:00,1,4,201,0,37009.0
2024-07-19T02:00,2,4,201,0,38363.0
2024-07-19T03:00,3,4,201,0,39279.0
2024-07-19T04:00,4,4,201,0,39015.0
2024-07-19T05:00,5,4,201,0,37949.0
2024-07-19T06:00,6,4,201,0,36733.0
2024-07-19T07:00,7,4,201,0,33835.0
2024-07-19T08:00,8,4,201,0,31249.0
2024-07-19T09:00,9,4,201,0,29930.0
2024-07-19T10:00,10,4,201,0,28833.0
2024-07-19T11:00,11,4,201,0,27856.0
2024-07-19T12:00,12,4,201,0,27001.0
2024-07-19T13:00,13,4,201,0,26714.0
2024-07-19T14:00,14,4,201,0,26285.0
2024-07-19T15:00,15,4,201,0,27007.0
2024-07-19T16:00,16,4,201,0,29427.0
2024-07-19T17:00,17,4,201,0,31236.0
2024-07-19T18:00,18,4,201,0,31562.0
2024-07-19T19:00,19,4,201,0,31557.0
2024-07-19T20:00,20,4,201,0,32129.0
2024-07-19T21:00,21,4,201,0,32600.0
2024-07-19T22:00,22,4,201,0,33989.0
2024-07-19T23:00,23,4,201,0,35790.0
2024-07-20T00:00,0,5,202,0,37950.0
2024-07-20T01:00,1,5,202,0,39304.0
2024-07-20T02:00,2,5,202,0,40674.0
2024-07-20T03:00,3,5,202,0,41418.0
2024-07-20T04:00,4,5,202,0,40882.0
2024-07-20T05:00,5,5,202,0,39544.0
2024-07-20T06:00,6,5,202,0,37905.0
2024-07-20T07:00,7,5,202,0,35218.0
2024-07-20T08:00,8,5,202,0,32498.0
2024-07-20T09:00,9,5,202,0,30523.0
2024-07-20T10:00,10,5,202,0,28501.0
2024-07-20T11:00,11,5,202,0,27145.0
2024-07-20T12:00,12,5,202,0,26017.0
2024-07-20T13:00,13,5,202,0,25443.0
2024-07-20T14:00,14,5,202,0,25301.0
2024-07-20T15:00,15,5,202,0,25713.0
2024-07-20T16:00,16,5,202,0,27666.0
2024-07-20T17:00,17,5,202,0,30052.0
2024-07-20T18:00,18,5,202,0,30616.0
2024-07-20T19:00,19,5,202,0,30809.0
2024-07-20T20:00,20,5,202,0,30591.0
2024-07-20T21:00,21,5,202,0,30918.0
2024-07-20T22:00,22,5,202,0,31503.0
2024-07-20T23:00,23,5,202,0,32918.0
2024-07-21T00:00,0,6,203,0,34691.0
2024-07-21T01:00,1,6,203,0,36118.0
2024-07-21T02:00,2,6,203,0,37905.0
2024-07-21T03:00,3,6,203,0,39059.0
2024-07-21T04:00,4,6,203,0,38872.0
2024-07-21T05:00,5,6,203,0,37658.0
2024-07-21T06:00,6,6,203,0,36140.0
2024-07-21T07:00,7,6,203,0,33694.0
2024-07-21T08:00,8,6,203,0,31424.0
2024-07-21T09:00,9,6,203,0,29536.0
2024-07-21T10:00,10,6,203,0,27579.0
2024-07-21T11:00,11,6,203,0,26169.0
2024-07-21T12:00,12,6,203,0,25224.0
2024-07-21T13:00,13,6,203,0,24442.0
2024-07-21T14:00,14,6,203,0,24555.0
2024-07-21T15:00,15,6,203,0,24223.0
2024-07-21T16:00,16,6,203,0,25648.0
2024-07-21T17:00,17,6,203,0,27891.0
2024-07-21T18:00,18,6,203,0,28336.0
2024-07-21T19:00,19,6,203,0,28442.0
2024-07-21T20:00,20,6,203,0,28047.0
2024-07-21T21:00,21,6,203,0,28345.0
2024-07-21T22:00,22,6,203,0,28935.0
2024-07-21T23:00,23,6,203,0,29778.0
2024-07-22T00:00,0,0,204,0,31366.0
2024-07-22T01:00,1,0,204,0,33241.0
2024-07-22T02:00,2,0,204,0,34999.0
2024-07-22T03:00,3,0,204,0,36651.0
2024-07-22T04:00,4,0,204,0,36766.0
2024-07-22T05:00,5,0,204,0,36006.0
2024-07-22T06:00,6,0,204,0,34840.0
2024-07-22T07:00,7,0,204,0,32550.0
2024-07-22T08:00,8,0,204,0,30043.0
2024-07-22T09:00,9,0,204,0,28486.0
2024-07-22T10:00,10,0,204,0,26721.0
2024-07-22T11:00,11,0,204,0,25751.0
2024-07-22T12:00,12,0,204,0,25279.0
2024-07-22T13:00,13,0,204,0,25183.0
2024-07-22T14:00,14,0,204,0,25963.0
2024-07-22T15:00,15,0,204,0,27354.0
2024-07-22T16:00,16,0,204,0,30360.0
2024-07-22T17:00,17,0,204,0,32403.0
2024-07-22T18:00,18,0,204,0,33363.0
2024-07-22T19:00,19,0,204,0,33926.0
2024-07-22T20:00,20,0,204,0,34038.0
2024-07-22T21:00,21,0,204,0,34801.0
2024-07-22T22:00,22,0,204,0,35972.0
2024-07-22T23:00,23,0,204,0,37332.0
2024-07-23T00:00,0,1,205,0,39587.0
2024-07-23T01:00,1,1,205,0,40955.0
2024-07-23T02:00,2,1,205,0,42682.0
2024-07-23T03:00,3,1,205,0,43010.0
2024-07-23T04:00,4,1,205,0,42390.0
2024-07-23T05:00,5,1,205,0,40959.0
2024-07-23T06:00,6,1,205,0,39303.0
2024-07-23T07:00,7,1,205,0,36070.0
2024-07-23T08:00,8,1,205,0,33092.0
2024-07-23T09:00,9,1,205,0,31061.0
2024-07-23T10:00,10,1,205,0,29275.0
2024-07-23T11:00,11,1,205,0,28447.0
2024-07-23T12:00,12,1,205,0,27780.0
2024-07-23T13:00,13,1,205,0,27642.0
2024-07-23T14:00,14,1,205,0,28122.0
2024-07-23T15:00,15,1,205,0,29217.0
2024-07-23T16:00,16,1,205,0,32532.0
2024-07-23T17:00,17,1,205,0,34989.0
2024-07-23T18:00,18,1,205,0,35634.0
2024-07-23T19:00,19,1,205,0,36423.0
2024-07-23T20:00,20,1,205,0,36591.0
2024-07-23T21:00,21,1,205,0,37308.0
2024-07-23T22:00,22,1,205,0,38298.0
2024-07-23T23:00,23,1,205,0,39856.0
2024-07-24T00:00,0,2,206,0,41576.0
2024-07-24T01:00,1,2,206,0,42877.0
2024-07-24T02:00,2,2,206,0,44094.0
2024-07-24T03:00,3,2,206,0,44561.0
2024-07-24T04:00,4,2,206,0,43536.0
2024-07-24T05:00,5,2,206,0,42297.0
2024-07-24T06:00,6,2,206,0,40730.0
2024-07-24T07:00,7,2,206,0,37838.0
2024-07-24T08:00,8,2,206,0,34868.0
2024-07-24T09:00,9,2,206,0,32523.0
2024-07-24T10:00,10,2,206,0,30917.0
2024-07-24T11:00,11,2,206,0,29491.0
2024-07-24T12:00,12,2,206,0,28872.0
2024-07-24T13:00,13,2,206,0,28124.0
2024-07-24T14:00,14,2,206,0,28298.0
2024-07-24T15:00,15,2,206,0,29679.0
2024-07-24T16:00,16,2,206,0,32690.0
2024-07-24T17:00,17,2,206,0,35053.0
2024-07-24T18:00,18,2,206,0,35893.0
2024-07-24T19:00,19,2,206,0,36956.0
2024-07-24T20:00,20,2,206,0,37353.0
2024-07-24T21:00,21,2,206,0,38129.0
2024-07-24T22:00,22,2,206,0,39951.0
2024-07-24T23:00,23,2,206,0,40638.0
2024-07-25T00:00,0,3,207,0,42275.0
2024-07-25T01:00,1,3,207,0,43091.0
2024-07-25T02:00,2,3,207,0,44152.0
2024-07-25T03:00,3,3,207,0,44673.0
2024-07-25T04:00,4,3,207,0,43425.0
2024-07-25T05:00,5,3,207,0,42231.0
2024-07-25T06:00,6,3,207,0,40692.0
2024-07-25T07:00,7,3,207,0,37649.0
2024-07-25T08:00,8,3,207,0,34544.0
2024-07-25T09:00,9,3,207,0,32314.0
2024-07-25T10:00,10,3,207,0,30520.0
2024-07-25T11:00,11,3,207,0,29399.0
2024-07-25T12:00,12,3,207,0,28561.0
2024-07-25T13:00,13,3,207,0,27947.0
2024-07-25T14:00,14,3,207,0,28381.0
2024-07-25T15:00,15,3,207,0,29029.0
2024-07-25T16:00,16,3,207,0,31963.0
2024-07-25T17:00,17,3,207,0,35150.0
2024-07-25T18:00,18,3,207,0,36118.0
2024-07-25T19:00,19,3,207,0,37766.0
2024-07-25T20:00,20,3,207,0,38122.0
2024-07-25T21:00,21,3,207,0,38301.0
2024-07-25T22:00,22,3,207,0,38800.0
2024-07-25T23:00,23,3,207,0,40058.0
2024-07-26T00:00,0,4,208,0,41505.0
2024-07-26T01:00,1,4,208,0,43126.0
2024-07-26T02:00,2,4,208,0,44232.0
2024-07-26T03:00,3,4,208,0,44727.0
2024-07-26T04:00,4,4,208,0,43584.0
2024-07-26T05:00,5,4,208,0,41832.0
2024-07-26T06:00,6,4,208,0,40094.0
2024-07-26T07:00,7,4,208,0,37021.0
2024-07-26T08:00,8,4,208,0,34021.0
2024-07-26T09:00,9,4,208,0,31875.0
2024-07-26T10:00,10,4,208,0,30125.0
2024-07-26T11:00,11,4,208,0,29034.0
2024-07-26T12:00,12,4,208,0,28297.0
2024-07-26T13:00,13,4,208,0,28006.0
2024-07-26T14:00,14,4,208,0,27832.0
2024-07-26T15:00,15,4,208,0,28618.0
2024-07-26T16:00,16,4,208,0,30760.0
2024-07-26T17:00,17,4,208,0,33417.0
2024-07-26T18:00,18,4,208,0,33760.0
2024-07-26T19:00,19,4,208,0,34246.0
2024-07-26T20:00,20,4,208,0,34357.0
2024-07-26T21:00,21,4,208,0,35002.0
2024-07-26T22:00,22,4,208,0,35949.0
2024-07-26T23:00,23,4,208,0,36899.0
2024-07-27T00:00,0,5,209,0,38140.0
2024-07-27T01:00,1,5,209,0,39031.0
2024-07-27T02:00,2,5,209,0,39733.0
2024-07-27T03:00,3,5,209,0,40013.0
2024-07-27T04:00,4,5,209,0,38959.0
2024-07-27T05:00,5,5,209,0,37374.0
2024-07-27T06:00,6,5,209,0,35814.0
2024-07-27T07:00,7,5,209,0,33363.0
2024-07-27T08:00,8,5,209,0,30733.0
2024-07-27T09:00,9,5,209,0,29011.0
2024-07-27T10:00,10,5,209,0,27318.0
2024-07-27T11:00,11,5,209,0,26006.0
2024-07-27T12:00,12,5,209,0,25021.0
2024-07-27T13:00,13,5,209,0,24381.0
2024-07-27T14:00,14,5,209,0,24275.0
2024-07-27T15:00,15,5,209,0,24117.0
2024-07-27T16:00,16,5,209,0,25244.0
2024-07-27T17:00,17,5,209,0,27949.0
2024-07-27T18:00,18,5,209,0,28490.0
2024-07-27T19:00,19,5,209,0,27965.0
2024-07-27T20:00,20,5,209,0,28197.0
2024-07-27T21:00,21,5,209,0,27121.0
2024-07-27T22:00,22,5,209,0,26795.0
2024-07-27T23:00,23,5,209,0,26738.0
2024-07-28T00:00,0,6,210,0,28062.0
2024-07-28T01:00,1,6,210,0,29448.0
2024-07-28T02:00,2,6,210,0,31182.0
2024-07-28T03:00,3,6,210,0,32202.0
2024-07-28T04:00,4,6,210,0,32220.0
2024-07-28T05:00,5,6,210,0,31722.0
2024-07-28T06:00,6,6,210,0,30898.0
2024-07-28T07:00,7,6,210,0,29076.0
2024-07-28T08:00,8,6,210,0,27367.0
2024-07-28T09:00,9,6,210,0,25944.0
2024-07-28T10:00,10,6,210,0,24731.0
2024-07-28T11:00,11,6,210,0,23692.0
2024-07-28T12:00,12,6,210,0,22843.0
2024-07-28T13:00,13,6,210,0,22760.0
2024-07-28T14:00,14,6,210,0,22837.0
2024-07-28T15:00,15,6,210,0,22692.0
2024-07-28T16:00,16,6,210,0,24195.0
2024-07-28T17:00,17,6,210,0,25632.0
2024-07-28T18:00,18,6,210,0,25496.0
2024-07-28T19:00,19,6,210,0,25210.0
2024-07-28T20:00,20,6,210,0,24588.0
2024-07-28T21:00,21,6,210,0,24298.0
2024-07-28T22:00,22,6,210,0,24091.0
2024-07-28T23:00,23,6,210,0,24489.0
2024-07-29T00:00,0,0,211,0,25962.0
2024-07-29T01:00,1,0,211,0,28167.0
2024-07-29T02:00,2,0,211,0,30634.0
2024-07-29T03:00,3,0,211,0,32182.0
2024-07-29T04:00,4,0,211,0,32379.0
2024-07-29T05:00,5,0,211,0,31927.0
2024-07-29T06:00,6,0,211,0,30892.0
2024-07-29T07:00,7,0,211,0,28927.0
2024-07-29T08:00,8,0,211,0,27064.0
2024-07-29T09:00,9,0,211,0,25781.0
2024-07-29T10:00,10,0,211,0,24525.0
2024-07-29T11:00,11,0,211,0,23575.0
2024-07-29T12:00,12,0,211,0,22853.0
2024-07-29T13:00,13,0,211,0,23039.0
2024-07-29T14:00,14,0,211,0,24027.0
2024-07-29T15:00,15,0,211,0,25044.0
2024-07-29T16:00,16,0,211,0,26986.0
2024-07-29T17:00,17,0,211,0,29438.0
2024-07-29T18:00,18,0,211,0,29703.0
2024-07-29T19:00,19,0,211,0,29658.0
2024-07-29T20:00,20,0,211,0,29107.0
2024-07-29T21:00,21,0,211,0,28805.0
2024-07-29T22:00,22,0,211,0,28562.0
2024-07-29T23:00,23,0,211,0,29291.0
2024-07-30T00:00,0,1,212,0,31086.0
2024-07-30T01:00,1,1,212,0,32615.0
2024-07-30T02:00,2,1,212,0,34260.0
2024-07-30T03:00,3,1,212,0,35321.0
2024-07-30T04:00,4,1,212,0,35111.0
2024-07-30T05:00,5,1,212,0,34274.0
2024-07-30T06:00,6,1,212,0,33199.0
2024-07-30T07:00,7,1,212,0,31168.0
2024-07-30T08:00,8,1,212,0,29077.0
2024-07-30T09:00,9,1,212,0,27000.0
2024-07-30T10:00,10,1,212,0,25736.0
2024-07-30T11:00,11,1,212,0,24607.0
2024-07-30T12:00,12,1,212,0,24061.0
2024-07-30T13:00,13,1,212,0,24072.0
2024-07-30T14:00,14,1,212,0,24945.0
2024-07-30T15:00,15,1,212,0,25861.0
2024-07-30T16:00,16,1,212,0,27301.0
2024-07-30T17:00,17,1,212,0,29958.0
2024-07-30T18:00,18,1,212,0,30525.0
2024-07-30T19:00,19,1,212,0,30040.0
2024-07-30T20:00,20,1,212,0,30212.0
2024-07-30T21:00,21,1,212,0,29756.0
2024-07-30T22:00,22,1,212,0,29495.0
2024-07-30T23:00,23,1,212,0,30457.0
2024-07-31T00:00,0,2,213,0,31940.0
2024-07-31T01:00,1,2,213,0,33681.0
2024-07-31T02:00,2,2,213,0,35067.0
2024-07-31T03:00,3,2,213,0,36115.0
2024-07-31T04:00,4,2,213,0,35781.0
2024-07-31T05:00,5,2,213,0,34902.0
2024-07-31T06:00,6,2,213,0,33738.0
2024-07-31T07:00,7,2,213,0,31424.0
2024-07-31T08:00,8,2,213,0,29325.0
2024-07-31T09:00,9,2,213,0,27670.0
2024-07-31T10:00,10,2,213,0,26085.0
2024-07-31T11:00,11,2,213,0,25115.0
2024-07-31T12:00,12,2,213,0,24415.0
2024-07-31T13:00,13,2,213,0,24327.0
2024-07-31T14:00,14,2,213,0,24976.0
2024-07-31T15:00,15,2,213,0,25923.0
2024-07-31T16:00,16,2,213,0,28319.0
2024-07-31T17:00,17,2,213,0,30879.0
2024-07-31T18:00,18,2,213,0,31278.0
2024-07-31T19:00,19,2,213,0,31098.0
2024-07-31T20:00,20,2,213,0,30985.0
2024-07-31T21:00,21,2,213,0,30847.0
2024-07-31T22:00,22,2,213,0,31444.0
2024-07-31T23:00,23,2,213,0,32104.0
2024-08-01T00:00,0,3,214,0,33920.0
2024-08-01T01:00,1,3,214,0,35329.0
2024-08-01T02:00,2,3,214,0,37120.0
2024-08-01T03:00,3,3,214,0,38344.0
2024-08-01T04:00,4,3,214,0,38019.0
2024-08-01T05:00,5,3,214,0,36967.0
2024-08-01T06:00,6,3,214,0,35172.0
2024-08-01T07:00,7,3,214,0,32727.0
2024-08-01T08:00,8,3,214,0,30202.0
2024-08-01T09:00,9,3,214,0,28604.0
2024-08-01T10:00,10,3,214,0,27121.0
2024-08-01T11:00,11,3,214,0,25970.0
2024-08-01T12:00,12,3,214,0,25381.0
2024-08-01T13:00,13,3,214,0,25402.0
2024-08-01T14:00,14,3,214,0,25882.0
2024-08-01T15:00,15,3,214,0,26600.0
2024-08-01T16:00,16,3,214,0,28533.0
2024-08-01T17:00,17,3,214,0,31290.0
2024-08-01T18:00,18,3,214,0,32088.0
2024-08-01T19:00,19,3,214,0,31746.0
2024-08-01T20:00,20,3,214,0,32252.0
2024-08-01T21:00,21,3,214,0,31925.0
2024-08-01T22:00,22,3,214,0,32303.0
2024-08-01T23:00,23,3,214,0,33141.0
2024-08-02T00:00,0,4,215,0,35581.0
2024-08-02T01:00,1,4,215,0,37351.0
2024-08-02T02:00,2,4,215,0,38690.0
2024-08-02T03:00,3,4,215,0,39147.0
2024-08-02T04:00,4,4,215,0,38409.0
2024-08-02T05:00,5,4,215,0,37488.0
2024-08-02T06:00,6,4,215,0,36104.0
2024-08-02T07:00,7,4,215,0,33586.0
2024-08-02T08:00,8,4,215,0,31024.0
2024-08-02T09:00,9,4,215,0,29101.0
2024-08-02T10:00,10,4,215,0,27615.0
2024-08-02T11:00,11,4,215,0,26980.0
2024-08-02T12:00,12,4,215,0,26456.0
2024-08-02T13:00,13,4,215,0,25923.0
2024-08-02T14:00,14,4,215,0,26249.0
2024-08-02T15:00,15,4,215,0,27292.0
2024-08-02T16:00,16,4,215,0,29023.0
2024-08-02T17:00,17,4,215,0,31346.0
2024-08-02T18:00,18,4,215,0,31791.0
2024-08-02T19:00,19,4,215,0,33033.0
2024-08-02T20:00,20,4,215,0,34074.0
2024-08-02T21:00,21,4,215,0,35720.0
2024-08-02T22:00,22,4,215,0,36608.0
2024-08-02T23:00,23,4,215,0,37881.0
2024-08-03T00:00,0,5,216,0,39628.0
2024-08-03T01:00,1,5,216,0,40560.0
2024-08-03T02:00,2,5,216,0,40473.0
2024-08-03T03:00,3,5,216,0,39852.0
2024-08-03T04:00,4,5,216,0,38255.0
2024-08-03T05:00,5,5,216,0,37510.0
2024-08-03T06:00,6,5,216,0,36262.0
2024-08-03T07:00,7,5,216,0,33793.0
2024-08-03T08:00,8,5,216,0,31572.0
2024-08-03T09:00,9,5,216,0,29541.0
2024-08-03T10:00,10,5,216,0,27996.0
2024-08-03T11:00,11,5,216,0,26593.0
2024-08-03T12:00,12,5,216,0,25992.0
2024-08-03T13:00,13,5,216,0,25228.0
2024-08-03T14:00,14,5,216,0,25064.0
2024-08-03T15:00,15,5,216,0,25232.0
2024-08-03T16:00,16,5,216,0,27850.0
2024-08-03T17:00,17,5,216,0,30075.0
2024-08-03T18:00,18,5,216,0,30583.0
2024-08-03T19:00,19,5,216,0,31161.0
2024-08-03T20:00,20,5,216,0,31103.0
2024-08-03T21:00,21,5,216,0,31196.0
2024-08-03T22:00,22,5,216,0,32126.0
2024-08-03T23:00,23,5,216,0,33361.0
2024-08-04T00:00,0,6,217,0,35807.0
2024-08-04T01:00,1,6,217,0,37281.0
2024-08-04T02:00,2,6,217,0,38807.0
2024-08-04T03:00,3,6,217,0,39811.0
2024-08-04T04:00,4,6,217,0,39023.0
2024-08-04T05:00,5,6,217,0,37649.0
2024-08-04T06:00,6,6,217,0,35947.0
2024-08-04T07:00,7,6,217,0,33449.0
2024-08-04T08:00,8,6,217,0,31004.0
2024-08-04T09:00,9,6,217,0,28701.0
2024-08-04T10:00,10,6,217,0,27121.0
2024-08-04T11:00,11,6,217,0,25549.0
2024-08-04T12:00,12,6,217,0,24412.0
2024-08-04T13:00,13,6,217,0,24032.0
2024-08-04T14:00,14,6,217,0,24122.0
2024-08-04T15:00,15,6,217,0,23679.0
2024-08-04T16:00,16,6,217,0,26283.0
2024-08-04T17:00,17,6,217,0,28252.0
2024-08-04T18:00,18,6,217,0,27858.0
2024-08-04T19:00,19,6,217,0,27593.0
2024-08-04T20:00,20,6,217,0,27499.0
2024-08-04T21:00,21,6,217,0,28481.0
2024-08-04T22:00,22,6,217,0,29522.0
2024-08-04T23:00,23,6,217,0,31699.0
2024-08-05T00:00,0,0,218,0,34086.0
2024-08-05T01:00,1,0,218,0,36125.0
2024-08-05T02:00,2,0,218,0,38096.0
2024-08-05T03:00,3,0,218,0,39125.0
2024-08-05T04:00,4,0,218,0,38589.0
2024-08-05T05:00,5,0,218,0,37345.0
2024-08-05T06:00,6,0,218,0,35900.0
2024-08-05T07:00,7,0,218,0,33310.0
2024-08-05T08:00,8,0,218,0,30708.0
2024-08-05T09:00,9,0,218,0,29076.0
2024-08-05T10:00,10,0,218,0,27675.0
2024-08-05T11:00,11,0,218,0,27036.0
2024-08-05T12:00,12,0,218,0,26538.0
2024-08-05T13:00,13,0,218,0,25935.0
2024-08-05T14:00,14,0,218,0,25707.0
2024-08-05T15:00,15,0,218,0,27042.0
2024-08-05T16:00,16,0,218,0,30465.0
2024-08-05T17:00,17,0,218,0,33589.0
2024-08-05T18:00,18,0,218,0,33504.0
2024-08-05T19:00,19,0,218,0,33910.0
2024-08-05T20:00,20,0,218,0,33955.0
2024-08-05T21:00,21,0,218,0,34368.0
2024-08-05T22:00,22,0,218,0,35743.0
2024-08-05T23:00,23,0,218,0,37038.0
2024-08-06T00:00,0,1,219,0,39279.0
2024-08-06T01:00,1,1,219,0,40299.0
2024-08-06T02:00,2,1,219,0,41888.0
2024-08-06T03:00,3,1,219,0,42281.0
2024-08-06T04:00,4,1,219,0,41181.0
2024-08-06T05:00,5,1,219,0,39787.0
2024-08-06T06:00,6,1,219,0,37878.0
2024-08-06T07:00,7,1,219,0,34986.0
2024-08-06T08:00,8,1,219,0,32194.0
2024-08-06T09:00,9,1,219,0,30262.0
2024-08-06T10:00,10,1,219,0,29359.0
2024-08-06T11:00,11,1,219,0,28294.0
2024-08-06T12:00,12,1,219,0,27180.0
2024-08-06T13:00,13,1,219,0,26809.0
2024-08-06T14:00,14,1,219,0,27099.0
2024-08-06T15:00,15,1,219,0,27681.0
2024-08-06T16:00,16,1,219,0,30412.0
2024-08-06T17:00,17,1,219,0,32070.0
2024-08-06T18:00,18,1,219,0,32703.0
2024-08-06T19:00,19,1,219,0,33391.0
2024-08-06T20:00,20,1,219,0,33811.0
2024-08-06T21:00,21,1,219,0,34729.0
2024-08-06T22:00,22,1,219,0,35588.0
2024-08-06T23:00,23,1,219,0,37467.0
2024-08-07T00:00,0,2,220,0,39691.0
2024-08-07T01:00,1,2,220,0,41350.0
2024-08-07T02:00,2,2,220,0,42701.0
2024-08-07T03:00,3,2,220,0,43106.0
2024-08-07T04:00,4,2,220,0,42142.0
2024-08-07T05:00,5,2,220,0,40948.0
2024-08-07T06:00,6,2,220,0,38973.0
2024-08-07T07:00,7,2,220,0,35938.0
2024-08-07T08:00,8,2,220,0,33071.0
2024-08-07T09:00,9,2,220,0,30913.0
2024-08-07T10:00,10,2,220,0,28889.0
2024-08-07T11:00,11,2,220,0,27383.0
2024-08-07T12:00,12,2,220,0,26816.0
2024-08-07T13:00,13,2,220,0,27065.0
2024-08-07T14:00,14,2,220,0,27851.0
2024-08-07T15:00,15,2,220,0,28203.0
2024-08-07T16:00,16,2,220,0,30400.0
2024-08-07T17:00,17,2,220,0,33409.0
2024-08-07T18:00,18,2,220,0,34386.0
2024-08-07T19:00,19,2,220,0,34945.0
2024-08-07T20:00,20,2,220,0,35342.0
2024-08-07T21:00,21,2,220,0,35797.0
2024-08-07T22:00,22,2,220,0,36482.0
2024-08-07T23:00,23,2,220,0,37480.0
2024-08-08T00:00,0,3,221,0,39268.0
2024-08-08T01:00,1,3,221,0,39851.0
2024-08-08T02:00,2,3,221,0,40460.0
2024-08-08T03:00,3,3,221,0,40645.0
2024-08-08T04:00,4,3,221,0,39814.0
2024-08-08T05:00,5,3,221,0,38728.0
2024-08-08T06:00,6,3,221,0,37072.0
2024-08-08T07:00,7,3,221,0,34363.0
2024-08-08T08:00,8,3,221,0,31702.0
2024-08-08T09:00,9,3,221,0,29518.0
2024-08-08T10:00,10,3,221,0,27824.0
2024-08-08T11:00,11,3,221,0,26510.0
2024-08-08T12:00,12,3,221,0,25762.0
2024-08-08T13:00,13,3,221,0,25652.0
2024-08-08T14:00,14,3,221,0,26143.0
2024-08-08T15:00,15,3,221,0,27288.0
2024-08-08T16:00,16,3,221,0,29174.0
2024-08-08T17:00,17,3,221,0,31183.0
2024-08-08T18:00,18,3,221,0,31714.0
2024-08-08T19:00,19,3,221,0,32100.0
2024-08-08T20:00,20,3,221,0,32364.0
2024-08-08T21:00,21,3,221,0,32369.0
2024-08-08T22:00,22,3,221,0,32230.0
2024-08-08T23:00,23,3,221,0,33492.0
2024-08-09T00:00,0,4,222,0,35008.0
2024-08-09T01:00,1,4,222,0,36423.0
2024-08-09T02:00,2,4,222,0,38158.0
2024-08-09T03:00,3,4,222,0,39153.0
2024-08-09T04:00,4,4,222,0,38584.0
2024-08-09T05:00,5,4,222,0,37613.0
2024-08-09T06:00,6,4,222,0,36031.0
2024-08-09T07:00,7,4,222,0,33581.0
2024-08-09T08:00,8,4,222,0,30966.0
2024-08-09T09:00,9,4,222,0,29242.0
2024-08-09T10:00,10,4,222,0,27612.0
2024-08-09T11:00,11,4,222,0,26354.0
2024-08-09T12:00,12,4,222,0,25734.0
2024-08-09T13:00,13,4,222,0,25271.0
2024-08-09T14:00,14,4,222,0,25810.0
2024-08-09T15:00,15,4,222,0,26809.0
2024-08-09T16:00,16,4,222,0,28561.0
2024-08-09T17:00,17,4,222,0,30531.0
2024-08-09T18:00,18,4,222,0,31639.0
2024-08-09T19:00,19,4,222,0,32034.0
2024-08-09T20:00,20,4,222,0,32535.0
2024-08-09T21:00,21,4,222,0,32979.0
2024-08-09T22:00,22,4,222,0,33611.0
2024-08-09T23:00,23,4,222,0,34783.0
2024-08-10T00:00,0,5,223,0,36414.0
2024-08-10T01:00,1,5,223,0,38201.0
2024-08-10T02:00,2,5,223,0,39416.0
2024-08-10T03:00,3,5,223,0,39492.0
2024-08-10T04:00,4,5,223,0,38437.0
2024-08-10T05:00,5,5,223,0,37172.0
2024-08-10T06:00,6,5,223,0,35480.0
2024-08-10T07:00,7,5,223,0,33115.0
2024-08-10T08:00,8,5,223,0,30930.0
2024-08-10T09:00,9,5,223,0,28975.0
2024-08-10T10:00,10,5,223,0,27231.0
2024-08-10T11:00,11,5,223,0,25725.0
2024-08-10T12:00,12,5,223,0,24791.0
2024-08-10T13:00,13,5,223,0,24275.0
2024-08-10T14:00,14,5,223,0,24353.0
2024-08-10T15:00,15,5,223,0,24532.0
2024-08-10T16:00,16,5,223,0,26135.0
2024-08-10T17:00,17,5,223,0,28482.0
2024-08-10T18:00,18,5,223,0,28841.0
2024-08-10T19:00,19,5,223,0,28723.0
2024-08-10T20:00,20,5,223,0,28374.0
2024-08-10T21:00,21,5,223,0,28800.0
2024-08-10T22:00,22,5,223,0,29718.0
2024-08-10T23:00,23,5,223,0,31405.0
2024-08-11T00:00,0,6,224,0,33897.0
2024-08-11T01:00,1,6,224,0,35761.0
2024-08-11T02:00,2,6,224,0,37309.0
2024-08-11T03:00,3,6,224,0,38175.0
2024-08-11T04:00,4,6,224,0,37569.0
2024-08-11T05:00,5,6,224,0,36395.0
2024-08-11T06:00,6,6,224,0,34985.0
2024-08-11T07:00,7,6,224,0,32675.0
2024-08-11T08:00,8,6,224,0,30733.0
2024-08-11T09:00,9,6,224,0,28898.0
2024-08-11T10:00,10,6,224,0,27195.0
2024-08-11T11:00,11,6,224,0,25775.0
2024-08-11T12:00,12,6,224,0,25021.0
2024-08-11T13:00,13,6,224,0,24369.0
2024-08-11T14:00,14,6,224,0,24051.0
2024-08-11T15:00,15,6,224,0,24038.0
2024-08-11T16:00,16,6,224,0,25132.0
2024-08-11T17:00,17,6,224,0,28421.0
2024-08-11T18:00,18,6,224,0,29069.0
2024-08-11T19:00,19,6,224,0,29266.0
2024-08-11T20:00,20,6,224,0,29592.0
2024-08-11T21:00,21,6,224,0,29460.0
2024-08-11T22:00,22,6,224,0,29949.0
2024-08-11T23:00,23,6,224,0,31348.0
2024-08-12T00:00,0,0,225,0,33582.0
2024-08-12T01:00,1,0,225,0,34927.0
2024-08-12T02:00,2,0,225,0,36205.0
2024-08-12T03:00,3,0,225,0,36678.0
2024-08-12T04:00,4,0,225,0,36548.0
2024-08-12T05:00,5,0,225,0,35907.0
2024-08-12T06:00,6,0,225,0,34695.0
2024-08-12T07:00,7,0,225,0,32411.0
2024-08-12T08:00,8,0,225,0,30328.0
2024-08-12T09:00,9,0,225,0,28582.0
2024-08-12T10:00,10,0,225,0,26795.0
2024-08-12T11:00,11,0,225,0,25703.0
2024-08-12T12:00,12,0,225,0,25121.0
2024-08-12T13:00,13,0,225,0,25051.0
2024-08-12T14:00,14,0,225,0,25691.0
2024-08-12T15:00,15,0,225,0,27059.0
2024-08-12T16:00,16,0,225,0,29529.0
2024-08-12T17:00,17,0,225,0,32502.0
2024-08-12T18:00,18,0,225,0,33915.0
2024-08-12T19:00,19,0,225,0,33452.0
2024-08-12T20:00,20,0,225,0,33788.0
2024-08-12T21:00,21,0,225,0,34010.0
2024-08-12T22:00,22,0,225,0,34661.0
2024-08-12T23:00,23,0,225,0,35685.0
2024-08-13T00:00,0,1,226,0,36784.0
2024-08-13T01:00,1,1,226,0,38719.0
2024-08-13T02:00,2,1,226,0,39249.0
2024-08-13T03:00,3,1,226,0,39109.0
2024-08-13T04:00,4,1,226,0,38466.0
2024-08-13T05:00,5,1,226,0,37311.0
2024-08-13T06:00,6,1,226,0,35623.0
2024-08-13T07:00,7,1,226,0,32871.0
2024-08-13T08:00,8,1,226,0,30594.0
2024-08-13T09:00,9,1,226,0,28331.0
2024-08-13T10:00,10,1,226,0,26797.0
2024-08-13T11:00,11,1,226,0,25777.0
2024-08-13T12:00,12,1,226,0,25145.0
2024-08-13T13:00,13,1,226,0,25010.0
2024-08-13T14:00,14,1,226,0,25717.0
2024-08-13T15:00,15,1,226,0,26950.0
2024-08-13T16:00,16,1,226,0,29227.0
2024-08-13T17:00,17,1,226,0,31568.0
2024-08-13T18:00,18,1,226,0,32421.0
2024-08-13T19:00,19,1,226,0,32211.0
2024-08-13T20:00,20,1,226,0,32458.0
2024-08-13T21:00,21,1,226,0,32654.0
2024-08-13T22:00,22,1,226,0,32917.0
2024-08-13T23:00,23,1,226,0,33277.0
2024-08-14T00:00,0,2,227,0,35209.0
2024-08-14T01:00,1,2,227,0,36639.0
2024-08-14T02:00,2,2,227,0,38136.0
2024-08-14T03:00,3,2,227,0,38677.0
2024-08-14T04:00,4,2,227,0,38033.0
2024-08-14T05:00,5,2,227,0,36874.0
2024-08-14T06:00,6,2,227,0,35233.0
2024-08-14T07:00,7,2,227,0,32539.0
2024-08-14T08:00,8,2,227,0,30234.0
2024-08-14T09:00,9,2,227,0,28558.0
2024-08-14T10:00,10,2,227,0,26640.0
2024-08-14T11:00,11,2,227,0,25692.0
2024-08-14T12:00,12,2,227,0,25095.0
2024-08-14T13:00,13,2,227,0,24831.0
2024-08-14T14:00,14,2,227,0,25304.0
2024-08-14T15:00,15,2,227,0,26691.0
2024-08-14T16:00,16,2,227,0,28803.0
2024-08-14T17:00,17,2,227,0,31783.0
2024-08-14T18:00,18,2,227,0,32029.0
2024-08-14T19:00,19,2,227,0,31765.0
2024-08-14T20:00,20,2,227,0,32085.0
2024-08-14T21:00,21,2,227,0,32026.0
2024-08-14T22:00,22,2,227,0,32362.0
2024-08-14T23:00,23,2,227,0,33057.0
2024-08-15T00:00,0,3,228,0,35288.0
2024-08-15T01:00,1,3,228,0,37104.0
2024-08-15T02:00,2,3,228,0,38615.0
2024-08-15T03:00,3,3,228,0,39009.0
2024-08-15T04:00,4,3,228,0,38224.0
2024-08-15T05:00,5,3,228,0,37204.0
2024-08-15T06:00,6,3,228,0,35520.0
2024-08-15T07:00,7,3,228,0,32775.0
2024-08-15T08:00,8,3,228,0,30223.0
2024-08-15T09:00,9,3,228,0,28662.0
2024-08-15T10:00,10,3,228,0,27068.0
2024-08-15T11:00,11,3,228,0,26003.0
2024-08-15T12:00,12,3,228,0,25480.0
2024-08-15T13:00,13,3,228,0,25263.0
2024-08-15T14:00,14,3,228,0,25770.0
2024-08-15T15:00,15,3,228,0,27115.0
2024-08-15T16:00,16,3,228,0,29572.0
2024-08-15T17:00,17,3,228,0,32394.0
2024-08-15T18:00,18,3,228,0,32825.0
2024-08-15T19:00,19,3,228,0,32330.0
2024-08-15T20:00,20,3,228,0,32209.0
2024-08-15T21:00,21,3,228,0,31968.0
2024-08-15T22:00,22,3,228,0,32500.0
2024-08-15T23:00,23,3,228,0,33229.0
2024-08-16T00:00,0,4,229,0,35237.0
2024-08-16T01:00,1,4,229,0,37451.0
2024-08-16T02:00,2,4,229,0,39056.0
2024-08-16T03:00,3,4,229,0,39628.0
2024-08-16T04:00,4,4,229,0,38853.0
2024-08-16T05:00,5,4,229,0,37635.0
2024-08-16T06:00,6,4,229,0,36009.0
2024-08-16T07:00,7,4,229,0,33381.0
2024-08-16T08:00,8,4,229,0,30851.0
2024-08-16T09:00,9,4,229,0,28874.0
2024-08-16T10:00,10,4,229,0,27077.0
2024-08-16T11:00,11,4,229,0,25453.0
2024-08-16T12:00,12,4,229,0,25008.0
2024-08-16T13:00,13,4,229,0,25182.0
2024-08-16T14:00,14,4,229,0,25322.0
2024-08-16T15:00,15,4,229,0,26658.0
2024-08-16T16:00,16,4,229,0,29094.0
2024-08-16T17:00,17,4,229,0,32238.0
2024-08-16T18:00,18,4,229,0,33133.0
2024-08-16T19:00,19,4,229,0,33322.0
2024-08-16T20:00,20,4,229,0,32410.0
2024-08-16T21:00,21,4,229,0,32361.0
2024-08-16T22:00,22,4,229,0,32849.0
2024-08-16T23:00,23,4,229,0,33799.0
2024-08-17T00:00,0,5,230,0,35864.0
2024-08-17T01:00,1,5,230,0,37901.0
2024-08-17T02:00,2,5,230,0,39105.0
2024-08-17T03:00,3,5,230,0,38920.0
2024-08-17T04:00,4,5,230,0,37900.0
2024-08-17T05:00,5,5,230,0,36687.0
2024-08-17T06:00,6,5,230,0,35042.0
2024-08-17T07:00,7,5,230,0,32704.0
2024-08-17T08:00,8,5,230,0,30359.0
2024-08-17T09:00,9,5,230,0,28880.0
2024-08-17T10:00,10,5,230,0,27223.0
2024-08-17T11:00,11,5,230,0,25861.0
2024-08-17T12:00,12,5,230,0,25043.0
2024-08-17T13:00,13,5,230,0,24664.0
2024-08-17T14:00,14,5,230,0,24533.0
2024-08-17T15:00,15,5,230,0,24812.0
2024-08-17T16:00,16,5,230,0,26219.0
2024-08-17T17:00,17,5,230,0,28096.0
2024-08-17T18:00,18,5,230,0,28581.0
2024-08-17T19:00,19,5,230,0,28780.0
2024-08-17T20:00,20,5,230,0,28864.0
2024-08-17T21:00,21,5,230,0,28859.0
2024-08-17T22:00,22,5,230,0,27993.0
2024-08-17T23:00,23,5,230,0,28261.0
2024-08-18T00:00,0,6,231,0,29694.0
2024-08-18T01:00,1,6,231,0,31365.0
2024-08-18T02:00,2,6,231,0,32567.0
2024-08-18T03:00,3,6,231,0,33347.0
2024-08-18T04:00,4,6,231,0,32999.0
2024-08-18T05:00,5,6,231,0,32434.0
2024-08-18T06:00,6,6,231,0,31333.0
2024-08-18T07:00,7,6,231,0,29503.0
2024-08-18T08:00,8,6,231,0,27563.0
2024-08-18T09:00,9,6,231,0,26257.0
2024-08-18T10:00,10,6,231,0,24913.0
2024-08-18T11:00,11,6,231,0,23863.0
2024-08-18T12:00,12,6,231,0,23314.0
2024-08-18T13:00,13,6,231,0,23047.0
2024-08-18T14:00,14,6,231,0,23181.0
2024-08-18T15:00,15,6,231,0,23025.0
2024-08-18T16:00,16,6,231,0,23711.0
2024-08-18T17:00,17,6,231,0,26215.0
2024-08-18T18:00,18,6,231,0,26090.0
2024-08-18T19:00,19,6,231,0,25711.0
2024-08-18T20:00,20,6,231,0,25464.0
2024-08-18T21:00,21,6,231,0,25678.0
2024-08-18T22:00,22,6,231,0,25367.0
2024-08-18T23:00,23,6,231,0,26291.0
2024-08-19T00:00,0,0,232,0,28991.0
2024-08-19T01:00,1,0,232,0,30725.0
2024-08-19T02:00,2,0,232,0,32808.0
2024-08-19T03:00,3,0,232,0,34125.0
2024-08-19T04:00,4,0,232,0,33820.0
2024-08-19T05:00,5,0,232,0,33219.0
2024-08-19T06:00,6,0,232,0,32063.0
2024-08-19T07:00,7,0,232,0,29915.0
2024-08-19T08:00,8,0,232,0,27637.0
2024-08-19T09:00,9,0,232,0,26302.0
2024-08-19T10:00,10,0,232,0,25150.0
2024-08-19T11:00,11,0,232,0,24517.0
2024-08-19T12:00,12,0,232,0,23815.0
2024-08-19T13:00,13,0,232,0,24083.0
2024-08-19T14:00,14,0,232,0,24838.0
2024-08-19T15:00,15,0,232,0,26411.0
2024-08-19T16:00,16,0,232,0,28122.0
2024-08-19T17:00,17,0,232,0,30892.0
2024-08-19T18:00,18,0,232,0,31428.0
2024-08-19T19:00,19,0,232,0,31316.0
2024-08-19T20:00,20,0,232,0,30928.0
2024-08-19T21:00,21,0,232,0,30858.0
2024-08-19T22:00,22,0,232,0,31865.0
2024-08-19T23:00,23,0,232,0,33291.0
2024-08-20T00:00,0,1,233,0,34995.0
2024-08-20T01:00,1,1,233,0,36987.0
2024-08-20T02:00,2,1,233,0,38485.0
2024-08-20T03:00,3,1,233,0,39298.0
2024-08-20T04:00,4,1,233,0,38252.0
2024-08-20T05:00,5,1,233,0,36967.0
2024-08-20T06:00,6,1,233,0,35093.0
2024-08-20T07:00,7,1,233,0,32413.0
2024-08-20T08:00,8,1,233,0,29836.0
2024-08-20T09:00,9,1,233,0,28247.0
2024-08-20T10:00,10,1,233,0,26702.0
2024-08-20T11:00,11,1,233,0,25658.0
2024-08-20T12:00,12,1,233,0,24893.0
2024-08-20T13:00,13,1,233,0,24379.0
2024-08-20T14:00,14,1,233,0,24639.0
2024-08-20T15:00,15,1,233,0,25441.0
2024-08-20T16:00,16,1,233,0,27628.0
2024-08-20T17:00,17,1,233,0,30709.0
2024-08-20T18:00,18,1,233,0,30937.0
2024-08-20T19:00,19,1,233,0,30919.0
2024-08-20T20:00,20,1,233,0,30472.0
2024-08-20T21:00,21,1,233,0,30669.0
2024-08-20T22:00,22,1,233,0,32079.0
2024-08-20T23:00,23,1,233,0,33447.0
2024-08-21T00:00,0,2,234,0,35822.0
2024-08-21T01:00,1,2,234,0,37731.0
2024-08-21T02:00,2,2,234,0,39651.0
2024-08-21T03:00,3,2,234,0,40120.0
2024-08-21T04:00,4,2,234,0,38965.0
2024-08-21T05:00,5,2,234,0,37434.0
2024-08-21T06:00,6,2,234,0,35407.0
2024-08-21T07:00,7,2,234,0,32360.0
2024-08-21T08:00,8,2,234,0,29808.0
2024-08-21T09:00,9,2,234,0,27926.0
2024-08-21T10:00,10,2,234,0,26407.0
2024-08-21T11:00,11,2,234,0,25317.0
2024-08-21T12:00,12,2,234,0,24829.0
2024-08-21T13:00,13,2,234,0,24559.0
2024-08-21T14:00,14,2,234,0,25203.0
2024-08-21T15:00,15,2,234,0,26760.0
2024-08-21T16:00,16,2,234,0,28804.0
2024-08-21T17:00,17,2,234,0,31290.0
2024-08-21T18:00,18,2,234,0,31987.0
2024-08-21T19:00,19,2,234,0,31811.0
2024-08-21T20:00,20,2,234,0,31763.0
2024-08-21T21:00,21,2,234,0,32266.0
2024-08-21T22:00,22,2,234,0,32608.0
2024-08-21T23:00,23,2,234,0,34413.0
2024-08-22T00:00,0,3,235,0,36730.0
2024-08-22T01:00,1,3,235,0,37762.0
2024-08-22T02:00,2,3,235,0,38939.0
2024-08-22T03:00,3,3,235,0,39140.0
2024-08-22T04:00,4,3,235,0,38238.0
2024-08-22T05:00,5,3,235,0,36982.0
2024-08-22T06:00,6,3,235,0,35226.0
2024-08-22T07:00,7,3,235,0,32477.0
2024-08-22T08:00,8,3,235,0,30002.0
2024-08-22T09:00,9,3,235,0,28265.0
2024-08-22T10:00,10,3,235,0,26750.0
2024-08-22T11:00,11,3,235,0,25692.0
2024-08-22T12:00,12,3,235,0,24991.0
2024-08-22T13:00,13,3,235,0,24892.0
2024-08-22T14:00,14,3,235,0,25596.0
2024-08-22T15:00,15,3,235,0,27014.0
2024-08-22T16:00,16,3,235,0,28721.0
2024-08-22T17:00,17,3,235,0,30520.0
2024-08-22T18:00,18,3,235,0,31430.0
2024-08-22T19:00,19,3,235,0,31227.0
2024-08-22T20:00,20,3,235,0,30976.0
2024-08-22T21:00,21,3,235,0,30830.0
2024-08-22T22:00,22,3,235,0,30178.0
2024-08-22T23:00,23,3,235,0,30642.0
2024-08-23T00:00,0,4,236,0,32415.0
2024-08-23T01:00,1,4,236,0,34276.0
2024-08-23T02:00,2,4,236,0,35427.0
2024-08-23T03:00,3,4,236,0,35426.0
2024-08-23T04:00,4,4,236,0,34653.0
2024-08-23T05:00,5,4,236,0,33875.0
2024-08-23T06:00,6,4,236,0,32726.0
2024-08-23T07:00,7,4,236,0,30482.0
2024-08-23T08:00,8,4,236,0,28349.0
2024-08-23T09:00,9,4,236,0,26846.0
2024-08-23T10:00,10,4,236,0,25377.0
2024-08-23T11:00,11,4,236,0,24583.0
2024-08-23T12:00,12,4,236,0,24053.0
2024-08-23T13:00,13,4,236,0,23897.0
2024-08-23T14:00,14,4,236,0,24686.0
2024-08-23T15:00,15,4,236,0,25683.0
2024-08-23T16:00,16,4,236,0,27479.0
2024-08-23T17:00,17,4,236,0,29750.0
2024-08-23T18:00,18,4,236,0,30154.0
2024-08-23T19:00,19,4,236,0,30055.0
2024-08-23T20:00,20,4,236,0,29959.0
2024-08-23T21:00,21,4,236,0,29419.0
2024-08-23T22:00,22,4,236,0,28503.0
2024-08-23T23:00,23,4,236,0,28439.0
2024-08-24T00:00,0,5,237,0,29737.0
2024-08-24T01:00,1,5,237,0,30588.0
2024-08-24T02:00,2,5,237,0,31418.0
2024-08-24T03:00,3,5,237,0,31432.0
2024-08-24T04:00,4,5,237,0,31020.0
2024-08-24T05:00,5,5,237,0,30807.0
2024-08-24T06:00,6,5,237,0,30005.0
2024-08-24T07:00,7,5,237,0,28403.0
2024-08-24T08:00,8,5,237,0,26746.0
2024-08-24T09:00,9,5,237,0,25619.0
2024-08-24T10:00,10,5,237,0,24422.0
2024-08-24T11:00,11,5,237,0,23371.0
2024-08-24T12:00,12,5,237,0,22970.0
2024-08-24T13:00,13,5,237,0,22843.0
2024-08-24T14:00,14,5,237,0,23168.0
2024-08-24T15:00,15,5,237,0,23115.0
2024-08-24T16:00,16,5,237,0,23941.0
2024-08-24T17:00,17,5,237,0,25785.0
2024-08-24T18:00,18,5,237,0,25579.0
2024-08-24T19:00,19,5,237,0,25152.0
2024-08-24T20:00,20,5,237,0,24695.0
2024-08-24T21:00,21,5,237,0,25480.0
2024-08-24T22:00,22,5,237,0,26226.0
2024-08-24T23:00,23,5,237,0,26666.0
2024-08-25T00:00,0,6,238,0,26516.0
2024-08-25T01:00,1,6,238,0,26842.0
2024-08-25T02:00,2,6,238,0,27932.0
2024-08-25T03:00,3,6,238,0,29179.0
2024-08-25T04:00,4,6,238,0,29360.0
2024-08-25T05:00,5,6,238,0,29270.0
2024-08-25T06:00,6,6,238,0,28398.0
2024-08-25T07:00,7,6,238,0,26869.0
2024-08-25T08:00,8,6,238,0,25320.0
2024-08-25T09:00,9,6,238,0,24427.0
2024-08-25T10:00,10,6,238,0,23415.0
2024-08-25T11:00,11,6,238,0,22463.0
2024-08-25T12:00,12,6,238,0,21893.0
2024-08-25T13:00,13,6,238,0,21736.0
2024-08-25T14:00,14,6,238,0,21686.0
2024-08-25T15:00,15,6,238,0,21608.0
2024-08-25T16:00,16,6,238,0,22706.0
2024-08-25T17:00,17,6,238,0,24466.0
2024-08-25T18:00,18,6,238,0,24292.0
2024-08-25T19:00,19,6,238,0,24004.0
2024-08-25T20:00,20,6,238,0,23921.0
2024-08-25T21:00,21,6,238,0,23890.0
2024-08-25T22:00,22,6,238,0,22939.0
2024-08-25T23:00,23,6,238,0,23486.0
2024-08-26T00:00,0,0,239,0,25533.0
2024-08-26T01:00,1,0,239,0,27770.0
2024-08-26T02:00,2,0,239,0,29923.0
2024-08-26T03:00,3,0,239,0,31236.0
2024-08-26T04:00,4,0,239,0,31451.0
2024-08-26T05:00,5,0,239,0,31272.0
2024-08-26T06:00,6,0,239,0,29991.0
2024-08-26T07:00,7,0,239,0,27941.0
2024-08-26T08:00,8,0,239,0,26108.0
2024-08-26T09:00,9,0,239,0,24883.0
2024-08-26T10:00,10,0,239,0,23706.0
2024-08-26T11:00,11,0,239,0,22838.0
2024-08-26T12:00,12,0,239,0,22227.0
2024-08-26T13:00,13,0,239,0,22649.0
2024-08-26T14:00,14,0,239,0,23337.0
2024-08-26T15:00,15,0,239,0,25053.0
2024-08-26T16:00,16,0,239,0,27056.0
2024-08-26T17:00,17,0,239,0,29907.0
2024-08-26T18:00,18,0,239,0,30836.0
2024-08-26T19:00,19,0,239,0,30631.0
2024-08-26T20:00,20,0,239,0,30341.0
2024-08-26T21:00,21,0,239,0,30419.0
2024-08-26T22:00,22,0,239,0,30467.0
2024-08-26T23:00,23,0,239,0,31445.0
2024-08-27T00:00,0,1,240,0,33814.0
2024-08-27T01:00,1,1,240,0,35905.0
2024-08-27T02:00,2,1,240,0,37259.0
2024-08-27T03:00,3,1,240,0,37869.0
2024-08-27T04:00,4,1,240,0,37030.0
2024-08-27T05:00,5,1,240,0,35767.0
2024-08-27T06:00,6,1,240,0,33953.0
2024-08-27T07:00,7,1,240,0,31220.0
2024-08-27T08:00,8,1,240,0,28749.0
2024-08-27T09:00,9,1,240,0,27169.0
2024-08-27T10:00,10,1,240,0,25588.0
2024-08-27T11:00,11,1,240,0,24524.0
2024-08-27T12:00,12,1,240,0,24068.0
2024-08-27T13:00,13,1,240,0,24140.0
2024-08-27T14:00,14,1,240,0,25108.0
2024-08-27T15:00,15,1,240,0,26364.0
2024-08-27T16:00,16,1,240,0,28267.0
2024-08-27T17:00,17,1,240,0,31688.0
2024-08-27T18:00,18,1,240,0,31939.0
2024-08-27T19:00,19,1,240,0,31706.0
2024-08-27T20:00,20,1,240,0,31434.0
2024-08-27T21:00,21,1,240,0,31232.0
2024-08-27T22:00,22,1,240,0,31984.0
2024-08-27T23:00,23,1,240,0,33000.0
2024-08-28T00:00,0,2,241,0,35506.0
2024-08-28T01:00,1,2,241,0,37248.0
2024-08-28T02:00,2,2,241,0,38868.0
2024-08-28T03:00,3,2,241,0,39222.0
2024-08-28T04:00,4,2,241,0,38152.0
2024-08-28T05:00,5,2,241,0,36732.0
2024-08-28T06:00,6,2,241,0,34861.0
2024-08-28T07:00,7,2,241,0,32048.0
2024-08-28T08:00,8,2,241,0,29552.0
2024-08-28T09:00,9,2,241,0,27793.0
2024-08-28T10:00,10,2,241,0,26112.0
2024-08-28T11:00,11,2,241,0,24971.0
2024-08-28T12:00,12,2,241,0,24451.0
2024-08-28T13:00,13,2,241,0,24356.0
2024-08-28T14:00,14,2,241,0,25206.0
2024-08-28T15:00,15,2,241,0,26723.0
2024-08-28T16:00,16,2,241,0,28650.0
2024-08-28T17:00,17,2,241,0,31590.0
2024-08-28T18:00,18,2,241,0,32246.0
2024-08-28T19:00,19,2,241,0,32151.0
2024-08-28T20:00,20,2,241,0,31597.0
2024-08-28T21:00,21,2,241,0,31152.0
2024-08-28T22:00,22,2,241,0,31113.0
2024-08-28T23:00,23,2,241,0,32340.0
2024-08-29T00:00,0,3,242,0,34370.0
2024-08-29T01:00,1,3,242,0,36587.0
2024-08-29T02:00,2,3,242,0,37587.0
2024-08-29T03:00,3,3,242,0,37732.0
2024-08-29T04:00,4,3,242,0,36593.0
2024-08-29T05:00,5,3,242,0,35314.0
2024-08-29T06:00,6,3,242,0,33514.0
2024-08-29T07:00,7,3,242,0,30821.0
2024-08-29T08:00,8,3,242,0,28563.0
2024-08-29T09:00,9,3,242,0,26919.0
2024-08-29T10:00,10,3,242,0,26263.0
2024-08-29T11:00,11,3,242,0,25028.0
2024-08-29T12:00,12,3,242,0,24078.0
2024-08-29T13:00,13,3,242,0,24103.0
2024-08-29T14:00,14,3,242,0,24858.0
2024-08-29T15:00,15,3,242,0,26634.0
2024-08-29T16:00,16,3,242,0,28243.0
2024-08-29T17:00,17,3,242,0,31089.0
2024-08-29T18:00,18,3,242,0,31467.0
2024-08-29T19:00,19,3,242,0,30485.0
2024-08-29T20:00,20,3,242,0,29743.0
2024-08-29T21:00,21,3,242,0,29411.0
2024-08-29T22:00,22,3,242,0,29252.0
2024-08-29T23:00,23,3,242,0,29870.0
2024-08-30T00:00,0,4,243,0,31726.0
2024-08-30T01:00,1,4,243,0,33804.0
2024-08-30T02:00,2,4,243,0,35544.0
2024-08-30T03:00,3,4,243,0,35787.0
2024-08-30T04:00,4,4,243,0,35009.0
2024-08-30T05:00,5,4,243,0,34076.0
2024-08-30T06:00,6,4,243,0,32576.0
2024-08-30T07:00,7,4,243,0,30303.0
2024-08-30T08:00,8,4,243,0,28111.0
2024-08-30T09:00,9,4,243,0,26506.0
2024-08-30T10:00,10,4,243,0,25158.0
2024-08-30T11:00,11,4,243,0,24333.0
2024-08-30T12:00,12,4,243,0,23760.0
2024-08-30T13:00,13,4,243,0,23733.0
2024-08-30T14:00,14,4,243,0,24412.0
2024-08-30T15:00,15,4,243,0,25933.0
2024-08-30T16:00,16,4,243,0,27838.0
2024-08-30T17:00,17,4,243,0,29936.0
2024-08-30T18:00,18,4,243,0,31197.0
2024-08-30T19:00,19,4,243,0,30628.0
2024-08-30T20:00,20,4,243,0,29595.0
2024-08-30T21:00,21,4,243,0,29618.0
2024-08-30T22:00,22,4,243,0,29055.0
2024-08-30T23:00,23,4,243,0,29402.0
2024-08-31T00:00,0,5,244,0,31313.0
2024-08-31T01:00,1,5,244,0,33574.0
2024-08-31T02:00,2,5,244,0,34870.0
2024-08-31T03:00,3,5,244,0,35154.0
2024-08-31T04:00,4,5,244,0,34200.0
2024-08-31T05:00,5,5,244,0,33258.0
2024-08-31T06:00,6,5,244,0,32040.0
2024-08-31T07:00,7,5,244,0,29927.0
2024-08-31T08:00,8,5,244,0,28026.0
2024-08-31T09:00,9,5,244,0,26638.0
2024-08-31T10:00,10,5,244,0,25238.0
2024-08-31T11:00,11,5,244,0,24034.0
2024-08-31T12:00,12,5,244,0,23570.0
2024-08-31T13:00,13,5,244,0,22953.0
2024-08-31T14:00,14,5,244,0,22922.0
2024-08-31T15:00,15,5,244,0,23433.0
2024-08-31T16:00,16,5,244,0,24332.0
2024-08-31T17:00,17,5,244,0,26656.0
2024-08-31T18:00,18,5,244,0,27721.0
2024-08-31T19:00,19,5,244,0,27289.0
2024-08-31T20:00,20,5,244,0,26650.0
2024-08-31T21:00,21,5,244,0,27058.0
2024-08-31T22:00,22,5,244,0,27283.0
2024-08-31T23:00,23,5,244,0,28467.0
2024-09-01T00:00,0,6,245,0,30269.0
2024-09-01T01:00,1,6,245,0,32357.0
2024-09-01T02:00,2,6,245,0,34255.0
2024-09-01T03:00,3,6,245,0,35033.0
2024-09-01T04:00,4,6,245,0,34316.0
2024-09-01T05:00,5,6,245,0,33461.0
2024-09-01T06:00,6,6,245,0,31878.0
2024-09-01T07:00,7,6,245,0,29787.0
2024-09-01T08:00,8,6,245,0,27917.0
2024-09-01T09:00,9,6,245,0,26322.0
2024-09-01T10:00,10,6,245,0,24840.0
2024-09-01T11:00,11,6,245,0,23710.0
2024-09-01T12:00,12,6,245,0,23244.0
2024-09-01T13:00,13,6,245,0,22664.0
2024-09-01T14:00,14,6,245,0,22534.0
2024-09-01T15:00,15,6,245,0,22616.0
2024-09-01T16:00,16,6,245,0,23923.0
2024-09-01T17:00,17,6,245,0,27071.0
2024-09-01T18:00,18,6,245,0,28309.0
2024-09-01T19:00,19,6,245,0,28089.0
2024-09-01T20:00,20,6,245,0,27261.0
2024-09-01T21:00,21,6,245,0,27108.0
2024-09-01T22:00,22,6,245,0,27472.0
2024-09-01T23:00,23,6,245,0,28295.0
2024-09-02T00:00,0,0,246,1,30161.0
2024-09-02T01:00,1,0,246,1,32407.0
2024-09-02T02:00,2,0,246,1,33979.0
2024-09-02T03:00,3,0,246,1,34618.0
2024-09-02T04:00,4,0,246,1,33936.0
2024-09-02T05:00,5,0,246,1,32856.0
2024-09-02T06:00,6,0,246,1,31422.0
2024-09-02T07:00,7,0,246,1,29332.0
2024-09-02T08:00,8,0,246,1,27525.0
2024-09-02T09:00,9,0,246,1,26083.0
2024-09-02T10:00,10,0,246,1,24506.0
2024-09-02T11:00,11,0,246,1,23485.0
2024-09-02T12:00,12,0,246,1,22870.0
2024-09-02T13:00,13,0,246,1,22650.0
2024-09-02T14:00,14,0,246,1,22825.0
2024-09-02T15:00,15,0,246,1,23317.0
2024-09-02T16:00,16,0,246,1,24489.0
2024-09-02T17:00,17,0,246,1,28046.0
2024-09-02T18:00,18,0,246,1,28971.0
2024-09-02T19:00,19,0,246,1,28282.0
2024-09-02T20:00,20,0,246,1,28336.0
2024-09-02T21:00,21,0,246,1,28864.0
2024-09-02T22:00,22,0,246,1,29735.0
2024-09-02T23:00,23,0,246,1,30659.0
2024-09-03T00:00,0,1,247,0,32662.0
2024-09-03T01:00,1,1,247,0,34744.0
2024-09-03T02:00,2,1,247,0,36076.0
2024-09-03T03:00,3,1,247,0,36592.0
2024-09-03T04:00,4,1,247,0,35780.0
2024-09-03T05:00,5,1,247,0,34672.0
2024-09-03T06:00,6,1,247,0,32890.0
2024-09-03T07:00,7,1,247,0,30387.0
2024-09-03T08:00,8,1,247,0,27973.0
2024-09-03T09:00,9,1,247,0,26547.0
2024-09-03T10:00,10,1,247,0,25006.0
2024-09-03T11:00,11,1,247,0,24380.0
2024-09-03T12:00,12,1,247,0,24144.0
2024-09-03T13:00,13,1,247,0,23783.0
2024-09-03T14:00,14,1,247,0,24637.0
2024-09-03T15:00,15,1,247,0,26333.0
2024-09-03T16:00,16,1,247,0,28429.0
2024-09-03T17:00,17,1,247,0,32309.0
2024-09-03T18:00,18,1,247,0,33771.0
2024-09-03T19:00,19,1,247,0,34086.0
2024-09-03T20:00,20,1,247,0,34303.0
2024-09-03T21:00,21,1,247,0,34780.0
2024-09-03T22:00,22,1,247,0,34855.0
2024-09-03T23:00,23,1,247,0,36259.0
2024-09-04T00:00,0,2,248,0,38442.0
2024-09-04T01:00,1,2,248,0,40325.0
2024-09-04T02:00,2,2,248,0,41773.0
2024-09-04T03:00,3,2,248,0,41881.0
2024-09-04T04:00,4,2,248,0,40362.0
2024-09-04T05:00,5,2,248,0,38580.0
2024-09-04T06:00,6,2,248,0,36499.0
2024-09-04T07:00,7,2,248,0,33370.0
2024-09-04T08:00,8,2,248,0,30574.0
2024-09-04T09:00,9,2,248,0,29236.0
2024-09-04T10:00,10,2,248,0,27583.0
2024-09-04T11:00,11,2,248,0,26828.0
2024-09-04T12:00,12,2,248,0,25826.0
2024-09-04T13:00,13,2,248,0,25637.0
2024-09-04T14:00,14,2,248,0,26086.0
2024-09-04T15:00,15,2,248,0,27659.0
2024-09-04T16:00,16,2,248,0,30693.0
2024-09-04T17:00,17,2,248,0,34568.0
2024-09-04T18:00,18,2,248,0,35635.0
2024-09-04T19:00,19,2,248,0,35648.0
2024-09-04T20:00,20,2,248,0,35714.0
2024-09-04T21:00,21,2,248,0,36245.0
2024-09-04T22:00,22,2,248,0,37694.0
2024-09-04T23:00,23,2,248,0,39171.0
2024-09-05T00:00,0,3,249,0,41638.0
2024-09-05T01:00,1,3,249,0,43550.0
2024-09-05T02:00,2,3,249,0,44418.0
2024-09-05T03:00,3,3,249,0,44022.0
2024-09-05T04:00,4,3,249,0,42584.0
2024-09-05T05:00,5,3,249,0,40958.0
2024-09-05T06:00,6,3,249,0,38570.0
2024-09-05T07:00,7,3,249,0,35298.0
2024-09-05T08:00,8,3,249,0,32364.0
2024-09-05T09:00,9,3,249,0,30540.0
2024-09-05T10:00,10,3,249,0,29686.0
2024-09-05T11:00,11,3,249,0,28934.0
2024-09-05T12:00,12,3,249,0,28439.0
2024-09-05T13:00,13,3,249,0,27540.0
2024-09-05T14:00,14,3,249,0,27449.0
2024-09-05T15:00,15,3,249,0,28321.0
2024-09-05T16:00,16,3,249,0,30790.0
2024-09-05T17:00,17,3,249,0,34421.0
2024-09-05T18:00,18,3,249,0,35066.0
2024-09-05T19:00,19,3,249,0,35389.0
2024-09-05T20:00,20,3,249,0,36422.0
2024-09-05T21:00,21,3,249,0,37808.0
2024-09-05T22:00,22,3,249,0,39892.0
2024-09-05T23:00,23,3,249,0,42582.0
2024-09-06T00:00,0,4,250,0,45395.0
2024-09-06T01:00,1,4,250,0,47025.0
2024-09-06T02:00,2,4,250,0,47571.0
2024-09-06T03:00,3,4,250,0,46891.0
2024-09-06T04:00,4,4,250,0,45108.0
2024-09-06T05:00,5,4,250,0,43523.0
2024-09-06T06:00,6,4,250,0,41189.0
2024-09-06T07:00,7,4,250,0,37803.0
2024-09-06T08:00,8,4,250,0,34854.0
2024-09-06T09:00,9,4,250,0,32577.0
2024-09-06T10:00,10,4,250,0,30799.0
2024-09-06T11:00,11,4,250,0,30112.0
2024-09-06T12:00,12,4,250,0,29256.0
2024-09-06T13:00,13,4,250,0,28784.0
2024-09-06T14:00,14,4,250,0,28545.0
2024-09-06T15:00,15,4,250,0,30021.0
2024-09-06T16:00,16,4,250,0,31608.0
2024-09-06T17:00,17,4,250,0,34806.0
2024-09-06T18:00,18,4,250,0,37015.0
2024-09-06T19:00,19,4,250,0,37563.0
2024-09-06T20:00,20,4,250,0,38962.0
2024-09-06T21:00,21,4,250,0,40700.0
2024-09-06T22:00,22,4,250,0,41941.0
2024-09-06T23:00,23,4,250,0,43679.0
2024-09-07T00:00,0,5,251,0,45633.0
2024-09-07T01:00,1,5,251,0,46804.0
2024-09-07T02:00,2,5,251,0,46776.0
2024-09-07T03:00,3,5,251,0,45517.0
2024-09-07T04:00,4,5,251,0,43837.0
2024-09-07T05:00,5,5,251,0,42095.0
2024-09-07T06:00,6,5,251,0,39937.0
2024-09-07T07:00,7,5,251,0,37080.0
2024-09-07T08:00,8,5,251,0,34241.0
2024-09-07T09:00,9,5,251,0,32097.0
2024-09-07T10:00,10,5,251,0,30366.0
2024-09-07T11:00,11,5,251,0,28733.0
2024-09-07T12:00,12,5,251,0,27484.0
2024-09-07T13:00,13,5,251,0,26695.0
2024-09-07T14:00,14,5,251,0,26493.0
2024-09-07T15:00,15,5,251,0,26985.0
2024-09-07T16:00,16,5,251,0,28548.0
2024-09-07T17:00,17,5,251,0,31814.0
2024-09-07T18:00,18,5,251,0,32979.0
2024-09-07T19:00,19,5,251,0,34047.0
2024-09-07T20:00,20,5,251,0,35347.0
2024-09-07T21:00,21,5,251,0,36468.0
2024-09-07T22:00,22,5,251,0,37192.0
2024-09-07T23:00,23,5,251,0,38956.0
2024-09-08T00:00,0,6,252,0,40339.0
2024-09-08T01:00,1,6,252,0,41667.0
2024-09-08T02:00,2,6,252,0,42567.0
2024-09-08T03:00,3,6,252,0,42471.0
2024-09-08T04:00,4,6,252,0,41126.0
2024-09-08T05:00,5,6,252,0,39659.0
2024-09-08T06:00,6,6,252,0,37766.0
2024-09-08T07:00,7,6,252,0,35025.0
2024-09-08T08:00,8,6,252,0,32541.0
2024-09-08T09:00,9,6,252,0,30692.0
2024-09-08T10:00,10,6,252,0,29392.0
2024-09-08T11:00,11,6,252,0,27260.0
2024-09-08T12:00,12,6,252,0,26711.0
2024-09-08T13:00,13,6,252,0,26225.0
2024-09-08T14:00,14,6,252,0,26088.0
2024-09-08T15:00,15,6,252,0,26351.0
2024-09-08T16:00,16,6,252,0,27606.0
2024-09-08T17:00,17,6,252,0,30845.0
2024-09-08T18:00,18,6,252,0,32321.0
2024-09-08T19:00,19,6,252,0,33547.0
2024-09-08T20:00,20,6,252,0,34117.0
2024-09-08T21:00,21,6,252,0,35782.0
2024-09-08T22:00,22,6,252,0,37944.0
2024-09-08T23:00,23,6,252,0,39112.0
2024-09-09T00:00,0,0,253,0,40235.0
2024-09-09T01:00,1,0,253,0,41229.0
2024-09-09T02:00,2,0,253,0,42410.0
2024-09-09T03:00,3,0,253,0,42998.0
2024-09-09T04:00,4,0,253,0,42139.0
2024-09-09T05:00,5,0,253,0,40310.0
2024-09-09T06:00,6,0,253,0,38270.0
2024-09-09T07:00,7,0,253,0,35194.0
2024-09-09T08:00,8,0,253,0,32116.0
2024-09-09T09:00,9,0,253,0,30467.0
2024-09-09T10:00,10,0,253,0,29249.0
2024-09-09T11:00,11,0,253,0,28347.0
2024-09-09T12:00,12,0,253,0,27482.0
2024-09-09T13:00,13,0,253,0,27845.0
2024-09-09T14:00,14,0,253,0,27934.0
2024-09-09T15:00,15,0,253,0,29446.0
2024-09-09T16:00,16,0,253,0,31870.0
2024-09-09T17:00,17,0,253,0,36006.0
2024-09-09T18:00,18,0,253,0,37441.0
2024-09-09T19:00,19,0,253,0,38262.0
2024-09-09T20:00,20,0,253,0,38887.0
2024-09-09T21:00,21,0,253,0,39477.0
2024-09-09T22:00,22,0,253,0,40250.0
2024-09-09T23:00,23,0,253,0,41703.0
2024-09-10T00:00,0,1,254,0,43479.0
2024-09-10T01:00,1,1,254,0,44504.0
2024-09-10T02:00,2,1,254,0,45112.0
2024-09-10T03:00,3,1,254,0,44420.0
2024-09-10T04:00,4,1,254,0,42834.0
2024-09-10T05:00,5,1,254,0,41028.0
2024-09-10T06:00,6,1,254,0,38875.0
2024-09-10T07:00,7,1,254,0,35376.0
2024-09-10T08:00,8,1,254,0,32364.0
2024-09-10T09:00,9,1,254,0,30653.0
2024-09-10T10:00,10,1,254,0,28938.0
2024-09-10T11:00,11,1,254,0,27385.0
2024-09-10T12:00,12,1,254,0,26581.0
2024-09-10T13:00,13,1,254,0,26630.0
2024-09-10T14:00,14,1,254,0,26873.0
2024-09-10T15:00,15,1,254,0,28258.0
2024-09-10T16:00,16,1,254,0,29983.0
2024-09-10T17:00,17,1,254,0,33248.0
2024-09-10T18:00,18,1,254,0,34417.0
2024-09-10T19:00,19,1,254,0,34461.0
2024-09-10T20:00,20,1,254,0,34275.0
2024-09-10T21:00,21,1,254,0,33449.0
2024-09-10T22:00,22,1,254,0,34074.0
2024-09-10T23:00,23,1,254,0,35087.0
2024-09-11T00:00,0,2,255,0,36092.0
2024-09-11T01:00,1,2,255,0,37314.0
2024-09-11T02:00,2,2,255,0,38179.0
2024-09-11T03:00,3,2,255,0,37909.0
2024-09-11T04:00,4,2,255,0,36688.0
2024-09-11T05:00,5,2,255,0,35223.0
2024-09-11T06:00,6,2,255,0,33639.0
2024-09-11T07:00,7,2,255,0,31240.0
2024-09-11T08:00,8,2,255,0,29150.0
2024-09-11T09:00,9,2,255,0,27019.0
2024-09-11T10:00,10,2,255,0,26109.0
2024-09-11T11:00,11,2,255,0,24633.0
2024-09-11T12:00,12,2,255,0,23895.0
2024-09-11T13:00,13,2,255,0,23926.0
2024-09-11T14:00,14,2,255,0,24745.0
2024-09-11T15:00,15,2,255,0,26253.0
2024-09-11T16:00,16,2,255,0,27508.0
2024-09-11T17:00,17,2,255,0,28576.0
2024-09-11T18:00,18,2,255,0,29736.0
2024-09-11T19:00,19,2,255,0,29816.0
2024-09-11T20:00,20,2,255,0,30208.0
2024-09-11T21:00,21,2,255,0,30022.0
2024-09-11T22:00,22,2,255,0,30227.0
2024-09-11T23:00,23,2,255,0,29897.0
2024-09-12T00:00,0,3,256,0,30380.0
2024-09-12T01:00,1,3,256,0,31634.0
2024-09-12T02:00,2,3,256,0,32706.0
2024-09-12T03:00,3,3,256,0,32839.0
2024-09-12T04:00,4,3,256,0,32478.0
2024-09-12T05:00,5,3,256,0,31778.0
2024-09-12T06:00,6,3,256,0,30689.0
2024-09-12T07:00,7,3,256,0,28649.0
2024-09-12T08:00,8,3,256,0,26930.0
2024-09-12T09:00,9,3,256,0,25750.0
2024-09-12T10:00,10,3,256,0,24943.0
2024-09-12T11:00,11,3,256,0,23742.0
2024-09-12T12:00,12,3,256,0,23094.0
2024-09-12T13:00,13,3,256,0,23254.0
2024-09-12T14:00,14,3,256,0,24196.0
2024-09-12T15:00,15,3,256,0,25745.0
2024-09-12T16:00,16,3,256,0,27030.0
2024-09-12T17:00,17,3,256,0,29464.0
2024-09-12T18:00,18,3,256,0,30985.0
2024-09-12T19:00,19,3,256,0,29679.0
2024-09-12T20:00,20,3,256,0,28845.0
2024-09-12T21:00,21,3,256,0,28204.0
2024-09-12T22:00,22,3,256,0,26967.0
2024-09-12T23:00,23,3,256,0,26884.0
2024-09-13T00:00,0,4,257,0,28335.0
2024-09-13T01:00,1,4,257,0,29881.0
2024-09-13T02:00,2,4,257,0,31262.0
2024-09-13T03:00,3,4,257,0,31672.0
2024-09-13T04:00,4,4,257,0,31627.0
2024-09-13T05:00,5,4,257,0,30977.0
2024-09-13T06:00,6,4,257,0,29963.0
2024-09-13T07:00,7,4,257,0,28100.0
2024-09-13T08:00,8,4,257,0,26359.0
2024-09-13T09:00,9,4,257,0,25216.0
2024-09-13T10:00,10,4,257,0,24503.0
2024-09-13T11:00,11,4,257,0,23276.0
2024-09-13T12:00,12,4,257,0,22532.0
2024-09-13T13:00,13,4,257,0,22630.0
2024-09-13T14:00,14,4,257,0,23219.0
2024-09-13T15:00,15,4,257,0,24681.0
2024-09-13T16:00,16,4,257,0,26142.0
2024-09-13T17:00,17,4,257,0,28666.0
2024-09-13T18:00,18,4,257,0,29556.0
2024-09-13T19:00,19,4,257,0,29528.0
2024-09-13T20:00,20,4,257,0,29143.0
2024-09-13T21:00,21,4,257,0,28761.0
2024-09-13T22:00,22,4,257,0,27882.0
2024-09-13T23:00,23,4,257,0,28489.0
2024-09-14T00:00,0,5,258,0,29835.0
2024-09-14T01:00,1,5,258,0,31450.0
2024-09-14T02:00,2,5,258,0,32145.0
2024-09-14T03:00,3,5,258,0,32060.0
2024-09-14T04:00,4,5,258,0,31544.0
2024-09-14T05:00,5,5,258,0,30653.0
2024-09-14T06:00,6,5,258,0,29595.0
2024-09-14T07:00,7,5,258,0,28094.0
2024-09-14T08:00,8,5,258,0,26803.0
2024-09-14T09:00,9,5,258,0,25505.0
2024-09-14T10:00,10,5,258,0,24387.0
2024-09-14T11:00,11,5,258,0,22997.0
2024-09-14T12:00,12,5,258,0,22401.0
2024-09-14T13:00,13,5,258,0,22215.0
2024-09-14T14:00,14,5,258,0,22498.0
2024-09-14T15:00,15,5,258,0,23249.0
2024-09-14T16:00,16,5,258,0,24342.0
2024-09-14T17:00,17,5,258,0,25885.0
2024-09-14T18:00,18,5,258,0,26872.0
2024-09-14T19:00,19,5,258,0,26816.0
2024-09-14T20:00,20,5,258,0,26297.0
2024-09-14T21:00,21,5,258,0,25514.0
2024-09-14T22:00,22,5,258,0,25433.0
2024-09-14T23:00,23,5,258,0,25815.0
2024-09-15T00:00,0,6,259,0,26742.0
2024-09-15T01:00,1,6,259,0,28206.0
2024-09-15T02:00,2,6,259,0,29976.0
2024-09-15T03:00,3,6,259,0,30649.0
2024-09-15T04:00,4,6,259,0,30069.0
2024-09-15T05:00,5,6,259,0,29531.0
2024-09-15T06:00,6,6,259,0,28321.0
2024-09-15T07:00,7,6,259,0,26658.0
2024-09-15T08:00,8,6,259,0,25888.0
2024-09-15T09:00,9,6,259,0,24472.0
2024-09-15T10:00,10,6,259,0,23633.0
2024-09-15T11:00,11,6,259,0,22460.0
2024-09-15T12:00,12,6,259,0,21715.0
2024-09-15T13:00,13,6,259,0,21367.0
2024-09-15T14:00,14,6,259,0,21387.0
2024-09-15T15:00,15,6,259,0,21937.0
2024-09-15T16:00,16,6,259,0,22477.0
2024-09-15T17:00,17,6,259,0,23866.0
2024-09-15T18:00,18,6,259,0,25395.0
2024-09-15T19:00,19,6,259,0,25016.0
2024-09-15T20:00,20,6,259,0,24742.0
2024-09-15T21:00,21,6,259,0,24765.0
2024-09-15T22:00,22,6,259,0,24366.0
2024-09-15T23:00,23,6,259,0,23995.0
2024-09-16T00:00,0,0,260,0,24632.0
2024-09-16T01:00,1,0,260,0,25743.0
2024-09-16T02:00,2,0,260,0,26196.0
2024-09-16T03:00,3,0,260,0,27295.0
2024-09-16T04:00,4,0,260,0,27704.0
2024-09-16T05:00,5,0,260,0,27190.0
2024-09-16T06:00,6,0,260,0,26445.0
2024-09-16T07:00,7,0,260,0,25044.0
2024-09-16T08:00,8,0,260,0,23836.0
2024-09-16T09:00,9,0,260,0,23033.0
2024-09-16T10:00,10,0,260,0,22439.0
2024-09-16T11:00,11,0,260,0,21682.0
2024-09-16T12:00,12,0,260,0,21343.0
2024-09-16T13:00,13,0,260,0,21539.0
2024-09-16T14:00,14,0,260,0,22715.0
2024-09-16T15:00,15,0,260,0,24466.0
2024-09-16T16:00,16,0,260,0,25952.0
2024-09-16T17:00,17,0,260,0,27745.0
2024-09-16T18:00,18,0,260,0,28590.0
2024-09-16T19:00,19,0,260,0,28290.0
2024-09-16T20:00,20,0,260,0,28769.0
2024-09-16T21:00,21,0,260,0,27595.0
2024-09-16T22:00,22,0,260,0,26938.0
2024-09-16T23:00,23,0,260,0,25782.0
2024-09-17T00:00,0,1,261,0,24926.0
2024-09-17T01:00,1,1,261,0,25407.0
2024-09-17T02:00,2,1,261,0,26596.0
2024-09-17T03:00,3,1,261,0,27635.0
2024-09-17T04:00,4,1,261,0,28599.0
2024-09-17T05:00,5,1,261,0,27849.0
2024-09-17T06:00,6,1,261,0,27042.0
2024-09-17T07:00,7,1,261,0,25620.0
2024-09-17T08:00,8,1,261,0,24233.0
2024-09-17T09:00,9,1,261,0,23434.0
2024-09-17T10:00,10,1,261,0,22705.0
2024-09-17T11:00,11,1,261,0,21980.0
2024-09-17T12:00,12,1,261,0,21743.0
2024-09-17T13:00,13,1,261,0,21658.0
2024-09-17T14:00,14,1,261,0,22737.0
2024-09-17T15:00,15,1,261,0,24145.0
2024-09-17T16:00,16,1,261,0,26041.0
2024-09-17T17:00,17,1,261,0,27991.0
2024-09-17T18:00,18,1,261,0,29092.0
2024-09-17T19:00,19,1,261,0,28645.0
2024-09-17T20:00,20,1,261,0,27641.0
2024-09-17T21:00,21,1,261,0,26487.0
2024-09-17T22:00,22,1,261,0,25207.0
2024-09-17T23:00,23,1,261,0,24670.0
2024-09-18T00:00,0,2,262,0,25066.0
2024-09-18T01:00,1,2,262,0,26245.0
2024-09-18T02:00,2,2,262,0,27190.0
2024-09-18T03:00,3,2,262,0,27981.0
2024-09-18T04:00,4,2,262,0,28421.0
2024-09-18T05:00,5,2,262,0,27905.0
2024-09-18T06:00,6,2,262,0,27094.0
2024-09-18T07:00,7,2,262,0,25768.0
2024-09-18T08:00,8,2,262,0,24402.0
2024-09-18T09:00,9,2,262,0,23490.0
2024-09-18T10:00,10,2,262,0,23025.0
2024-09-18T11:00,11,2,262,0,22201.0
2024-09-18T12:00,12,2,262,0,21725.0
2024-09-18T13:00,13,2,262,0,21649.0
2024-09-18T14:00,14,2,262,0,22627.0
2024-09-18T15:00,15,2,262,0,24348.0
2024-09-18T16:00,16,2,262,0,25783.0
2024-09-18T17:00,17,2,262,0,27127.0
2024-09-18T18:00,18,2,262,0,28126.0
2024-09-18T19:00,19,2,262,0,27753.0
2024-09-18T20:00,20,2,262,0,27284.0
2024-09-18T21:00,21,2,262,0,26154.0
2024-09-18T22:00,22,2,262,0,26346.0
2024-09-18T23:00,23,2,262,0,25465.0
2024-09-19T00:00,0,3,263,0,25823.0
2024-09-19T01:00,1,3,263,0,26810.0
2024-09-19T02:00,2,3,263,0,28047.0
2024-09-19T03:00,3,3,263,0,28720.0
2024-09-19T04:00,4,3,263,0,28988.0
2024-09-19T05:00,5,3,263,0,28410.0
2024-09-19T06:00,6,3,263,0,27553.0
2024-09-19T07:00,7,3,263,0,26173.0
2024-09-19T08:00,8,3,263,0,24674.0
2024-09-19T09:00,9,3,263,0,23758.0
2024-09-19T10:00,10,3,263,0,22928.0
2024-09-19T11:00,11,3,263,0,22200.0
2024-09-19T12:00,12,3,263,0,21827.0
2024-09-19T13:00,13,3,263,0,22372.0
2024-09-19T14:00,14,3,263,0,23487.0
2024-09-19T15:00,15,3,263,0,25387.0
2024-09-19T16:00,16,3,263,0,26103.0
2024-09-19T17:00,17,3,263,0,26811.0
2024-09-19T18:00,18,3,263,0,27293.0
2024-09-19T19:00,19,3,263,0,27158.0
2024-09-19T20:00,20,3,263,0,26147.0
2024-09-19T21:00,21,3,263,0,25305.0
2024-09-19T22:00,22,3,263,0,25961.0
2024-09-19T23:00,23,3,263,0,25682.0
2024-09-20T00:00,0,4,264,0,25994.0
2024-09-20T01:00,1,4,264,0,26682.0
2024-09-20T02:00,2,4,264,0,27925.0
2024-09-20T03:00,3,4,264,0,28817.0
2024-09-20T04:00,4,4,264,0,29433.0
2024-09-20T05:00,5,4,264,0,28674.0
2024-09-20T06:00,6,4,264,0,27902.0
2024-09-20T07:00,7,4,264,0,26400.0
2024-09-20T08:00,8,4,264,0,25080.0
2024-09-20T09:00,9,4,264,0,24139.0
2024-09-20T10:00,10,4,264,0,23692.0
2024-09-20T11:00,11,4,264,0,23129.0
2024-09-20T12:00,12,4,264,0,22846.0
2024-09-20T13:00,13,4,264,0,22616.0
2024-09-20T14:00,14,4,264,0,22942.0
2024-09-20T15:00,15,4,264,0,24679.0
2024-09-20T16:00,16,4,264,0,25776.0
2024-09-20T17:00,17,4,264,0,26406.0
2024-09-20T18:00,18,4,264,0,26393.0
2024-09-20T19:00,19,4,264,0,25835.0
2024-09-20T20:00,20,4,264,0,25233.0
2024-09-20T21:00,21,4,264,0,25330.0
2024-09-20T22:00,22,4,264,0,26006.0
2024-09-20T23:00,23,4,264,0,25726.0
2024-09-21T00:00,0,5,265,0,26213.0
2024-09-21T01:00,1,5,265,0,27286.0
2024-09-21T02:00,2,5,265,0,27851.0
2024-09-21T03:00,3,5,265,0,28658.0
2024-09-21T04:00,4,5,265,0,28665.0
2024-09-21T05:00,5,5,265,0,28126.0
2024-09-21T06:00,6,5,265,0,27365.0
2024-09-21T07:00,7,5,265,0,26096.0
2024-09-21T08:00,8,5,265,0,25188.0
2024-09-21T09:00,9,5,265,0,23811.0
2024-09-21T10:00,10,5,265,0,23005.0
2024-09-21T11:00,11,5,265,0,22101.0
2024-09-21T12:00,12,5,265,0,21579.0
2024-09-21T13:00,13,5,265,0,21397.0
2024-09-21T14:00,14,5,265,0,21750.0
2024-09-21T15:00,15,5,265,0,22332.0
2024-09-21T16:00,16,5,265,0,22881.0
2024-09-21T17:00,17,5,265,0,24682.0
2024-09-21T18:00,18,5,265,0,25557.0
2024-09-21T19:00,19,5,265,0,24747.0
2024-09-21T20:00,20,5,265,0,23640.0
2024-09-21T21:00,21,5,265,0,23060.0
2024-09-21T22:00,22,5,265,0,22871.0
2024-09-21T23:00,23,5,265,0,23362.0
2024-09-22T00:00,0,6,266,0,25336.0
2024-09-22T01:00,1,6,266,0,26510.0
2024-09-22T02:00,2,6,266,0,27855.0
2024-09-22T03:00,3,6,266,0,28512.0
2024-09-22T04:00,4,6,266,0,28281.0
2024-09-22T05:00,5,6,266,0,27475.0
2024-09-22T06:00,6,6,266,0,26733.0
2024-09-22T07:00,7,6,266,0,25370.0
2024-09-22T08:00,8,6,266,0,24158.0
2024-09-22T09:00,9,6,266,0,23758.0
2024-09-22T10:00,10,6,266,0,22904.0
2024-09-22T11:00,11,6,266,0,21921.0
2024-09-22T12:00,12,6,266,0,21390.0
2024-09-22T13:00,13,6,266,0,21307.0
2024-09-22T14:00,14,6,266,0,21266.0
2024-09-22T15:00,15,6,266,0,21457.0
2024-09-22T16:00,16,6,266,0,22597.0
2024-09-22T17:00,17,6,266,0,24848.0
2024-09-22T18:00,18,6,266,0,25524.0
2024-09-22T19:00,19,6,266,0,24528.0
2024-09-22T20:00,20,6,266,0,23578.0
2024-09-22T21:00,21,6,266,0,22749.0
2024-09-22T22:00,22,6,266,0,22592.0
2024-09-22T23:00,23,6,266,0,23314.0
2024-09-23T00:00,0,0,267,0,25641.0
2024-09-23T01:00,1,0,267,0,27665.0
2024-09-23T02:00,2,0,267,0,29811.0
2024-09-23T03:00,3,0,267,0,30705.0
2024-09-23T04:00,4,0,267,0,30497.0
2024-09-23T05:00,5,0,267,0,29282.0
2024-09-23T06:00,6,0,267,0,28120.0
2024-09-23T07:00,7,0,267,0,26427.0
2024-09-23T08:00,8,0,267,0,24544.0
2024-09-23T09:00,9,0,267,0,23700.0
2024-09-23T10:00,10,0,267,0,22688.0
2024-09-23T11:00,11,0,267,0,22151.0
2024-09-23T12:00,12,0,267,0,21536.0
2024-09-23T13:00,13,0,267,0,21674.0
2024-09-23T14:00,14,0,267,0,22678.0
2024-09-23T15:00,15,0,267,0,24568.0
2024-09-23T16:00,16,0,267,0,26503.0
2024-09-23T17:00,17,0,267,0,28889.0
2024-09-23T18:00,18,0,267,0,30003.0
2024-09-23T19:00,19,0,267,0,29611.0
2024-09-23T20:00,20,0,267,0,29097.0
2024-09-23T21:00,21,0,267,0,28711.0
2024-09-23T22:00,22,0,267,0,29380.0
2024-09-23T23:00,23,0,267,0,30501.0
2024-09-24T00:00,0,1,268,0,33059.0
2024-09-24T01:00,1,1,268,0,34610.0
2024-09-24T02:00,2,1,268,0,35747.0
2024-09-24T03:00,3,1,268,0,35928.0
2024-09-24T04:00,4,1,268,0,34910.0
2024-09-24T05:00,5,1,268,0,33224.0
2024-09-24T06:00,6,1,268,0,31596.0
2024-09-24T07:00,7,1,268,0,29046.0
2024-09-24T08:00,8,1,268,0,27172.0
2024-09-24T09:00,9,1,268,0,25784.0
2024-09-24T10:00,10,1,268,0,24697.0
2024-09-24T11:00,11,1,268,0,23789.0
2024-09-24T12:00,12,1,268,0,23073.0
2024-09-24T13:00,13,1,268,0,23247.0
2024-09-24T14:00,14,1,268,0,23848.0
2024-09-24T15:00,15,1,268,0,25599.0
2024-09-24T16:00,16,1,268,0,27383.0
2024-09-24T17:00,17,1,268,0,29870.0
2024-09-24T18:00,18,1,268,0,30239.0
2024-09-24T19:00,19,1,268,0,29675.0
2024-09-24T20:00,20,1,268,0,29567.0
2024-09-24T21:00,21,1,268,0,29586.0
2024-09-24T22:00,22,1,268,0,30294.0
2024-09-24T23:00,23,1,268,0,31390.0
2024-09-25T00:00,0,2,269,0,33803.0
2024-09-25T01:00,1,2,269,0,34694.0
2024-09-25T02:00,2,2,269,0,35404.0
2024-09-25T03:00,3,2,269,0,34743.0
2024-09-25T04:00,4,2,269,0,34213.0
2024-09-25T05:00,5,2,269,0,32642.0
2024-09-25T06:00,6,2,269,0,30875.0
2024-09-25T07:00,7,2,269,0,28571.0
2024-09-25T08:00,8,2,269,0,26543.0
2024-09-25T09:00,9,2,269,0,25293.0
2024-09-25T10:00,10,2,269,0,24376.0
2024-09-25T11:00,11,2,269,0,23487.0
2024-09-25T12:00,12,2,269,0,23028.0
2024-09-25T13:00,13,2,269,0,23049.0
2024-09-25T14:00,14,2,269,0,24030.0
2024-09-25T15:00,15,2,269,0,25543.0
2024-09-25T16:00,16,2,269,0,27304.0
2024-09-25T17:00,17,2,269,0,29228.0
2024-09-25T18:00,18,2,269,0,31468.0
2024-09-25T19:00,19,2,269,0,29200.0
2024-09-25T20:00,20,2,269,0,28041.0
2024-09-25T21:00,21,2,269,0,26751.0
2024-09-25T22:00,22,2,269,0,27416.0
2024-09-25T23:00,23,2,269,0,27743.0
2024-09-26T00:00,0,3,270,0,28787.0
2024-09-26T01:00,1,3,270,0,30731.0
2024-09-26T02:00,2,3,270,0,31174.0
2024-09-26T03:00,3,3,270,0,31402.0
2024-09-26T04:00,4,3,270,0,31181.0
2024-09-26T05:00,5,3,270,0,29965.0
2024-09-26T06:00,6,3,270,0,28676.0
2024-09-26T07:00,7,3,270,0,26905.0
2024-09-26T08:00,8,3,270,0,25050.0
2024-09-26T09:00,9,3,270,0,24200.0
2024-09-26T10:00,10,3,270,0,23268.0
2024-09-26T11:00,11,3,270,0,22360.0
2024-09-26T12:00,12,3,270,0,21883.0
2024-09-26T13:00,13,3,270,0,22019.0
2024-09-26T14:00,14,3,270,0,22993.0
2024-09-26T15:00,15,3,270,0,24594.0
2024-09-26T16:00,16,3,270,0,26049.0
2024-09-26T17:00,17,3,270,0,28303.0
2024-09-26T18:00,18,3,270,0,28961.0
2024-09-26T19:00,19,3,270,0,27633.0
2024-09-26T20:00,20,3,270,0,26425.0
2024-09-26T21:00,21,3,270,0,25997.0
2024-09-26T22:00,22,3,270,0,25768.0
2024-09-26T23:00,23,3,270,0,26736.0
2024-09-27T00:00,0,4,271,0,27631.0
2024-09-27T01:00,1,4,271,0,29576.0
2024-09-27T02:00,2,4,271,0,31139.0
2024-09-27T03:00,3,4,271,0,31597.0
2024-09-27T04:00,4,4,271,0,31351.0
2024-09-27T05:00,5,4,271,0,30187.0
2024-09-27T06:00,6,4,271,0,29179.0
2024-09-27T07:00,7,4,271,0,27119.0
2024-09-27T08:00,8,4,271,0,25432.0
2024-09-27T09:00,9,4,271,0,24594.0
2024-09-27T10:00,10,4,271,0,23321.0
2024-09-27T11:00,11,4,271,0,22338.0
2024-09-27T12:00,12,4,271,0,21939.0
2024-09-27T13:00,13,4,271,0,21842.0
2024-09-27T14:00,14,4,271,0,22669.0
2024-09-27T15:00,15,4,271,0,24390.0
2024-09-27T16:00,16,4,271,0,25877.0
2024-09-27T17:00,17,4,271,0,27977.0
2024-09-27T18:00,18,4,271,0,29256.0
2024-09-27T19:00,19,4,271,0,29028.0
2024-09-27T20:00,20,4,271,0,27874.0
2024-09-27T21:00,21,4,271,0,27071.0
2024-09-27T22:00,22,4,271,0,27066.0
2024-09-27T23:00,23,4,271,0,27441.0
2024-09-28T00:00,0,5,272,0,29031.0
2024-09-28T01:00,1,5,272,0,31383.0
2024-09-28T02:00,2,5,272,0,32743.0
2024-09-28T03:00,3,5,272,0,32634.0
2024-09-28T04:00,4,5,272,0,31902.0
2024-09-28T05:00,5,5,272,0,30427.0
2024-09-28T06:00,6,5,272,0,29316.0
2024-09-28T07:00,7,5,272,0,27464.0
2024-09-28T08:00,8,5,272,0,25833.0
2024-09-28T09:00,9,5,272,0,24348.0
2024-09-28T10:00,10,5,272,0,23253.0
2024-09-28T11:00,11,5,272,0,22164.0
2024-09-28T12:00,12,5,272,0,21346.0
2024-09-28T13:00,13,5,272,0,21178.0
2024-09-28T14:00,14,5,272,0,21241.0
2024-09-28T15:00,15,5,272,0,21895.0
2024-09-28T16:00,16,5,272,0,22931.0
2024-09-28T17:00,17,5,272,0,25376.0
2024-09-28T18:00,18,5,272,0,26095.0
2024-09-28T19:00,19,5,272,0,25707.0
2024-09-28T20:00,20,5,272,0,24775.0
2024-09-28T21:00,21,5,272,0,23631.0
2024-09-28T22:00,22,5,272,0,23591.0
2024-09-28T23:00,23,5,272,0,24162.0
2024-09-29T00:00,0,6,273,0,25738.0
2024-09-29T01:00,1,6,273,0,27652.0
2024-09-29T02:00,2,6,273,0,29227.0
2024-09-29T03:00,3,6,273,0,29673.0
2024-09-29T04:00,4,6,273,0,29163.0
2024-09-29T05:00,5,6,273,0,28134.0
2024-09-29T06:00,6,6,273,0,27103.0
2024-09-29T07:00,7,6,273,0,25490.0
2024-09-29T08:00,8,6,273,0,24423.0
2024-09-29T09:00,9,6,273,0,23653.0
2024-09-29T10:00,10,6,273,0,22713.0
2024-09-29T11:00,11,6,273,0,21757.0
2024-09-29T12:00,12,6,273,0,20759.0
2024-09-29T13:00,13,6,273,0,20396.0
2024-09-29T14:00,14,6,273,0,20540.0
2024-09-29T15:00,15,6,273,0,20779.0
2024-09-29T16:00,16,6,273,0,21357.0
2024-09-29T17:00,17,6,273,0,23568.0
2024-09-29T18:00,18,6,273,0,24126.0
2024-09-29T19:00,19,6,273,0,24179.0
2024-09-29T20:00,20,6,273,0,22726.0
2024-09-29T21:00,21,6,273,0,21500.0
2024-09-29T22:00,22,6,273,0,21364.0
2024-09-29T23:00,23,6,273,0,22237.0
2024-09-30T00:00,0,0,274,0,24196.0
2024-09-30T01:00,1,0,274,0,26267.0
2024-09-30T02:00,2,0,274,0,28764.0
2024-09-30T03:00,3,0,274,0,29497.0
2024-09-30T04:00,4,0,274,0,29246.0
2024-09-30T05:00,5,0,274,0,28146.0
2024-09-30T06:00,6,0,274,0,27103.0
2024-09-30T07:00,7,0,274,0,25524.0
2024-09-30T08:00,8,0,274,0,23637.0
2024-09-30T09:00,9,0,274,0,23533.0
2024-09-30T10:00,10,0,274,0,22478.0
2024-09-30T11:00,11,0,274,0,21816.0
2024-09-30T12:00,12,0,274,0,21250.0
2024-09-30T13:00,13,0,274,0,21159.0
2024-09-30T14:00,14,0,274,0,22154.0
2024-09-30T15:00,15,0,274,0,23797.0
2024-09-30T16:00,16,0,274,0,25409.0
2024-09-30T17:00,17,0,274,0,27820.0
2024-09-30T18:00,18,0,274,0,29156.0
2024-09-30T19:00,19,0,274,0,28799.0
2024-09-30T20:00,20,0,274,0,28218.0
2024-09-30T21:00,21,0,274,0,27853.0
2024-09-30T22:00,22,0,274,0,27753.0
2024-09-30T23:00,23,0,274,0,28895.0
2024-10-01T00:00,0,1,275,0,31342.0
2024-10-01T01:00,1,1,275,0,33411.0
2024-10-01T02:00,2,1,275,0,34947.0
2024-10-01T03:00,3,1,275,0,34930.0
2024-10-01T04:00,4,1,275,0,33938.0
2024-10-01T05:00,5,1,275,0,32418.0
2024-10-01T06:00,6,1,275,0,30963.0
2024-10-01T07:00,7,1,275,0,28570.0
2024-10-01T08:00,8,1,275,0,26721.0
2024-10-01T09:00,9,1,275,0,25609.0
2024-10-01T10:00,10,1,275,0,24735.0
2024-10-01T11:00,11,1,275,0,24100.0
2024-10-01T12:00,12,1,275,0,23545.0
2024-10-01T13:00,13,1,275,0,23129.0
2024-10-01T14:00,14,1,275,0,23456.0
2024-10-01T15:00,15,1,275,0,25318.0
2024-10-01T16:00,16,1,275,0,27165.0
2024-10-01T17:00,17,1,275,0,29955.0
2024-10-01T18:00,18,1,275,0,31725.0
2024-10-01T19:00,19,1,275,0,31561.0
2024-10-01T20:00,20,1,275,0,31072.0
2024-10-01T21:00,21,1,275,0,30824.0
2024-10-01T22:00,22,1,275,0,32000.0
2024-10-01T23:00,23,1,275,0,33789.0
2024-10-02T00:00,0,2,276,0,36028.0
2024-10-02T01:00,1,2,276,0,37904.0
2024-10-02T02:00,2,2,276,0,38984.0
2024-10-02T03:00,3,2,276,0,38358.0
2024-10-02T04:00,4,2,276,0,36944.0
2024-10-02T05:00,5,2,276,0,34899.0
2024-10-02T06:00,6,2,276,0,33160.0
2024-10-02T07:00,7,2,276,0,30442.0
2024-10-02T08:00,8,2,276,0,28263.0
2024-10-02T09:00,9,2,276,0,26717.0
2024-10-02T10:00,10,2,276,0,26303.0
2024-10-02T11:00,11,2,276,0,25244.0
2024-10-02T12:00,12,2,276,0,24765.0
2024-10-02T13:00,13,2,276,0,24576.0
2024-10-02T14:00,14,2,276,0,24374.0
2024-10-02T15:00,15,2,276,0,25822.0
2024-10-02T16:00,16,2,276,0,27519.0
2024-10-02T17:00,17,2,276,0,30198.0
2024-10-02T18:00,18,2,276,0,32061.0
2024-10-02T19:00,19,2,276,0,31712.0
2024-10-02T20:00,20,2,276,0,32019.0
2024-10-02T21:00,21,2,276,0,32730.0
2024-10-02T22:00,22,2,276,0,34279.0
2024-10-02T23:00,23,2,276,0,36303.0
2024-10-03T00:00,0,3,277,0,38881.0
2024-10-03T01:00,1,3,277,0,40519.0
2024-10-03T02:00,2,3,277,0,41205.0
2024-10-03T03:00,3,3,277,0,40315.0
2024-10-03T04:00,4,3,277,0,38729.0
2024-10-03T05:00,5,3,277,0,36458.0
2024-10-03T06:00,6,3,277,0,34506.0
2024-10-03T07:00,7,3,277,0,31740.0
2024-10-03T08:00,8,3,277,0,29251.0
2024-10-03T09:00,9,3,277,0,27596.0
2024-10-03T10:00,10,3,277,0,26166.0
2024-10-03T11:00,11,3,277,0,25462.0
2024-10-03T12:00,12,3,277,0,24770.0
2024-10-03T13:00,13,3,277,0,24412.0
2024-10-03T14:00,14,3,277,0,24886.0
2024-10-03T15:00,15,3,277,0,26093.0
2024-10-03T16:00,16,3,277,0,27872.0
2024-10-03T17:00,17,3,277,0,31040.0
2024-10-03T18:00,18,3,277,0,32474.0
2024-10-03T19:00,19,3,277,0,32518.0
2024-10-03T20:00,20,3,277,0,32401.0
2024-10-03T21:00,21,3,277,0,32318.0
2024-10-03T22:00,22,3,277,0,33478.0
2024-10-03T23:00,23,3,277,0,35623.0
2024-10-04T00:00,0,4,278,0,37842.0
2024-10-04T01:00,1,4,278,0,39522.0
2024-10-04T02:00,2,4,278,0,39827.0
2024-10-04T03:00,3,4,278,0,38828.0
2024-10-04T04:00,4,4,278,0,37152.0
2024-10-04T05:00,5,4,278,0,35005.0
2024-10-04T06:00,6,4,278,0,32983.0
2024-10-04T07:00,7,4,278,0,30496.0
2024-10-04T08:00,8,4,278,0,28342.0
2024-10-04T09:00,9,4,278,0,27013.0
2024-10-04T10:00,10,4,278,0,26692.0
2024-10-04T11:00,11,4,278,0,25992.0
2024-10-04T12:00,12,4,278,0,25177.0
2024-10-04T13:00,13,4,278,0,24518.0
2024-10-04T14:00,14,4,278,0,24683.0
2024-10-04T15:00,15,4,278,0,25997.0
2024-10-04T16:00,16,4,278,0,27595.0
2024-10-04T17:00,17,4,278,0,29533.0
2024-10-04T18:00,18,4,278,0,31327.0
2024-10-04T19:00,19,4,278,0,31743.0
2024-10-04T20:00,20,4,278,0,32785.0
2024-10-04T21:00,21,4,278,0,33287.0
2024-10-04T22:00,22,4,278,0,33649.0
2024-10-04T23:00,23,4,278,0,34723.0
2024-10-05T00:00,0,5,279,0,35992.0
2024-10-05T01:00,1,5,279,0,37490.0
2024-10-05T02:00,2,5,279,0,37668.0
2024-10-05T03:00,3,5,279,0,36548.0
2024-10-05T04:00,4,5,279,0,35158.0
2024-10-05T05:00,5,5,279,0,33350.0
2024-10-05T06:00,6,5,279,0,31885.0
2024-10-05T07:00,7,5,279,0,29857.0
2024-10-05T08:00,8,5,279,0,28110.0
2024-10-05T09:00,9,5,279,0,26646.0
2024-10-05T10:00,10,5,279,0,25465.0
2024-10-05T11:00,11,5,279,0,24168.0
2024-10-05T12:00,12,5,279,0,23523.0
2024-10-05T13:00,13,5,279,0,23214.0
2024-10-05T14:00,14,5,279,0,23182.0
2024-10-05T15:00,15,5,279,0,23601.0
2024-10-05T16:00,16,5,279,0,24363.0
2024-10-05T17:00,17,5,279,0,28120.0
2024-10-05T18:00,18,5,279,0,29749.0
2024-10-05T19:00,19,5,279,0,29681.0
2024-10-05T20:00,20,5,279,0,28803.0
2024-10-05T21:00,21,5,279,0,29583.0
2024-10-05T22:00,22,5,279,0,30400.0
2024-10-05T23:00,23,5,279,0,31855.0
2024-10-06T00:00,0,6,280,0,33713.0
2024-10-06T01:00,1,6,280,0,35484.0
2024-10-06T02:00,2,6,280,0,36392.0
2024-10-06T03:00,3,6,280,0,35640.0
2024-10-06T04:00,4,6,280,0,34268.0
2024-10-06T05:00,5,6,280,0,32339.0
2024-10-06T06:00,6,6,280,0,30887.0
2024-10-06T07:00,7,6,280,0,29069.0
2024-10-06T08:00,8,6,280,0,27100.0
2024-10-06T09:00,9,6,280,0,25793.0
2024-10-06T10:00,10,6,280,0,24669.0
2024-10-06T11:00,11,6,280,0,23543.0
2024-10-06T12:00,12,6,280,0,22734.0
2024-10-06T13:00,13,6,280,0,22316.0
2024-10-06T14:00,14,6,280,0,22403.0
2024-10-06T15:00,15,6,280,0,22689.0
2024-10-06T16:00,16,6,280,0,23708.0
2024-10-06T17:00,17,6,280,0,27317.0
2024-10-06T18:00,18,6,280,0,28579.0
2024-10-06T19:00,19,6,280,0,28586.0
2024-10-06T20:00,20,6,280,0,29107.0
2024-10-06T21:00,21,6,280,0,28898.0
2024-10-06T22:00,22,6,280,0,29471.0
2024-10-06T23:00,23,6,280,0,31004.0
2024-10-07T00:00,0,0,281,0,33703.0
2024-10-07T01:00,1,0,281,0,35987.0
2024-10-07T02:00,2,0,281,0,37322.0
2024-10-07T03:00,3,0,281,0,36761.0
2024-10-07T04:00,4,0,281,0,35262.0
2024-10-07T05:00,5,0,281,0,33440.0
2024-10-07T06:00,6,0,281,0,31563.0
2024-10-07T07:00,7,0,281,0,29425.0
2024-10-07T08:00,8,0,281,0,27153.0
2024-10-07T09:00,9,0,281,0,26115.0
2024-10-07T10:00,10,0,281,0,25224.0
2024-10-07T11:00,11,0,281,0,24800.0
2024-10-07T12:00,12,0,281,0,23986.0
2024-10-07T13:00,13,0,281,0,23513.0
2024-10-07T14:00,14,0,281,0,23958.0
2024-10-07T15:00,15,0,281,0,25618.0
2024-10-07T16:00,16,0,281,0,27273.0
2024-10-07T17:00,17,0,281,0,30599.0
2024-10-07T18:00,18,0,281,0,33165.0
2024-10-07T19:00,19,0,281,0,33303.0
2024-10-07T20:00,20,0,281,0,33825.0
2024-10-07T21:00,21,0,281,0,33709.0
2024-10-07T22:00,22,0,281,0,34226.0
2024-10-07T23:00,23,0,281,0,35730.0
2024-10-08T00:00,0,1,282,0,37710.0
2024-10-08T01:00,1,1,282,0,39497.0
2024-10-08T02:00,2,1,282,0,39943.0
2024-10-08T03:00,3,1,282,0,38608.0
2024-10-08T04:00,4,1,282,0,37207.0
2024-10-08T05:00,5,1,282,0,34843.0
2024-10-08T06:00,6,1,282,0,32696.0
2024-10-08T07:00,7,1,282,0,30221.0
2024-10-08T08:00,8,1,282,0,28163.0
2024-10-08T09:00,9,1,282,0,26713.0
2024-10-08T10:00,10,1,282,0,25975.0
2024-10-08T11:00,11,1,282,0,25083.0
2024-10-08T12:00,12,1,282,0,24620.0
2024-10-08T13:00,13,1,282,0,24236.0
2024-10-08T14:00,14,1,282,0,24583.0
2024-10-08T15:00,15,1,282,0,26072.0
2024-10-08T16:00,16,1,282,0,27504.0
2024-10-08T17:00,17,1,282,0,30333.0
2024-10-08T18:00,18,1,282,0,32031.0
2024-10-08T19:00,19,1,282,0,31719.0
2024-10-08T20:00,20,1,282,0,32113.0
2024-10-08T21:00,21,1,282,0,31527.0
2024-10-08T22:00,22,1,282,0,31713.0
2024-10-08T23:00,23,1,282,0,32647.0
2024-10-09T00:00,0,2,283,0,34311.0
2024-10-09T01:00,1,2,283,0,35840.0
2024-10-09T02:00,2,2,283,0,36546.0
2024-10-09T03:00,3,2,283,0,35718.0
2024-10-09T04:00,4,2,283,0,34380.0
2024-10-09T05:00,5,2,283,0,32548.0
2024-10-09T06:00,6,2,283,0,30891.0
2024-10-09T07:00,7,2,283,0,28871.0
2024-10-09T08:00,8,2,283,0,26982.0
2024-10-09T09:00,9,2,283,0,25894.0
2024-10-09T10:00,10,2,283,0,25108.0
2024-10-09T11:00,11,2,283,0,24105.0
2024-10-09T12:00,12,2,283,0,23715.0
2024-10-09T13:00,13,2,283,0,23512.0
2024-10-09T14:00,14,2,283,0,23896.0
2024-10-09T15:00,15,2,283,0,25427.0
2024-10-09T16:00,16,2,283,0,26706.0
2024-10-09T17:00,17,2,283,0,29216.0
2024-10-09T18:00,18,2,283,0,31110.0
2024-10-09T19:00,19,2,283,0,30691.0
2024-10-09T20:00,20,2,283,0,29433.0
2024-10-09T21:00,21,2,283,0,29498.0
2024-10-09T22:00,22,2,283,0,28923.0
2024-10-09T23:00,23,2,283,0,29485.0
2024-10-10T00:00,0,3,284,0,30994.0
2024-10-10T01:00,1,3,284,0,32236.0
2024-10-10T02:00,2,3,284,0,33230.0
2024-10-10T03:00,3,3,284,0,33070.0
2024-10-10T04:00,4,3,284,0,32086.0
2024-10-10T05:00,5,3,284,0,30692.0
2024-10-10T06:00,6,3,284,0,29473.0
2024-10-10T07:00,7,3,284,0,27707.0
2024-10-10T08:00,8,3,284,0,25666.0
2024-10-10T09:00,9,3,284,0,24907.0
2024-10-10T10:00,10,3,284,0,24309.0
2024-10-10T11:00,11,3,284,0,23460.0
2024-10-10T12:00,12,3,284,0,23039.0
2024-10-10T13:00,13,3,284,0,22997.0
2024-10-10T14:00,14,3,284,0,23476.0
2024-10-10T15:00,15,3,284,0,25105.0
2024-10-10T16:00,16,3,284,0,26368.0
2024-10-10T17:00,17,3,284,0,28493.0
2024-10-10T18:00,18,3,284,0,30131.0
2024-10-10T19:00,19,3,284,0,29506.0
2024-10-10T20:00,20,3,284,0,28767.0
2024-10-10T21:00,21,3,284,0,27876.0
2024-10-10T22:00,22,3,284,0,28329.0
2024-10-10T23:00,23,3,284,0,29109.0
2024-10-11T00:00,0,4,285,0,30239.0
2024-10-11T01:00,1,4,285,0,31505.0
2024-10-11T02:00,2,4,285,0,32167.0
2024-10-11T03:00,3,4,285,0,32055.0
2024-10-11T04:00,4,4,285,0,31507.0
2024-10-11T05:00,5,4,285,0,30074.0
2024-10-11T06:00,6,4,285,0,28805.0
2024-10-11T07:00,7,4,285,0,27062.0
2024-10-11T08:00,8,4,285,0,25282.0
2024-10-11T09:00,9,4,285,0,24459.0
2024-10-11T10:00,10,4,285,0,23400.0
2024-10-11T11:00,11,4,285,0,22618.0
2024-10-11T12:00,12,4,285,0,22089.0
2024-10-11T13:00,13,4,285,0,22191.0
2024-10-11T14:00,14,4,285,0,22971.0
2024-10-11T15:00,15,4,285,0,24305.0
2024-10-11T16:00,16,4,285,0,25667.0
2024-10-11T17:00,17,4,285,0,28111.0
2024-10-11T18:00,18,4,285,0,29358.0
2024-10-11T19:00,19,4,285,0,28653.0
2024-10-11T20:00,20,4,285,0,28499.0
2024-10-11T21:00,21,4,285,0,27809.0
2024-10-11T22:00,22,4,285,0,27869.0
2024-10-11T23:00,23,4,285,0,28232.0
2024-10-12T00:00,0,5,286,0,28426.0
2024-10-12T01:00,1,5,286,0,29784.0
2024-10-12T02:00,2,5,286,0,31139.0
2024-10-12T03:00,3,5,286,0,30901.0
2024-10-12T04:00,4,5,286,0,30300.0
2024-10-12T05:00,5,5,286,0,28992.0
2024-10-12T06:00,6,5,286,0,27893.0
2024-10-12T07:00,7,5,286,0,26669.0
2024-10-12T08:00,8,5,286,0,25403.0
2024-10-12T09:00,9,5,286,0,24593.0
2024-10-12T10:00,10,5,286,0,23486.0
2024-10-12T11:00,11,5,286,0,22639.0
2024-10-12T12:00,12,5,286,0,22068.0
2024-10-12T13:00,13,5,286,0,21839.0
2024-10-12T14:00,14,5,286,0,21760.0
2024-10-12T15:00,15,5,286,0,21977.0
2024-10-12T16:00,16,5,286,0,22901.0
2024-10-12T17:00,17,5,286,0,24908.0
2024-10-12T18:00,18,5,286,0,25708.0
2024-10-12T19:00,19,5,286,0,24931.0
2024-10-12T20:00,20,5,286,0,23838.0
2024-10-12T21:00,21,5,286,0,23239.0
2024-10-12T22:00,22,5,286,0,22967.0
2024-10-12T23:00,23,5,286,0,23516.0
2024-10-13T00:00,0,6,287,0,24489.0
2024-10-13T01:00,1,6,287,0,26251.0
2024-10-13T02:00,2,6,287,0,27387.0
2024-10-13T03:00,3,6,287,0,28078.0
2024-10-13T04:00,4,6,287,0,27679.0
2024-10-13T05:00,5,6,287,0,26865.0
2024-10-13T06:00,6,6,287,0,25875.0
2024-10-13T07:00,7,6,287,0,24665.0
2024-10-13T08:00,8,6,287,0,23510.0
2024-10-13T09:00,9,6,287,0,22498.0
2024-10-13T10:00,10,6,287,0,21668.0
2024-10-13T11:00,11,6,287,0,20865.0
2024-10-13T12:00,12,6,287,0,20321.0
2024-10-13T13:00,13,6,287,0,20053.0
2024-10-13T14:00,14,6,287,0,20189.0
2024-10-13T15:00,15,6,287,0,20524.0
2024-10-13T16:00,16,6,287,0,21427.0
2024-10-13T17:00,17,6,287,0,22995.0
2024-10-13T18:00,18,6,287,0,23606.0
2024-10-13T19:00,19,6,287,0,22494.0
2024-10-13T20:00,20,6,287,0,21449.0
2024-10-13T21:00,21,6,287,0,21304.0
2024-10-13T22:00,22,6,287,0,21668.0
2024-10-13T23:00,23,6,287,0,22331.0
2024-10-14T00:00,0,0,288,1,23744.0
2024-10-14T01:00,1,0,288,1,25306.0
2024-10-14T02:00,2,0,288,1,27134.0
2024-10-14T03:00,3,0,288,1,27849.0
2024-10-14T04:00,4,0,288,1,27507.0
2024-10-14T05:00,5,0,288,1,26738.0
2024-10-14T06:00,6,0,288,1,25846.0
2024-10-14T07:00,7,0,288,1,24402.0
2024-10-14T08:00,8,0,288,1,23278.0
2024-10-14T09:00,9,0,288,1,22764.0
2024-10-14T10:00,10,0,288,1,22503.0
2024-10-14T11:00,11,0,288,1,21976.0
2024-10-14T12:00,12,0,288,1,21585.0
2024-10-14T13:00,13,0,288,1,21209.0
2024-10-14T14:00,14,0,288,1,21836.0
2024-10-14T15:00,15,0,288,1,23341.0
2024-10-14T16:00,16,0,288,1,25283.0
2024-10-14T17:00,17,0,288,1,27147.0
2024-10-14T18:00,18,0,288,1,27425.0
2024-10-14T19:00,19,0,288,1,27214.0
2024-10-14T20:00,20,0,288,1,26338.0
2024-10-14T21:00,21,0,288,1,26006.0
2024-10-14T22:00,22,0,288,1,26289.0
2024-10-14T23:00,23,0,288,1,26148.0
2024-10-15T00:00,0,1,289,0,27306.0
2024-10-15T01:00,1,1,289,0,27964.0
2024-10-15T02:00,2,1,289,0,29328.0
2024-10-15T03:00,3,1,289,0,29890.0
2024-10-15T04:00,4,1,289,0,29454.0
2024-10-15T05:00,5,1,289,0,28364.0
2024-10-15T06:00,6,1,289,0,27359.0
2024-10-15T07:00,7,1,289,0,25867.0
2024-10-15T08:00,8,1,289,0,24354.0
2024-10-15T09:00,9,1,289,0,23580.0
2024-10-15T10:00,10,1,289,0,22888.0
2024-10-15T11:00,11,1,289,0,22260.0
2024-10-15T12:00,12,1,289,0,21801.0
2024-10-15T13:00,13,1,289,0,21803.0
2024-10-15T14:00,14,1,289,0,22644.0
2024-10-15T15:00,15,1,289,0,24522.0
2024-10-15T16:00,16,1,289,0,26103.0
2024-10-15T17:00,17,1,289,0,27436.0
2024-10-15T18:00,18,1,289,0,28317.0
2024-10-15T19:00,19,1,289,0,27790.0
2024-10-15T20:00,20,1,289,0,27063.0
2024-10-15T21:00,21,1,289,0,26971.0
2024-10-15T22:00,22,1,289,0,27498.0
2024-10-15T23:00,23,1,289,0,27707.0
2024-10-16T00:00,0,2,290,0,28981.0
2024-10-16T01:00,1,2,290,0,29077.0
2024-10-16T02:00,2,2,290,0,29354.0
2024-10-16T03:00,3,2,290,0,29932.0
2024-10-16T04:00,4,2,290,0,29574.0
2024-10-16T05:00,5,2,290,0,28537.0
2024-10-16T06:00,6,2,290,0,27532.0
2024-10-16T07:00,7,2,290,0,25891.0
2024-10-16T08:00,8,2,290,0,24853.0
2024-10-16T09:00,9,2,290,0,23898.0
2024-10-16T10:00,10,2,290,0,22795.0
2024-10-16T11:00,11,2,290,0,22080.0
2024-10-16T12:00,12,2,290,0,21885.0
2024-10-16T13:00,13,2,290,0,22119.0
2024-10-16T14:00,14,2,290,0,22906.0
2024-10-16T15:00,15,2,290,0,24597.0
2024-10-16T16:00,16,2,290,0,26237.0
2024-10-16T17:00,17,2,290,0,28070.0
2024-10-16T18:00,18,2,290,0,29295.0
2024-10-16T19:00,19,2,290,0,29167.0
2024-10-16T20:00,20,2,290,0,28565.0
2024-10-16T21:00,21,2,290,0,28656.0
2024-10-16T22:00,22,2,290,0,28421.0
2024-10-16T23:00,23,2,290,0,29495.0
2024-10-17T00:00,0,3,291,0,28985.0
2024-10-17T01:00,1,3,291,0,27840.0
2024-10-17T02:00,2,3,291,0,27721.0
2024-10-17T03:00,3,3,291,0,28427.0
2024-10-17T04:00,4,3,291,0,28066.0
2024-10-17T05:00,5,3,291,0,27460.0
2024-10-17T06:00,6,3,291,0,26590.0
2024-10-17T07:00,7,3,291,0,25243.0
2024-10-17T08:00,8,3,291,0,24036.0
2024-10-17T09:00,9,3,291,0,23198.0
2024-10-17T10:00,10,3,291,0,22436.0
2024-10-17T11:00,11,3,291,0,22069.0
2024-10-17T12:00,12,3,291,0,21867.0
2024-10-17T13:00,13,3,291,0,21970.0
2024-10-17T14:00,14,3,291,0,22825.0
2024-10-17T15:00,15,3,291,0,24457.0
2024-10-17T16:00,16,3,291,0,26040.0
2024-10-17T17:00,17,3,291,0,27594.0
2024-10-17T18:00,18,3,291,0,28375.0
2024-10-17T19:00,19,3,291,0,27912.0
2024-10-17T20:00,20,3,291,0,27821.0
2024-10-17T21:00,21,3,291,0,27310.0
2024-10-17T22:00,22,3,291,0,27416.0
2024-10-17T23:00,23,3,291,0,26670.0
2024-10-18T00:00,0,4,292,0,25691.0
2024-10-18T01:00,1,4,292,0,26081.0
2024-10-18T02:00,2,4,292,0,26573.0
2024-10-18T03:00,3,4,292,0,27671.0
2024-10-18T04:00,4,4,292,0,27606.0
2024-10-18T05:00,5,4,292,0,27023.0
2024-10-18T06:00,6,4,292,0,26185.0
2024-10-18T07:00,7,4,292,0,24854.0
2024-10-18T08:00,8,4,292,0,23807.0
2024-10-18T09:00,9,4,292,0,23266.0
2024-10-18T10:00,10,4,292,0,22347.0
2024-10-18T11:00,11,4,292,0,21911.0
2024-10-18T12:00,12,4,292,0,21584.0
2024-10-18T13:00,13,4,292,0,21555.0
2024-10-18T14:00,14,4,292,0,22536.0
2024-10-18T15:00,15,4,292,0,24043.0
2024-10-18T16:00,16,4,292,0,25101.0
2024-10-18T17:00,17,4,292,0,25195.0
2024-10-18T18:00,18,4,292,0,24907.0
2024-10-18T19:00,19,4,292,0,23188.0
2024-10-18T20:00,20,4,292,0,23576.0
2024-10-18T21:00,21,4,292,0,24026.0
2024-10-18T22:00,22,4,292,0,24312.0
2024-10-18T23:00,23,4,292,0,24483.0
2024-10-19T00:00,0,5,293,0,25309.0
2024-10-19T01:00,1,5,293,0,25744.0
2024-10-19T02:00,2,5,293,0,25935.0
2024-10-19T03:00,3,5,293,0,26727.0
2024-10-19T04:00,4,5,293,0,26766.0
2024-10-19T05:00,5,5,293,0,26291.0
2024-10-19T06:00,6,5,293,0,25369.0
2024-10-19T07:00,7,5,293,0,24232.0
2024-10-19T08:00,8,5,293,0,23277.0
2024-10-19T09:00,9,5,293,0,22502.0
2024-10-19T10:00,10,5,293,0,21782.0
2024-10-19T11:00,11,5,293,0,21112.0
2024-10-19T12:00,12,5,293,0,20821.0
2024-10-19T13:00,13,5,293,0,20594.0
2024-10-19T14:00,14,5,293,0,21040.0
2024-10-19T15:00,15,5,293,0,21612.0
2024-10-19T16:00,16,5,293,0,22026.0
2024-10-19T17:00,17,5,293,0,22464.0
2024-10-19T18:00,18,5,293,0,23470.0
2024-10-19T19:00,19,5,293,0,24094.0
2024-10-19T20:00,20,5,293,0,23189.0
2024-10-19T21:00,21,5,293,0,22994.0
2024-10-19T22:00,22,5,293,0,22013.0
2024-10-19T23:00,23,5,293,0,21035.0
2024-10-20T00:00,0,6,294,0,21488.0
2024-10-20T01:00,1,6,294,0,22799.0
2024-10-20T02:00,2,6,294,0,24688.0
2024-10-20T03:00,3,6,294,0,25732.0
2024-10-20T04:00,4,6,294,0,25755.0
2024-10-20T05:00,5,6,294,0,24856.0
2024-10-20T06:00,6,6,294,0,24101.0
2024-10-20T07:00,7,6,294,0,23050.0
2024-10-20T08:00,8,6,294,0,22304.0
2024-10-20T09:00,9,6,294,0,21300.0
2024-10-20T10:00,10,6,294,0,20454.0
2024-10-20T11:00,11,6,294,0,20042.0
2024-10-20T12:00,12,6,294,0,20048.0
2024-10-20T13:00,13,6,294,0,19728.0
2024-10-20T14:00,14,6,294,0,19754.0
2024-10-20T15:00,15,6,294,0,20099.0
2024-10-20T16:00,16,6,294,0,20345.0
2024-10-20T17:00,17,6,294,0,22248.0
2024-10-20T18:00,18,6,294,0,22708.0
2024-10-20T19:00,19,6,294,0,22575.0
2024-10-20T20:00,20,6,294,0,22102.0
2024-10-20T21:00,21,6,294,0,21782.0
2024-10-20T22:00,22,6,294,0,20906.0
2024-10-20T23:00,23,6,294,0,21256.0
2024-10-21T00:00,0,0,295,0,21890.0
2024-10-21T01:00,1,0,295,0,23673.0
2024-10-21T02:00,2,0,295,0,25515.0
2024-10-21T03:00,3,0,295,0,26455.0
2024-10-21T04:00,4,0,295,0,26407.0
2024-10-21T05:00,5,0,295,0,25565.0
2024-10-21T06:00,6,0,295,0,24536.0
2024-10-21T07:00,7,0,295,0,23193.0
2024-10-21T08:00,8,0,295,0,22172.0
2024-10-21T09:00,9,0,295,0,21396.0
2024-10-21T10:00,10,0,295,0,20767.0
2024-10-21T11:00,11,0,295,0,20175.0
2024-10-21T12:00,12,0,295,0,19838.0
2024-10-21T13:00,13,0,295,0,19893.0
2024-10-21T14:00,14,0,295,0,20672.0
2024-10-21T15:00,15,0,295,0,22568.0
2024-10-21T16:00,16,0,295,0,24262.0
2024-10-21T17:00,17,0,295,0,26096.0
2024-10-21T18:00,18,0,295,0,26967.0
2024-10-21T19:00,19,0,295,0,26361.0
2024-10-21T20:00,20,0,295,0,25256.0
2024-10-21T21:00,21,0,295,0,25070.0
2024-10-21T22:00,22,0,295,0,24578.0
2024-10-21T23:00,23,0,295,0,25043.0
2024-10-22T00:00,0,1,296,0,25864.0
2024-10-22T01:00,1,1,296,0,26729.0
2024-10-22T02:00,2,1,296,0,27853.0
2024-10-22T03:00,3,1,296,0,28869.0
2024-10-22T04:00,4,1,296,0,28430.0
2024-10-22T05:00,5,1,296,0,27427.0
2024-10-22T06:00,6,1,296,0,26288.0
2024-10-22T07:00,7,1,296,0,24802.0
2024-10-22T08:00,8,1,296,0,23537.0
2024-10-22T09:00,9,1,296,0,22295.0
2024-10-22T10:00,10,1,296,0,21631.0
2024-10-22T11:00,11,1,296,0,21036.0
2024-10-22T12:00,12,1,296,0,20737.0
2024-10-22T13:00,13,1,296,0,20765.0
2024-10-22T14:00,14,1,296,0,21621.0
2024-10-22T15:00,15,1,296,0,23390.0
2024-10-22T16:00,16,1,296,0,24859.0
2024-10-22T17:00,17,1,296,0,26455.0
2024-10-22T18:00,18,1,296,0,27423.0
2024-10-22T19:00,19,1,296,0,26427.0
2024-10-22T20:00,20,1,296,0,25597.0
2024-10-22T21:00,21,1,296,0,25367.0
2024-10-22T22:00,22,1,296,0,25019.0
2024-10-22T23:00,23,1,296,0,25157.0
2024-10-23T00:00,0,2,297,0,26280.0
2024-10-23T01:00,1,2,297,0,27549.0
2024-10-23T02:00,2,2,297,0,28578.0
2024-10-23T03:00,3,2,297,0,29277.0
2024-10-23T04:00,4,2,297,0,28637.0
2024-10-23T05:00,5,2,297,0,27468.0
2024-10-23T06:00,6,2,297,0,26492.0
2024-10-23T07:00,7,2,297,0,24829.0
2024-10-23T08:00,8,2,297,0,23446.0
2024-10-23T09:00,9,2,297,0,22826.0
2024-10-23T10:00,10,2,297,0,22053.0
2024-10-23T11:00,11,2,297,0,21493.0
2024-10-23T12:00,12,2,297,0,21169.0
2024-10-23T13:00,13,2,297,0,21138.0
2024-10-23T14:00,14,2,297,0,21919.0
2024-10-23T15:00,15,2,297,0,23673.0
2024-10-23T16:00,16,2,297,0,25119.0
2024-10-23T17:00,17,2,297,0,26663.0
2024-10-23T18:00,18,2,297,0,26635.0
2024-10-23T19:00,19,2,297,0,26377.0
2024-10-23T20:00,20,2,297,0,25427.0
2024-10-23T21:00,21,2,297,0,25263.0
2024-10-23T22:00,22,2,297,0,25658.0
2024-10-23T23:00,23,2,297,0,26539.0
2024-10-24T00:00,0,3,298,0,27224.0
2024-10-24T01:00,1,3,298,0,28045.0
2024-10-24T02:00,2,3,298,0,28901.0
2024-10-24T03:00,3,3,298,0,29307.0
2024-10-24T04:00,4,3,298,0,28764.0
2024-10-24T05:00,5,3,298,0,27466.0
2024-10-24T06:00,6,3,298,0,26424.0
2024-10-24T07:00,7,3,298,0,24904.0
2024-10-24T08:00,8,3,298,0,23766.0
2024-10-24T09:00,9,3,298,0,22998.0
2024-10-24T10:00,10,3,298,0,22243.0
2024-10-24T11:00,11,3,298,0,21637.0
2024-10-24T12:00,12,3,298,0,20937.0
2024-10-24T13:00,13,3,298,0,21103.0
2024-10-24T14:00,14,3,298,0,21807.0
2024-10-24T15:00,15,3,298,0,23689.0
2024-10-24T16:00,16,3,298,0,24995.0
2024-10-24T17:00,17,3,298,0,26237.0
2024-10-24T18:00,18,3,298,0,26772.0
2024-10-24T19:00,19,3,298,0,26006.0
2024-10-24T20:00,20,3,298,0,25526.0
2024-10-24T21:00,21,3,298,0,25333.0
2024-10-24T22:00,22,3,298,0,25180.0
2024-10-24T23:00,23,3,298,0,25705.0
2024-10-25T00:00,0,4,299,0,26278.0
2024-10-25T01:00,1,4,299,0,26820.0
2024-10-25T02:00,2,4,299,0,27769.0
2024-10-25T03:00,3,4,299,0,28470.0
2024-10-25T04:00,4,4,299,0,27961.0
2024-10-25T05:00,5,4,299,0,26757.0
2024-10-25T06:00,6,4,299,0,25979.0
2024-10-25T07:00,7,4,299,0,24531.0
2024-10-25T08:00,8,4,299,0,23045.0
2024-10-25T09:00,9,4,299,0,22575.0
2024-10-25T10:00,10,4,299,0,21539.0
2024-10-25T11:00,11,4,299,0,20866.0
2024-10-25T12:00,12,4,299,0,20574.0
2024-10-25T13:00,13,4,299,0,20712.0
2024-10-25T14:00,14,4,299,0,21559.0
2024-10-25T15:00,15,4,299,0,23295.0
2024-10-25T16:00,16,4,299,0,24582.0
2024-10-25T17:00,17,4,299,0,25767.0
2024-10-25T18:00,18,4,299,0,27226.0
2024-10-25T19:00,19,4,299,0,26512.0
2024-10-25T20:00,20,4,299,0,26024.0
2024-10-25T21:00,21,4,299,0,24953.0
2024-10-25T22:00,22,4,299,0,24840.0
2024-10-25T23:00,23,4,299,0,24697.0
2024-10-26T00:00,0,5,300,0,25136.0
2024-10-26T01:00,1,5,300,0,26015.0
2024-10-26T02:00,2,5,300,0,27031.0
2024-10-26T03:00,3,5,300,0,27716.0
2024-10-26T04:00,4,5,300,0,27108.0
2024-10-26T05:00,5,5,300,0,26049.0
2024-10-26T06:00,6,5,300,0,25357.0
2024-10-26T07:00,7,5,300,0,24139.0
2024-10-26T08:00,8,5,300,0,22976.0
2024-10-26T09:00,9,5,300,0,22627.0
2024-10-26T10:00,10,5,300,0,21569.0
2024-10-26T11:00,11,5,300,0,20662.0
2024-10-26T12:00,12,5,300,0,20280.0
2024-10-26T13:00,13,5,300,0,20177.0
2024-10-26T14:00,14,5,300,0,20519.0
2024-10-26T15:00,15,5,300,0,21587.0
2024-10-26T16:00,16,5,300,0,22117.0
2024-10-26T17:00,17,5,300,0,23747.0
2024-10-26T18:00,18,5,300,0,24945.0
2024-10-26T19:00,19,5,300,0,25031.0
2024-10-26T20:00,20,5,300,0,24432.0
2024-10-26T21:00,21,5,300,0,23525.0
2024-10-26T22:00,22,5,300,0,22947.0
2024-10-26T23:00,23,5,300,0,22440.0
2024-10-27T00:00,0,6,301,0,23540.0
2024-10-27T01:00,1,6,301,0,24707.0
2024-10-27T02:00,2,6,301,0,25906.0
2024-10-27T03:00,3,6,301,0,26680.0
2024-10-27T04:00,4,6,301,0,26052.0
2024-10-27T05:00,5,6,301,0,25228.0
2024-10-27T06:00,6,6,301,0,24675.0
2024-10-27T07:00,7,6,301,0,23499.0
2024-10-27T08:00,8,6,301,0,22569.0
2024-10-27T09:00,9,6,301,0,21898.0
2024-10-27T10:00,10,6,301,0,20990.0
2024-10-27T11:00,11,6,301,0,20392.0
2024-10-27T12:00,12,6,301,0,19961.0
2024-10-27T13:00,13,6,301,0,19842.0
2024-10-27T14:00,14,6,301,0,20288.0
2024-10-27T15:00,15,6,301,0,20797.0
2024-10-27T16:00,16,6,301,0,20815.0
2024-10-27T17:00,17,6,301,0,21414.0
2024-10-27T18:00,18,6,301,0,22204.0
2024-10-27T19:00,19,6,301,0,24185.0
2024-10-27T20:00,20,6,301,0,24593.0
2024-10-27T21:00,21,6,301,0,24052.0
2024-10-27T22:00,22,6,301,0,24533.0
2024-10-27T23:00,23,6,301,0,24018.0
2024-10-28T00:00,0,0,302,0,24319.0
2024-10-28T01:00,1,0,302,0,24281.0
2024-10-28T02:00,2,0,302,0,25468.0
2024-10-28T03:00,3,0,302,0,26973.0
2024-10-28T04:00,4,0,302,0,26401.0
2024-10-28T05:00,5,0,302,0,25479.0
2024-10-28T06:00,6,0,302,0,24872.0
2024-10-28T07:00,7,0,302,0,23630.0
2024-10-28T08:00,8,0,302,0,22961.0
2024-10-28T09:00,9,0,302,0,21837.0
2024-10-28T10:00,10,0,302,0,21530.0
2024-10-28T11:00,11,0,302,0,21135.0
2024-10-28T12:00,12,0,302,0,21210.0
2024-10-28T13:00,13,0,302,0,21189.0
2024-10-28T14:00,14,0,302,0,21868.0
2024-10-28T15:00,15,0,302,0,23960.0
2024-10-28T16:00,16,0,302,0,25598.0
2024-10-28T17:00,17,0,302,0,26113.0
2024-10-28T18:00,18,0,302,0,26949.0
2024-10-28T19:00,19,0,302,0,26727.0
2024-10-28T20:00,20,0,302,0,26292.0
2024-10-28T21:00,21,0,302,0,26821.0
2024-10-28T22:00,22,0,302,0,26865.0
2024-10-28T23:00,23,0,302,0,26321.0
2024-10-29T00:00,0,1,303,0,25806.0
2024-10-29T01:00,1,1,303,0,25300.0
2024-10-29T02:00,2,1,303,0,26112.0
2024-10-29T03:00,3,1,303,0,27443.0
2024-10-29T04:00,4,1,303,0,27046.0
2024-10-29T05:00,5,1,303,0,26111.0
2024-10-29T06:00,6,1,303,0,25383.0
2024-10-29T07:00,7,1,303,0,23986.0
2024-10-29T08:00,8,1,303,0,22796.0
2024-10-29T09:00,9,1,303,0,22482.0
2024-10-29T10:00,10,1,303,0,21646.0
2024-10-29T11:00,11,1,303,0,21350.0
2024-10-29T12:00,12,1,303,0,20770.0
2024-10-29T13:00,13,1,303,0,21077.0
2024-10-29T14:00,14,1,303,0,22224.0
2024-10-29T15:00,15,1,303,0,24023.0
2024-10-29T16:00,16,1,303,0,25750.0
2024-10-29T17:00,17,1,303,0,26036.0
2024-10-29T18:00,18,1,303,0,26590.0
2024-10-29T19:00,19,1,303,0,26357.0
2024-10-29T20:00,20,1,303,0,25455.0
2024-10-29T21:00,21,1,303,0,24961.0
2024-10-29T22:00,22,1,303,0,24268.0
2024-10-29T23:00,23,1,303,0,23311.0
2024-10-30T00:00,0,2,304,0,23251.0
2024-10-30T01:00,1,2,304,0,24062.0
2024-10-30T02:00,2,2,304,0,25779.0
2024-10-30T03:00,3,2,304,0,27067.0
2024-10-30T04:00,4,2,304,0,26696.0
2024-10-30T05:00,5,2,304,0,26010.0
2024-10-30T06:00,6,2,304,0,25243.0
2024-10-30T07:00,7,2,304,0,23922.0
2024-10-30T08:00,8,2,304,0,22580.0
2024-10-30T09:00,9,2,304,0,22255.0
2024-10-30T10:00,10,2,304,0,21617.0
2024-10-30T11:00,11,2,304,0,20983.0
2024-10-30T12:00,12,2,304,0,20687.0
2024-10-30T13:00,13,2,304,0,21150.0
2024-10-30T14:00,14,2,304,0,22598.0
2024-10-30T15:00,15,2,304,0,24658.0
2024-10-30T16:00,16,2,304,0,25981.0
2024-10-30T17:00,17,2,304,0,27300.0
2024-10-30T18:00,18,2,304,0,27899.0
2024-10-30T19:00,19,2,304,0,27042.0
2024-10-30T20:00,20,2,304,0,26679.0
2024-10-30T21:00,21,2,304,0,25625.0
2024-10-30T22:00,22,2,304,0,24856.0
2024-10-30T23:00,23,2,304,0,24335.0
2024-10-31T00:00,0,3,305,0,24090.0
2024-10-31T01:00,1,3,305,0,24379.0
2024-10-31T02:00,2,3,305,0,25913.0
2024-10-31T03:00,3,3,305,0,27242.0
2024-10-31T04:00,4,3,305,0,27003.0
2024-10-31T05:00,5,3,305,0,26263.0
2024-10-31T06:00,6,3,305,0,25528.0
2024-10-31T07:00,7,3,305,0,24299.0
2024-10-31T08:00,8,3,305,0,23279.0
2024-10-31T09:00,9,3,305,0,23357.0
2024-10-31T10:00,10,3,305,0,22309.0
2024-10-31T11:00,11,3,305,0,22078.0
2024-10-31T12:00,12,3,305,0,21373.0
2024-10-31T13:00,13,3,305,0,21356.0
2024-10-31T14:00,14,3,305,0,22247.0
2024-10-31T15:00,15,3,305,0,24301.0
2024-10-31T16:00,16,3,305,0,26007.0
2024-10-31T17:00,17,3,305,0,26408.0
2024-10-31T18:00,18,3,305,0,26469.0
2024-10-31T19:00,19,3,305,0,25843.0
2024-10-31T20:00,20,3,305,0,25807.0
2024-10-31T21:00,21,3,305,0,25077.0
2024-10-31T22:00,22,3,305,0,24977.0
2024-10-31T23:00,23,3,305,0,24692.0
2024-11-01T00:00,0,4,306,0,24390.0
2024-11-01T01:00,1,4,306,0,24225.0
2024-11-01T02:00,2,4,306,0,25644.0
2024-11-01T03:00,3,4,306,0,26339.0
2024-11-01T04:00,4,4,306,0,25974.0
2024-11-01T05:00,5,4,306,0,25090.0
2024-11-01T06:00,6,4,306,0,25297.0
2024-11-01T07:00,7,4,306,0,23900.0
2024-11-01T08:00,8,4,306,0,22719.0
2024-11-01T09:00,9,4,306,0,22526.0
2024-11-01T10:00,10,4,306,0,21917.0
2024-11-01T11:00,11,4,306,0,21851.0
2024-11-01T12:00,12,4,306,0,21226.0
2024-11-01T13:00,13,4,306,0,21123.0
2024-11-01T14:00,14,4,306,0,21965.0
2024-11-01T15:00,15,4,306,0,23910.0
2024-11-01T16:00,16,4,306,0,25515.0
2024-11-01T17:00,17,4,306,0,25523.0
2024-11-01T18:00,18,4,306,0,25809.0
2024-11-01T19:00,19,4,306,0,25244.0
2024-11-01T20:00,20,4,306,0,24637.0
2024-11-01T21:00,21,4,306,0,24111.0
2024-11-01T22:00,22,4,306,0,23523.0
2024-11-01T23:00,23,4,306,0,24274.0
2024-11-02T00:00,0,5,307,0,24462.0
2024-11-02T01:00,1,5,307,0,24908.0
2024-11-02T02:00,2,5,307,0,25529.0
2024-11-02T03:00,3,5,307,0,26609.0
2024-11-02T04:00,4,5,307,0,26134.0
2024-11-02T05:00,5,5,307,0,25436.0
2024-11-02T06:00,6,5,307,0,24943.0
2024-11-02T07:00,7,5,307,0,23992.0
2024-11-02T08:00,8,5,307,0,22778.0
2024-11-02T09:00,9,5,307,0,22102.0
2024-11-02T10:00,10,5,307,0,22102.0
2024-11-02T11:00,11,5,307,0,21851.0
2024-11-02T12:00,12,5,307,0,21226.0
2024-11-02T13:00,13,5,307,0,21123.0
2024-11-02T14:00,14,5,307,0,21965.0
2024-11-02T15:00,15,5,307,0,23910.0
2024-11-02T16:00,16,5,307,0,25515.0
2024-11-02T17:00,17,5,307,0,25523.0
2024-11-02T18:00,18,5,307,0,25809.0
2024-11-02T19:00,19,5,307,0,25244.0
2024-11-02T20:00,20,5,307,0,24637.0
2024-11-02T21:00,21,5,307,0,24111.0
2024-11-02T22:00,22,5,307,0,23523.0
2024-11-02T23:00,23,5,307,0,24274.0
2024-11-03T00:00,0,6,308,0,24462.0
2024-11-03T01:00,1,6,308,0,24908.0
2024-11-03T02:00,2,6,308,0,25529.0
2024-11-03T03:00,3,6,308,0,26609.0
2024-11-03T04:00,4,6,308,0,26134.0
2024-11-03T05:00,5,6,308,0,25436.0
2024-11-03T06:00,6,6,308,0,24943.0
2024-11-03T07:00,7,6,308,0,23992.0
2024-11-03T08:00,8,6,308,0,21942.0
2024-11-03T09:00,9,6,308,0,21642.0
2024-11-03T10:00,10,6,308,0,21144.0
2024-11-03T11:00,11,6,308,0,20271.0
2024-11-03T12:00,12,6,308,0,19638.0
2024-11-03T13:00,13,6,308,0,19438.0
2024-11-03T14:00,14,6,308,0,19639.0
2024-11-03T15:00,15,6,308,0,19991.0
2024-11-03T16:00,16,6,308,0,20504.0
2024-11-03T17:00,17,6,308,0,21310.0
2024-11-03T18:00,18,6,308,0,22416.0
2024-11-03T19:00,19,6,308,0,22665.0
2024-11-03T20:00,20,6,308,0,21924.0
2024-11-03T21:00,21,6,308,0,21221.0
2024-11-03T22:00,22,6,308,0,20635.0
2024-11-03T23:00,23,6,308,0,20399.0
2024-11-04T00:00,0,0,309,0,20408.0
2024-11-04T01:00,1,0,309,0,20976.0
2024-11-04T02:00,2,0,309,0,23342.0
2024-11-04T03:00,3,0,309,0,25335.0
2024-11-04T04:00,4,0,309,0,25474.0
2024-11-04T05:00,5,0,309,0,24937.0
2024-11-04T06:00,6,0,309,0,24331.0
2024-11-04T07:00,7,0,309,0,23609.0
2024-11-04T08:00,8,0,309,0,22350.0
2024-11-04T09:00,9,0,309,0,21462.0
2024-11-04T10:00,10,0,309,0,21101.0
2024-11-04T11:00,11,0,309,0,20616.0
2024-11-04T12:00,12,0,309,0,20137.0
2024-11-04T13:00,13,0,309,0,19849.0
2024-11-04T14:00,14,0,309,0,20379.0
2024-11-04T15:00,15,0,309,0,21781.0
2024-11-04T16:00,16,0,309,0,23665.0
2024-11-04T17:00,17,0,309,0,25146.0
2024-11-04T18:00,18,0,309,0,25360.0
2024-11-04T19:00,19,0,309,0,24677.0
2024-11-04T20:00,20,0,309,0,24183.0
2024-11-04T21:00,21,0,309,0,24416.0
2024-11-04T22:00,22,0,309,0,24225.0
2024-11-04T23:00,23,0,309,0,24541.0
2024-11-05T00:00,0,1,310,0,24497.0
2024-11-05T01:00,1,1,310,0,24946.0
2024-11-05T02:00,2,1,310,0,25955.0
2024-11-05T03:00,3,1,310,0,27225.0
2024-11-05T04:00,4,1,310,0,26969.0
2024-11-05T05:00,5,1,310,0,26230.0
2024-11-05T06:00,6,1,310,0,25393.0
2024-11-05T07:00,7,1,310,0,24721.0
2024-11-05T08:00,8,1,310,0,23466.0
2024-11-05T09:00,9,1,310,0,22448.0
2024-11-05T10:00,10,1,310,0,22073.0
2024-11-05T11:00,11,1,310,0,21653.0
2024-11-05T12:00,12,1,310,0,21021.0
2024-11-05T13:00,13,1,310,0,20881.0
2024-11-05T14:00,14,1,310,0,20897.0
2024-11-05T15:00,15,1,310,0,22333.0
2024-11-05T16:00,16,1,310,0,24114.0
2024-11-05T17:00,17,1,310,0,25970.0
2024-11-05T18:00,18,1,310,0,25996.0
2024-11-05T19:00,19,1,310,0,24311.0
2024-11-05T20:00,20,1,310,0,24841.0
2024-11-05T21:00,21,1,310,0,25189.0
2024-11-05T22:00,22,1,310,0,25634.0
2024-11-05T23:00,23,1,310,0,24767.0
2024-11-06T00:00,0,2,311,0,24702.0
2024-11-06T01:00,1,2,311,0,24633.0
2024-11-06T02:00,2,2,311,0,25969.0
2024-11-06T03:00,3,2,311,0,27608.0
2024-11-06T04:00,4,2,311,0,27376.0
2024-11-06T05:00,5,2,311,0,26332.0
2024-11-06T06:00,6,2,311,0,25733.0
2024-11-06T07:00,7,2,311,0,24858.0
2024-11-06T08:00,8,2,311,0,23730.0
2024-11-06T09:00,9,2,311,0,22813.0
2024-11-06T10:00,10,2,311,0,21995.0
2024-11-06T11:00,11,2,311,0,21504.0
2024-11-06T12:00,12,2,311,0,20615.0
2024-11-06T13:00,13,2,311,0,20421.0
2024-11-06T14:00,14,2,311,0,20866.0
2024-11-06T15:00,15,2,311,0,22177.0
2024-11-06T16:00,16,2,311,0,23915.0
2024-11-06T17:00,17,2,311,0,25304.0
2024-11-06T18:00,18,2,311,0,26189.0
2024-11-06T19:00,19,2,311,0,26124.0
2024-11-06T20:00,20,2,311,0,25606.0
2024-11-06T21:00,21,2,311,0,25190.0
2024-11-06T22:00,22,2,311,0,24039.0
2024-11-06T23:00,23,2,311,0,23476.0
2024-11-07T00:00,0,3,312,0,23472.0
2024-11-07T01:00,1,3,312,0,24251.0
2024-11-07T02:00,2,3,312,0,25783.0
2024-11-07T03:00,3,3,312,0,27231.0
2024-11-07T04:00,4,3,312,0,27084.0
2024-11-07T05:00,5,3,312,0,26416.0
2024-11-07T06:00,6,3,312,0,25689.0
2024-11-07T07:00,7,3,312,0,24882.0
2024-11-07T08:00,8,3,312,0,23547.0
2024-11-07T09:00,9,3,312,0,22358.0
2024-11-07T10:00,10,3,312,0,22253.0
2024-11-07T11:00,11,3,312,0,21233.0
2024-11-07T12:00,12,3,312,0,20508.0
2024-11-07T13:00,13,3,312,0,20409.0
2024-11-07T14:00,14,3,312,0,20828.0
2024-11-07T15:00,15,3,312,0,22017.0
2024-11-07T16:00,16,3,312,0,23826.0
2024-11-07T17:00,17,3,312,0,25175.0
2024-11-07T18:00,18,3,312,0,25786.0
2024-11-07T19:00,19,3,312,0,25109.0
2024-11-07T20:00,20,3,312,0,24111.0
2024-11-07T21:00,21,3,312,0,23848.0
2024-11-07T22:00,22,3,312,0,23654.0
2024-11-07T23:00,23,3,312,0,23919.0
2024-11-08T00:00,0,4,313,0,24336.0
2024-11-08T01:00,1,4,313,0,24260.0
2024-11-08T02:00,2,4,313,0,26038.0
2024-11-08T03:00,3,4,313,0,27578.0
2024-11-08T04:00,4,4,313,0,27372.0
2024-11-08T05:00,5,4,313,0,26800.0
2024-11-08T06:00,6,4,313,0,26015.0
2024-11-08T07:00,7,4,313,0,25312.0
2024-11-08T08:00,8,4,313,0,24091.0
2024-11-08T09:00,9,4,313,0,22935.0
2024-11-08T10:00,10,4,313,0,22056.0
2024-11-08T11:00,11,4,313,0,21527.0
2024-11-08T12:00,12,4,313,0,20797.0
2024-11-08T13:00,13,4,313,0,20563.0
2024-11-08T14:00,14,4,313,0,20931.0
2024-11-08T15:00,15,4,313,0,22308.0
2024-11-08T16:00,16,4,313,0,24191.0
2024-11-08T17:00,17,4,313,0,25238.0
2024-11-08T18:00,18,4,313,0,25507.0
2024-11-08T19:00,19,4,313,0,24779.0
2024-11-08T20:00,20,4,313,0,23360.0
2024-11-08T21:00,21,4,313,0,22926.0
2024-11-08T22:00,22,4,313,0,23399.0
2024-11-08T23:00,23,4,313,0,24041.0
2024-11-09T00:00,0,5,314,0,25397.0
2024-11-09T01:00,1,5,314,0,24396.0
2024-11-09T02:00,2,5,314,0,25486.0
2024-11-09T03:00,3,5,314,0,26963.0
2024-11-09T04:00,4,5,314,0,26573.0
2024-11-09T05:00,5,5,314,0,25819.0
2024-11-09T06:00,6,5,314,0,25270.0
2024-11-09T07:00,7,5,314,0,24816.0
2024-11-09T08:00,8,5,314,0,23780.0
2024-11-09T09:00,9,5,314,0,22785.0
2024-11-09T10:00,10,5,314,0,22384.0
2024-11-09T11:00,11,5,314,0,21660.0
2024-11-09T12:00,12,5,314,0,20999.0
2024-11-09T13:00,13,5,314,0,20691.0
2024-11-09T14:00,14,5,314,0,20758.0
2024-11-09T15:00,15,5,314,0,21387.0
2024-11-09T16:00,16,5,314,0,22235.0
2024-11-09T17:00,17,5,314,0,22739.0
2024-11-09T18:00,18,5,314,0,23023.0
2024-11-09T19:00,19,5,314,0,22408.0
2024-11-09T20:00,20,5,314,0,21647.0
2024-11-09T21:00,21,5,314,0,21363.0
2024-11-09T22:00,22,5,314,0,21446.0
2024-11-09T23:00,23,5,314,0,21859.0
2024-11-10T00:00,0,6,315,0,22577.0
2024-11-10T01:00,1,6,315,0,22359.0
2024-11-10T02:00,2,6,315,0,24114.0
2024-11-10T03:00,3,6,315,0,25623.0
2024-11-10T04:00,4,6,315,0,25739.0
2024-11-10T05:00,5,6,315,0,25082.0
2024-11-10T06:00,6,6,315,0,24404.0
2024-11-10T07:00,7,6,315,0,23834.0
2024-11-10T08:00,8,6,315,0,22889.0
2024-11-10T09:00,9,6,315,0,22167.0
2024-11-10T10:00,10,6,315,0,21484.0
2024-11-10T11:00,11,6,315,0,20775.0
2024-11-10T12:00,12,6,315,0,20212.0
2024-11-10T13:00,13,6,315,0,19842.0
2024-11-10T14:00,14,6,315,0,19857.0
2024-11-10T15:00,15,6,315,0,20367.0
2024-11-10T16:00,16,6,315,0,20831.0
2024-11-10T17:00,17,6,315,0,21458.0
2024-11-10T18:00,18,6,315,0,21871.0
2024-11-10T19:00,19,6,315,0,21312.0
2024-11-10T20:00,20,6,315,0,20496.0
2024-11-10T21:00,21,6,315,0,20198.0
2024-11-10T22:00,22,6,315,0,20442.0
2024-11-10T23:00,23,6,315,0,20674.0
2024-11-11T00:00,0,0,316,1,21214.0
2024-11-11T01:00,1,0,316,1,21459.0
2024-11-11T02:00,2,0,316,1,23590.0
2024-11-11T03:00,3,0,316,1,25373.0
2024-11-11T04:00,4,0,316,1,25511.0
2024-11-11T05:00,5,0,316,1,24894.0
2024-11-11T06:00,6,0,316,1,24290.0
2024-11-11T07:00,7,0,316,1,23633.0
2024-11-11T08:00,8,0,316,1,22750.0
2024-11-11T09:00,9,0,316,1,21828.0
2024-11-11T10:00,10,0,316,1,21285.0
2024-11-11T11:00,11,0,316,1,20575.0
2024-11-11T12:00,12,0,316,1,20186.0
2024-11-11T13:00,13,0,316,1,20046.0
2024-11-11T14:00,14,0,316,1,20464.0
2024-11-11T15:00,15,0,316,1,21598.0
2024-11-11T16:00,16,0,316,1,22995.0
2024-11-11T17:00,17,0,316,1,24431.0
2024-11-11T18:00,18,0,316,1,25899.0
2024-11-11T19:00,19,0,316,1,27011.0
2024-11-11T20:00,20,0,316,1,26604.0
2024-11-11T21:00,21,0,316,1,26326.0
2024-11-11T22:00,22,0,316,1,26311.0
2024-11-11T23:00,23,0,316,1,26207.0
2024-11-12T00:00,0,1,317,0,26307.0
2024-11-12T01:00,1,1,317,0,24828.0
2024-11-12T02:00,2,1,317,0,26047.0
2024-11-12T03:00,3,1,317,0,27673.0
2024-11-12T04:00,4,1,317,0,27463.0
2024-11-12T05:00,5,1,317,0,26955.0
2024-11-12T06:00,6,1,317,0,26263.0
2024-11-12T07:00,7,1,317,0,25397.0
2024-11-12T08:00,8,1,317,0,24339.0
2024-11-12T09:00,9,1,317,0,23243.0
2024-11-12T10:00,10,1,317,0,22622.0
2024-11-12T11:00,11,1,317,0,21879.0
2024-11-12T12:00,12,1,317,0,21071.0
2024-11-12T13:00,13,1,317,0,20644.0
2024-11-12T14:00,14,1,317,0,20897.0
2024-11-12T15:00,15,1,317,0,22132.0
2024-11-12T16:00,16,1,317,0,24031.0
2024-11-12T17:00,17,1,317,0,25706.0
2024-11-12T18:00,18,1,317,0,26235.0
2024-11-12T19:00,19,1,317,0,25705.0
2024-11-12T20:00,20,1,317,0,24883.0
2024-11-12T21:00,21,1,317,0,24172.0
2024-11-12T22:00,22,1,317,0,24150.0
2024-11-12T23:00,23,1,317,0,23360.0
2024-11-13T00:00,0,2,318,0,23524.0
2024-11-13T01:00,1,2,318,0,24256.0
2024-11-13T02:00,2,2,318,0,25867.0
2024-11-13T03:00,3,2,318,0,27626.0
2024-11-13T04:00,4,2,318,0,27425.0
2024-11-13T05:00,5,2,318,0,26842.0
2024-11-13T06:00,6,2,318,0,26401.0
2024-11-13T07:00,7,2,318,0,25435.0
2024-11-13T08:00,8,2,318,0,24147.0
2024-11-13T09:00,9,2,318,0,23114.0
2024-11-13T10:00,10,2,318,0,22298.0
2024-11-13T11:00,11,2,318,0,21496.0
2024-11-13T12:00,12,2,318,0,21059.0
2024-11-13T13:00,13,2,318,0,20861.0
2024-11-13T14:00,14,2,318,0,21082.0
2024-11-13T15:00,15,2,318,0,22514.0
2024-11-13T16:00,16,2,318,0,24440.0
2024-11-13T17:00,17,2,318,0,25753.0
2024-11-13T18:00,18,2,318,0,26086.0
2024-11-13T19:00,19,2,318,0,26081.0
2024-11-13T20:00,20,2,318,0,25782.0
2024-11-13T21:00,21,2,318,0,25764.0
2024-11-13T22:00,22,2,318,0,26062.0
2024-11-13T23:00,23,2,318,0,26630.0
2024-11-14T00:00,0,3,319,0,27017.0
2024-11-14T01:00,1,3,319,0,25329.0
2024-11-14T02:00,2,3,319,0,26496.0
2024-11-14T03:00,3,3,319,0,27885.0
2024-11-14T04:00,4,3,319,0,27598.0
2024-11-14T05:00,5,3,319,0,27085.0
2024-11-14T06:00,6,3,319,0,26311.0
2024-11-14T07:00,7,3,319,0,25342.0
2024-11-14T08:00,8,3,319,0,24256.0
2024-11-14T09:00,9,3,319,0,23137.0
2024-11-14T10:00,10,3,319,0,22336.0
2024-11-14T11:00,11,3,319,0,21536.0
2024-11-14T12:00,12,3,319,0,21152.0
2024-11-14T13:00,13,3,319,0,20884.0
2024-11-14T14:00,14,3,319,0,21124.0
2024-11-14T15:00,15,3,319,0,22371.0
2024-11-14T16:00,16,3,319,0,24320.0
2024-11-14T17:00,17,3,319,0,25466.0
2024-11-14T18:00,18,3,319,0,25897.0
2024-11-14T19:00,19,3,319,0,25655.0
2024-11-14T20:00,20,3,319,0,24786.0
2024-11-14T21:00,21,3,319,0,24228.0
2024-11-14T22:00,22,3,319,0,24577.0
2024-11-14T23:00,23,3,319,0,24223.0
2024-11-15T00:00,0,4,320,0,24760.0
2024-11-15T01:00,1,4,320,0,24339.0
2024-11-15T02:00,2,4,320,0,25967.0
2024-11-15T03:00,3,4,320,0,27880.0
2024-11-15T04:00,4,4,320,0,27486.0
2024-11-15T05:00,5,4,320,0,26937.0
2024-11-15T06:00,6,4,320,0,26365.0
2024-11-15T07:00,7,4,320,0,25497.0
2024-11-15T08:00,8,4,320,0,24188.0
2024-11-15T09:00,9,4,320,0,23003.0
2024-11-15T10:00,10,4,320,0,22793.0
2024-11-15T11:00,11,4,320,0,22116.0
2024-11-15T12:00,12,4,320,0,21532.0
2024-11-15T13:00,13,4,320,0,20981.0
2024-11-15T14:00,14,4,320,0,20943.0
2024-11-15T15:00,15,4,320,0,21962.0
2024-11-15T16:00,16,4,320,0,23845.0
2024-11-15T17:00,17,4,320,0,25645.0
2024-11-15T18:00,18,4,320,0,26658.0
2024-11-15T19:00,19,4,320,0,26480.0
2024-11-15T20:00,20,4,320,0,26532.0
2024-11-15T21:00,21,4,320,0,26212.0
2024-11-15T22:00,22,4,320,0,25407.0
2024-11-15T23:00,23,4,320,0,24830.0
2024-11-16T00:00,0,5,321,0,24573.0
2024-11-16T01:00,1,5,321,0,24123.0
2024-11-16T02:00,2,5,321,0,25929.0
2024-11-16T03:00,3,5,321,0,27347.0
2024-11-16T04:00,4,5,321,0,27002.0
2024-11-16T05:00,5,5,321,0,26540.0
2024-11-16T06:00,6,5,321,0,26025.0
2024-11-16T07:00,7,5,321,0,25520.0
2024-11-16T08:00,8,5,321,0,24916.0
2024-11-16T09:00,9,5,321,0,23962.0
2024-11-16T10:00,10,5,321,0,22920.0
2024-11-16T11:00,11,5,321,0,22303.0
2024-11-16T12:00,12,5,321,0,21932.0
2024-11-16T13:00,13,5,321,0,21473.0
2024-11-16T14:00,14,5,321,0,20988.0
2024-11-16T15:00,15,5,321,0,21502.0
2024-11-16T16:00,16,5,321,0,22309.0
2024-11-16T17:00,17,5,321,0,23140.0
2024-11-16T18:00,18,5,321,0,24600.0
2024-11-16T19:00,19,5,321,0,23941.0
2024-11-16T20:00,20,5,321,0,23087.0
2024-11-16T21:00,21,5,321,0,22259.0
2024-11-16T22:00,22,5,321,0,20776.0
2024-11-16T23:00,23,5,321,0,20317.0
2024-11-17T00:00,0,6,322,0,20428.0
2024-11-17T01:00,1,6,322,0,21341.0
2024-11-17T02:00,2,6,322,0,23637.0
2024-11-17T03:00,3,6,322,0,25502.0
2024-11-17T04:00,4,6,322,0,25435.0
2024-11-17T05:00,5,6,322,0,25179.0
2024-11-17T06:00,6,6,322,0,24865.0
2024-11-17T07:00,7,6,322,0,24681.0
2024-11-17T08:00,8,6,322,0,23772.0
2024-11-17T09:00,9,6,322,0,22897.0
2024-11-17T10:00,10,6,322,0,22218.0
2024-11-17T11:00,11,6,322,0,21571.0
2024-11-17T12:00,12,6,322,0,21117.0
2024-11-17T13:00,13,6,322,0,20763.0
2024-11-17T14:00,14,6,322,0,20653.0
2024-11-17T15:00,15,6,322,0,21047.0
2024-11-17T16:00,16,6,322,0,21585.0
2024-11-17T17:00,17,6,322,0,22617.0
2024-11-17T18:00,18,6,322,0,24372.0
2024-11-17T19:00,19,6,322,0,23660.0
2024-11-17T20:00,20,6,322,0,23011.0
2024-11-17T21:00,21,6,322,0,22302.0
2024-11-17T22:00,22,6,322,0,21770.0
2024-11-17T23:00,23,6,322,0,21328.0
2024-11-18T00:00,0,0,323,0,22038.0
2024-11-18T01:00,1,0,323,0,21926.0
2024-11-18T02:00,2,0,323,0,23611.0
2024-11-18T03:00,3,0,323,0,25715.0
2024-11-18T04:00,4,0,323,0,25718.0
2024-11-18T05:00,5,0,323,0,25462.0
2024-11-18T06:00,6,0,323,0,24945.0
2024-11-18T07:00,7,0,323,0,24307.0
2024-11-18T08:00,8,0,323,0,23097.0
2024-11-18T09:00,9,0,323,0,22071.0
2024-11-18T10:00,10,0,323,0,21896.0
2024-11-18T11:00,11,0,323,0,21680.0
2024-11-18T12:00,12,0,323,0,21144.0
2024-11-18T13:00,13,0,323,0,20959.0
2024-11-18T14:00,14,0,323,0,21039.0
2024-11-18T15:00,15,0,323,0,22621.0
2024-11-18T16:00,16,0,323,0,24748.0
2024-11-18T17:00,17,0,323,0,26481.0
2024-11-18T18:00,18,0,323,0,27772.0
2024-11-18T19:00,19,0,323,0,27454.0
2024-11-18T20:00,20,0,323,0,26693.0
2024-11-18T21:00,21,0,323,0,26112.0
2024-11-18T22:00,22,0,323,0,25368.0
2024-11-18T23:00,23,0,323,0,24946.0
2024-11-19T00:00,0,1,324,0,24664.0
2024-11-19T01:00,1,1,324,0,24431.0
2024-11-19T02:00,2,1,324,0,26180.0
2024-11-19T03:00,3,1,324,0,28226.0
2024-11-19T04:00,4,1,324,0,28171.0
2024-11-19T05:00,5,1,324,0,27671.0
2024-11-19T06:00,6,1,324,0,27173.0
2024-11-19T07:00,7,1,324,0,26406.0
2024-11-19T08:00,8,1,324,0,25265.0
2024-11-19T09:00,9,1,324,0,24007.0
2024-11-19T10:00,10,1,324,0,24147.0
2024-11-19T11:00,11,1,324,0,23250.0
2024-11-19T12:00,12,1,324,0,22615.0
2024-11-19T13:00,13,1,324,0,22580.0
2024-11-19T14:00,14,1,324,0,22415.0
2024-11-19T15:00,15,1,324,0,23503.0
2024-11-19T16:00,16,1,324,0,25689.0
2024-11-19T17:00,17,1,324,0,26885.0
2024-11-19T18:00,18,1,324,0,27623.0
2024-11-19T19:00,19,1,324,0,27036.0
2024-11-19T20:00,20,1,324,0,26620.0
2024-11-19T21:00,21,1,324,0,25813.0
2024-11-19T22:00,22,1,324,0,25055.0
2024-11-19T23:00,23,1,324,0,24980.0
2024-11-20T00:00,0,2,325,0,25544.0
2024-11-20T01:00,1,2,325,0,25486.0
2024-11-20T02:00,2,2,325,0,27004.0
2024-11-20T03:00,3,2,325,0,28425.0
2024-11-20T04:00,4,2,325,0,28203.0
2024-11-20T05:00,5,2,325,0,27747.0
2024-11-20T06:00,6,2,325,0,27179.0
2024-11-20T07:00,7,2,325,0,26427.0
2024-11-20T08:00,8,2,325,0,25067.0
2024-11-20T09:00,9,2,325,0,23850.0
2024-11-20T10:00,10,2,325,0,23269.0
2024-11-20T11:00,11,2,325,0,22442.0
2024-11-20T12:00,12,2,325,0,22228.0
2024-11-20T13:00,13,2,325,0,21966.0
2024-11-20T14:00,14,2,325,0,22197.0
2024-11-20T15:00,15,2,325,0,23479.0
2024-11-20T16:00,16,2,325,0,25460.0
2024-11-20T17:00,17,2,325,0,26806.0
2024-11-20T18:00,18,2,325,0,27925.0
2024-11-20T19:00,19,2,325,0,27806.0
2024-11-20T20:00,20,2,325,0,28070.0
2024-11-20T21:00,21,2,325,0,28159.0
2024-11-20T22:00,22,2,325,0,27686.0
2024-11-20T23:00,23,2,325,0,27514.0
2024-11-21T00:00,0,3,326,0,27939.0
2024-11-21T01:00,1,3,326,0,26319.0
2024-11-21T02:00,2,3,326,0,26977.0
2024-11-21T03:00,3,3,326,0,28261.0
2024-11-21T04:00,4,3,326,0,27969.0
2024-11-21T05:00,5,3,326,0,27682.0
2024-11-21T06:00,6,3,326,0,26954.0
2024-11-21T07:00,7,3,326,0,26062.0
2024-11-21T08:00,8,3,326,0,24766.0
2024-11-21T09:00,9,3,326,0,23544.0
2024-11-21T10:00,10,3,326,0,22772.0
2024-11-21T11:00,11,3,326,0,22544.0
2024-11-21T12:00,12,3,326,0,22032.0
2024-11-21T13:00,13,3,326,0,21795.0
2024-11-21T14:00,14,3,326,0,22029.0
2024-11-21T15:00,15,3,326,0,22982.0
2024-11-21T16:00,16,3,326,0,25077.0
2024-11-21T17:00,17,3,326,0,26285.0
2024-11-21T18:00,18,3,326,0,27036.0
2024-11-21T19:00,19,3,326,0,27050.0
2024-11-21T20:00,20,3,326,0,27274.0
2024-11-21T21:00,21,3,326,0,27103.0
2024-11-21T22:00,22,3,326,0,26826.0
2024-11-21T23:00,23,3,326,0,26952.0
2024-11-22T00:00,0,4,327,0,27589.0
2024-11-22T01:00,1,4,327,0,26168.0
2024-11-22T02:00,2,4,327,0,26761.0
2024-11-22T03:00,3,4,327,0,27963.0
2024-11-22T04:00,4,4,327,0,27796.0
2024-11-22T05:00,5,4,327,0,27252.0
2024-11-22T06:00,6,4,327,0,26429.0
2024-11-22T07:00,7,4,327,0,25751.0
2024-11-22T08:00,8,4,327,0,24499.0
2024-11-22T09:00,9,4,327,0,23255.0
2024-11-22T10:00,10,4,327,0,22943.0
2024-11-22T11:00,11,4,327,0,22406.0
2024-11-22T12:00,12,4,327,0,21992.0
2024-11-22T13:00,13,4,327,0,21848.0
2024-11-22T14:00,14,4,327,0,22009.0
2024-11-22T15:00,15,4,327,0,22967.0
2024-11-22T16:00,16,4,327,0,24973.0
2024-11-22T17:00,17,4,327,0,26209.0
2024-11-22T18:00,18,4,327,0,27279.0
2024-11-22T19:00,19,4,327,0,27607.0
2024-11-22T20:00,20,4,327,0,27036.0
2024-11-22T21:00,21,4,327,0,27785.0
2024-11-22T22:00,22,4,327,0,27715.0
2024-11-22T23:00,23,4,327,0,28051.0
2024-11-23T00:00,0,5,328,0,27957.0
2024-11-23T01:00,1,5,328,0,26231.0
2024-11-23T02:00,2,5,328,0,26899.0
2024-11-23T03:00,3,5,328,0,27607.0
2024-11-23T04:00,4,5,328,0,27289.0
2024-11-23T05:00,5,5,328,0,26722.0
2024-11-23T06:00,6,5,328,0,25993.0
2024-11-23T07:00,7,5,328,0,25416.0
2024-11-23T08:00,8,5,328,0,24458.0
2024-11-23T09:00,9,5,328,0,23283.0
2024-11-23T10:00,10,5,328,0,22747.0
2024-11-23T11:00,11,5,328,0,21971.0
2024-11-23T12:00,12,5,328,0,21123.0
2024-11-23T13:00,13,5,328,0,20952.0
2024-11-23T14:00,14,5,328,0,20749.0
2024-11-23T15:00,15,5,328,0,21156.0
2024-11-23T16:00,16,5,328,0,22007.0
2024-11-23T17:00,17,5,328,0,22710.0
2024-11-23T18:00,18,5,328,0,23819.0
2024-11-23T19:00,19,5,328,0,23315.0
2024-11-23T20:00,20,5,328,0,23007.0
2024-11-23T21:00,21,5,328,0,23074.0
2024-11-23T22:00,22,5,328,0,23424.0
2024-11-23T23:00,23,5,328,0,23606.0
2024-11-24T00:00,0,6,329,0,24029.0
2024-11-24T01:00,1,6,329,0,23358.0
2024-11-24T02:00,2,6,329,0,24378.0
2024-11-24T03:00,3,6,329,0,25894.0
2024-11-24T04:00,4,6,329,0,25790.0
2024-11-24T05:00,5,6,329,0,25276.0
2024-11-24T06:00,6,6,329,0,24747.0
2024-11-24T07:00,7,6,329,0,24289.0
2024-11-24T08:00,8,6,329,0,23329.0
2024-11-24T09:00,9,6,329,0,22438.0
2024-11-24T10:00,10,6,329,0,21606.0
2024-11-24T11:00,11,6,329,0,20944.0
2024-11-24T12:00,12,6,329,0,20612.0
2024-11-24T13:00,13,6,329,0,20129.0
2024-11-24T14:00,14,6,329,0,19931.0
2024-11-24T15:00,15,6,329,0,20273.0
2024-11-24T16:00,16,6,329,0,20864.0
2024-11-24T17:00,17,6,329,0,21418.0
2024-11-24T18:00,18,6,329,0,22609.0
2024-11-24T19:00,19,6,329,0,23454.0
2024-11-24T20:00,20,6,329,0,22806.0
2024-11-24T21:00,21,6,329,0,22970.0
2024-11-24T22:00,22,6,329,0,21947.0
2024-11-24T23:00,23,6,329,0,21906.0
2024-11-25T00:00,0,0,330,0,21952.0
2024-11-25T01:00,1,0,330,0,21659.0
2024-11-25T02:00,2,0,330,0,23726.0
2024-11-25T03:00,3,0,330,0,25819.0
2024-11-25T04:00,4,0,330,0,25693.0
2024-11-25T05:00,5,0,330,0,25292.0
2024-11-25T06:00,6,0,330,0,24826.0
2024-11-25T07:00,7,0,330,0,24245.0
2024-11-25T08:00,8,0,330,0,23117.0
2024-11-25T09:00,9,0,330,0,22059.0
2024-11-25T10:00,10,0,330,0,22034.0
2024-11-25T11:00,11,0,330,0,21495.0
2024-11-25T12:00,12,0,330,0,21493.0
2024-11-25T13:00,13,0,330,0,21213.0
2024-11-25T14:00,14,0,330,0,21275.0
2024-11-25T15:00,15,0,330,0,22505.0
2024-11-25T16:00,16,0,330,0,23891.0
2024-11-25T17:00,17,0,330,0,25203.0
2024-11-25T18:00,18,0,330,0,26659.0
2024-11-25T19:00,19,0,330,0,27194.0
2024-11-25T20:00,20,0,330,0,27695.0
2024-11-25T21:00,21,0,330,0,27899.0
2024-11-25T22:00,22,0,330,0,27636.0
2024-11-25T23:00,23,0,330,0,27834.0
2024-11-26T00:00,0,1,331,0,27594.0
2024-11-26T01:00,1,1,331,0,26295.0
2024-11-26T02:00,2,1,331,0,26793.0
2024-11-26T03:00,3,1,331,0,27896.0
2024-11-26T04:00,4,1,331,0,27494.0
2024-11-26T05:00,5,1,331,0,26902.0
2024-11-26T06:00,6,1,331,0,26200.0
2024-11-26T07:00,7,1,331,0,25528.0
2024-11-26T08:00,8,1,331,0,24326.0
2024-11-26T09:00,9,1,331,0,23421.0
2024-11-26T10:00,10,1,331,0,22566.0
2024-11-26T11:00,11,1,331,0,22335.0
2024-11-26T12:00,12,1,331,0,22748.0
2024-11-26T13:00,13,1,331,0,22650.0
2024-11-26T14:00,14,1,331,0,22449.0
2024-11-26T15:00,15,1,331,0,22792.0
2024-11-26T16:00,16,1,331,0,24221.0
2024-11-26T17:00,17,1,331,0,25424.0
2024-11-26T18:00,18,1,331,0,26758.0
2024-11-26T19:00,19,1,331,0,27064.0
2024-11-26T20:00,20,1,331,0,27207.0
2024-11-26T21:00,21,1,331,0,26799.0
2024-11-26T22:00,22,1,331,0,26238.0
2024-11-26T23:00,23,1,331,0,26508.0
2024-11-27T00:00,0,2,332,0,26610.0
2024-11-27T01:00,1,2,332,0,26267.0
2024-11-27T02:00,2,2,332,0,26606.0
2024-11-27T03:00,3,2,332,0,27709.0
2024-11-27T04:00,4,2,332,0,27530.0
2024-11-27T05:00,5,2,332,0,26846.0
2024-11-27T06:00,6,2,332,0,26357.0
2024-11-27T07:00,7,2,332,0,25730.0
2024-11-27T08:00,8,2,332,0,24600.0
2024-11-27T09:00,9,2,332,0,23517.0
2024-11-27T10:00,10,2,332,0,22954.0
2024-11-27T11:00,11,2,332,0,21961.0
2024-11-27T12:00,12,2,332,0,21568.0
2024-11-27T13:00,13,2,332,0,21295.0
2024-11-27T14:00,14,2,332,0,21512.0
2024-11-27T15:00,15,2,332,0,22282.0
2024-11-27T16:00,16,2,332,0,23813.0
2024-11-27T17:00,17,2,332,0,24613.0
2024-11-27T18:00,18,2,332,0,24972.0
2024-11-27T19:00,19,2,332,0,25752.0
2024-11-27T20:00,20,2,332,0,25330.0
2024-11-27T21:00,21,2,332,0,25502.0
2024-11-27T22:00,22,2,332,0,25241.0
2024-11-27T23:00,23,2,332,0,25747.0
2024-11-28T00:00,0,3,333,1,25879.0
2024-11-28T01:00,1,3,333,1,24675.0
2024-11-28T02:00,2,3,333,1,25613.0
2024-11-28T03:00,3,3,333,1,26905.0
2024-11-28T04:00,4,3,333,1,26489.0
2024-11-28T05:00,5,3,333,1,26278.0
2024-11-28T06:00,6,3,333,1,25670.0
2024-11-28T07:00,7,3,333,1,25555.0
2024-11-28T08:00,8,3,333,1,24322.0
2024-11-28T09:00,9,3,333,1,23452.0
2024-11-28T10:00,10,3,333,1,22466.0
2024-11-28T11:00,11,3,333,1,21686.0
2024-11-28T12:00,12,3,333,1,20933.0
2024-11-28T13:00,13,3,333,1,20481.0
2024-11-28T14:00,14,3,333,1,20436.0
2024-11-28T15:00,15,3,333,1,20791.0
2024-11-28T16:00,16,3,333,1,21610.0
2024-11-28T17:00,17,3,333,1,22315.0
2024-11-28T18:00,18,3,333,1,24047.0
2024-11-28T19:00,19,3,333,1,23853.0
2024-11-28T20:00,20,3,333,1,24023.0
2024-11-28T21:00,21,3,333,1,23504.0
2024-11-28T22:00,22,3,333,1,23793.0
2024-11-28T23:00,23,3,333,1,23654.0
2024-11-29T00:00,0,4,334,0,22319.0
2024-11-29T01:00,1,4,334,0,22420.0
2024-11-29T02:00,2,4,334,0,23245.0
2024-11-29T03:00,3,4,334,0,23819.0
2024-11-29T04:00,4,4,334,0,23392.0
2024-11-29T05:00,5,4,334,0,22911.0
2024-11-29T06:00,6,4,334,0,22836.0
2024-11-29T07:00,7,4,334,0,22634.0
2024-11-29T08:00,8,4,334,0,22162.0
2024-11-29T09:00,9,4,334,0,21860.0
2024-11-29T10:00,10,4,334,0,21200.0
2024-11-29T11:00,11,4,334,0,20581.0
2024-11-29T12:00,12,4,334,0,20009.0
2024-11-29T13:00,13,4,334,0,19779.0
2024-11-29T14:00,14,4,334,0,20320.0
2024-11-29T15:00,15,4,334,0,20962.0
2024-11-29T16:00,16,4,334,0,22055.0
2024-11-29T17:00,17,4,334,0,22802.0
2024-11-29T18:00,18,4,334,0,24267.0
2024-11-29T19:00,19,4,334,0,24626.0
2024-11-29T20:00,20,4,334,0,25482.0
2024-11-29T21:00,21,4,334,0,25431.0
2024-11-29T22:00,22,4,334,0,23769.0
2024-11-29T23:00,23,4,334,0,22998.0
2024-11-30T00:00,0,5,335,0,22369.0
2024-11-30T01:00,1,5,335,0,22913.0
2024-11-30T02:00,2,5,335,0,24328.0
2024-11-30T03:00,3,5,335,0,25736.0
2024-11-30T04:00,4,5,335,0,25605.0
2024-11-30T05:00,5,5,335,0,24993.0
2024-11-30T06:00,6,5,335,0,24838.0
2024-11-30T07:00,7,5,335,0,24248.0
2024-11-30T08:00,8,5,335,0,23410.0
2024-11-30T09:00,9,5,335,0,22945.0
2024-11-30T10:00,10,5,335,0,21941.0
2024-11-30T11:00,11,5,335,0,21247.0
2024-11-30T12:00,12,5,335,0,20630.0
2024-11-30T13:00,13,5,335,0,20375.0
2024-11-30T14:00,14,5,335,0,20518.0
2024-11-30T15:00,15,5,335,0,20945.0
2024-11-30T16:00,16,5,335,0,21839.0
2024-11-30T17:00,17,5,335,0,22764.0
2024-11-30T18:00,18,5,335,0,24212.0
2024-11-30T19:00,19,5,335,0,24978.0
2024-11-30T20:00,20,5,335,0,24792.0
2024-11-30T21:00,21,5,335,0,24156.0
2024-11-30T22:00,22,5,335,0,23787.0
2024-11-30T23:00,23,5,335,0,23633.0
2024-12-01T00:00,0,6,336,0,22747.0
2024-12-01T01:00,1,6,336,0,22478.0
2024-12-01T02:00,2,6,336,0,23990.0
2024-12-01T03:00,3,6,336,0,25422.0
2024-12-01T04:00,4,6,336,0,25299.0
2024-12-01T05:00,5,6,336,0,24803.0
2024-12-01T06:00,6,6,336,0,24448.0
2024-12-01T07:00,7,6,336,0,23988.0
2024-12-01T08:00,8,6,336,0,22997.0
2024-12-01T09:00,9,6,336,0,22038.0
2024-12-01T10:00,10,6,336,0,21328.0
2024-12-01T11:00,11,6,336,0,20541.0
2024-12-01T12:00,12,6,336,0,20078.0
2024-12-01T13:00,13,6,336,0,19856.0
2024-12-01T14:00,14,6,336,0,20133.0
2024-12-01T15:00,15,6,336,0,20256.0
2024-12-01T16:00,16,6,336,0,20882.0
2024-12-01T17:00,17,6,336,0,21604.0
2024-12-01T18:00,18,6,336,0,22308.0
2024-12-01T19:00,19,6,336,0,23911.0
2024-12-01T20:00,20,6,336,0,24151.0
2024-12-01T21:00,21,6,336,0,23667.0
2024-12-01T22:00,22,6,336,0,24054.0
2024-12-01T23:00,23,6,336,0,23535.0
2024-12-02T00:00,0,0,337,0,23366.0
2024-12-02T01:00,1,0,337,0,22304.0
2024-12-02T02:00,2,0,337,0,24142.0
2024-12-02T03:00,3,0,337,0,25498.0
2024-12-02T04:00,4,0,337,0,25596.0
2024-12-02T05:00,5,0,337,0,25297.0
2024-12-02T06:00,6,0,337,0,24737.0
2024-12-02T07:00,7,0,337,0,24028.0
2024-12-02T08:00,8,0,337,0,22794.0
2024-12-02T09:00,9,0,337,0,22102.0
2024-12-02T10:00,10,0,337,0,21688.0
2024-12-02T11:00,11,0,337,0,20948.0
2024-12-02T12:00,12,0,337,0,20348.0
2024-12-02T13:00,13,0,337,0,20634.0
2024-12-02T14:00,14,0,337,0,20766.0
2024-12-02T15:00,15,0,337,0,22225.0
2024-12-02T16:00,16,0,337,0,24471.0
2024-12-02T17:00,17,0,337,0,26171.0
2024-12-02T18:00,18,0,337,0,27808.0
2024-12-02T19:00,19,0,337,0,26816.0
2024-12-02T20:00,20,0,337,0,25947.0
2024-12-02T21:00,21,0,337,0,25457.0
2024-12-02T22:00,22,0,337,0,25208.0
2024-12-02T23:00,23,0,337,0,24750.0
2024-12-03T00:00,0,1,338,0,24768.0
2024-12-03T01:00,1,1,338,0,24294.0
2024-12-03T02:00,2,1,338,0,25856.0
2024-12-03T03:00,3,1,338,0,27400.0
2024-12-03T04:00,4,1,338,0,27323.0
2024-12-03T05:00,5,1,338,0,26914.0
2024-12-03T06:00,6,1,338,0,26548.0
2024-12-03T07:00,7,1,338,0,25808.0
2024-12-03T08:00,8,1,338,0,24470.0
2024-12-03T09:00,9,1,338,0,23144.0
2024-12-03T10:00,10,1,338,0,22429.0
2024-12-03T11:00,11,1,338,0,21648.0
2024-12-03T12:00,12,1,338,0,21490.0
2024-12-03T13:00,13,1,338,0,21041.0
2024-12-03T14:00,14,1,338,0,21265.0
2024-12-03T15:00,15,1,338,0,22505.0
2024-12-03T16:00,16,1,338,0,24790.0
2024-12-03T17:00,17,1,338,0,26310.0
2024-12-03T18:00,18,1,338,0,27229.0
2024-12-03T19:00,19,1,338,0,27257.0
2024-12-03T20:00,20,1,338,0,26411.0
2024-12-03T21:00,21,1,338,0,26257.0
2024-12-03T22:00,22,1,338,0,26010.0
2024-12-03T23:00,23,1,338,0,25782.0
2024-12-04T00:00,0,2,339,0,25436.0
2024-12-04T01:00,1,2,339,0,24540.0
2024-12-04T02:00,2,2,339,0,25551.0
2024-12-04T03:00,3,2,339,0,27222.0
2024-12-04T04:00,4,2,339,0,27252.0
2024-12-04T05:00,5,2,339,0,26783.0
2024-12-04T06:00,6,2,339,0,26212.0
2024-12-04T07:00,7,2,339,0,25715.0
2024-12-04T08:00,8,2,339,0,24532.0
2024-12-04T09:00,9,2,339,0,23333.0
2024-12-04T10:00,10,2,339,0,22568.0
2024-12-04T11:00,11,2,339,0,22004.0
2024-12-04T12:00,12,2,339,0,21331.0
2024-12-04T13:00,13,2,339,0,20990.0
2024-12-04T14:00,14,2,339,0,21228.0
2024-12-04T15:00,15,2,339,0,22570.0
2024-12-04T16:00,16,2,339,0,24573.0
2024-12-04T17:00,17,2,339,0,26491.0
2024-12-04T18:00,18,2,339,0,27453.0
2024-12-04T19:00,19,2,339,0,27336.0
2024-12-04T20:00,20,2,339,0,26458.0
2024-12-04T21:00,21,2,339,0,25543.0
2024-12-04T22:00,22,2,339,0,25217.0
2024-12-04T23:00,23,2,339,0,25548.0
2024-12-05T00:00,0,3,340,0,25264.0
2024-12-05T01:00,1,3,340,0,24314.0
2024-12-05T02:00,2,3,340,0,25752.0
2024-12-05T03:00,3,3,340,0,27448.0
2024-12-05T04:00,4,3,340,0,27303.0
2024-12-05T05:00,5,3,340,0,26861.0
2024-12-05T06:00,6,3,340,0,26437.0
2024-12-05T07:00,7,3,340,0,25839.0
2024-12-05T08:00,8,3,340,0,24538.0
2024-12-05T09:00,9,3,340,0,23340.0
2024-12-05T10:00,10,3,340,0,22585.0
2024-12-05T11:00,11,3,340,0,21937.0
2024-12-05T12:00,12,3,340,0,21415.0
2024-12-05T13:00,13,3,340,0,21105.0
2024-12-05T14:00,14,3,340,0,21272.0
2024-12-05T15:00,15,3,340,0,22615.0
2024-12-05T16:00,16,3,340,0,24557.0
2024-12-05T17:00,17,3,340,0,26176.0
2024-12-05T18:00,18,3,340,0,27360.0
2024-12-05T19:00,19,3,340,0,27443.0
2024-12-05T20:00,20,3,340,0,27081.0
2024-12-05T21:00,21,3,340,0,26398.0
2024-12-05T22:00,22,3,340,0,25831.0
2024-12-05T23:00,23,3,340,0,25963.0
2024-12-06T00:00,0,4,341,0,25583.0
2024-12-06T01:00,1,4,341,0,24784.0
2024-12-06T02:00,2,4,341,0,25736.0
2024-12-06T03:00,3,4,341,0,27610.0
2024-12-06T04:00,4,4,341,0,27396.0
2024-12-06T05:00,5,4,341,0,27052.0
2024-12-06T06:00,6,4,341,0,26719.0
2024-12-06T07:00,7,4,341,0,26085.0
2024-12-06T08:00,8,4,341,0,24789.0
2024-12-06T09:00,9,4,341,0,23627.0
2024-12-06T10:00,10,4,341,0,22860.0
2024-12-06T11:00,11,4,341,0,22209.0
2024-12-06T12:00,12,4,341,0,21468.0
2024-12-06T13:00,13,4,341,0,21727.0
2024-12-06T14:00,14,4,341,0,21671.0
2024-12-06T15:00,15,4,341,0,22773.0
2024-12-06T16:00,16,4,341,0,24724.0
2024-12-06T17:00,17,4,341,0,25773.0
2024-12-06T18:00,18,4,341,0,26699.0
2024-12-06T19:00,19,4,341,0,26357.0
2024-12-06T20:00,20,4,341,0,25563.0
2024-12-06T21:00,21,4,341,0,25454.0
2024-12-06T22:00,22,4,341,0,25399.0
2024-12-06T23:00,23,4,341,0,26041.0
2024-12-07T00:00,0,5,342,0,26219.0
2024-12-07T01:00,1,5,342,0,24708.0
2024-12-07T02:00,2,5,342,0,25853.0
2024-12-07T03:00,3,5,342,0,27324.0
2024-12-07T04:00,4,5,342,0,27106.0
2024-12-07T05:00,5,5,342,0,26551.0
2024-12-07T06:00,6,5,342,0,26087.0
2024-12-07T07:00,7,5,342,0,25676.0
2024-12-07T08:00,8,5,342,0,24710.0
2024-12-07T09:00,9,5,342,0,23892.0
2024-12-07T10:00,10,5,342,0,23016.0
2024-12-07T11:00,11,5,342,0,22231.0
2024-12-07T12:00,12,5,342,0,21421.0
2024-12-07T13:00,13,5,342,0,21035.0
2024-12-07T14:00,14,5,342,0,21049.0
2024-12-07T15:00,15,5,342,0,21623.0
2024-12-07T16:00,16,5,342,0,22628.0
2024-12-07T17:00,17,5,342,0,23261.0
2024-12-07T18:00,18,5,342,0,24948.0
2024-12-07T19:00,19,5,342,0,25354.0
2024-12-07T20:00,20,5,342,0,24130.0
2024-12-07T21:00,21,5,342,0,23606.0
2024-12-07T22:00,22,5,342,0,23714.0
2024-12-07T23:00,23,5,342,0,24278.0
2024-12-08T00:00,0,6,343,0,24340.0
2024-12-08T01:00,1,6,343,0,23083.0
2024-12-08T02:00,2,6,343,0,24346.0
2024-12-08T03:00,3,6,343,0,25964.0
2024-12-08T04:00,4,6,343,0,25619.0
2024-12-08T05:00,5,6,343,0,25322.0
2024-12-08T06:00,6,6,343,0,25090.0
2024-12-08T07:00,7,6,343,0,24724.0
2024-12-08T08:00,8,6,343,0,23859.0
2024-12-08T09:00,9,6,343,0,22984.0
2024-12-08T10:00,10,6,343,0,22405.0
2024-12-08T11:00,11,6,343,0,21616.0
2024-12-08T12:00,12,6,343,0,20903.0
2024-12-08T13:00,13,6,343,0,20594.0
2024-12-08T14:00,14,6,343,0,20390.0
2024-12-08T15:00,15,6,343,0,20707.0
2024-12-08T16:00,16,6,343,0,21585.0
2024-12-08T17:00,17,6,343,0,22389.0
2024-12-08T18:00,18,6,343,0,24353.0
2024-12-08T19:00,19,6,343,0,24820.0
2024-12-08T20:00,20,6,343,0,23698.0
2024-12-08T21:00,21,6,343,0,22921.0
2024-12-08T22:00,22,6,343,0,22157.0
2024-12-08T23:00,23,6,343,0,22001.0
2024-12-09T00:00,0,0,344,0,21685.0
2024-12-09T01:00,1,0,344,0,22411.0
2024-12-09T02:00,2,0,344,0,24244.0
2024-12-09T03:00,3,0,344,0,25957.0
2024-12-09T04:00,4,0,344,0,25950.0
2024-12-09T05:00,5,0,344,0,25787.0
2024-12-09T06:00,6,0,344,0,25470.0
2024-12-09T07:00,7,0,344,0,24913.0
2024-12-09T08:00,8,0,344,0,23627.0
2024-12-09T09:00,9,0,344,0,22799.0
2024-12-09T10:00,10,0,344,0,22091.0
2024-12-09T11:00,11,0,344,0,21525.0
2024-12-09T12:00,12,0,344,0,20851.0
2024-12-09T13:00,13,0,344,0,20823.0
2024-12-09T14:00,14,0,344,0,21340.0
2024-12-09T15:00,15,0,344,0,22768.0
2024-12-09T16:00,16,0,344,0,25141.0
2024-12-09T17:00,17,0,344,0,26748.0
2024-12-09T18:00,18,0,344,0,27296.0
2024-12-09T19:00,19,0,344,0,27626.0
2024-12-09T20:00,20,0,344,0,26860.0
2024-12-09T21:00,21,0,344,0,27028.0
2024-12-09T22:00,22,0,344,0,27808.0
2024-12-09T23:00,23,0,344,0,27133.0
2024-12-10T00:00,0,1,345,0,26614.0
2024-12-10T01:00,1,1,345,0,25320.0
2024-12-10T02:00,2,1,345,0,26620.0
2024-12-10T03:00,3,1,345,0,28242.0
2024-12-10T04:00,4,1,345,0,28169.0
2024-12-10T05:00,5,1,345,0,27753.0
2024-12-10T06:00,6,1,345,0,27297.0
2024-12-10T07:00,7,1,345,0,26737.0
2024-12-10T08:00,8,1,345,0,25241.0
2024-12-10T09:00,9,1,345,0,23948.0
2024-12-10T10:00,10,1,345,0,23194.0
2024-12-10T11:00,11,1,345,0,22368.0
2024-12-10T12:00,12,1,345,0,22199.0
2024-12-10T13:00,13,1,345,0,21814.0
2024-12-10T14:00,14,1,345,0,22100.0
2024-12-10T15:00,15,1,345,0,23585.0
2024-12-10T16:00,16,1,345,0,25778.0
2024-12-10T17:00,17,1,345,0,27509.0
2024-12-10T18:00,18,1,345,0,28474.0
2024-12-10T19:00,19,1,345,0,28158.0
2024-12-10T20:00,20,1,345,0,26956.0
2024-12-10T21:00,21,1,345,0,27052.0
2024-12-10T22:00,22,1,345,0,26821.0
2024-12-10T23:00,23,1,345,0,26905.0
2024-12-11T00:00,0,2,346,0,26362.0
2024-12-11T01:00,1,2,346,0,24941.0
2024-12-11T02:00,2,2,346,0,26709.0
2024-12-11T03:00,3,2,346,0,28201.0
2024-12-11T04:00,4,2,346,0,28613.0
2024-12-11T05:00,5,2,346,0,28170.0
2024-12-11T06:00,6,2,346,0,27501.0
2024-12-11T07:00,7,2,346,0,26923.0
2024-12-11T08:00,8,2,346,0,25751.0
2024-12-11T09:00,9,2,346,0,24656.0
2024-12-11T10:00,10,2,346,0,23527.0
2024-12-11T11:00,11,2,346,0,23329.0
2024-12-11T12:00,12,2,346,0,22851.0
2024-12-11T13:00,13,2,346,0,22444.0
2024-12-11T14:00,14,2,346,0,22689.0
2024-12-11T15:00,15,2,346,0,24123.0
2024-12-11T16:00,16,2,346,0,26490.0
2024-12-11T17:00,17,2,346,0,28133.0
2024-12-11T18:00,18,2,346,0,28287.0
2024-12-11T19:00,19,2,346,0,28743.0
2024-12-11T20:00,20,2,346,0,28190.0
2024-12-11T21:00,21,2,346,0,27777.0
2024-12-11T22:00,22,2,346,0,27196.0
2024-12-11T23:00,23,2,346,0,27334.0
2024-12-12T00:00,0,3,347,0,26375.0
2024-12-12T01:00,1,3,347,0,25982.0
2024-12-12T02:00,2,3,347,0,27175.0
2024-12-12T03:00,3,3,347,0,28591.0
2024-12-12T04:00,4,3,347,0,28489.0
2024-12-12T05:00,5,3,347,0,28170.0
2024-12-12T06:00,6,3,347,0,27810.0
2024-12-12T07:00,7,3,347,0,27002.0
2024-12-12T08:00,8,3,347,0,25770.0
2024-12-12T09:00,9,3,347,0,24310.0
2024-12-12T10:00,10,3,347,0,23862.0
2024-12-12T11:00,11,3,347,0,23425.0
2024-12-12T12:00,12,3,347,0,22828.0
2024-12-12T13:00,13,3,347,0,22875.0
2024-12-12T14:00,14,3,347,0,22538.0
2024-12-12T15:00,15,3,347,0,23951.0
2024-12-12T16:00,16,3,347,0,26257.0
2024-12-12T17:00,17,3,347,0,27750.0
2024-12-12T18:00,18,3,347,0,27444.0
2024-12-12T19:00,19,3,347,0,26816.0
2024-12-12T20:00,20,3,347,0,27263.0
2024-12-12T21:00,21,3,347,0,28280.0
2024-12-12T22:00,22,3,347,0,29010.0
2024-12-12T23:00,23,3,347,0,29961.0
2024-12-13T00:00,0,4,348,0,29774.0
2024-12-13T01:00,1,4,348,0,27619.0
2024-12-13T02:00,2,4,348,0,27681.0
2024-12-13T03:00,3,4,348,0,29361.0
2024-12-13T04:00,4,4,348,0,28999.0
2024-12-13T05:00,5,4,348,0,28820.0
2024-12-13T06:00,6,4,348,0,28287.0
2024-12-13T07:00,7,4,348,0,27675.0
2024-12-13T08:00,8,4,348,0,26557.0
2024-12-13T09:00,9,4,348,0,25890.0
2024-12-13T10:00,10,4,348,0,24348.0
2024-12-13T11:00,11,4,348,0,23716.0
2024-12-13T12:00,12,4,348,0,23114.0
2024-12-13T13:00,13,4,348,0,22778.0
2024-12-13T14:00,14,4,348,0,22347.0
2024-12-13T15:00,15,4,348,0,23389.0
2024-12-13T16:00,16,4,348,0,25493.0
2024-12-13T17:00,17,4,348,0,27273.0
2024-12-13T18:00,18,4,348,0,29010.0
2024-12-13T19:00,19,4,348,0,29937.0
2024-12-13T20:00,20,4,348,0,28616.0
2024-12-13T21:00,21,4,348,0,28054.0
2024-12-13T22:00,22,4,348,0,27684.0
2024-12-13T23:00,23,4,348,0,27896.0
2024-12-14T00:00,0,5,349,0,27542.0
2024-12-14T01:00,1,5,349,0,26138.0
2024-12-14T02:00,2,5,349,0,27040.0
2024-12-14T03:00,3,5,349,0,28528.0
2024-12-14T04:00,4,5,349,0,28064.0
2024-12-14T05:00,5,5,349,0,27826.0
2024-12-14T06:00,6,5,349,0,27227.0
2024-12-14T07:00,7,5,349,0,26677.0
2024-12-14T08:00,8,5,349,0,25823.0
2024-12-14T09:00,9,5,349,0,24348.0
2024-12-14T10:00,10,5,349,0,23911.0
2024-12-14T11:00,11,5,349,0,23085.0
2024-12-14T12:00,12,5,349,0,21850.0
2024-12-14T13:00,13,5,349,0,21587.0
2024-12-14T14:00,14,5,349,0,21503.0
2024-12-14T15:00,15,5,349,0,22137.0
2024-12-14T16:00,16,5,349,0,23186.0
2024-12-14T17:00,17,5,349,0,23630.0
2024-12-14T18:00,18,5,349,0,23852.0
2024-12-14T19:00,19,5,349,0,24855.0
2024-12-14T20:00,20,5,349,0,25487.0
2024-12-14T21:00,21,5,349,0,25382.0
2024-12-14T22:00,22,5,349,0,24852.0
2024-12-14T23:00,23,5,349,0,24733.0
2024-12-15T00:00,0,6,350,0,24335.0
2024-12-15T01:00,1,6,350,0,23942.0
2024-12-15T02:00,2,6,350,0,24970.0
2024-12-15T03:00,3,6,350,0,26613.0
2024-12-15T04:00,4,6,350,0,26575.0
2024-12-15T05:00,5,6,350,0,26165.0
2024-12-15T06:00,6,6,350,0,25934.0
2024-12-15T07:00,7,6,350,0,25667.0
2024-12-15T08:00,8,6,350,0,24620.0
2024-12-15T09:00,9,6,350,0,23753.0
2024-12-15T10:00,10,6,350,0,22784.0
2024-12-15T11:00,11,6,350,0,22063.0
2024-12-15T12:00,12,6,350,0,21298.0
2024-12-15T13:00,13,6,350,0,20920.0
2024-12-15T14:00,14,6,350,0,20800.0
2024-12-15T15:00,15,6,350,0,21415.0
2024-12-15T16:00,16,6,350,0,22316.0
2024-12-15T17:00,17,6,350,0,22903.0
2024-12-15T18:00,18,6,350,0,23972.0
2024-12-15T19:00,19,6,350,0,24922.0
2024-12-15T20:00,20,6,350,0,24376.0
2024-12-15T21:00,21,6,350,0,24247.0
2024-12-15T22:00,22,6,350,0,23913.0
2024-12-15T23:00,23,6,350,0,23312.0
2024-12-16T00:00,0,0,351,0,22750.0
2024-12-16T01:00,1,0,351,0,22518.0
2024-12-16T02:00,2,0,351,0,24656.0
2024-12-16T03:00,3,0,351,0,26942.0
2024-12-16T04:00,4,0,351,0,27137.0
2024-12-16T05:00,5,0,351,0,27132.0
2024-12-16T06:00,6,0,351,0,26750.0
2024-12-16T07:00,7,0,351,0,26230.0
2024-12-16T08:00,8,0,351,0,25055.0
2024-12-16T09:00,9,0,351,0,23789.0
2024-12-16T10:00,10,0,351,0,23729.0
2024-12-16T11:00,11,0,351,0,23459.0
2024-12-16T12:00,12,0,351,0,22933.0
2024-12-16T13:00,13,0,351,0,22676.0
2024-12-16T14:00,14,0,351,0,22511.0
2024-12-16T15:00,15,0,351,0,23806.0
2024-12-16T16:00,16,0,351,0,25975.0
2024-12-16T17:00,17,0,351,0,27557.0
2024-12-16T18:00,18,0,351,0,28122.0
2024-12-16T19:00,19,0,351,0,28424.0
2024-12-16T20:00,20,0,351,0,28411.0
2024-12-16T21:00,21,0,351,0,28227.0
2024-12-16T22:00,22,0,351,0,28549.0
2024-12-16T23:00,23,0,351,0,28590.0
2024-12-17T00:00,0,1,352,0,28203.0
2024-12-17T01:00,1,1,352,0,27047.0
2024-12-17T02:00,2,1,352,0,27873.0
2024-12-17T03:00,3,1,352,0,29475.0
2024-12-17T04:00,4,1,352,0,29383.0
2024-12-17T05:00,5,1,352,0,28952.0
2024-12-17T06:00,6,1,352,0,28318.0
2024-12-17T07:00,7,1,352,0,27540.0
2024-12-17T08:00,8,1,352,0,26166.0
2024-12-17T09:00,9,1,352,0,24708.0
2024-12-17T10:00,10,1,352,0,23807.0
2024-12-17T11:00,11,1,352,0,22833.0
2024-12-17T12:00,12,1,352,0,22860.0
2024-12-17T13:00,13,1,352,0,21975.0
2024-12-17T14:00,14,1,352,0,22240.0
2024-12-17T15:00,15,1,352,0,23703.0
2024-12-17T16:00,16,1,352,0,25980.0
2024-12-17T17:00,17,1,352,0,27301.0
2024-12-17T18:00,18,1,352,0,27896.0
2024-12-17T19:00,19,1,352,0,28281.0
2024-12-17T20:00,20,1,352,0,27465.0
2024-12-17T21:00,21,1,352,0,26899.0
2024-12-17T22:00,22,1,352,0,27409.0
2024-12-17T23:00,23,1,352,0,28029.0
2024-12-18T00:00,0,2,353,0,28312.0
2024-12-18T01:00,1,2,353,0,26351.0
2024-12-18T02:00,2,2,353,0,26982.0
2024-12-18T03:00,3,2,353,0,28917.0
2024-12-18T04:00,4,2,353,0,28850.0
2024-12-18T05:00,5,2,353,0,28707.0
2024-12-18T06:00,6,2,353,0,27905.0
2024-12-18T07:00,7,2,353,0,27239.0
2024-12-18T08:00,8,2,353,0,25934.0
2024-12-18T09:00,9,2,353,0,24621.0
2024-12-18T10:00,10,2,353,0,23681.0
2024-12-18T11:00,11,2,353,0,22851.0
2024-12-18T12:00,12,2,353,0,22172.0
2024-12-18T13:00,13,2,353,0,21853.0
2024-12-18T14:00,14,2,353,0,22387.0
2024-12-18T15:00,15,2,353,0,23787.0
2024-12-18T16:00,16,2,353,0,25809.0
2024-12-18T17:00,17,2,353,0,27545.0
2024-12-18T18:00,18,2,353,0,28089.0
2024-12-18T19:00,19,2,353,0,28461.0
2024-12-18T20:00,20,2,353,0,28027.0
2024-12-18T21:00,21,2,353,0,28025.0
2024-12-18T22:00,22,2,353,0,28037.0
2024-12-18T23:00,23,2,353,0,28707.0
2024-12-19T00:00,0,3,354,0,28859.0
2024-12-19T01:00,1,3,354,0,27113.0
2024-12-19T02:00,2,3,354,0,27077.0
2024-12-19T03:00,3,3,354,0,28507.0
2024-12-19T04:00,4,3,354,0,28389.0
2024-12-19T05:00,5,3,354,0,28088.0
2024-12-19T06:00,6,3,354,0,27557.0
2024-12-19T07:00,7,3,354,0,27120.0
2024-12-19T08:00,8,3,354,0,25611.0
2024-12-19T09:00,9,3,354,0,24279.0
2024-12-19T10:00,10,3,354,0,23805.0
2024-12-19T11:00,11,3,354,0,22961.0
2024-12-19T12:00,12,3,354,0,22447.0
2024-12-19T13:00,13,3,354,0,22061.0
2024-12-19T14:00,14,3,354,0,21728.0
2024-12-19T15:00,15,3,354,0,22808.0
2024-12-19T16:00,16,3,354,0,25015.0
2024-12-19T17:00,17,3,354,0,26622.0
2024-12-19T18:00,18,3,354,0,27294.0
2024-12-19T19:00,19,3,354,0,27093.0
2024-12-19T20:00,20,3,354,0,26196.0
2024-12-19T21:00,21,3,354,0,26102.0
2024-12-19T22:00,22,3,354,0,26154.0
2024-12-19T23:00,23,3,354,0,26603.0
2024-12-20T00:00,0,4,355,0,26531.0
2024-12-20T01:00,1,4,355,0,25628.0
2024-12-20T02:00,2,4,355,0,26697.0
2024-12-20T03:00,3,4,355,0,28285.0
2024-12-20T04:00,4,4,355,0,28172.0
2024-12-20T05:00,5,4,355,0,27585.0
2024-12-20T06:00,6,4,355,0,27083.0
2024-12-20T07:00,7,4,355,0,26380.0
2024-12-20T08:00,8,4,355,0,25012.0
2024-12-20T09:00,9,4,355,0,23515.0
2024-12-20T10:00,10,4,355,0,23061.0
2024-12-20T11:00,11,4,355,0,22169.0
2024-12-20T12:00,12,4,355,0,21587.0
2024-12-20T13:00,13,4,355,0,21165.0
2024-12-20T14:00,14,4,355,0,21438.0
2024-12-20T15:00,15,4,355,0,22706.0
2024-12-20T16:00,16,4,355,0,24822.0
2024-12-20T17:00,17,4,355,0,26450.0
2024-12-20T18:00,18,4,355,0,27416.0
2024-12-20T19:00,19,4,355,0,28040.0
2024-12-20T20:00,20,4,355,0,27987.0
2024-12-20T21:00,21,4,355,0,27724.0
2024-12-20T22:00,22,4,355,0,27655.0
2024-12-20T23:00,23,4,355,0,27513.0
2024-12-21T00:00,0,5,356,0,26848.0
2024-12-21T01:00,1,5,356,0,25364.0
2024-12-21T02:00,2,5,356,0,26257.0
2024-12-21T03:00,3,5,356,0,27860.0
2024-12-21T04:00,4,5,356,0,27518.0
2024-12-21T05:00,5,5,356,0,27099.0
2024-12-21T06:00,6,5,356,0,26465.0
2024-12-21T07:00,7,5,356,0,25983.0
2024-12-21T08:00,8,5,356,0,24895.0
2024-12-21T09:00,9,5,356,0,23457.0
2024-12-21T10:00,10,5,356,0,22588.0
2024-12-21T11:00,11,5,356,0,21958.0
2024-12-21T12:00,12,5,356,0,21246.0
2024-12-21T13:00,13,5,356,0,20770.0
2024-12-21T14:00,14,5,356,0,20827.0
2024-12-21T15:00,15,5,356,0,21214.0
2024-12-21T16:00,16,5,356,0,21941.0
2024-12-21T17:00,17,5,356,0,22748.0
2024-12-21T18:00,18,5,356,0,24918.0
2024-12-21T19:00,19,5,356,0,25766.0
2024-12-21T20:00,20,5,356,0,25040.0
2024-12-21T21:00,21,5,356,0,25214.0
2024-12-21T22:00,22,5,356,0,25493.0
2024-12-21T23:00,23,5,356,0,25278.0
2024-12-22T00:00,0,6,357,0,25514.0
2024-12-22T01:00,1,6,357,0,23666.0
2024-12-22T02:00,2,6,357,0,24345.0
2024-12-22T03:00,3,6,357,0,25582.0
2024-12-22T04:00,4,6,357,0,25521.0
2024-12-22T05:00,5,6,357,0,25246.0
2024-12-22T06:00,6,6,357,0,24825.0
2024-12-22T07:00,7,6,357,0,24574.0
2024-12-22T08:00,8,6,357,0,23574.0
2024-12-22T09:00,9,6,357,0,22404.0
2024-12-22T10:00,10,6,357,0,21819.0
2024-12-22T11:00,11,6,357,0,20884.0
2024-12-22T12:00,12,6,357,0,20390.0
2024-12-22T13:00,13,6,357,0,20019.0
2024-12-22T14:00,14,6,357,0,19755.0
2024-12-22T15:00,15,6,357,0,20137.0
2024-12-22T16:00,16,6,357,0,20825.0
2024-12-22T17:00,17,6,357,0,21793.0
2024-12-22T18:00,18,6,357,0,22976.0
2024-12-22T19:00,19,6,357,0,23221.0
2024-12-22T20:00,20,6,357,0,22999.0
2024-12-22T21:00,21,6,357,0,22176.0
2024-12-22T22:00,22,6,357,0,22526.0
2024-12-22T23:00,23,6,357,0,23959.0
2024-12-23T00:00,0,0,358,0,24201.0
2024-12-23T01:00,1,0,358,0,23332.0
2024-12-23T02:00,2,0,358,0,24042.0
2024-12-23T03:00,3,0,358,0,25819.0
2024-12-23T04:00,4,0,358,0,25768.0
2024-12-23T05:00,5,0,358,0,25481.0
2024-12-23T06:00,6,0,358,0,24852.0
2024-12-23T07:00,7,0,358,0,24585.0
2024-12-23T08:00,8,0,358,0,23359.0
2024-12-23T09:00,9,0,358,0,22178.0
2024-12-23T10:00,10,0,358,0,21976.0
2024-12-23T11:00,11,0,358,0,21440.0
2024-12-23T12:00,12,0,358,0,21109.0
2024-12-23T13:00,13,0,358,0,20547.0
2024-12-23T14:00,14,0,358,0,20508.0
2024-12-23T15:00,15,0,358,0,21284.0
2024-12-23T16:00,16,0,358,0,22960.0
2024-12-23T17:00,17,0,358,0,24318.0
2024-12-23T18:00,18,0,358,0,25732.0
2024-12-23T19:00,19,0,358,0,26725.0
2024-12-23T20:00,20,0,358,0,26709.0
2024-12-23T21:00,21,0,358,0,26085.0
2024-12-23T22:00,22,0,358,0,25749.0
2024-12-23T23:00,23,0,358,0,25370.0
2024-12-24T00:00,0,1,359,0,25531.0
2024-12-24T01:00,1,1,359,0,24635.0
2024-12-24T02:00,2,1,359,0,25290.0
2024-12-24T03:00,3,1,359,0,26856.0
2024-12-24T04:00,4,1,359,0,26639.0
2024-12-24T05:00,5,1,359,0,26117.0
2024-12-24T06:00,6,1,359,0,25552.0
2024-12-24T07:00,7,1,359,0,25108.0
2024-12-24T08:00,8,1,359,0,23931.0
2024-12-24T09:00,9,1,359,0,22572.0
2024-12-24T10:00,10,1,359,0,21790.0
2024-12-24T11:00,11,1,359,0,20830.0
2024-12-24T12:00,12,1,359,0,20200.0
2024-12-24T13:00,13,1,359,0,20559.0
2024-12-24T14:00,14,1,359,0,20019.0
2024-12-24T15:00,15,1,359,0,20892.0
2024-12-24T16:00,16,1,359,0,21708.0
2024-12-24T17:00,17,1,359,0,22897.0
2024-12-24T18:00,18,1,359,0,23790.0
2024-12-24T19:00,19,1,359,0,24601.0
2024-12-24T20:00,20,1,359,0,25698.0
2024-12-24T21:00,21,1,359,0,25366.0
2024-12-24T22:00,22,1,359,0,26444.0
2024-12-24T23:00,23,1,359,0,26589.0
2024-12-25T00:00,0,2,360,1,26085.0
2024-12-25T01:00,1,2,360,1,24778.0
2024-12-25T02:00,2,2,360,1,24382.0
2024-12-25T03:00,3,2,360,1,25711.0
2024-12-25T04:00,4,2,360,1,25026.0
2024-12-25T05:00,5,2,360,1,24155.0
2024-12-25T06:00,6,2,360,1,23944.0
2024-12-25T07:00,7,2,360,1,23487.0
2024-12-25T08:00,8,2,360,1,22710.0
2024-12-25T09:00,9,2,360,1,21928.0
2024-12-25T10:00,10,2,360,1,21506.0
2024-12-25T11:00,11,2,360,1,21016.0
2024-12-25T12:00,12,2,360,1,20500.0
2024-12-25T13:00,13,2,360,1,19964.0
2024-12-25T14:00,14,2,360,1,19582.0
2024-12-25T15:00,15,2,360,1,19959.0
2024-12-25T16:00,16,2,360,1,20791.0
2024-12-25T17:00,17,2,360,1,21196.0
2024-12-25T18:00,18,2,360,1,22340.0
2024-12-25T19:00,19,2,360,1,22439.0
2024-12-25T20:00,20,2,360,1,22913.0
2024-12-25T21:00,21,2,360,1,22761.0
2024-12-25T22:00,22,2,360,1,23462.0
2024-12-25T23:00,23,2,360,1,24296.0
2024-12-26T00:00,0,3,361,0,24646.0
2024-12-26T01:00,1,3,361,0,21966.0
2024-12-26T02:00,2,3,361,0,22551.0
2024-12-26T03:00,3,3,361,0,23946.0
2024-12-26T04:00,4,3,361,0,23916.0
2024-12-26T05:00,5,3,361,0,23759.0
2024-12-26T06:00,6,3,361,0,23511.0
2024-12-26T07:00,7,3,361,0,23321.0
2024-12-26T08:00,8,3,361,0,22430.0
2024-12-26T09:00,9,3,361,0,21562.0
2024-12-26T10:00,10,3,361,0,20914.0
2024-12-26T11:00,11,3,361,0,20434.0
2024-12-26T12:00,12,3,361,0,20974.0
2024-12-26T13:00,13,3,361,0,21181.0
2024-12-26T14:00,14,3,361,0,21129.0
2024-12-26T15:00,15,3,361,0,22001.0
2024-12-26T16:00,16,3,361,0,23191.0
2024-12-26T17:00,17,3,361,0,23592.0
2024-12-26T18:00,18,3,361,0,24324.0
2024-12-26T19:00,19,3,361,0,25413.0
2024-12-26T20:00,20,3,361,0,26213.0
2024-12-26T21:00,21,3,361,0,26057.0
2024-12-26T22:00,22,3,361,0,26510.0
2024-12-26T23:00,23,3,361,0,26313.0
2024-12-27T00:00,0,4,362,0,26139.0
2024-12-27T01:00,1,4,362,0,24960.0
2024-12-27T02:00,2,4,362,0,25322.0
2024-12-27T03:00,3,4,362,0,26901.0
2024-12-27T04:00,4,4,362,0,26611.0
2024-12-27T05:00,5,4,362,0,26285.0
2024-12-27T06:00,6,4,362,0,25689.0
2024-12-27T07:00,7,4,362,0,25114.0
2024-12-27T08:00,8,4,362,0,23884.0
2024-12-27T09:00,9,4,362,0,22586.0
2024-12-27T10:00,10,4,362,0,21694.0
2024-12-27T11:00,11,4,362,0,21032.0
2024-12-27T12:00,12,4,362,0,20436.0
2024-12-27T13:00,13,4,362,0,20168.0
2024-12-27T14:00,14,4,362,0,20207.0
2024-12-27T15:00,15,4,362,0,21119.0
2024-12-27T16:00,16,4,362,0,22513.0
2024-12-27T17:00,17,4,362,0,23850.0
2024-12-27T18:00,18,4,362,0,25017.0
2024-12-27T19:00,19,4,362,0,26714.0
2024-12-27T20:00,20,4,362,0,26494.0
2024-12-27T21:00,21,4,362,0,26773.0
2024-12-27T22:00,22,4,362,0,26964.0
2024-12-27T23:00,23,4,362,0,26596.0
2024-12-28T00:00,0,5,363,0,26632.0
2024-12-28T01:00,1,5,363,0,24757.0
2024-12-28T02:00,2,5,363,0,24863.0
2024-12-28T03:00,3,5,363,0,26722.0
2024-12-28T04:00,4,5,363,0,26429.0
2024-12-28T05:00,5,5,363,0,26039.0
2024-12-28T06:00,6,5,363,0,25201.0
2024-12-28T07:00,7,5,363,0,24651.0
2024-12-28T08:00,8,5,363,0,23600.0
2024-12-28T09:00,9,5,363,0,22383.0
2024-12-28T10:00,10,5,363,0,21767.0
2024-12-28T11:00,11,5,363,0,20816.0
2024-12-28T12:00,12,5,363,0,19949.0
2024-12-28T13:00,13,5,363,0,19522.0
2024-12-28T14:00,14,5,363,0,19560.0
2024-12-28T15:00,15,5,363,0,19956.0
2024-12-28T16:00,16,5,363,0,20875.0
2024-12-28T17:00,17,5,363,0,21867.0
2024-12-28T18:00,18,5,363,0,22576.0
2024-12-28T19:00,19,5,363,0,24629.0
2024-12-28T20:00,20,5,363,0,24922.0
2024-12-28T21:00,21,5,363,0,25892.0
2024-12-28T22:00,22,5,363,0,25719.0
2024-12-28T23:00,23,5,363,0,24824.0
2024-12-29T00:00,0,6,364,0,24102.0
2024-12-29T01:00,1,6,364,0,22429.0
2024-12-29T02:00,2,6,364,0,22880.0
2024-12-29T03:00,3,6,364,0,24937.0
2024-12-29T04:00,4,6,364,0,24864.0
2024-12-29T05:00,5,6,364,0,24828.0
2024-12-29T06:00,6,6,364,0,24184.0
2024-12-29T07:00,7,6,364,0,23966.0
2024-12-29T08:00,8,6,364,0,22857.0
2024-12-29T09:00,9,6,364,0,22197.0
2024-12-29T10:00,10,6,364,0,21119.0
2024-12-29T11:00,11,6,364,0,20584.0
2024-12-29T12:00,12,6,364,0,19825.0
2024-12-29T13:00,13,6,364,0,19477.0
2024-12-29T14:00,14,6,364,0,19348.0
2024-12-29T15:00,15,6,364,0,19627.0
2024-12-29T16:00,16,6,364,0,20358.0
2024-12-29T17:00,17,6,364,0,21467.0
2024-12-29T18:00,18,6,364,0,23076.0
2024-12-29T19:00,19,6,364,0,24043.0
2024-12-29T20:00,20,6,364,0,24297.0
2024-12-29T21:00,21,6,364,0,24363.0
2024-12-29T22:00,22,6,364,0,24377.0
2024-12-29T23:00,23,6,364,0,24436.0
2024-12-30T00:00,0,0,365,0,24363.0
2024-12-30T01:00,1,0,365,0,22458.0
2024-12-30T02:00,2,0,365,0,23249.0
2024-12-30T03:00,3,0,365,0,25126.0
2024-12-30T04:00,4,0,365,0,25424.0
2024-12-30T05:00,5,0,365,0,25134.0
2024-12-30T06:00,6,0,365,0,24824.0
2024-12-30T07:00,7,0,365,0,24263.0
2024-12-30T08:00,8,0,365,0,23027.0
2024-12-30T09:00,9,0,365,0,21955.0
2024-12-30T10:00,10,0,365,0,21522.0
2024-12-30T11:00,11,0,365,0,20870.0
2024-12-30T12:00,12,0,365,0,20605.0
2024-12-30T13:00,13,0,365,0,20112.0
2024-12-30T14:00,14,0,365,0,19955.0
2024-12-30T15:00,15,0,365,0,21258.0
2024-12-30T16:00,16,0,365,0,23164.0
2024-12-30T17:00,17,0,365,0,24584.0
2024-12-30T18:00,18,0,365,0,26465.0
2024-12-30T19:00,19,0,365,0,26510.0
2024-12-30T20:00,20,0,365,0,25637.0
2024-12-30T21:00,21,0,365,0,24155.0
2024-12-30T22:00,22,0,365,0,23807.0
2024-12-30T23:00,23,0,365,0,23593.0
2024-12-31T00:00,0,1,366,0,22854.0
2024-12-31T01:00,1,1,366,0,23003.0
2024-12-31T02:00,2,1,366,0,24699.0
2024-12-31T03:00,3,1,366,0,26490.0
2024-12-31T04:00,4,1,366,0,26456.0
2024-12-31T05:00,5,1,366,0,26162.0
2024-12-31T06:00,6,1,366,0,25669.0
2024-12-31T07:00,7,1,366,0,25268.0
2024-12-31T08:00,8,1,366,0,24060.0
2024-12-31T09:00,9,1,366,0,22674.0
2024-12-31T10:00,10,1,366,0,21794.0
2024-12-31T11:00,11,1,366,0,20975.0
2024-12-31T12:00,12,1,366,0,20207.0
2024-12-31T13:00,13,1,366,0,20065.0
2024-12-31T14:00,14,1,366,0,20493.0
2024-12-31T15:00,15,1,366,0,21734.0
2024-12-31T16:00,16,1,366,0,23104.0
2024-12-31T17:00,17,1,366,0,24083.0
2024-12-31T18:00,18,1,366,0,26413.0
2024-12-31T19:00,19,1,366,0,26931.0
2024-12-31T20:00,20,1,366,0,26164.0
2024-12-31T21:00,21,1,366,0,26028.0
2024-12-31T22:00,22,1,366,0,25430.0
2024-12-31T23:00,23,1,366,0,24419.0
2025-01-01T00:00,0,2,1,1,23877.0
2025-01-01T01:00,1,2,1,1,22237.0
2025-01-01T02:00,2,2,1,1,23890.0
2025-01-01T03:00,3,2,1,1,26097.0
2025-01-01T04:00,4,2,1,1,25742.0
2025-01-01T05:00,5,2,1,1,25105.0
2025-01-01T06:00,6,2,1,1,24364.0
2025-01-01T07:00,7,2,1,1,23777.0
2025-01-01T08:00,8,2,1,1,23022.0
2025-01-01T09:00,9,2,1,1,22160.0
2025-01-01T10:00,10,2,1,1,21770.0
2025-01-01T11:00,11,2,1,1,21127.0
2025-01-01T12:00,12,2,1,1,20372.0
2025-01-01T13:00,13,2,1,1,19936.0
2025-01-01T14:00,14,2,1,1,19914.0
2025-01-01T15:00,15,2,1,1,20234.0
2025-01-01T16:00,16,2,1,1,20802.0
2025-01-01T17:00,17,2,1,1,21562.0
2025-01-01T18:00,18,2,1,1,23153.0
2025-01-01T19:00,19,2,1,1,24569.0
2025-01-01T20:00,20,2,1,1,23637.0
2025-01-01T21:00,21,2,1,1,23061.0
2025-01-01T22:00,22,2,1,1,23362.0
2025-01-01T23:00,23,2,1,1,23003.0
2025-01-02T00:00,0,3,2,0,22507.0
2025-01-02T01:00,1,3,2,0,21474.0
2025-01-02T02:00,2,3,2,0,22963.0
2025-01-02T03:00,3,3,2,0,24698.0
2025-01-02T04:00,4,3,2,0,24880.0
2025-01-02T05:00,5,3,2,0,24644.0
2025-01-02T06:00,6,3,2,0,24194.0
2025-01-02T07:00,7,3,2,0,23833.0
2025-01-02T08:00,8,3,2,0,22736.0
2025-01-02T09:00,9,3,2,0,21508.0
2025-01-02T10:00,10,3,2,0,20829.0
2025-01-02T11:00,11,3,2,0,20253.0
2025-01-02T12:00,12,3,2,0,19711.0
2025-01-02T13:00,13,3,2,0,19904.0
2025-01-02T14:00,14,3,2,0,20246.0
2025-01-02T15:00,15,3,2,0,21541.0
2025-01-02T16:00,16,3,2,0,23343.0
2025-01-02T17:00,17,3,2,0,24775.0
2025-01-02T18:00,18,3,2,0,26479.0
2025-01-02T19:00,19,3,2,0,27210.0
2025-01-02T20:00,20,3,2,0,26415.0
2025-01-02T21:00,21,3,2,0,26410.0
2025-01-02T22:00,22,3,2,0,25800.0
2025-01-02T23:00,23,3,2,0,25329.0
2025-01-03T00:00,0,4,3,0,24845.0
2025-01-03T01:00,1,4,3,0,23365.0
2025-01-03T02:00,2,4,3,0,24862.0
2025-01-03T03:00,3,4,3,0,26682.0
2025-01-03T04:00,4,4,3,0,26466.0
2025-01-03T05:00,5,4,3,0,26086.0
2025-01-03T06:00,6,4,3,0,25644.0
2025-01-03T07:00,7,4,3,0,25011.0
2025-01-03T08:00,8,4,3,0,23709.0
2025-01-03T09:00,9,4,3,0,22468.0
2025-01-03T10:00,10,4,3,0,22567.0
2025-01-03T11:00,11,4,3,0,22391.0
2025-01-03T12:00,12,4,3,0,21641.0
2025-01-03T13:00,13,4,3,0,21313.0
2025-01-03T14:00,14,4,3,0,21211.0
2025-01-03T15:00,15,4,3,0,21991.0
2025-01-03T16:00,16,4,3,0,23686.0
2025-01-03T17:00,17,4,3,0,24506.0
2025-01-03T18:00,18,4,3,0,25047.0
2025-01-03T19:00,19,4,3,0,25655.0
2025-01-03T20:00,20,4,3,0,26001.0
2025-01-03T21:00,21,4,3,0,27142.0
2025-01-03T22:00,22,4,3,0,26614.0
2025-01-03T23:00,23,4,3,0,26271.0
2025-01-04T00:00,0,5,4,0,26023.0
2025-01-04T01:00,1,5,4,0,24743.0
2025-01-04T02:00,2,5,4,0,25016.0
2025-01-04T03:00,3,5,4,0,26605.0
2025-01-04T04:00,4,5,4,0,26524.0
2025-01-04T05:00,5,5,4,0,26390.0
2025-01-04T06:00,6,5,4,0,25750.0
2025-01-04T07:00,7,5,4,0,25300.0
2025-01-04T08:00,8,5,4,0,24215.0
2025-01-04T09:00,9,5,4,0,23254.0
2025-01-04T10:00,10,5,4,0,22425.0
2025-01-04T11:00,11,5,4,0,22118.0
2025-01-04T12:00,12,5,4,0,20912.0
2025-01-04T13:00,13,5,4,0,20495.0
2025-01-04T14:00,14,5,4,0,20251.0
2025-01-04T15:00,15,5,4,0,20717.0
2025-01-04T16:00,16,5,4,0,21701.0
2025-01-04T17:00,17,5,4,0,22573.0
2025-01-04T18:00,18,5,4,0,24957.0
2025-01-04T19:00,19,5,4,0,25851.0
2025-01-04T20:00,20,5,4,0,24516.0
2025-01-04T21:00,21,5,4,0,23613.0
2025-01-04T22:00,22,5,4,0,23487.0
2025-01-04T23:00,23,5,4,0,22762.0
2025-01-05T00:00,0,6,5,0,22849.0
2025-01-05T01:00,1,6,5,0,21606.0
2025-01-05T02:00,2,6,5,0,23158.0
2025-01-05T03:00,3,6,5,0,25535.0
2025-01-05T04:00,4,6,5,0,25739.0
2025-01-05T05:00,5,6,5,0,25418.0
2025-01-05T06:00,6,6,5,0,24783.0
2025-01-05T07:00,7,6,5,0,24307.0
2025-01-05T08:00,8,6,5,0,23556.0
2025-01-05T09:00,9,6,5,0,22733.0
2025-01-05T10:00,10,6,5,0,22036.0
2025-01-05T11:00,11,6,5,0,21353.0
2025-01-05T12:00,12,6,5,0,20469.0
2025-01-05T13:00,13,6,5,0,20179.0
2025-01-05T14:00,14,6,5,0,20118.0
2025-01-05T15:00,15,6,5,0,20563.0
2025-01-05T16:00,16,6,5,0,21325.0
2025-01-05T17:00,17,6,5,0,22104.0
2025-01-05T18:00,18,6,5,0,23279.0
2025-01-05T19:00,19,6,5,0,23454.0
2025-01-05T20:00,20,6,5,0,23021.0
2025-01-05T21:00,21,6,5,0,22551.0
2025-01-05T22:00,22,6,5,0,22997.0
2025-01-05T23:00,23,6,5,0,22595.0
2025-01-06T00:00,0,0,6,0,22289.0
2025-01-06T01:00,1,0,6,0,21083.0
2025-01-06T02:00,2,0,6,0,22436.0
2025-01-06T03:00,3,0,6,0,24831.0
2025-01-06T04:00,4,0,6,0,25119.0
2025-01-06T05:00,5,0,6,0,24974.0
2025-01-06T06:00,6,0,6,0,24524.0
2025-01-06T07:00,7,0,6,0,24169.0
2025-01-06T08:00,8,0,6,0,22890.0
2025-01-06T09:00,9,0,6,0,21802.0
2025-01-06T10:00,10,0,6,0,21504.0
2025-01-06T11:00,11,0,6,0,21251.0
2025-01-06T12:00,12,0,6,0,20366.0
2025-01-06T13:00,13,0,6,0,20041.0
2025-01-06T14:00,14,0,6,0,20497.0
2025-01-06T15:00,15,0,6,0,22007.0
2025-01-06T16:00,16,0,6,0,24074.0
2025-01-06T17:00,17,0,6,0,25843.0
2025-01-06T18:00,18,0,6,0,26516.0
2025-01-06T19:00,19,0,6,0,26264.0
2025-01-06T20:00,20,0,6,0,25648.0
2025-01-06T21:00,21,0,6,0,25608.0
2025-01-06T22:00,22,0,6,0,25649.0
2025-01-06T23:00,23,0,6,0,24954.0
2025-01-07T00:00,0,1,7,0,24832.0
2025-01-07T01:00,1,1,7,0,24028.0
2025-01-07T02:00,2,1,7,0,24795.0
2025-01-07T03:00,3,1,7,0,26864.0
2025-01-07T04:00,4,1,7,0,26893.0
2025-01-07T05:00,5,1,7,0,26685.0
2025-01-07T06:00,6,1,7,0,25982.0
2025-01-07T07:00,7,1,7,0,25340.0
2025-01-07T08:00,8,1,7,0,24854.0
2025-01-07T09:00,9,1,7,0,23440.0
2025-01-07T10:00,10,1,7,0,22384.0
2025-01-07T11:00,11,1,7,0,21792.0
2025-01-07T12:00,12,1,7,0,20965.0
2025-01-07T13:00,13,1,7,0,20645.0
2025-01-07T14:00,14,1,7,0,21050.0
2025-01-07T15:00,15,1,7,0,22285.0
2025-01-07T16:00,16,1,7,0,24359.0
2025-01-07T17:00,17,1,7,0,25751.0
2025-01-07T18:00,18,1,7,0,25740.0
2025-01-07T19:00,19,1,7,0,25583.0
2025-01-07T20:00,20,1,7,0,25218.0
2025-01-07T21:00,21,1,7,0,25337.0
2025-01-07T22:00,22,1,7,0,24519.0
2025-01-07T23:00,23,1,7,0,24159.0
2025-01-08T00:00,0,2,8,0,24153.0
2025-01-08T01:00,1,2,8,0,23668.0
2025-01-08T02:00,2,2,8,0,24645.0
2025-01-08T03:00,3,2,8,0,26672.0
2025-01-08T04:00,4,2,8,0,26817.0
2025-01-08T05:00,5,2,8,0,26472.0
2025-01-08T06:00,6,2,8,0,25782.0
2025-01-08T07:00,7,2,8,0,25098.0
2025-01-08T08:00,8,2,8,0,23752.0
2025-01-08T09:00,9,2,8,0,22366.0
2025-01-08T10:00,10,2,8,0,21896.0
2025-01-08T11:00,11,2,8,0,21266.0
2025-01-08T12:00,12,2,8,0,20669.0
2025-01-08T13:00,13,2,8,0,20549.0
2025-01-08T14:00,14,2,8,0,20468.0
2025-01-08T15:00,15,2,8,0,21600.0
2025-01-08T16:00,16,2,8,0,23356.0
2025-01-08T17:00,17,2,8,0,24618.0
2025-01-08T18:00,18,2,8,0,24504.0
2025-01-08T19:00,19,2,8,0,24147.0
2025-01-08T20:00,20,2,8,0,24648.0
2025-01-08T21:00,21,2,8,0,23913.0
2025-01-08T22:00,22,2,8,0,23802.0
2025-01-08T23:00,23,2,8,0,23784.0
2025-01-09T00:00,0,3,9,0,24242.0
2025-01-09T01:00,1,3,9,0,23287.0
2025-01-09T02:00,2,3,9,0,23898.0
2025-01-09T03:00,3,3,9,0,25769.0
2025-01-09T04:00,4,3,9,0,25993.0
2025-01-09T05:00,5,3,9,0,25704.0
2025-01-09T06:00,6,3,9,0,25325.0
2025-01-09T07:00,7,3,9,0,24796.0
2025-01-09T08:00,8,3,9,0,23499.0
2025-01-09T09:00,9,3,9,0,22374.0
2025-01-09T10:00,10,3,9,0,21940.0
2025-01-09T11:00,11,3,9,0,21231.0
2025-01-09T12:00,12,3,9,0,20822.0
2025-01-09T13:00,13,3,9,0,20511.0
2025-01-09T14:00,14,3,9,0,20806.0
2025-01-09T15:00,15,3,9,0,22011.0
2025-01-09T16:00,16,3,9,0,24274.0
2025-01-09T17:00,17,3,9,0,25823.0
2025-01-09T18:00,18,3,9,0,26503.0
2025-01-09T19:00,19,3,9,0,25554.0
2025-01-09T20:00,20,3,9,0,24286.0
2025-01-09T21:00,21,3,9,0,23615.0
2025-01-09T22:00,22,3,9,0,23780.0
2025-01-09T23:00,23,3,9,0,23350.0
2025-01-10T00:00,0,4,10,0,22966.0
2025-01-10T01:00,1,4,10,0,22788.0
2025-01-10T02:00,2,4,10,0,24539.0
2025-01-10T03:00,3,4,10,0,25874.0
2025-01-10T04:00,4,4,10,0,26183.0
2025-01-10T05:00,5,4,10,0,26058.0
2025-01-10T06:00,6,4,10,0,25394.0
2025-01-10T07:00,7,4,10,0,24889.0
2025-01-10T08:00,8,4,10,0,23626.0
2025-01-10T09:00,9,4,10,0,22361.0
2025-01-10T10:00,10,4,10,0,22211.0
2025-01-10T11:00,11,4,10,0,21379.0
2025-01-10T12:00,12,4,10,0,20630.0
2025-01-10T13:00,13,4,10,0,20371.0
2025-01-10T14:00,14,4,10,0,20622.0
2025-01-10T15:00,15,4,10,0,21921.0
2025-01-10T16:00,16,4,10,0,23650.0
2025-01-10T17:00,17,4,10,0,25180.0
2025-01-10T18:00,18,4,10,0,25494.0
2025-01-10T19:00,19,4,10,0,25705.0
2025-01-10T20:00,20,4,10,0,24750.0
2025-01-10T21:00,21,4,10,0,23786.0
2025-01-10T22:00,22,4,10,0,23746.0
2025-01-10T23:00,23,4,10,0,23283.0
2025-01-11T00:00,0,5,11,0,23538.0
2025-01-11T01:00,1,5,11,0,22815.0
2025-01-11T02:00,2,5,11,0,24135.0
2025-01-11T03:00,3,5,11,0,25838.0
2025-01-11T04:00,4,5,11,0,25642.0
2025-01-11T05:00,5,5,11,0,25416.0
2025-01-11T06:00,6,5,11,0,25073.0
2025-01-11T07:00,7,5,11,0,24761.0
2025-01-11T08:00,8,5,11,0,23735.0
2025-01-11T09:00,9,5,11,0,22938.0
2025-01-11T10:00,10,5,11,0,22364.0
2025-01-11T11:00,11,5,11,0,21470.0
2025-01-11T12:00,12,5,11,0,20623.0
2025-01-11T13:00,13,5,11,0,20314.0
2025-01-11T14:00,14,5,11,0,20407.0
2025-01-11T15:00,15,5,11,0,21023.0
2025-01-11T16:00,16,5,11,0,22000.0
2025-01-11T17:00,17,5,11,0,22460.0
2025-01-11T18:00,18,5,11,0,23106.0
2025-01-11T19:00,19,5,11,0,24390.0
2025-01-11T20:00,20,5,11,0,23942.0
2025-01-11T21:00,21,5,11,0,23191.0
2025-01-11T22:00,22,5,11,0,21989.0
2025-01-11T23:00,23,5,11,0,21790.0
2025-01-12T00:00,0,6,12,0,21272.0
2025-01-12T01:00,1,6,12,0,20510.0
2025-01-12T02:00,2,6,12,0,22247.0
2025-01-12T03:00,3,6,12,0,24349.0
2025-01-12T04:00,4,6,12,0,24674.0
2025-01-12T05:00,5,6,12,0,24315.0
2025-01-12T06:00,6,6,12,0,23999.0
2025-01-12T07:00,7,6,12,0,23665.0
2025-01-12T08:00,8,6,12,0,22812.0
2025-01-12T09:00,9,6,12,0,21858.0
2025-01-12T10:00,10,6,12,0,21450.0
2025-01-12T11:00,11,6,12,0,20802.0
2025-01-12T12:00,12,6,12,0,20444.0
2025-01-12T13:00,13,6,12,0,20157.0
2025-01-12T14:00,14,6,12,0,19865.0
2025-01-12T15:00,15,6,12,0,20163.0
2025-01-12T16:00,16,6,12,0,21045.0
2025-01-12T17:00,17,6,12,0,21608.0
2025-01-12T18:00,18,6,12,0,22213.0
2025-01-12T19:00,19,6,12,0,22437.0
2025-01-12T20:00,20,6,12,0,21515.0
2025-01-12T21:00,21,6,12,0,20976.0
2025-01-12T22:00,22,6,12,0,20738.0
2025-01-12T23:00,23,6,12,0,20951.0
2025-01-13T00:00,0,0,13,0,21199.0
2025-01-13T01:00,1,0,13,0,20577.0
2025-01-13T02:00,2,0,13,0,21977.0
2025-01-13T03:00,3,0,13,0,24535.0
2025-01-13T04:00,4,0,13,0,25085.0
2025-01-13T05:00,5,0,13,0,24865.0
2025-01-13T06:00,6,0,13,0,24459.0
2025-01-13T07:00,7,0,13,0,24075.0
2025-01-13T08:00,8,0,13,0,22825.0
2025-01-13T09:00,9,0,13,0,21925.0
2025-01-13T10:00,10,0,13,0,21882.0
2025-01-13T11:00,11,0,13,0,21314.0
2025-01-13T12:00,12,0,13,0,21100.0
2025-01-13T13:00,13,0,13,0,21056.0
2025-01-13T14:00,14,0,13,0,21160.0
2025-01-13T15:00,15,0,13,0,22722.0
2025-01-13T16:00,16,0,13,0,24994.0
2025-01-13T17:00,17,0,13,0,26865.0
2025-01-13T18:00,18,0,13,0,26986.0
2025-01-13T19:00,19,0,13,0,26382.0
2025-01-13T20:00,20,0,13,0,25139.0
2025-01-13T21:00,21,0,13,0,24542.0
2025-01-13T22:00,22,0,13,0,23847.0
2025-01-13T23:00,23,0,13,0,24176.0
2025-01-14T00:00,0,1,14,0,24567.0
2025-01-14T01:00,1,1,14,0,23341.0
2025-01-14T02:00,2,1,14,0,24534.0
2025-01-14T03:00,3,1,14,0,26776.0
2025-01-14T04:00,4,1,14,0,27195.0
2025-01-14T05:00,5,1,14,0,26772.0
2025-01-14T06:00,6,1,14,0,26293.0
2025-01-14T07:00,7,1,14,0,25808.0
2025-01-14T08:00,8,1,14,0,24363.0
2025-01-14T09:00,9,1,14,0,22881.0
2025-01-14T10:00,10,1,14,0,22796.0
2025-01-14T11:00,11,1,14,0,22255.0
2025-01-14T12:00,12,1,14,0,21839.0
2025-01-14T13:00,13,1,14,0,21715.0
2025-01-14T14:00,14,1,14,0,22001.0
2025-01-14T15:00,15,1,14,0,23480.0
2025-01-14T16:00,16,1,14,0,26081.0
2025-01-14T17:00,17,1,14,0,27687.0
2025-01-14T18:00,18,1,14,0,28320.0
2025-01-14T19:00,19,1,14,0,27474.0
2025-01-14T20:00,20,1,14,0,26223.0
2025-01-14T21:00,21,1,14,0,24999.0
2025-01-14T22:00,22,1,14,0,24646.0
2025-01-14T23:00,23,1,14,0,24913.0
2025-01-15T00:00,0,2,15,0,24813.0
2025-01-15T01:00,1,2,15,0,23631.0
2025-01-15T02:00,2,2,15,0,24559.0
2025-01-15T03:00,3,2,15,0,26742.0
2025-01-15T04:00,4,2,15,0,27001.0
2025-01-15T05:00,5,2,15,0,26722.0
2025-01-15T06:00,6,2,15,0,26299.0
2025-01-15T07:00,7,2,15,0,25647.0
2025-01-15T08:00,8,2,15,0,24256.0
2025-01-15T09:00,9,2,15,0,22666.0
2025-01-15T10:00,10,2,15,0,22224.0
2025-01-15T11:00,11,2,15,0,21906.0
2025-01-15T12:00,12,2,15,0,22128.0
2025-01-15T13:00,13,2,15,0,21791.0
2025-01-15T14:00,14,2,15,0,21645.0
2025-01-15T15:00,15,2,15,0,23241.0
2025-01-15T16:00,16,2,15,0,25694.0
2025-01-15T17:00,17,2,15,0,27298.0
2025-01-15T18:00,18,2,15,0,27956.0
2025-01-15T19:00,19,2,15,0,26712.0
2025-01-15T20:00,20,2,15,0,25278.0
2025-01-15T21:00,21,2,15,0,24047.0
2025-01-15T22:00,22,2,15,0,23718.0
2025-01-15T23:00,23,2,15,0,24075.0
2025-01-16T00:00,0,3,16,0,24227.0
2025-01-16T01:00,1,3,16,0,22999.0
2025-01-16T02:00,2,3,16,0,24572.0
2025-01-16T03:00,3,3,16,0,26620.0
2025-01-16T04:00,4,3,16,0,26708.0
2025-01-16T05:00,5,3,16,0,26454.0
2025-01-16T06:00,6,3,16,0,25907.0
2025-01-16T07:00,7,3,16,0,25329.0
2025-01-16T08:00,8,3,16,0,24069.0
2025-01-16T09:00,9,3,16,0,22748.0
2025-01-16T10:00,10,3,16,0,22224.0
2025-01-16T11:00,11,3,16,0,21817.0
2025-01-16T12:00,12,3,16,0,21528.0
2025-01-16T13:00,13,3,16,0,21314.0
2025-01-16T14:00,14,3,16,0,21632.0
2025-01-16T15:00,15,3,16,0,23133.0
2025-01-16T16:00,16,3,16,0,25649.0
2025-01-16T17:00,17,3,16,0,27504.0
2025-01-16T18:00,18,3,16,0,26881.0
2025-01-16T19:00,19,3,16,0,25821.0
2025-01-16T20:00,20,3,16,0,25041.0
2025-01-16T21:00,21,3,16,0,24501.0
2025-01-16T22:00,22,3,16,0,23644.0
2025-01-16T23:00,23,3,16,0,24077.0
2025-01-17T00:00,0,4,17,0,24605.0
2025-01-17T01:00,1,4,17,0,24126.0
2025-01-17T02:00,2,4,17,0,24780.0
2025-01-17T03:00,3,4,17,0,26706.0
2025-01-17T04:00,4,4,17,0,26977.0
2025-01-17T05:00,5,4,17,0,26581.0
2025-01-17T06:00,6,4,17,0,26410.0
2025-01-17T07:00,7,4,17,0,25893.0
2025-01-17T08:00,8,4,17,0,24634.0
2025-01-17T09:00,9,4,17,0,23203.0
2025-01-17T10:00,10,4,17,0,22612.0
2025-01-17T11:00,11,4,17,0,22049.0
2025-01-17T12:00,12,4,17,0,21592.0
2025-01-17T13:00,13,4,17,0,21415.0
2025-01-17T14:00,14,4,17,0,21721.0
2025-01-17T15:00,15,4,17,0,23176.0
2025-01-17T16:00,16,4,17,0,25476.0
2025-01-17T17:00,17,4,17,0,27593.0
2025-01-17T18:00,18,4,17,0,28219.0
2025-01-17T19:00,19,4,17,0,27642.0
2025-01-17T20:00,20,4,17,0,26838.0
2025-01-17T21:00,21,4,17,0,25732.0
2025-01-17T22:00,22,4,17,0,25265.0
2025-01-17T23:00,23,4,17,0,24525.0
2025-01-18T00:00,0,5,18,0,23775.0
2025-01-18T01:00,1,5,18,0,23083.0
2025-01-18T02:00,2,5,18,0,24318.0
2025-01-18T03:00,3,5,18,0,26219.0
2025-01-18T04:00,4,5,18,0,26564.0
2025-01-18T05:00,5,5,18,0,26331.0
2025-01-18T06:00,6,5,18,0,26178.0
2025-01-18T07:00,7,5,18,0,25474.0
2025-01-18T08:00,8,5,18,0,24448.0
2025-01-18T09:00,9,5,18,0,23133.0
2025-01-18T10:00,10,5,18,0,22822.0
2025-01-18T11:00,11,5,18,0,22165.0
2025-01-18T12:00,12,5,18,0,21364.0
2025-01-18T13:00,13,5,18,0,20959.0
2025-01-18T14:00,14,5,18,0,20686.0
2025-01-18T15:00,15,5,18,0,21522.0
2025-01-18T16:00,16,5,18,0,22435.0
2025-01-18T17:00,17,5,18,0,23386.0
2025-01-18T18:00,18,5,18,0,23795.0
2025-01-18T19:00,19,5,18,0,23409.0
2025-01-18T20:00,20,5,18,0,22375.0
2025-01-18T21:00,21,5,18,0,21401.0
2025-01-18T22:00,22,5,18,0,21110.0
2025-01-18T23:00,23,5,18,0,21402.0
2025-01-19T00:00,0,6,19,0,21851.0
2025-01-19T01:00,1,6,19,0,21050.0
2025-01-19T02:00,2,6,19,0,22211.0
2025-01-19T03:00,3,6,19,0,24333.0
2025-01-19T04:00,4,6,19,0,24935.0
2025-01-19T05:00,5,6,19,0,24672.0
2025-01-19T06:00,6,6,19,0,24358.0
2025-01-19T07:00,7,6,19,0,23959.0
2025-01-19T08:00,8,6,19,0,23178.0
2025-01-19T09:00,9,6,19,0,22044.0
2025-01-19T10:00,10,6,19,0,21798.0
2025-01-19T11:00,11,6,19,0,21403.0
2025-01-19T12:00,12,6,19,0,20856.0
2025-01-19T13:00,13,6,19,0,20518.0
2025-01-19T14:00,14,6,19,0,20442.0
2025-01-19T15:00,15,6,19,0,20916.0
2025-01-19T16:00,16,6,19,0,21914.0
2025-01-19T17:00,17,6,19,0,22787.0
2025-01-19T18:00,18,6,19,0,23155.0
2025-01-19T19:00,19,6,19,0,23251.0
2025-01-19T20:00,20,6,19,0,22301.0
2025-01-19T21:00,21,6,19,0,22277.0
2025-01-19T22:00,22,6,19,0,22233.0
2025-01-19T23:00,23,6,19,0,22935.0
2025-01-20T00:00,0,0,20,1,23051.0
2025-01-20T01:00,1,0,20,1,22135.0
2025-01-20T02:00,2,0,20,1,22672.0
2025-01-20T03:00,3,0,20,1,24871.0
2025-01-20T04:00,4,0,20,1,25421.0
2025-01-20T05:00,5,0,20,1,25221.0
2025-01-20T06:00,6,0,20,1,24813.0
2025-01-20T07:00,7,0,20,1,24206.0
2025-01-20T08:00,8,0,20,1,23059.0
2025-01-20T09:00,9,0,20,1,21917.0
2025-01-20T10:00,10,0,20,1,21754.0
2025-01-20T11:00,11,0,20,1,21093.0
2025-01-20T12:00,12,0,20,1,20756.0
2025-01-20T13:00,13,0,20,1,20649.0
2025-01-20T14:00,14,0,20,1,21154.0
2025-01-20T15:00,15,0,20,1,22320.0
2025-01-20T16:00,16,0,20,1,23777.0
2025-01-20T17:00,17,0,20,1,25335.0
2025-01-20T18:00,18,0,20,1,25347.0
2025-01-20T19:00,19,0,20,1,24987.0
2025-01-20T20:00,20,0,20,1,23399.0
2025-01-20T21:00,21,0,20,1,22952.0
2025-01-20T22:00,22,0,20,1,23428.0
2025-01-20T23:00,23,0,20,1,24030.0
2025-01-21T00:00,0,1,21,0,25003.0
2025-01-21T01:00,1,1,21,0,23530.0
2025-01-21T02:00,2,1,21,0,23971.0
2025-01-21T03:00,3,1,21,0,26410.0
2025-01-21T04:00,4,1,21,0,26946.0
2025-01-21T05:00,5,1,21,0,26630.0
2025-01-21T06:00,6,1,21,0,26305.0
2025-01-21T07:00,7,1,21,0,25477.0
2025-01-21T08:00,8,1,21,0,24177.0
2025-01-21T09:00,9,1,21,0,22963.0
2025-01-21T10:00,10,1,21,0,22557.0
2025-01-21T11:00,11,1,21,0,22097.0
2025-01-21T12:00,12,1,21,0,22067.0
2025-01-21T13:00,13,1,21,0,21784.0
2025-01-21T14:00,14,1,21,0,22029.0
2025-01-21T15:00,15,1,21,0,23545.0
2025-01-21T16:00,16,1,21,0,26052.0
2025-01-21T17:00,17,1,21,0,27691.0
2025-01-21T18:00,18,1,21,0,27734.0
2025-01-21T19:00,19,1,21,0,27009.0
2025-01-21T20:00,20,1,21,0,26287.0
2025-01-21T21:00,21,1,21,0,24813.0
2025-01-21T22:00,22,1,21,0,24257.0
2025-01-21T23:00,23,1,21,0,24199.0
2025-01-22T00:00,0,2,22,0,24040.0
2025-01-22T01:00,1,2,22,0,23037.0
2025-01-22T02:00,2,2,22,0,24474.0
2025-01-22T03:00,3,2,22,0,26730.0
2025-01-22T04:00,4,2,22,0,27273.0
2025-01-22T05:00,5,2,22,0,26994.0
2025-01-22T06:00,6,2,22,0,26564.0
2025-01-22T07:00,7,2,22,0,25941.0
2025-01-22T08:00,8,2,22,0,24559.0
2025-01-22T09:00,9,2,22,0,23252.0
2025-01-22T10:00,10,2,22,0,22652.0
2025-01-22T11:00,11,2,22,0,22100.0
2025-01-22T12:00,12,2,22,0,21807.0
2025-01-22T13:00,13,2,22,0,21776.0
2025-01-22T14:00,14,2,22,0,22175.0
2025-01-22T15:00,15,2,22,0,23568.0
2025-01-22T16:00,16,2,22,0,26074.0
2025-01-22T17:00,17,2,22,0,27559.0
2025-01-22T18:00,18,2,22,0,27698.0
2025-01-22T19:00,19,2,22,0,26066.0
2025-01-22T20:00,20,2,22,0,24747.0
2025-01-22T21:00,21,2,22,0,24590.0
2025-01-22T22:00,22,2,22,0,25489.0
2025-01-22T23:00,23,2,22,0,25321.0
2025-01-23T00:00,0,3,23,0,25177.0
2025-01-23T01:00,1,3,23,0,23921.0
2025-01-23T02:00,2,3,23,0,24447.0
2025-01-23T03:00,3,3,23,0,26584.0
2025-01-23T04:00,4,3,23,0,27028.0
2025-01-23T05:00,5,3,23,0,26584.0
2025-01-23T06:00,6,3,23,0,26158.0
2025-01-23T07:00,7,3,23,0,25711.0
2025-01-23T08:00,8,3,23,0,24209.0
2025-01-23T09:00,9,3,23,0,22840.0
2025-01-23T10:00,10,3,23,0,22284.0
2025-01-23T11:00,11,3,23,0,21519.0
2025-01-23T12:00,12,3,23,0,21110.0
2025-01-23T13:00,13,3,23,0,21048.0
2025-01-23T14:00,14,3,23,0,21496.0
2025-01-23T15:00,15,3,23,0,22983.0
2025-01-23T16:00,16,3,23,0,25422.0
2025-01-23T17:00,17,3,23,0,26901.0
2025-01-23T18:00,18,3,23,0,26772.0
2025-01-23T19:00,19,3,23,0,26263.0
2025-01-23T20:00,20,3,23,0,25436.0
2025-01-23T21:00,21,3,23,0,24208.0
2025-01-23T22:00,22,3,23,0,23275.0
2025-01-23T23:00,23,3,23,0,23785.0
2025-01-24T00:00,0,4,24,0,23955.0
2025-01-24T01:00,1,4,24,0,23287.0
2025-01-24T02:00,2,4,24,0,24176.0
2025-01-24T03:00,3,4,24,0,26776.0
2025-01-24T04:00,4,4,24,0,26818.0
2025-01-24T05:00,5,4,24,0,26311.0
2025-01-24T06:00,6,4,24,0,25688.0
2025-01-24T07:00,7,4,24,0,25112.0
2025-01-24T08:00,8,4,24,0,23906.0
2025-01-24T09:00,9,4,24,0,22680.0
2025-01-24T10:00,10,4,24,0,22358.0
2025-01-24T11:00,11,4,24,0,21780.0
2025-01-24T12:00,12,4,24,0,21355.0
2025-01-24T13:00,13,4,24,0,21221.0
2025-01-24T14:00,14,4,24,0,21575.0
2025-01-24T15:00,15,4,24,0,22978.0
2025-01-24T16:00,16,4,24,0,25424.0
2025-01-24T17:00,17,4,24,0,26776.0
2025-01-24T18:00,18,4,24,0,27048.0
2025-01-24T19:00,19,4,24,0,26542.0
2025-01-24T20:00,20,4,24,0,24876.0
2025-01-24T21:00,21,4,24,0,23446.0
2025-01-24T22:00,22,4,24,0,23727.0
2025-01-24T23:00,23,4,24,0,24172.0
2025-01-25T00:00,0,5,25,0,24122.0
2025-01-25T01:00,1,5,25,0,23629.0
2025-01-25T02:00,2,5,25,0,24338.0
2025-01-25T03:00,3,5,25,0,26012.0
2025-01-25T04:00,4,5,25,0,26205.0
2025-01-25T05:00,5,5,25,0,25734.0
2025-01-25T06:00,6,5,25,0,25241.0
2025-01-25T07:00,7,5,25,0,24968.0
2025-01-25T08:00,8,5,25,0,24012.0
2025-01-25T09:00,9,5,25,0,22654.0
2025-01-25T10:00,10,5,25,0,22083.0
2025-01-25T11:00,11,5,25,0,21407.0
2025-01-25T12:00,12,5,25,0,20669.0
2025-01-25T13:00,13,5,25,0,20325.0
2025-01-25T14:00,14,5,25,0,20462.0
2025-01-25T15:00,15,5,25,0,21149.0
2025-01-25T16:00,16,5,25,0,22151.0
2025-01-25T17:00,17,5,25,0,22702.0
2025-01-25T18:00,18,5,25,0,22645.0
2025-01-25T19:00,19,5,25,0,22223.0
2025-01-25T20:00,20,5,25,0,21184.0
2025-01-25T21:00,21,5,25,0,21032.0
2025-01-25T22:00,22,5,25,0,22067.0
2025-01-25T23:00,23,5,25,0,22218.0
2025-01-26T00:00,0,6,26,0,23427.0
2025-01-26T01:00,1,6,26,0,23249.0
2025-01-26T02:00,2,6,26,0,23549.0
2025-01-26T03:00,3,6,26,0,25303.0
2025-01-26T04:00,4,6,26,0,26060.0
2025-01-26T05:00,5,6,26,0,25085.0
2025-01-26T06:00,6,6,26,0,24626.0
2025-01-26T07:00,7,6,26,0,24123.0
2025-01-26T08:00,8,6,26,0,23160.0
2025-01-26T09:00,9,6,26,0,22260.0
2025-01-26T10:00,10,6,26,0,21442.0
2025-01-26T11:00,11,6,26,0,20935.0
2025-01-26T12:00,12,6,26,0,20533.0
2025-01-26T13:00,13,6,26,0,20280.0
2025-01-26T14:00,14,6,26,0,20159.0
2025-01-26T15:00,15,6,26,0,20486.0
2025-01-26T16:00,16,6,26,0,21021.0
2025-01-26T17:00,17,6,26,0,21841.0
2025-01-26T18:00,18,6,26,0,22340.0
2025-01-26T19:00,19,6,26,0,22658.0
2025-01-26T20:00,20,6,26,0,23255.0
2025-01-26T21:00,21,6,26,0,22684.0
2025-01-26T22:00,22,6,26,0,22470.0
2025-01-26T23:00,23,6,26,0,22829.0
2025-01-27T00:00,0,0,27,0,22319.0
2025-01-27T01:00,1,0,27,0,22266.0
2025-01-27T02:00,2,0,27,0,23615.0
2025-01-27T03:00,3,0,27,0,25573.0
2025-01-27T04:00,4,0,27,0,26295.0
2025-01-27T05:00,5,0,27,0,26031.0
2025-01-27T06:00,6,0,27,0,25529.0
2025-01-27T07:00,7,0,27,0,25069.0
2025-01-27T08:00,8,0,27,0,23817.0
2025-01-27T09:00,9,0,27,0,22472.0
2025-01-27T10:00,10,0,27,0,22512.0
2025-01-27T11:00,11,0,27,0,21902.0
2025-01-27T12:00,12,0,27,0,21319.0
2025-01-27T13:00,13,0,27,0,21090.0
2025-01-27T14:00,14,0,27,0,21630.0
2025-01-27T15:00,15,0,27,0,23025.0
2025-01-27T16:00,16,0,27,0,25681.0
2025-01-27T17:00,17,0,27,0,27467.0
2025-01-27T18:00,18,0,27,0,26930.0
2025-01-27T19:00,19,0,27,0,27031.0
2025-01-27T20:00,20,0,27,0,26629.0
2025-01-27T21:00,21,0,27,0,26151.0
2025-01-27T22:00,22,0,27,0,24214.0
2025-01-27T23:00,23,0,27,0,23285.0
2025-01-28T00:00,0,1,28,0,22702.0
2025-01-28T01:00,1,1,28,0,22683.0
2025-01-28T02:00,2,1,28,0,24427.0
2025-01-28T03:00,3,1,28,0,26844.0
2025-01-28T04:00,4,1,28,0,27738.0
2025-01-28T05:00,5,1,28,0,27308.0
2025-01-28T06:00,6,1,28,0,27005.0
2025-01-28T07:00,7,1,28,0,26485.0
2025-01-28T08:00,8,1,28,0,24991.0
2025-01-28T09:00,9,1,28,0,23761.0
2025-01-28T10:00,10,1,28,0,23236.0
2025-01-28T11:00,11,1,28,0,22518.0
2025-01-28T12:00,12,1,28,0,22555.0
2025-01-28T13:00,13,1,28,0,22294.0
2025-01-28T14:00,14,1,28,0,22491.0
2025-01-28T15:00,15,1,28,0,24418.0
2025-01-28T16:00,16,1,28,0,26778.0
2025-01-28T17:00,17,1,28,0,28266.0
2025-01-28T18:00,18,1,28,0,27886.0
2025-01-28T19:00,19,1,28,0,26420.0
2025-01-28T20:00,20,1,28,0,24827.0
2025-01-28T21:00,21,1,28,0,23552.0
2025-01-28T22:00,22,1,28,0,22683.0
2025-01-28T23:00,23,1,28,0,22568.0
2025-01-29T00:00,0,2,29,0,22713.0
2025-01-29T01:00,1,2,29,0,22843.0
2025-01-29T02:00,2,2,29,0,24686.0
2025-01-29T03:00,3,2,29,0,27664.0
2025-01-29T04:00,4,2,29,0,28140.0
2025-01-29T05:00,5,2,29,0,27595.0
2025-01-29T06:00,6,2,29,0,26849.0
2025-01-29T07:00,7,2,29,0,26209.0
2025-01-29T08:00,8,2,29,0,24780.0
2025-01-29T09:00,9,2,29,0,23508.0
2025-01-29T10:00,10,2,29,0,23140.0
2025-01-29T11:00,11,2,29,0,22520.0
2025-01-29T12:00,12,2,29,0,22276.0
2025-01-29T13:00,13,2,29,0,21880.0
2025-01-29T14:00,14,2,29,0,22113.0
2025-01-29T15:00,15,2,29,0,23460.0
2025-01-29T16:00,16,2,29,0,25850.0
2025-01-29T17:00,17,2,29,0,27495.0
2025-01-29T18:00,18,2,29,0,27401.0
2025-01-29T19:00,19,2,29,0,26101.0
2025-01-29T20:00,20,2,29,0,25846.0
2025-01-29T21:00,21,2,29,0,25036.0
2025-01-29T22:00,22,2,29,0,24969.0
2025-01-29T23:00,23,2,29,0,23347.0
2025-01-30T00:00,0,3,30,0,23232.0
2025-01-30T01:00,1,3,30,0,22817.0
2025-01-30T02:00,2,3,30,0,23860.0
2025-01-30T03:00,3,3,30,0,26922.0
2025-01-30T04:00,4,3,30,0,27530.0
2025-01-30T05:00,5,3,30,0,27239.0
2025-01-30T06:00,6,3,30,0,26788.0
2025-01-30T07:00,7,3,30,0,26333.0
2025-01-30T08:00,8,3,30,0,25039.0
2025-01-30T09:00,9,3,30,0,23615.0
2025-01-30T10:00,10,3,30,0,23006.0
2025-01-30T11:00,11,3,30,0,22412.0
2025-01-30T12:00,12,3,30,0,22102.0
2025-01-30T13:00,13,3,30,0,21744.0
2025-01-30T14:00,14,3,30,0,21951.0
2025-01-30T15:00,15,3,30,0,23436.0
2025-01-30T16:00,16,3,30,0,25810.0
2025-01-30T17:00,17,3,30,0,27259.0
2025-01-30T18:00,18,3,30,0,27828.0
2025-01-30T19:00,19,3,30,0,27272.0
2025-01-30T20:00,20,3,30,0,26615.0
2025-01-30T21:00,21,3,30,0,26503.0
2025-01-30T22:00,22,3,30,0,25989.0
2025-01-30T23:00,23,3,30,0,25194.0
2025-01-31T00:00,0,4,31,0,24026.0
2025-01-31T01:00,1,4,31,0,23624.0
2025-01-31T02:00,2,4,31,0,24560.0
2025-01-31T03:00,3,4,31,0,27143.0
2025-01-31T04:00,4,4,31,0,28254.0
2025-01-31T05:00,5,4,31,0,27935.0
2025-01-31T06:00,6,4,31,0,27519.0
2025-01-31T07:00,7,4,31,0,26954.0
2025-01-31T08:00,8,4,31,0,25697.0
2025-01-31T09:00,9,4,31,0,24183.0
2025-01-31T10:00,10,4,31,0,23615.0
2025-01-31T11:00,11,4,31,0,22651.0
2025-01-31T12:00,12,4,31,0,22160.0
2025-01-31T13:00,13,4,31,0,22061.0
2025-01-31T14:00,14,4,31,0,22296.0
2025-01-31T15:00,15,4,31,0,23662.0
2025-01-31T16:00,16,4,31,0,26116.0
2025-01-31T17:00,17,4,31,0,27387.0
2025-01-31T18:00,18,4,31,0,28661.0
2025-01-31T19:00,19,4,31,0,28863.0
2025-01-31T20:00,20,4,31,0,27870.0
2025-01-31T21:00,21,4,31,0,27018.0
2025-01-31T22:00,22,4,31,0,26924.0
2025-01-31T23:00,23,4,31,0,26557.0
2025-02-01T00:00,0,5,32,0,26105.0
2025-02-01T01:00,1,5,32,0,25263.0
2025-02-01T02:00,2,5,32,0,25429.0
2025-02-01T03:00,3,5,32,0,27292.0
2025-02-01T04:00,4,5,32,0,27452.0
2025-02-01T05:00,5,5,32,0,26882.0
2025-02-01T06:00,6,5,32,0,26848.0
2025-02-01T07:00,7,5,32,0,26372.0
2025-02-01T08:00,8,5,32,0,25011.0
2025-02-01T09:00,9,5,32,0,23689.0
2025-02-01T10:00,10,5,32,0,23071.0
2025-02-01T11:00,11,5,32,0,22190.0
2025-02-01T12:00,12,5,32,0,21310.0
2025-02-01T13:00,13,5,32,0,20856.0
2025-02-01T14:00,14,5,32,0,20701.0
2025-02-01T15:00,15,5,32,0,21154.0
2025-02-01T16:00,16,5,32,0,22292.0
2025-02-01T17:00,17,5,32,0,23064.0
2025-02-01T18:00,18,5,32,0,23258.0
2025-02-01T19:00,19,5,32,0,23830.0
2025-02-01T20:00,20,5,32,0,23862.0
2025-02-01T21:00,21,5,32,0,23888.0
2025-02-01T22:00,22,5,32,0,23907.0
2025-02-01T23:00,23,5,32,0,23732.0
2025-02-02T00:00,0,6,33,0,23328.0
2025-02-02T01:00,1,6,33,0,22287.0
2025-02-02T02:00,2,6,33,0,22722.0
2025-02-02T03:00,3,6,33,0,24532.0
2025-02-02T04:00,4,6,33,0,24963.0
2025-02-02T05:00,5,6,33,0,24495.0
2025-02-02T06:00,6,6,33,0,23984.0
2025-02-02T07:00,7,6,33,0,23531.0
2025-02-02T08:00,8,6,33,0,22932.0
2025-02-02T09:00,9,6,33,0,21860.0
2025-02-02T10:00,10,6,33,0,21472.0
2025-02-02T11:00,11,6,33,0,21074.0
2025-02-02T12:00,12,6,33,0,20550.0
2025-02-02T13:00,13,6,33,0,19787.0
2025-02-02T14:00,14,6,33,0,19366.0
2025-02-02T15:00,15,6,33,0,19703.0
2025-02-02T16:00,16,6,33,0,20366.0
2025-02-02T17:00,17,6,33,0,21206.0
2025-02-02T18:00,18,6,33,0,22921.0
2025-02-02T19:00,19,6,33,0,23597.0
2025-02-02T20:00,20,6,33,0,23325.0
2025-02-02T21:00,21,6,33,0,22918.0
2025-02-02T22:00,22,6,33,0,21916.0
2025-02-02T23:00,23,6,33,0,20983.0
2025-02-03T00:00,0,0,34,0,20306.0
2025-02-03T01:00,1,0,34,0,20374.0
2025-02-03T02:00,2,0,34,0,21818.0
2025-02-03T03:00,3,0,34,0,24322.0
2025-02-03T04:00,4,0,34,0,25019.0
2025-02-03T05:00,5,0,34,0,24604.0
2025-02-03T06:00,6,0,34,0,24174.0
2025-02-03T07:00,7,0,34,0,23468.0
2025-02-03T08:00,8,0,34,0,22805.0
2025-02-03T09:00,9,0,34,0,21544.0
2025-02-03T10:00,10,0,34,0,20980.0
2025-02-03T11:00,11,0,34,0,20071.0
2025-02-03T12:00,12,0,34,0,19958.0
2025-02-03T13:00,13,0,34,0,20140.0
2025-02-03T14:00,14,0,34,0,20087.0
2025-02-03T15:00,15,0,34,0,21429.0
2025-02-03T16:00,16,0,34,0,23703.0
2025-02-03T17:00,17,0,34,0,25203.0
2025-02-03T18:00,18,0,34,0,26144.0
2025-02-03T19:00,19,0,34,0,25454.0
2025-02-03T20:00,20,0,34,0,25646.0
2025-02-03T21:00,21,0,34,0,25247.0
2025-02-03T22:00,22,0,34,0,24889.0
2025-02-03T23:00,23,0,34,0,24943.0
2025-02-04T00:00,0,1,35,0,24667.0
2025-02-04T01:00,1,1,35,0,24591.0
2025-02-04T02:00,2,1,35,0,24340.0
2025-02-04T03:00,3,1,35,0,26252.0
2025-02-04T04:00,4,1,35,0,27312.0
2025-02-04T05:00,5,1,35,0,26841.0
2025-02-04T06:00,6,1,35,0,26097.0
2025-02-04T07:00,7,1,35,0,25478.0
2025-02-04T08:00,8,1,35,0,24309.0
2025-02-04T09:00,9,1,35,0,22878.0
2025-02-04T10:00,10,1,35,0,21748.0
2025-02-04T11:00,11,1,35,0,21492.0
2025-02-04T12:00,12,1,35,0,21373.0
2025-02-04T13:00,13,1,35,0,21056.0
2025-02-04T14:00,14,1,35,0,20782.0
2025-02-04T15:00,15,1,35,0,21913.0
2025-02-04T16:00,16,1,35,0,24038.0
2025-02-04T17:00,17,1,35,0,25832.0
2025-02-04T18:00,18,1,35,0,27640.0
2025-02-04T19:00,19,1,35,0,27616.0
2025-02-04T20:00,20,1,35,0,27544.0
2025-02-04T21:00,21,1,35,0,27454.0
2025-02-04T22:00,22,1,35,0,26920.0
2025-02-04T23:00,23,1,35,0,26449.0
2025-02-05T00:00,0,2,36,0,26489.0
2025-02-05T01:00,1,2,36,0,25455.0
2025-02-05T02:00,2,2,36,0,25307.0
2025-02-05T03:00,3,2,36,0,27063.0
2025-02-05T04:00,4,2,36,0,27455.0
2025-02-05T05:00,5,2,36,0,26891.0
2025-02-05T06:00,6,2,36,0,26410.0
2025-02-05T07:00,7,2,36,0,25643.0
2025-02-05T08:00,8,2,36,0,24349.0
2025-02-05T09:00,9,2,36,0,22734.0
2025-02-05T10:00,10,2,36,0,22168.0
2025-02-05T11:00,11,2,36,0,21535.0
2025-02-05T12:00,12,2,36,0,21289.0
2025-02-05T13:00,13,2,36,0,21077.0
2025-02-05T14:00,14,2,36,0,21303.0
2025-02-05T15:00,15,2,36,0,22872.0
2025-02-05T16:00,16,2,36,0,25454.0
2025-02-05T17:00,17,2,36,0,26981.0
2025-02-05T18:00,18,2,36,0,27566.0
2025-02-05T19:00,19,2,36,0,26752.0
2025-02-05T20:00,20,2,36,0,25368.0
2025-02-05T21:00,21,2,36,0,24851.0
2025-02-05T22:00,22,2,36,0,24448.0
2025-02-05T23:00,23,2,36,0,23875.0
2025-02-06T00:00,0,3,37,0,23497.0
2025-02-06T01:00,1,3,37,0,22771.0
2025-02-06T02:00,2,3,37,0,23760.0
2025-02-06T03:00,3,3,37,0,26216.0
2025-02-06T04:00,4,3,37,0,27166.0
2025-02-06T05:00,5,3,37,0,26812.0
2025-02-06T06:00,6,3,37,0,26091.0
2025-02-06T07:00,7,3,37,0,25462.0
2025-02-06T08:00,8,3,37,0,24525.0
2025-02-06T09:00,9,3,37,0,23097.0
2025-02-06T10:00,10,3,37,0,22246.0
2025-02-06T11:00,11,3,37,0,21629.0
2025-02-06T12:00,12,3,37,0,21546.0
2025-02-06T13:00,13,3,37,0,21389.0
2025-02-06T14:00,14,3,37,0,21370.0
2025-02-06T15:00,15,3,37,0,22778.0
2025-02-06T16:00,16,3,37,0,24680.0
2025-02-06T17:00,17,3,37,0,26304.0
2025-02-06T18:00,18,3,37,0,27947.0
2025-02-06T19:00,19,3,37,0,28318.0
2025-02-06T20:00,20,3,37,0,28399.0
2025-02-06T21:00,21,3,37,0,28858.0
2025-02-06T22:00,22,3,37,0,28602.0
2025-02-06T23:00,23,3,37,0,27993.0
2025-02-07T00:00,0,4,38,0,27999.0
2025-02-07T01:00,1,4,38,0,27231.0
2025-02-07T02:00,2,4,38,0,26564.0
2025-02-07T03:00,3,4,38,0,27195.0
2025-02-07T04:00,4,4,38,0,27453.0
2025-02-07T05:00,5,4,38,0,26671.0
2025-02-07T06:00,6,4,38,0,26012.0
2025-02-07T07:00,7,4,38,0,25384.0
2025-02-07T08:00,8,4,38,0,24493.0
2025-02-07T09:00,9,4,38,0,23059.0
2025-02-07T10:00,10,4,38,0,22486.0
2025-02-07T11:00,11,4,38,0,21720.0
2025-02-07T12:00,12,4,38,0,21405.0
2025-02-07T13:00,13,4,38,0,20842.0
2025-02-07T14:00,14,4,38,0,20785.0
2025-02-07T15:00,15,4,38,0,22002.0
2025-02-07T16:00,16,4,38,0,24138.0
2025-02-07T17:00,17,4,38,0,25626.0
2025-02-07T18:00,18,4,38,0,26780.0
2025-02-07T19:00,19,4,38,0,26409.0
2025-02-07T20:00,20,4,38,0,26076.0
2025-02-07T21:00,21,4,38,0,26075.0
2025-02-07T22:00,22,4,38,0,25706.0
2025-02-07T23:00,23,4,38,0,24542.0
2025-02-08T00:00,0,5,39,0,24378.0
2025-02-08T01:00,1,5,39,0,23780.0
2025-02-08T02:00,2,5,39,0,23294.0
2025-02-08T03:00,3,5,39,0,25243.0
2025-02-08T04:00,4,5,39,0,26112.0
2025-02-08T05:00,5,5,39,0,26031.0
2025-02-08T06:00,6,5,39,0,25423.0
2025-02-08T07:00,7,5,39,0,24969.0
2025-02-08T08:00,8,5,39,0,24207.0
2025-02-08T09:00,9,5,39,0,22899.0
2025-02-08T10:00,10,5,39,0,22471.0
2025-02-08T11:00,11,5,39,0,21721.0
2025-02-08T12:00,12,5,39,0,21096.0
2025-02-08T13:00,13,5,39,0,20628.0
2025-02-08T14:00,14,5,39,0,20572.0
2025-02-08T15:00,15,5,39,0,21199.0
2025-02-08T16:00,16,5,39,0,22503.0
2025-02-08T17:00,17,5,39,0,23358.0
2025-02-08T18:00,18,5,39,0,24830.0
2025-02-08T19:00,19,5,39,0,24097.0
2025-02-08T20:00,20,5,39,0,22665.0
2025-02-08T21:00,21,5,39,0,21181.0
2025-02-08T22:00,22,5,39,0,20118.0
2025-02-08T23:00,23,5,39,0,19656.0
2025-02-09T00:00,0,6,40,0,18872.0
2025-02-09T01:00,1,6,40,0,19550.0
2025-02-09T02:00,2,6,40,0,21249.0
2025-02-09T03:00,3,6,40,0,24009.0
2025-02-09T04:00,4,6,40,0,25141.0
2025-02-09T05:00,5,6,40,0,24880.0
2025-02-09T06:00,6,6,40,0,24464.0
2025-02-09T07:00,7,6,40,0,24009.0
2025-02-09T08:00,8,6,40,0,23180.0
2025-02-09T09:00,9,6,40,0,22042.0
2025-02-09T10:00,10,6,40,0,21537.0
2025-02-09T11:00,11,6,40,0,20931.0
2025-02-09T12:00,12,6,40,0,20617.0
2025-02-09T13:00,13,6,40,0,20497.0
2025-02-09T14:00,14,6,40,0,20385.0
2025-02-09T15:00,15,6,40,0,21121.0
2025-02-09T16:00,16,6,40,0,22099.0
2025-02-09T17:00,17,6,40,0,22164.0
2025-02-09T18:00,18,6,40,0,22271.0
2025-02-09T19:00,19,6,40,0,21958.0
2025-02-09T20:00,20,6,40,0,20066.0
2025-02-09T21:00,21,6,40,0,19421.0
2025-02-09T22:00,22,6,40,0,19659.0
2025-02-09T23:00,23,6,40,0,19524.0
2025-02-10T00:00,0,0,41,0,19330.0
2025-02-10T01:00,1,0,41,0,19628.0
2025-02-10T02:00,2,0,41,0,20902.0
2025-02-10T03:00,3,0,41,0,23291.0
2025-02-10T04:00,4,0,41,0,24075.0
2025-02-10T05:00,5,0,41,0,23980.0
2025-02-10T06:00,6,0,41,0,24069.0
2025-02-10T07:00,7,0,41,0,23708.0
2025-02-10T08:00,8,0,41,0,22841.0
2025-02-10T09:00,9,0,41,0,22058.0
2025-02-10T10:00,10,0,41,0,21834.0
2025-02-10T11:00,11,0,41,0,21205.0
2025-02-10T12:00,12,0,41,0,21095.0
2025-02-10T13:00,13,0,41,0,21005.0
2025-02-10T14:00,14,0,41,0,21096.0
2025-02-10T15:00,15,0,41,0,22382.0
2025-02-10T16:00,16,0,41,0,24600.0
2025-02-10T17:00,17,0,41,0,25841.0
2025-02-10T18:00,18,0,41,0,25790.0
2025-02-10T19:00,19,0,41,0,24876.0
2025-02-10T20:00,20,0,41,0,23928.0
2025-02-10T21:00,21,0,41,0,23525.0
2025-02-10T22:00,22,0,41,0,23052.0
2025-02-10T23:00,23,0,41,0,22694.0
2025-02-11T00:00,0,1,42,0,23191.0
2025-02-11T01:00,1,1,42,0,22465.0
2025-02-11T02:00,2,1,42,0,22735.0
2025-02-11T03:00,3,1,42,0,25683.0
2025-02-11T04:00,4,1,42,0,26994.0
2025-02-11T05:00,5,1,42,0,26800.0
2025-02-11T06:00,6,1,42,0,26688.0
2025-02-11T07:00,7,1,42,0,26127.0
2025-02-11T08:00,8,1,42,0,24887.0
2025-02-11T09:00,9,1,42,0,23689.0
2025-02-11T10:00,10,1,42,0,22848.0
2025-02-11T11:00,11,1,42,0,22062.0
2025-02-11T12:00,12,1,42,0,21521.0
2025-02-11T13:00,13,1,42,0,21525.0
2025-02-11T14:00,14,1,42,0,21845.0
2025-02-11T15:00,15,1,42,0,23317.0
2025-02-11T16:00,16,1,42,0,26039.0
2025-02-11T17:00,17,1,42,0,27284.0
2025-02-11T18:00,18,1,42,0,27079.0
2025-02-11T19:00,19,1,42,0,26025.0
2025-02-11T20:00,20,1,42,0,25573.0
2025-02-11T21:00,21,1,42,0,25168.0
2025-02-11T22:00,22,1,42,0,25123.0
2025-02-11T23:00,23,1,42,0,25624.0
2025-02-12T00:00,0,2,43,0,25743.0
2025-02-12T01:00,1,2,43,0,25106.0
2025-02-12T02:00,2,2,43,0,24877.0
2025-02-12T03:00,3,2,43,0,27233.0
2025-02-12T04:00,4,2,43,0,28286.0
2025-02-12T05:00,5,2,43,0,27968.0
2025-02-12T06:00,6,2,43,0,27389.0
2025-02-12T07:00,7,2,43,0,26570.0
2025-02-12T08:00,8,2,43,0,25062.0
2025-02-12T09:00,9,2,43,0,23418.0
2025-02-12T10:00,10,2,43,0,23531.0
2025-02-12T11:00,11,2,43,0,23785.0
2025-02-12T12:00,12,2,43,0,23348.0
2025-02-12T13:00,13,2,43,0,23213.0
2025-02-12T14:00,14,2,43,0,22821.0
2025-02-12T15:00,15,2,43,0,23672.0
2025-02-12T16:00,16,2,43,0,25912.0
2025-02-12T17:00,17,2,43,0,27079.0
2025-02-12T18:00,18,2,43,0,28138.0
2025-02-12T19:00,19,2,43,0,28113.0
2025-02-12T20:00,20,2,43,0,27923.0
2025-02-12T21:00,21,2,43,0,27434.0
2025-02-12T22:00,22,2,43,0,27492.0
2025-02-12T23:00,23,2,43,0,27192.0
2025-02-13T00:00,0,3,44,0,26060.0
2025-02-13T01:00,1,3,44,0,25863.0
2025-02-13T02:00,2,3,44,0,26239.0
2025-02-13T03:00,3,3,44,0,27984.0
2025-02-13T04:00,4,3,44,0,28538.0
2025-02-13T05:00,5,3,44,0,28071.0
2025-02-13T06:00,6,3,44,0,27196.0
2025-02-13T07:00,7,3,44,0,26268.0
2025-02-13T08:00,8,3,44,0,24953.0
2025-02-13T09:00,9,3,44,0,24344.0
2025-02-13T10:00,10,3,44,0,24009.0
2025-02-13T11:00,11,3,44,0,23591.0
2025-02-13T12:00,12,3,44,0,23156.0
2025-02-13T13:00,13,3,44,0,22589.0
2025-02-13T14:00,14,3,44,0,23127.0
2025-02-13T15:00,15,3,44,0,23288.0
2025-02-13T16:00,16,3,44,0,24916.0
2025-02-13T17:00,17,3,44,0,26340.0
2025-02-13T18:00,18,3,44,0,27360.0
2025-02-13T19:00,19,3,44,0,27588.0
2025-02-13T20:00,20,3,44,0,27337.0
2025-02-13T21:00,21,3,44,0,27992.0
2025-02-13T22:00,22,3,44,0,28002.0
2025-02-13T23:00,23,3,44,0,28370.0
2025-02-14T00:00,0,4,45,0,27066.0
2025-02-14T01:00,1,4,45,0,26540.0
2025-02-14T02:00,2,4,45,0,27018.0
2025-02-14T03:00,3,4,45,0,27938.0
2025-02-14T04:00,4,4,45,0,28029.0
2025-02-14T05:00,5,4,45,0,27499.0
2025-02-14T06:00,6,4,45,0,26695.0
2025-02-14T07:00,7,4,45,0,26164.0
2025-02-14T08:00,8,4,45,0,25223.0
2025-02-14T09:00,9,4,45,0,23757.0
2025-02-14T10:00,10,4,45,0,23374.0
2025-02-14T11:00,11,4,45,0,22074.0
2025-02-14T12:00,12,4,45,0,21530.0
2025-02-14T13:00,13,4,45,0,21232.0
2025-02-14T14:00,14,4,45,0,21132.0
2025-02-14T15:00,15,4,45,0,22227.0
2025-02-14T16:00,16,4,45,0,24144.0
2025-02-14T17:00,17,4,45,0,25397.0
2025-02-14T18:00,18,4,45,0,26160.0
2025-02-14T19:00,19,4,45,0,26183.0
2025-02-14T20:00,20,4,45,0,25740.0
2025-02-14T21:00,21,4,45,0,24738.0
2025-02-14T22:00,22,4,45,0,24289.0
2025-02-14T23:00,23,4,45,0,23412.0
2025-02-15T00:00,0,5,46,0,22418.0
2025-02-15T01:00,1,5,46,0,21821.0
2025-02-15T02:00,2,5,46,0,22500.0
2025-02-15T03:00,3,5,46,0,25315.0
2025-02-15T04:00,4,5,46,0,26374.0
2025-02-15T05:00,5,5,46,0,26292.0
2025-02-15T06:00,6,5,46,0,25840.0
2025-02-15T07:00,7,5,46,0,25300.0
2025-02-15T08:00,8,5,46,0,24525.0
2025-02-15T09:00,9,5,46,0,23173.0
2025-02-15T10:00,10,5,46,0,22480.0
2025-02-15T11:00,11,5,46,0,21610.0
2025-02-15T12:00,12,5,46,0,21109.0
2025-02-15T13:00,13,5,46,0,20997.0
2025-02-15T14:00,14,5,46,0,20809.0
2025-02-15T15:00,15,5,46,0,21567.0
2025-02-15T16:00,16,5,46,0,22490.0
2025-02-15T17:00,17,5,46,0,22681.0
2025-02-15T18:00,18,5,46,0,23268.0
2025-02-15T19:00,19,5,46,0,23287.0
2025-02-15T20:00,20,5,46,0,21478.0
2025-02-15T21:00,21,5,46,0,20612.0
2025-02-15T22:00,22,5,46,0,19975.0
2025-02-15T23:00,23,5,46,0,19282.0
2025-02-16T00:00,0,6,47,0,19278.0
2025-02-16T01:00,1,6,47,0,19408.0
2025-02-16T02:00,2,6,47,0,20998.0
2025-02-16T03:00,3,6,47,0,23587.0
2025-02-16T04:00,4,6,47,0,24855.0
2025-02-16T05:00,5,6,47,0,24645.0
2025-02-16T06:00,6,6,47,0,24133.0
2025-02-16T07:00,7,6,47,0,23604.0
2025-02-16T08:00,8,6,47,0,22655.0
2025-02-16T09:00,9,6,47,0,21712.0
2025-02-16T10:00,10,6,47,0,21407.0
2025-02-16T11:00,11,6,47,0,20865.0
2025-02-16T12:00,12,6,47,0,20648.0
2025-02-16T13:00,13,6,47,0,20437.0
2025-02-16T14:00,14,6,47,0,20260.0
2025-02-16T15:00,15,6,47,0,20545.0
2025-02-16T16:00,16,6,47,0,21154.0
2025-02-16T17:00,17,6,47,0,21293.0
2025-02-16T18:00,18,6,47,0,21362.0
2025-02-16T19:00,19,6,47,0,21038.0
2025-02-16T20:00,20,6,47,0,20952.0
2025-02-16T21:00,21,6,47,0,20450.0
2025-02-16T22:00,22,6,47,0,19531.0
2025-02-16T23:00,23,6,47,0,20413.0
2025-02-17T00:00,0,0,48,1,20609.0
2025-02-17T01:00,1,0,48,1,20572.0
2025-02-17T02:00,2,0,48,1,20793.0
2025-02-17T03:00,3,0,48,1,22924.0
2025-02-17T04:00,4,0,48,1,24132.0
2025-02-17T05:00,5,0,48,1,23879.0
2025-02-17T06:00,6,0,48,1,23362.0
2025-02-17T07:00,7,0,48,1,23060.0
2025-02-17T08:00,8,0,48,1,22442.0
2025-02-17T09:00,9,0,48,1,21335.0
2025-02-17T10:00,10,0,48,1,20850.0
2025-02-17T11:00,11,0,48,1,20374.0
2025-02-17T12:00,12,0,48,1,20096.0
2025-02-17T13:00,13,0,48,1,19646.0
2025-02-17T14:00,14,0,48,1,19805.0
2025-02-17T15:00,15,0,48,1,21085.0
2025-02-17T16:00,16,0,48,1,22395.0
2025-02-17T17:00,17,0,48,1,23271.0
2025-02-17T18:00,18,0,48,1,23756.0
2025-02-17T19:00,19,0,48,1,23782.0
2025-02-17T20:00,20,0,48,1,23390.0
2025-02-17T21:00,21,0,48,1,22777.0
2025-02-17T22:00,22,0,48,1,22635.0
2025-02-17T23:00,23,0,48,1,21619.0
2025-02-18T00:00,0,1,49,0,21739.0
2025-02-18T01:00,1,1,49,0,21367.0
2025-02-18T02:00,2,1,49,0,22080.0
2025-02-18T03:00,3,1,49,0,24751.0
2025-02-18T04:00,4,1,49,0,26191.0
2025-02-18T05:00,5,1,49,0,25908.0
2025-02-18T06:00,6,1,49,0,25487.0
2025-02-18T07:00,7,1,49,0,24858.0
2025-02-18T08:00,8,1,49,0,23433.0
2025-02-18T09:00,9,1,49,0,22165.0
2025-02-18T10:00,10,1,49,0,21734.0
2025-02-18T11:00,11,1,49,0,21099.0
2025-02-18T12:00,12,1,49,0,20867.0
2025-02-18T13:00,13,1,49,0,20391.0
2025-02-18T14:00,14,1,49,0,20696.0
2025-02-18T15:00,15,1,49,0,21933.0
2025-02-18T16:00,16,1,49,0,23673.0
2025-02-18T17:00,17,1,49,0,24933.0
2025-02-18T18:00,18,1,49,0,25299.0
2025-02-18T19:00,19,1,49,0,24805.0
2025-02-18T20:00,20,1,49,0,23414.0
2025-02-18T21:00,21,1,49,0,22624.0
2025-02-18T22:00,22,1,49,0,22066.0
2025-02-18T23:00,23,1,49,0,21773.0
2025-02-19T00:00,0,2,50,0,21552.0
2025-02-19T01:00,1,2,50,0,21782.0
2025-02-19T02:00,2,2,50,0,22467.0
2025-02-19T03:00,3,2,50,0,24896.0
2025-02-19T04:00,4,2,50,0,26181.0
2025-02-19T05:00,5,2,50,0,25799.0
2025-02-19T06:00,6,2,50,0,25292.0
2025-02-19T07:00,7,2,50,0,24770.0
2025-02-19T08:00,8,2,50,0,23400.0
2025-02-19T09:00,9,2,50,0,22279.0
2025-02-19T10:00,10,2,50,0,21722.0
2025-02-19T11:00,11,2,50,0,20877.0
2025-02-19T12:00,12,2,50,0,20378.0
2025-02-19T13:00,13,2,50,0,20133.0
2025-02-19T14:00,14,2,50,0,20523.0
2025-02-19T15:00,15,2,50,0,22011.0
2025-02-19T16:00,16,2,50,0,23958.0
2025-02-19T17:00,17,2,50,0,24957.0
2025-02-19T18:00,18,2,50,0,24575.0
2025-02-19T19:00,19,2,50,0,24910.0
2025-02-19T20:00,20,2,50,0,24369.0
2025-02-19T21:00,21,2,50,0,24586.0
2025-02-19T22:00,22,2,50,0,24164.0
2025-02-19T23:00,23,2,50,0,23458.0
2025-02-20T00:00,0,3,51,0,22894.0
2025-02-20T01:00,1,3,51,0,22623.0
2025-02-20T02:00,2,3,51,0,22975.0
2025-02-20T03:00,3,3,51,0,24938.0
2025-02-20T04:00,4,3,51,0,26177.0
2025-02-20T05:00,5,3,51,0,25752.0
2025-02-20T06:00,6,3,51,0,25051.0
2025-02-20T07:00,7,3,51,0,24274.0
2025-02-20T08:00,8,3,51,0,23372.0
2025-02-20T09:00,9,3,51,0,22308.0
2025-02-20T10:00,10,3,51,0,21365.0
2025-02-20T11:00,11,3,51,0,20922.0
2025-02-20T12:00,12,3,51,0,20691.0
2025-02-20T13:00,13,3,51,0,20165.0
2025-02-20T14:00,14,3,51,0,20359.0
2025-02-20T15:00,15,3,51,0,21852.0
2025-02-20T16:00,16,3,51,0,23878.0
2025-02-20T17:00,17,3,51,0,25351.0
2025-02-20T18:00,18,3,51,0,25108.0
2025-02-20T19:00,19,3,51,0,24630.0
2025-02-20T20:00,20,3,51,0,24133.0
2025-02-20T21:00,21,3,51,0,23066.0
2025-02-20T22:00,22,3,51,0,22488.0
2025-02-20T23:00,23,3,51,0,22418.0
2025-02-21T00:00,0,4,52,0,21923.0
2025-02-21T01:00,1,4,52,0,21805.0
2025-02-21T02:00,2,4,52,0,22191.0
2025-02-21T03:00,3,4,52,0,24466.0
2025-02-21T04:00,4,4,52,0,25688.0
2025-02-21T05:00,5,4,52,0,25415.0
2025-02-21T06:00,6,4,52,0,24891.0
2025-02-21T07:00,7,4,52,0,24588.0
2025-02-21T08:00,8,4,52,0,23264.0
2025-02-21T09:00,9,4,52,0,22061.0
2025-02-21T10:00,10,4,52,0,21502.0
2025-02-21T11:00,11,4,52,0,20739.0
2025-02-21T12:00,12,4,52,0,20177.0
2025-02-21T13:00,13,4,52,0,19946.0
2025-02-21T14:00,14,4,52,0,19919.0
2025-02-21T15:00,15,4,52,0,21423.0
2025-02-21T16:00,16,4,52,0,23354.0
2025-02-21T17:00,17,4,52,0,24660.0
2025-02-21T18:00,18,4,52,0,25190.0
2025-02-21T19:00,19,4,52,0,24485.0
2025-02-21T20:00,20,4,52,0,23766.0
2025-02-21T21:00,21,4,52,0,22940.0
2025-02-21T22:00,22,4,52,0,22887.0
2025-02-21T23:00,23,4,52,0,21833.0
2025-02-22T00:00,0,5,53,0,21392.0
2025-02-22T01:00,1,5,53,0,21586.0
2025-02-22T02:00,2,5,53,0,22219.0
2025-02-22T03:00,3,5,53,0,24241.0
2025-02-22T04:00,4,5,53,0,25136.0
2025-02-22T05:00,5,5,53,0,24680.0
2025-02-22T06:00,6,5,53,0,24097.0
2025-02-22T07:00,7,5,53,0,23860.0
2025-02-22T08:00,8,5,53,0,22992.0
2025-02-22T09:00,9,5,53,0,22230.0
2025-02-22T10:00,10,5,53,0,21425.0
2025-02-22T11:00,11,5,53,0,20741.0
2025-02-22T12:00,12,5,53,0,20222.0
2025-02-22T13:00,13,5,53,0,19696.0
2025-02-22T14:00,14,5,53,0,19483.0
2025-02-22T15:00,15,5,53,0,20112.0
2025-02-22T16:00,16,5,53,0,20875.0
2025-02-22T17:00,17,5,53,0,21535.0
2025-02-22T18:00,18,5,53,0,22399.0
2025-02-22T19:00,19,5,53,0,20757.0
2025-02-22T20:00,20,5,53,0,20377.0
2025-02-22T21:00,21,5,53,0,19619.0
2025-02-22T22:00,22,5,53,0,18636.0
2025-02-22T23:00,23,5,53,0,18369.0
2025-02-23T00:00,0,6,54,0,18540.0
2025-02-23T01:00,1,6,54,0,18896.0
2025-02-23T02:00,2,6,54,0,20019.0
2025-02-23T03:00,3,6,54,0,22662.0
2025-02-23T04:00,4,6,54,0,24048.0
2025-02-23T05:00,5,6,54,0,23689.0
2025-02-23T06:00,6,6,54,0,23165.0
2025-02-23T07:00,7,6,54,0,22730.0
2025-02-23T08:00,8,6,54,0,21870.0
2025-02-23T09:00,9,6,54,0,20823.0
2025-02-23T10:00,10,6,54,0,20230.0
2025-02-23T11:00,11,6,54,0,19410.0
2025-02-23T12:00,12,6,54,0,18819.0
2025-02-23T13:00,13,6,54,0,18519.0
2025-02-23T14:00,14,6,54,0,18590.0
2025-02-23T15:00,15,6,54,0,19417.0
2025-02-23T16:00,16,6,54,0,20031.0
2025-02-23T17:00,17,6,54,0,20592.0
2025-02-23T18:00,18,6,54,0,21780.0
2025-02-23T19:00,19,6,54,0,22124.0
2025-02-23T20:00,20,6,54,0,20767.0
2025-02-23T21:00,21,6,54,0,19948.0
2025-02-23T22:00,22,6,54,0,19097.0
2025-02-23T23:00,23,6,54,0,18030.0
2025-02-24T00:00,0,0,55,0,18352.0
2025-02-24T01:00,1,0,55,0,18251.0
2025-02-24T02:00,2,0,55,0,19926.0
2025-02-24T03:00,3,0,55,0,22837.0
2025-02-24T04:00,4,0,55,0,24596.0
2025-02-24T05:00,5,0,55,0,24274.0
2025-02-24T06:00,6,0,55,0,23507.0
2025-02-24T07:00,7,0,55,0,22905.0
2025-02-24T08:00,8,0,55,0,21826.0
2025-02-24T09:00,9,0,55,0,20495.0
2025-02-24T10:00,10,0,55,0,19848.0
2025-02-24T11:00,11,0,55,0,19130.0
2025-02-24T12:00,12,0,55,0,19069.0
2025-02-24T13:00,13,0,55,0,18962.0
2025-02-24T14:00,14,0,55,0,19245.0
2025-02-24T15:00,15,0,55,0,20691.0
2025-02-24T16:00,16,0,55,0,22615.0
2025-02-24T17:00,17,0,55,0,24199.0
2025-02-24T18:00,18,0,55,0,24720.0
2025-02-24T19:00,19,0,55,0,25158.0
2025-02-24T20:00,20,0,55,0,24286.0
2025-02-24T21:00,21,0,55,0,24401.0
2025-02-24T22:00,22,0,55,0,23225.0
2025-02-24T23:00,23,0,55,0,22815.0
2025-02-25T00:00,0,1,56,0,23239.0
2025-02-25T01:00,1,1,56,0,22803.0
2025-02-25T02:00,2,1,56,0,23901.0
2025-02-25T03:00,3,1,56,0,25312.0
2025-02-25T04:00,4,1,56,0,26229.0
2025-02-25T05:00,5,1,56,0,25848.0
2025-02-25T06:00,6,1,56,0,25125.0
2025-02-25T07:00,7,1,56,0,24597.0
2025-02-25T08:00,8,1,56,0,23182.0
2025-02-25T09:00,9,1,56,0,21856.0
2025-02-25T10:00,10,1,56,0,21159.0
2025-02-25T11:00,11,1,56,0,20396.0
2025-02-25T12:00,12,1,56,0,19977.0
2025-02-25T13:00,13,1,56,0,19795.0
2025-02-25T14:00,14,1,56,0,20195.0
2025-02-25T15:00,15,1,56,0,21599.0
2025-02-25T16:00,16,1,56,0,23476.0
2025-02-25T17:00,17,1,56,0,24898.0
2025-02-25T18:00,18,1,56,0,25224.0
2025-02-25T19:00,19,1,56,0,24342.0
2025-02-25T20:00,20,1,56,0,23914.0
2025-02-25T21:00,21,1,56,0,23279.0
2025-02-25T22:00,22,1,56,0,23013.0
2025-02-25T23:00,23,1,56,0,22170.0
2025-02-26T00:00,0,2,57,0,22080.0
2025-02-26T01:00,1,2,57,0,22154.0
2025-02-26T02:00,2,2,57,0,22592.0
2025-02-26T03:00,3,2,57,0,24694.0
2025-02-26T04:00,4,2,57,0,25632.0
2025-02-26T05:00,5,2,57,0,25433.0
2025-02-26T06:00,6,2,57,0,24765.0
2025-02-26T07:00,7,2,57,0,24167.0
2025-02-26T08:00,8,2,57,0,22805.0
2025-02-26T09:00,9,2,57,0,21486.0
2025-02-26T10:00,10,2,57,0,21178.0
2025-02-26T11:00,11,2,57,0,20464.0
2025-02-26T12:00,12,2,57,0,20063.0
2025-02-26T13:00,13,2,57,0,19826.0
2025-02-26T14:00,14,2,57,0,20099.0
2025-02-26T15:00,15,2,57,0,21474.0
2025-02-26T16:00,16,2,57,0,23549.0
2025-02-26T17:00,17,2,57,0,24486.0
2025-02-26T18:00,18,2,57,0,24074.0
2025-02-26T19:00,19,2,57,0,23077.0
2025-02-26T20:00,20,2,57,0,22018.0
2025-02-26T21:00,21,2,57,0,21373.0
2025-02-26T22:00,22,2,57,0,21567.0
2025-02-26T23:00,23,2,57,0,21051.0
2025-02-27T00:00,0,3,58,0,21670.0
2025-02-27T01:00,1,3,58,0,22343.0
2025-02-27T02:00,2,3,58,0,22947.0
2025-02-27T03:00,3,3,58,0,25183.0
2025-02-27T04:00,4,3,58,0,26305.0
2025-02-27T05:00,5,3,58,0,25965.0
2025-02-27T06:00,6,3,58,0,25112.0
2025-02-27T07:00,7,3,58,0,24381.0
2025-02-27T08:00,8,3,58,0,22955.0
2025-02-27T09:00,9,3,58,0,21477.0
2025-02-27T10:00,10,3,58,0,20895.0
2025-02-27T11:00,11,3,58,0,20194.0
2025-02-27T12:00,12,3,58,0,19774.0
2025-02-27T13:00,13,3,58,0,19515.0
2025-02-27T14:00,14,3,58,0,19976.0
2025-02-27T15:00,15,3,58,0,21259.0
2025-02-27T16:00,16,3,58,0,23181.0
2025-02-27T17:00,17,3,58,0,24043.0
2025-02-27T18:00,18,3,58,0,24786.0
2025-02-27T19:00,19,3,58,0,24717.0
2025-02-27T20:00,20,3,58,0,24399.0
2025-02-27T21:00,21,3,58,0,24209.0
2025-02-27T22:00,22,3,58,0,23466.0
2025-02-27T23:00,23,3,58,0,22986.0
2025-02-28T00:00,0,4,59,0,22898.0
2025-02-28T01:00,1,4,59,0,23175.0
2025-02-28T02:00,2,4,59,0,23620.0
2025-02-28T03:00,3,4,59,0,25463.0
2025-02-28T04:00,4,4,59,0,26311.0
2025-02-28T05:00,5,4,59,0,25787.0
2025-02-28T06:00,6,4,59,0,24856.0
2025-02-28T07:00,7,4,59,0,24080.0
2025-02-28T08:00,8,4,59,0,22746.0
2025-02-28T09:00,9,4,59,0,21391.0
2025-02-28T10:00,10,4,59,0,20829.0
2025-02-28T11:00,11,4,59,0,20186.0
2025-02-28T12:00,12,4,59,0,19761.0
2025-02-28T13:00,13,4,59,0,19339.0
2025-02-28T14:00,14,4,59,0,19598.0
2025-02-28T15:00,15,4,59,0,20914.0
2025-02-28T16:00,16,4,59,0,22524.0
2025-02-28T17:00,17,4,59,0,23535.0
2025-02-28T18:00,18,4,59,0,23126.0
2025-02-28T19:00,19,4,59,0,22800.0
2025-02-28T20:00,20,4,59,0,21869.0
2025-02-28T21:00,21,4,59,0,22014.0
2025-02-28T22:00,22,4,59,0,22397.0
2025-02-28T23:00,23,4,59,0,22054.0
2025-03-01T00:00,0,5,60,0,22049.0
2025-03-01T01:00,1,5,60,0,22948.0
2025-03-01T02:00,2,5,60,0,22970.0
2025-03-01T03:00,3,5,60,0,24338.0
2025-03-01T04:00,4,5,60,0,24882.0
2025-03-01T05:00,5,5,60,0,24481.0
2025-03-01T06:00,6,5,60,0,23834.0
2025-03-01T07:00,7,5,60,0,23214.0
2025-03-01T08:00,8,5,60,0,22262.0
2025-03-01T09:00,9,5,60,0,21142.0
2025-03-01T10:00,10,5,60,0,20703.0
2025-03-01T11:00,11,5,60,0,19829.0
2025-03-01T12:00,12,5,60,0,19264.0
2025-03-01T13:00,13,5,60,0,18830.0
2025-03-01T14:00,14,5,60,0,18878.0
2025-03-01T15:00,15,5,60,0,19381.0
2025-03-01T16:00,16,5,60,0,20004.0
2025-03-01T17:00,17,5,60,0,20295.0
2025-03-01T18:00,18,5,60,0,20453.0
2025-03-01T19:00,19,5,60,0,20576.0
2025-03-01T20:00,20,5,60,0,21036.0
2025-03-01T21:00,21,5,60,0,21550.0
2025-03-01T22:00,22,5,60,0,21020.0
2025-03-01T23:00,23,5,60,0,21049.0
2025-03-02T00:00,0,6,61,0,21029.0
2025-03-02T01:00,1,6,61,0,21145.0
2025-03-02T02:00,2,6,61,0,20828.0
2025-03-02T03:00,3,6,61,0,22349.0
2025-03-02T04:00,4,6,61,0,23728.0
2025-03-02T05:00,5,6,61,0,23459.0
2025-03-02T06:00,6,6,61,0,22982.0
2025-03-02T07:00,7,6,61,0,22401.0
2025-03-02T08:00,8,6,61,0,21533.0
2025-03-02T09:00,9,6,61,0,20623.0
2025-03-02T10:00,10,6,61,0,20360.0
2025-03-02T11:00,11,6,61,0,19490.0
2025-03-02T12:00,12,6,61,0,19130.0
2025-03-02T13:00,13,6,61,0,18747.0
2025-03-02T14:00,14,6,61,0,18694.0
2025-03-02T15:00,15,6,61,0,18987.0
2025-03-02T16:00,16,6,61,0,19459.0
2025-03-02T17:00,17,6,61,0,20511.0
2025-03-02T18:00,18,6,61,0,22362.0
2025-03-02T19:00,19,6,61,0,22542.0
2025-03-02T20:00,20,6,61,0,22413.0
2025-03-02T21:00,21,6,61,0,21886.0
2025-03-02T22:00,22,6,61,0,20816.0
2025-03-02T23:00,23,6,61,0,20641.0
2025-03-03T00:00,0,0,62,0,19191.0
2025-03-03T01:00,1,0,62,0,18936.0
2025-03-03T02:00,2,0,62,0,20247.0
2025-03-03T03:00,3,0,62,0,22565.0
2025-03-03T04:00,4,0,62,0,24285.0
2025-03-03T05:00,5,0,62,0,24224.0
2025-03-03T06:00,6,0,62,0,23787.0
2025-03-03T07:00,7,0,62,0,23300.0
2025-03-03T08:00,8,0,62,0,22234.0
2025-03-03T09:00,9,0,62,0,20922.0
2025-03-03T10:00,10,0,62,0,20582.0
2025-03-03T11:00,11,0,62,0,20051.0
2025-03-03T12:00,12,0,62,0,19569.0
2025-03-03T13:00,13,0,62,0,19671.0
2025-03-03T14:00,14,0,62,0,20246.0
2025-03-03T15:00,15,0,62,0,21988.0
2025-03-03T16:00,16,0,62,0,23899.0
2025-03-03T17:00,17,0,62,0,24864.0
2025-03-03T18:00,18,0,62,0,24848.0
2025-03-03T19:00,19,0,62,0,23676.0
2025-03-03T20:00,20,0,62,0,23290.0
2025-03-03T21:00,21,0,62,0,22541.0
2025-03-03T22:00,22,0,62,0,22408.0
2025-03-03T23:00,23,0,62,0,21792.0
2025-03-04T00:00,0,1,63,0,21350.0
2025-03-04T01:00,1,1,63,0,21361.0
2025-03-04T02:00,2,1,63,0,21815.0
2025-03-04T03:00,3,1,63,0,24359.0
2025-03-04T04:00,4,1,63,0,26172.0
2025-03-04T05:00,5,1,63,0,26183.0
2025-03-04T06:00,6,1,63,0,25713.0
2025-03-04T07:00,7,1,63,0,25157.0
2025-03-04T08:00,8,1,63,0,23734.0
2025-03-04T09:00,9,1,63,0,22386.0
2025-03-04T10:00,10,1,63,0,21993.0
2025-03-04T11:00,11,1,63,0,21524.0
2025-03-04T12:00,12,1,63,0,20971.0
2025-03-04T13:00,13,1,63,0,20859.0
2025-03-04T14:00,14,1,63,0,21013.0
2025-03-04T15:00,15,1,63,0,22393.0
2025-03-04T16:00,16,1,63,0,24599.0
2025-03-04T17:00,17,1,63,0,25939.0
2025-03-04T18:00,18,1,63,0,26653.0
2025-03-04T19:00,19,1,63,0,26082.0
2025-03-04T20:00,20,1,63,0,24808.0
2025-03-04T21:00,21,1,63,0,23552.0
2025-03-04T22:00,22,1,63,0,21997.0
2025-03-04T23:00,23,1,63,0,21596.0
2025-03-05T00:00,0,2,64,0,21649.0
2025-03-05T01:00,1,2,64,0,21976.0
2025-03-05T02:00,2,2,64,0,22868.0
2025-03-05T03:00,3,2,64,0,24763.0
2025-03-05T04:00,4,2,64,0,26047.0
2025-03-05T05:00,5,2,64,0,25827.0
2025-03-05T06:00,6,2,64,0,25278.0
2025-03-05T07:00,7,2,64,0,24380.0
2025-03-05T08:00,8,2,64,0,22977.0
2025-03-05T09:00,9,2,64,0,21534.0
2025-03-05T10:00,10,2,64,0,21286.0
2025-03-05T11:00,11,2,64,0,20826.0
2025-03-05T12:00,12,2,64,0,20291.0
2025-03-05T13:00,13,2,64,0,20026.0
2025-03-05T14:00,14,2,64,0,20735.0
2025-03-05T15:00,15,2,64,0,22316.0
2025-03-05T16:00,16,2,64,0,24117.0
2025-03-05T17:00,17,2,64,0,25177.0
2025-03-05T18:00,18,2,64,0,26223.0
2025-03-05T19:00,19,2,64,0,26348.0
2025-03-05T20:00,20,2,64,0,26069.0
2025-03-05T21:00,21,2,64,0,26676.0
2025-03-05T22:00,22,2,64,0,26085.0
2025-03-05T23:00,23,2,64,0,25647.0
2025-03-06T00:00,0,3,65,0,25512.0
2025-03-06T01:00,1,3,65,0,25951.0
2025-03-06T02:00,2,3,65,0,25678.0
2025-03-06T03:00,3,3,65,0,26047.0
2025-03-06T04:00,4,3,65,0,27344.0
2025-03-06T05:00,5,3,65,0,27034.0
2025-03-06T06:00,6,3,65,0,26193.0
2025-03-06T07:00,7,3,65,0,25360.0
2025-03-06T08:00,8,3,65,0,24464.0
2025-03-06T09:00,9,3,65,0,23291.0
2025-03-06T10:00,10,3,65,0,22559.0
2025-03-06T11:00,11,3,65,0,21949.0
2025-03-06T12:00,12,3,65,0,21848.0
2025-03-06T13:00,13,3,65,0,21072.0
2025-03-06T14:00,14,3,65,0,21375.0
2025-03-06T15:00,15,3,65,0,22685.0
2025-03-06T16:00,16,3,65,0,24404.0
2025-03-06T17:00,17,3,65,0,25899.0
2025-03-06T18:00,18,3,65,0,26117.0
2025-03-06T19:00,19,3,65,0,25478.0
2025-03-06T20:00,20,3,65,0,25583.0
2025-03-06T21:00,21,3,65,0,24756.0
2025-03-06T22:00,22,3,65,0,24135.0
2025-03-06T23:00,23,3,65,0,23232.0
2025-03-07T00:00,0,4,66,0,23253.0
2025-03-07T01:00,1,4,66,0,23911.0
2025-03-07T02:00,2,4,66,0,24262.0
2025-03-07T03:00,3,4,66,0,25649.0
2025-03-07T04:00,4,4,66,0,26590.0
2025-03-07T05:00,5,4,66,0,26411.0
2025-03-07T06:00,6,4,66,0,26004.0
2025-03-07T07:00,7,4,66,0,25349.0
2025-03-07T08:00,8,4,66,0,24308.0
2025-03-07T09:00,9,4,66,0,23119.0
2025-03-07T10:00,10,4,66,0,22410.0
2025-03-07T11:00,11,4,66,0,21845.0
2025-03-07T12:00,12,4,66,0,21291.0
2025-03-07T13:00,13,4,66,0,20883.0
2025-03-07T14:00,14,4,66,0,21367.0
2025-03-07T15:00,15,4,66,0,22980.0
2025-03-07T16:00,16,4,66,0,24641.0
2025-03-07T17:00,17,4,66,0,24668.0
2025-03-07T18:00,18,4,66,0,23823.0
2025-03-07T19:00,19,4,66,0,23119.0
2025-03-07T20:00,20,4,66,0,21847.0
2025-03-07T21:00,21,4,66,0,22369.0
2025-03-07T22:00,22,4,66,0,22515.0
2025-03-07T23:00,23,4,66,0,21681.0
2025-03-08T00:00,0,5,67,0,21414.0
2025-03-08T01:00,1,5,67,0,20053.0
2025-03-08T02:00,2,5,67,0,20927.0
2025-03-08T03:00,3,5,67,0,23566.0
2025-03-08T04:00,4,5,67,0,25387.0
2025-03-08T05:00,5,5,67,0,25361.0
2025-03-08T06:00,6,5,67,0,24809.0
2025-03-08T07:00,7,5,67,0,24565.0
2025-03-08T08:00,8,5,67,0,23664.0
2025-03-08T09:00,9,5,67,0,22435.0
2025-03-08T10:00,10,5,67,0,22088.0
2025-03-08T11:00,11,5,67,0,21472.0
2025-03-08T12:00,12,5,67,0,20743.0
2025-03-08T13:00,13,5,67,0,20500.0
2025-03-08T14:00,14,5,67,0,20531.0
2025-03-08T15:00,15,5,67,0,21267.0
2025-03-08T16:00,16,5,67,0,21730.0
2025-03-08T17:00,17,5,67,0,21748.0
2025-03-08T18:00,18,5,67,0,21489.0
2025-03-08T19:00,19,5,67,0,20817.0
2025-03-08T20:00,20,5,67,0,19146.0
2025-03-08T21:00,21,5,67,0,18656.0
2025-03-08T22:00,22,5,67,0,17858.0
2025-03-08T23:00,23,5,67,0,16899.0
2025-03-09T00:00,0,6,68,0,16317.0
2025-03-09T01:00,1,6,68,0,17227.0
2025-03-09T02:00,2,6,68,0,18715.0
2025-03-09T03:00,3,6,68,0,21865.0
2025-03-09T04:00,4,6,68,0,23733.0
2025-03-09T05:00,5,6,68,0,23787.0
2025-03-09T06:00,6,6,68,0,23474.0
2025-03-09T07:00,7,6,68,0,23042.0
2025-03-09T08:00,8,6,68,0,22182.0
2025-03-09T09:00,9,6,68,0,21226.0
2025-03-09T10:00,10,6,68,0,21069.0
2025-03-09T11:00,11,6,68,0,20558.0
2025-03-09T12:00,12,6,68,0,20122.0
2025-03-09T13:00,13,6,68,0,19948.0
2025-03-09T14:00,14,6,68,0,20261.0
2025-03-09T15:00,15,6,68,0,20779.0
2025-03-09T16:00,16,6,68,0,21239.0
2025-03-09T17:00,17,6,68,0,21597.0
2025-03-09T18:00,18,6,68,0,21485.0
2025-03-09T19:00,19,6,68,0,20180.0
2025-03-09T20:00,20,6,68,0,18982.0
2025-03-09T21:00,21,6,68,0,17771.0
2025-03-09T22:00,22,6,68,0,16507.0
2025-03-09T23:00,23,6,68,0,16032.0
2025-03-10T00:00,0,0,69,0,15983.0
2025-03-10T01:00,1,0,69,0,16508.0
2025-03-10T02:00,2,0,69,0,18704.0
2025-03-10T03:00,3,0,69,0,21894.0
2025-03-10T04:00,4,0,69,0,23794.0
2025-03-10T05:00,5,0,69,0,23772.0
2025-03-10T06:00,6,0,69,0,23460.0
2025-03-10T07:00,7,0,69,0,22441.0
2025-03-10T08:00,8,0,69,0,21311.0
2025-03-10T09:00,9,0,69,0,21114.0
2025-03-10T10:00,10,0,69,0,20599.0
2025-03-10T11:00,11,0,69,0,20274.0
2025-03-10T12:00,12,0,69,0,20074.0
2025-03-10T13:00,13,0,69,0,20433.0
2025-03-10T14:00,14,0,69,0,21924.0
2025-03-10T15:00,15,0,69,0,24003.0
2025-03-10T16:00,16,0,69,0,25398.0
2025-03-10T17:00,17,0,69,0,26022.0
2025-03-10T18:00,18,0,69,0,25715.0
2025-03-10T19:00,19,0,69,0,24348.0
2025-03-10T20:00,20,0,69,0,22785.0
2025-03-10T21:00,21,0,69,0,21324.0
2025-03-10T22:00,22,0,69,0,20156.0
2025-03-10T23:00,23,0,69,0,19984.0
2025-03-11T00:00,0,1,70,0,19917.0
2025-03-11T01:00,1,1,70,0,20548.0
2025-03-11T02:00,2,1,70,0,21601.0
2025-03-11T03:00,3,1,70,0,23661.0
2025-03-11T04:00,4,1,70,0,25317.0
2025-03-11T05:00,5,1,70,0,25003.0
2025-03-11T06:00,6,1,70,0,24309.0
2025-03-11T07:00,7,1,70,0,23076.0
2025-03-11T08:00,8,1,70,0,21617.0
2025-03-11T09:00,9,1,70,0,21625.0
2025-03-11T10:00,10,1,70,0,20662.0
2025-03-11T11:00,11,1,70,0,20404.0
2025-03-11T12:00,12,1,70,0,20180.0
2025-03-11T13:00,13,1,70,0,20231.0
2025-03-11T14:00,14,1,70,0,21246.0
2025-03-11T15:00,15,1,70,0,23563.0
2025-03-11T16:00,16,1,70,0,25377.0
2025-03-11T17:00,17,1,70,0,24976.0
2025-03-11T18:00,18,1,70,0,23820.0
2025-03-11T19:00,19,1,70,0,22707.0
2025-03-11T20:00,20,1,70,0,22889.0
2025-03-11T21:00,21,1,70,0,22518.0
2025-03-11T22:00,22,1,70,0,22839.0
2025-03-11T23:00,23,1,70,0,21750.0
2025-03-12T00:00,0,2,71,0,22433.0
2025-03-12T01:00,1,2,71,0,22751.0
2025-03-12T02:00,2,2,71,0,22804.0
2025-03-12T03:00,3,2,71,0,24322.0
2025-03-12T04:00,4,2,71,0,25763.0
2025-03-12T05:00,5,2,71,0,25425.0
2025-03-12T06:00,6,2,71,0,24801.0
2025-03-12T07:00,7,2,71,0,23441.0
2025-03-12T08:00,8,2,71,0,22188.0
2025-03-12T09:00,9,2,71,0,21710.0
2025-03-12T10:00,10,2,71,0,21197.0
2025-03-12T11:00,11,2,71,0,21040.0
2025-03-12T12:00,12,2,71,0,20692.0
2025-03-12T13:00,13,2,71,0,20485.0
2025-03-12T14:00,14,2,71,0,21280.0
2025-03-12T15:00,15,2,71,0,23126.0
2025-03-12T16:00,16,2,71,0,24931.0
2025-03-12T17:00,17,2,71,0,25969.0
2025-03-12T18:00,18,2,71,0,25926.0
2025-03-12T19:00,19,2,71,0,26342.0
2025-03-12T20:00,20,2,71,0,26086.0
2025-03-12T21:00,21,2,71,0,25100.0
2025-03-12T22:00,22,2,71,0,24047.0
2025-03-12T23:00,23,2,71,0,24698.0
2025-03-13T00:00,0,3,72,0,24216.0
2025-03-13T01:00,1,3,72,0,24283.0
2025-03-13T02:00,2,3,72,0,24159.0
2025-03-13T03:00,3,3,72,0,25137.0
2025-03-13T04:00,4,3,72,0,26269.0
2025-03-13T05:00,5,3,72,0,25972.0
2025-03-13T06:00,6,3,72,0,25092.0
2025-03-13T07:00,7,3,72,0,23906.0
2025-03-13T08:00,8,3,72,0,22465.0
2025-03-13T09:00,9,3,72,0,22232.0
2025-03-13T10:00,10,3,72,0,22077.0
2025-03-13T11:00,11,3,72,0,21409.0
2025-03-13T12:00,12,3,72,0,21537.0
2025-03-13T13:00,13,3,72,0,20948.0
2025-03-13T14:00,14,3,72,0,22058.0
2025-03-13T15:00,15,3,72,0,24011.0
2025-03-13T16:00,16,3,72,0,25807.0
2025-03-13T17:00,17,3,72,0,26421.0
2025-03-13T18:00,18,3,72,0,26071.0
2025-03-13T19:00,19,3,72,0,25325.0
2025-03-13T20:00,20,3,72,0,25094.0
2025-03-13T21:00,21,3,72,0,24301.0
2025-03-13T22:00,22,3,72,0,23328.0
2025-03-13T23:00,23,3,72,0,23514.0
2025-03-14T00:00,0,4,73,0,22786.0
2025-03-14T01:00,1,4,73,0,22083.0
2025-03-14T02:00,2,4,73,0,22725.0
2025-03-14T03:00,3,4,73,0,24627.0
2025-03-14T04:00,4,4,73,0,26505.0
2025-03-14T05:00,5,4,73,0,26464.0
2025-03-14T06:00,6,4,73,0,26023.0
2025-03-14T07:00,7,4,73,0,24626.0
2025-03-14T08:00,8,4,73,0,22947.0
2025-03-14T09:00,9,4,73,0,22698.0
2025-03-14T10:00,10,4,73,0,22034.0
2025-03-14T11:00,11,4,73,0,21758.0
2025-03-14T12:00,12,4,73,0,21390.0
2025-03-14T13:00,13,4,73,0,21441.0
2025-03-14T14:00,14,4,73,0,22559.0
2025-03-14T15:00,15,4,73,0,24683.0
2025-03-14T16:00,16,4,73,0,26506.0
2025-03-14T17:00,17,4,73,0,27458.0
2025-03-14T18:00,18,4,73,0,27620.0
2025-03-14T19:00,19,4,73,0,27985.0
2025-03-14T20:00,20,4,73,0,27312.0
2025-03-14T21:00,21,4,73,0,25884.0
2025-03-14T22:00,22,4,73,0,26728.0
2025-03-14T23:00,23,4,73,0,26624.0
2025-03-15T00:00,0,5,74,0,25950.0
2025-03-15T01:00,1,5,74,0,24928.0
2025-03-15T02:00,2,5,74,0,24648.0
2025-03-15T03:00,3,5,74,0,25406.0
2025-03-15T04:00,4,5,74,0,26415.0
2025-03-15T05:00,5,5,74,0,26143.0
2025-03-15T06:00,6,5,74,0,25580.0
2025-03-15T07:00,7,5,74,0,24488.0
2025-03-15T08:00,8,5,74,0,23391.0
2025-03-15T09:00,9,5,74,0,22950.0
2025-03-15T10:00,10,5,74,0,22324.0
2025-03-15T11:00,11,5,74,0,21436.0
2025-03-15T12:00,12,5,74,0,20986.0
2025-03-15T13:00,13,5,74,0,20779.0
2025-03-15T14:00,14,5,74,0,21348.0
2025-03-15T15:00,15,5,74,0,22369.0
2025-03-15T16:00,16,5,74,0,23071.0
2025-03-15T17:00,17,5,74,0,23420.0
2025-03-15T18:00,18,5,74,0,23061.0
2025-03-15T19:00,19,5,74,0,21342.0
2025-03-15T20:00,20,5,74,0,20621.0
2025-03-15T21:00,21,5,74,0,20818.0
2025-03-15T22:00,22,5,74,0,19765.0
2025-03-15T23:00,23,5,74,0,18837.0
2025-03-16T00:00,0,6,75,0,17716.0
2025-03-16T01:00,1,6,75,0,17616.0
2025-03-16T02:00,2,6,75,0,19049.0
2025-03-16T03:00,3,6,75,0,21507.0
2025-03-16T04:00,4,6,75,0,23348.0
2025-03-16T05:00,5,6,75,0,23491.0
2025-03-16T06:00,6,6,75,0,23328.0
2025-03-16T07:00,7,6,75,0,22531.0
2025-03-16T08:00,8,6,75,0,21789.0
2025-03-16T09:00,9,6,75,0,21407.0
2025-03-16T10:00,10,6,75,0,20800.0
2025-03-16T11:00,11,6,75,0,20107.0
2025-03-16T12:00,12,6,75,0,19851.0
2025-03-16T13:00,13,6,75,0,19597.0
2025-03-16T14:00,14,6,75,0,19983.0
2025-03-16T15:00,15,6,75,0,20797.0
2025-03-16T16:00,16,6,75,0,21012.0
2025-03-16T17:00,17,6,75,0,21709.0
2025-03-16T18:00,18,6,75,0,22026.0
2025-03-16T19:00,19,6,75,0,20761.0
2025-03-16T20:00,20,6,75,0,20609.0
2025-03-16T21:00,21,6,75,0,20021.0
2025-03-16T22:00,22,6,75,0,18868.0
2025-03-16T23:00,23,6,75,0,18846.0
2025-03-17T00:00,0,0,76,0,18624.0
2025-03-17T01:00,1,0,76,0,18952.0
2025-03-17T02:00,2,0,76,0,20207.0
2025-03-17T03:00,3,0,76,0,22156.0
2025-03-17T04:00,4,0,76,0,23889.0
2025-03-17T05:00,5,0,76,0,23711.0
2025-03-17T06:00,6,0,76,0,23284.0
2025-03-17T07:00,7,0,76,0,22126.0
2025-03-17T08:00,8,0,76,0,20912.0
2025-03-17T09:00,9,0,76,0,20848.0
2025-03-17T10:00,10,0,76,0,20299.0
2025-03-17T11:00,11,0,76,0,19937.0
2025-03-17T12:00,12,0,76,0,20168.0
2025-03-17T13:00,13,0,76,0,20140.0
2025-03-17T14:00,14,0,76,0,21264.0
2025-03-17T15:00,15,0,76,0,23216.0
2025-03-17T16:00,16,0,76,0,24778.0
2025-03-17T17:00,17,0,76,0,24810.0
2025-03-17T18:00,18,0,76,0,24550.0
2025-03-17T19:00,19,0,76,0,24410.0
2025-03-17T20:00,20,0,76,0,25049.0
2025-03-17T21:00,21,0,76,0,24130.0
2025-03-17T22:00,22,0,76,0,24003.0
2025-03-17T23:00,23,0,76,0,23701.0
2025-03-18T00:00,0,1,77,0,22628.0
2025-03-18T01:00,1,1,77,0,22790.0
2025-03-18T02:00,2,1,77,0,23803.0
2025-03-18T03:00,3,1,77,0,24640.0
2025-03-18T04:00,4,1,77,0,26023.0
2025-03-18T05:00,5,1,77,0,25811.0
2025-03-18T06:00,6,1,77,0,25160.0
2025-03-18T07:00,7,1,77,0,23906.0
2025-03-18T08:00,8,1,77,0,22668.0
2025-03-18T09:00,9,1,77,0,22080.0
2025-03-18T10:00,10,1,77,0,21545.0
2025-03-18T11:00,11,1,77,0,21028.0
2025-03-18T12:00,12,1,77,0,20785.0
2025-03-18T13:00,13,1,77,0,20981.0
2025-03-18T14:00,14,1,77,0,22416.0
2025-03-18T15:00,15,1,77,0,24699.0
2025-03-18T16:00,16,1,77,0,26270.0
2025-03-18T17:00,17,1,77,0,25701.0
2025-03-18T18:00,18,1,77,0,24741.0
2025-03-18T19:00,19,1,77,0,22350.0
2025-03-18T20:00,20,1,77,0,21651.0
2025-03-18T21:00,21,1,77,0,20996.0
2025-03-18T22:00,22,1,77,0,19903.0
2025-03-18T23:00,23,1,77,0,19448.0
2025-03-19T00:00,0,2,78,0,19269.0
2025-03-19T01:00,1,2,78,0,18905.0
2025-03-19T02:00,2,2,78,0,20672.0
2025-03-19T03:00,3,2,78,0,23165.0
2025-03-19T04:00,4,2,78,0,25165.0
2025-03-19T05:00,5,2,78,0,25075.0
2025-03-19T06:00,6,2,78,0,24543.0
2025-03-19T07:00,7,2,78,0,23301.0
2025-03-19T08:00,8,2,78,0,21924.0
2025-03-19T09:00,9,2,78,0,21717.0
2025-03-19T10:00,10,2,78,0,21039.0
2025-03-19T11:00,11,2,78,0,20392.0
2025-03-19T12:00,12,2,78,0,20507.0
2025-03-19T13:00,13,2,78,0,21084.0
2025-03-19T14:00,14,2,78,0,22712.0
2025-03-19T15:00,15,2,78,0,24871.0
2025-03-19T16:00,16,2,78,0,26444.0
2025-03-19T17:00,17,2,78,0,26370.0
2025-03-19T18:00,18,2,78,0,24424.0
2025-03-19T19:00,19,2,78,0,23362.0
2025-03-19T20:00,20,2,78,0,22712.0
2025-03-19T21:00,21,2,78,0,22200.0
2025-03-19T22:00,22,2,78,0,21755.0
2025-03-19T23:00,23,2,78,0,21148.0
2025-03-20T00:00,0,3,79,0,20394.0
2025-03-20T01:00,1,3,79,0,20998.0
2025-03-20T02:00,2,3,79,0,22050.0
2025-03-20T03:00,3,3,79,0,23994.0
2025-03-20T04:00,4,3,79,0,25323.0
2025-03-20T05:00,5,3,79,0,25182.0
2025-03-20T06:00,6,3,79,0,24753.0
2025-03-20T07:00,7,3,79,0,23313.0
2025-03-20T08:00,8,3,79,0,22169.0
2025-03-20T09:00,9,3,79,0,21718.0
2025-03-20T10:00,10,3,79,0,21070.0
2025-03-20T11:00,11,3,79,0,20674.0
2025-03-20T12:00,12,3,79,0,20844.0
2025-03-20T13:00,13,3,79,0,20773.0
2025-03-20T14:00,14,3,79,0,21878.0
2025-03-20T15:00,15,3,79,0,24018.0
2025-03-20T16:00,16,3,79,0,25599.0
2025-03-20T17:00,17,3,79,0,25398.0
2025-03-20T18:00,18,3,79,0,24831.0
2025-03-20T19:00,19,3,79,0,23318.0
2025-03-20T20:00,20,3,79,0,21892.0
2025-03-20T21:00,21,3,79,0,21401.0
2025-03-20T22:00,22,3,79,0,20562.0
2025-03-20T23:00,23,3,79,0,19125.0
2025-03-21T00:00,0,4,80,0,19633.0
2025-03-21T01:00,1,4,80,0,19610.0
2025-03-21T02:00,2,4,80,0,21138.0
2025-03-21T03:00,3,4,80,0,23279.0
2025-03-21T04:00,4,4,80,0,25119.0
2025-03-21T05:00,5,4,80,0,25099.0
2025-03-21T06:00,6,4,80,0,24416.0
2025-03-21T07:00,7,4,80,0,23228.0
2025-03-21T08:00,8,4,80,0,21779.0
2025-03-21T09:00,9,4,80,0,21447.0
2025-03-21T10:00,10,4,80,0,20949.0
2025-03-21T11:00,11,4,80,0,20631.0
2025-03-21T12:00,12,4,80,0,20308.0
2025-03-21T13:00,13,4,80,0,20480.0
2025-03-21T14:00,14,4,80,0,21808.0
2025-03-21T15:00,15,4,80,0,23878.0
2025-03-21T16:00,16,4,80,0,25137.0
2025-03-21T17:00,17,4,80,0,24799.0
2025-03-21T18:00,18,4,80,0,23457.0
2025-03-21T19:00,19,4,80,0,22417.0
2025-03-21T20:00,20,4,80,0,21251.0
2025-03-21T21:00,21,4,80,0,21041.0
2025-03-21T22:00,22,4,80,0,21145.0
2025-03-21T23:00,23,4,80,0,20835.0
2025-03-22T00:00,0,5,81,0,20532.0
2025-03-22T01:00,1,5,81,0,20381.0
2025-03-22T02:00,2,5,81,0,21155.0
2025-03-22T03:00,3,5,81,0,22899.0
2025-03-22T04:00,4,5,81,0,24357.0
2025-03-22T05:00,5,5,81,0,24197.0
2025-03-22T06:00,6,5,81,0,23777.0
2025-03-22T07:00,7,5,81,0,23019.0
2025-03-22T08:00,8,5,81,0,21970.0
2025-03-22T09:00,9,5,81,0,21199.0
2025-03-22T10:00,10,5,81,0,20582.0
2025-03-22T11:00,11,5,81,0,20051.0
2025-03-22T12:00,12,5,81,0,19602.0
2025-03-22T13:00,13,5,81,0,19603.0
2025-03-22T14:00,14,5,81,0,20160.0
2025-03-22T15:00,15,5,81,0,20622.0
2025-03-22T16:00,16,5,81,0,21055.0
2025-03-22T17:00,17,5,81,0,21176.0
2025-03-22T18:00,18,5,81,0,20419.0
2025-03-22T19:00,19,5,81,0,19458.0
2025-03-22T20:00,20,5,81,0,18936.0
2025-03-22T21:00,21,5,81,0,19116.0
2025-03-22T22:00,22,5,81,0,18963.0
2025-03-22T23:00,23,5,81,0,18761.0
2025-03-23T00:00,0,6,82,0,18912.0
2025-03-23T01:00,1,6,82,0,18691.0
2025-03-23T02:00,2,6,82,0,19773.0
2025-03-23T03:00,3,6,82,0,21569.0
2025-03-23T04:00,4,6,82,0,23208.0
2025-03-23T05:00,5,6,82,0,23279.0
2025-03-23T06:00,6,6,82,0,22875.0
2025-03-23T07:00,7,6,82,0,22103.0
2025-03-23T08:00,8,6,82,0,20937.0
2025-03-23T09:00,9,6,82,0,20240.0
2025-03-23T10:00,10,6,82,0,19594.0
2025-03-23T11:00,11,6,82,0,19091.0
2025-03-23T12:00,12,6,82,0,18625.0
2025-03-23T13:00,13,6,82,0,18528.0
2025-03-23T14:00,14,6,82,0,18692.0
2025-03-23T15:00,15,6,82,0,19382.0
2025-03-23T16:00,16,6,82,0,19930.0
2025-03-23T17:00,17,6,82,0,19822.0
2025-03-23T18:00,18,6,82,0,19164.0
2025-03-23T19:00,19,6,82,0,18032.0
2025-03-23T20:00,20,6,82,0,17345.0
2025-03-23T21:00,21,6,82,0,16944.0
2025-03-23T22:00,22,6,82,0,16815.0
2025-03-23T23:00,23,6,82,0,16456.0
2025-03-24T00:00,0,0,83,0,17145.0
2025-03-24T01:00,1,0,83,0,17914.0
2025-03-24T02:00,2,0,83,0,19506.0
2025-03-24T03:00,3,0,83,0,22103.0
2025-03-24T04:00,4,0,83,0,23736.0
2025-03-24T05:00,5,0,83,0,23682.0
2025-03-24T06:00,6,0,83,0,23105.0
2025-03-24T07:00,7,0,83,0,21993.0
2025-03-24T08:00,8,0,83,0,20804.0
2025-03-24T09:00,9,0,83,0,20455.0
2025-03-24T10:00,10,0,83,0,19919.0
2025-03-24T11:00,11,0,83,0,19497.0
2025-03-24T12:00,12,0,83,0,19214.0
2025-03-24T13:00,13,0,83,0,19440.0
2025-03-24T14:00,14,0,83,0,20653.0
2025-03-24T15:00,15,0,83,0,22519.0
2025-03-24T16:00,16,0,83,0,24003.0
2025-03-24T17:00,17,0,83,0,24131.0
2025-03-24T18:00,18,0,83,0,23230.0
2025-03-24T19:00,19,0,83,0,22242.0
2025-03-24T20:00,20,0,83,0,21071.0
2025-03-24T21:00,21,0,83,0,20502.0
2025-03-24T22:00,22,0,83,0,20359.0
2025-03-24T23:00,23,0,83,0,20518.0
2025-03-25T00:00,0,1,84,0,21784.0
2025-03-25T01:00,1,1,84,0,23695.0
2025-03-25T02:00,2,1,84,0,24150.0
2025-03-25T03:00,3,1,84,0,25781.0
2025-03-25T04:00,4,1,84,0,26721.0
2025-03-25T05:00,5,1,84,0,26068.0
2025-03-25T06:00,6,1,84,0,24992.0
2025-03-25T07:00,7,1,84,0,23457.0
2025-03-25T08:00,8,1,84,0,21808.0
2025-03-25T09:00,9,1,84,0,21040.0
2025-03-25T10:00,10,1,84,0,20345.0
2025-03-25T11:00,11,1,84,0,19458.0
2025-03-25T12:00,12,1,84,0,19092.0
2025-03-25T13:00,13,1,84,0,19504.0
2025-03-25T14:00,14,1,84,0,20708.0
2025-03-25T15:00,15,1,84,0,22663.0
2025-03-25T16:00,16,1,84,0,23841.0
2025-03-25T17:00,17,1,84,0,23994.0
2025-03-25T18:00,18,1,84,0,23472.0
2025-03-25T19:00,19,1,84,0,21865.0
2025-03-25T20:00,20,1,84,0,21828.0
2025-03-25T21:00,21,1,84,0,21327.0
2025-03-25T22:00,22,1,84,0,21283.0
2025-03-25T23:00,23,1,84,0,21937.0
2025-03-26T00:00,0,2,85,0,22845.0
2025-03-26T01:00,1,2,85,0,24021.0
2025-03-26T02:00,2,2,85,0,24561.0
2025-03-26T03:00,3,2,85,0,26169.0
2025-03-26T04:00,4,2,85,0,27028.0
2025-03-26T05:00,5,2,85,0,26621.0
2025-03-26T06:00,6,2,85,0,25887.0
2025-03-26T07:00,7,2,85,0,24456.0
2025-03-26T08:00,8,2,85,0,22828.0
2025-03-26T09:00,9,2,85,0,22198.0
2025-03-26T10:00,10,2,85,0,21329.0
2025-03-26T11:00,11,2,85,0,20775.0
2025-03-26T12:00,12,2,85,0,20486.0
2025-03-26T13:00,13,2,85,0,20418.0
2025-03-26T14:00,14,2,85,0,21359.0
2025-03-26T15:00,15,2,85,0,22848.0
2025-03-26T16:00,16,2,85,0,24188.0
2025-03-26T17:00,17,2,85,0,24263.0
2025-03-26T18:00,18,2,85,0,23601.0
2025-03-26T19:00,19,2,85,0,23709.0
2025-03-26T20:00,20,2,85,0,23155.0
2025-03-26T21:00,21,2,85,0,23741.0
2025-03-26T22:00,22,2,85,0,24069.0
2025-03-26T23:00,23,2,85,0,24147.0
2025-03-27T00:00,0,3,86,0,24495.0
2025-03-27T01:00,1,3,86,0,24762.0
2025-03-27T02:00,2,3,86,0,24132.0
2025-03-27T03:00,3,3,86,0,24587.0
2025-03-27T04:00,4,3,86,0,25775.0
2025-03-27T05:00,5,3,86,0,25269.0
2025-03-27T06:00,6,3,86,0,24545.0
2025-03-27T07:00,7,3,86,0,23409.0
2025-03-27T08:00,8,3,86,0,22245.0
2025-03-27T09:00,9,3,86,0,21322.0
2025-03-27T10:00,10,3,86,0,20622.0
2025-03-27T11:00,11,3,86,0,20028.0
2025-03-27T12:00,12,3,86,0,19527.0
2025-03-27T13:00,13,3,86,0,19320.0
2025-03-27T14:00,14,3,86,0,20220.0
2025-03-27T15:00,15,3,86,0,22218.0
2025-03-27T16:00,16,3,86,0,23773.0
2025-03-27T17:00,17,3,86,0,24400.0
2025-03-27T18:00,18,3,86,0,24300.0
2025-03-27T19:00,19,3,86,0,23920.0
2025-03-27T20:00,20,3,86,0,24615.0
2025-03-27T21:00,21,3,86,0,24353.0
2025-03-27T22:00,22,3,86,0,23828.0
2025-03-27T23:00,23,3,86,0,22763.0
2025-03-28T00:00,0,4,87,0,21405.0
2025-03-28T01:00,1,4,87,0,20859.0
2025-03-28T02:00,2,4,87,0,21633.0
2025-03-28T03:00,3,4,87,0,23247.0
2025-03-28T04:00,4,4,87,0,24758.0
2025-03-28T05:00,5,4,87,0,24550.0
2025-03-28T06:00,6,4,87,0,23957.0
2025-03-28T07:00,7,4,87,0,23074.0
2025-03-28T08:00,8,4,87,0,22299.0
2025-03-28T09:00,9,4,87,0,21858.0
2025-03-28T10:00,10,4,87,0,20994.0
2025-03-28T11:00,11,4,87,0,20224.0
2025-03-28T12:00,12,4,87,0,20246.0
2025-03-28T13:00,13,4,87,0,20609.0
2025-03-28T14:00,14,4,87,0,21446.0
2025-03-28T15:00,15,4,87,0,22939.0
2025-03-28T16:00,16,4,87,0,23638.0
2025-03-28T17:00,17,4,87,0,23321.0
2025-03-28T18:00,18,4,87,0,22490.0
2025-03-28T19:00,19,4,87,0,22128.0
2025-03-28T20:00,20,4,87,0,21861.0
2025-03-28T21:00,21,4,87,0,23127.0
2025-03-28T22:00,22,4,87,0,23453.0
2025-03-28T23:00,23,4,87,0,24247.0
2025-03-29T00:00,0,5,88,0,23376.0
2025-03-29T01:00,1,5,88,0,22715.0
2025-03-29T02:00,2,5,88,0,22313.0
2025-03-29T03:00,3,5,88,0,23100.0
2025-03-29T04:00,4,5,88,0,24446.0
2025-03-29T05:00,5,5,88,0,24536.0
2025-03-29T06:00,6,5,88,0,24195.0
2025-03-29T07:00,7,5,88,0,23301.0
2025-03-29T08:00,8,5,88,0,22455.0
2025-03-29T09:00,9,5,88,0,21489.0
2025-03-29T10:00,10,5,88,0,20862.0
2025-03-29T11:00,11,5,88,0,20271.0
2025-03-29T12:00,12,5,88,0,19734.0
2025-03-29T13:00,13,5,88,0,19591.0
2025-03-29T14:00,14,5,88,0,19857.0
2025-03-29T15:00,15,5,88,0,20629.0
2025-03-29T16:00,16,5,88,0,20989.0
2025-03-29T17:00,17,5,88,0,21083.0
2025-03-29T18:00,18,5,88,0,21005.0
2025-03-29T19:00,19,5,88,0,19725.0
2025-03-29T20:00,20,5,88,0,19206.0
2025-03-29T21:00,21,5,88,0,18385.0
2025-03-29T22:00,22,5,88,0,17416.0
2025-03-29T23:00,23,5,88,0,17627.0
2025-03-30T00:00,0,6,89,0,17755.0
2025-03-30T01:00,1,6,89,0,18335.0
2025-03-30T02:00,2,6,89,0,19719.0
2025-03-30T03:00,3,6,89,0,21772.0
2025-03-30T04:00,4,6,89,0,22781.0
2025-03-30T05:00,5,6,89,0,23212.0
2025-03-30T06:00,6,6,89,0,22869.0
2025-03-30T07:00,7,6,89,0,22043.0
2025-03-30T08:00,8,6,89,0,21204.0
2025-03-30T09:00,9,6,89,0,20952.0
2025-03-30T10:00,10,6,89,0,20221.0
2025-03-30T11:00,11,6,89,0,19609.0
2025-03-30T12:00,12,6,89,0,19579.0
2025-03-30T13:00,13,6,89,0,18935.0
2025-03-30T14:00,14,6,89,0,18987.0
2025-03-30T15:00,15,6,89,0,19401.0
2025-03-30T16:00,16,6,89,0,20013.0
2025-03-30T17:00,17,6,89,0,20084.0
2025-03-30T18:00,18,6,89,0,21351.0
2025-03-30T19:00,19,6,89,0,21151.0
2025-03-30T20:00,20,6,89,0,22577.0
2025-03-30T21:00,21,6,89,0,22696.0
2025-03-30T22:00,22,6,89,0,22031.0
2025-03-30T23:00,23,6,89,0,20867.0
2025-03-31T00:00,0,0,90,0,19916.0
2025-03-31T01:00,1,0,90,0,19898.0
2025-03-31T02:00,2,0,90,0,19988.0
2025-03-31T03:00,3,0,90,0,21740.0
2025-03-31T04:00,4,0,90,0,23394.0
2025-03-31T05:00,5,0,90,0,23546.0
2025-03-31T06:00,6,0,90,0,23189.0
2025-03-31T07:00,7,0,90,0,22321.0
2025-03-31T08:00,8,0,90,0,21573.0
2025-03-31T09:00,9,0,90,0,20866.0
2025-03-31T10:00,10,0,90,0,20316.0
2025-03-31T11:00,11,0,90,0,19739.0
2025-03-31T12:00,12,0,90,0,19248.0
2025-03-31T13:00,13,0,90,0,19388.0
2025-03-31T14:00,14,0,90,0,20663.0
2025-03-31T15:00,15,0,90,0,22507.0
2025-03-31T16:00,16,0,90,0,24091.0
2025-03-31T17:00,17,0,90,0,24051.0
2025-03-31T18:00,18,0,90,0,25117.0
2025-03-31T19:00,19,0,90,0,24771.0
2025-03-31T20:00,20,0,90,0,26198.0
2025-03-31T21:00,21,0,90,0,25942.0
2025-03-31T22:00,22,0,90,0,25107.0
2025-03-31T23:00,23,0,90,0,24951.0
2025-04-01T00:00,0,1,91,0,24276.0
2025-04-01T01:00,1,1,91,0,24545.0
2025-04-01T02:00,2,1,91,0,23418.0
2025-04-01T03:00,3,1,91,0,24257.0
2025-04-01T04:00,4,1,91,0,25491.0
2025-04-01T05:00,5,1,91,0,25555.0
2025-04-01T06:00,6,1,91,0,25020.0
2025-04-01T07:00,7,1,91,0,23759.0
2025-04-01T08:00,8,1,91,0,22513.0
2025-04-01T09:00,9,1,91,0,21935.0
2025-04-01T10:00,10,1,91,0,21099.0
2025-04-01T11:00,11,1,91,0,21922.0
2025-04-01T12:00,12,1,91,0,21922.0
2025-04-01T13:00,13,1,91,0,20519.0
2025-04-01T14:00,14,1,91,0,21829.0
2025-04-01T15:00,15,1,91,0,23605.0
2025-04-01T16:00,16,1,91,0,21922.0
2025-04-01T17:00,17,1,91,0,25765.0
2025-04-01T18:00,18,1,91,0,25906.0
2025-04-01T19:00,19,1,91,0,21922.0
2025-04-01T20:00,20,1,91,0,25185.0
2025-04-01T21:00,21,1,91,0,23432.0
2025-04-01T22:00,22,1,91,0,23928.0
2025-04-01T23:00,23,1,91,0,23846.0
2025-04-02T00:00,0,2,92,0,23497.0
2025-04-02T01:00,1,2,92,0,22657.0
2025-04-02T02:00,2,2,92,0,22652.0
2025-04-02T03:00,3,2,92,0,24156.0
2025-04-02T04:00,4,2,92,0,25894.0
2025-04-02T05:00,5,2,92,0,25837.0
2025-04-02T06:00,6,2,92,0,25359.0
2025-04-02T07:00,7,2,92,0,23976.0
2025-04-02T08:00,8,2,92,0,22855.0
2025-04-02T09:00,9,2,92,0,22246.0
2025-04-02T10:00,10,2,92,0,21354.0
2025-04-02T11:00,11,2,92,0,20924.0
2025-04-02T12:00,12,2,92,0,20572.0
2025-04-02T13:00,13,2,92,0,21045.0
2025-04-02T14:00,14,2,92,0,22227.0
2025-04-02T15:00,15,2,92,0,24489.0
2025-04-02T16:00,16,2,92,0,25366.0
2025-04-02T17:00,17,2,92,0,24230.0
2025-04-02T18:00,18,2,92,0,23675.0
2025-04-02T19:00,19,2,92,0,23255.0
2025-04-02T20:00,20,2,92,0,23284.0
2025-04-02T21:00,21,2,92,0,22812.0
2025-04-02T22:00,22,2,92,0,22583.0
2025-04-02T23:00,23,2,92,0,22052.0
2025-04-03T00:00,0,3,93,0,22083.0
2025-04-03T01:00,1,3,93,0,21478.0
2025-04-03T02:00,2,3,93,0,21357.0
2025-04-03T03:00,3,3,93,0,23065.0
2025-04-03T04:00,4,3,93,0,25029.0
2025-04-03T05:00,5,3,93,0,25350.0
2025-04-03T06:00,6,3,93,0,24651.0
2025-04-03T07:00,7,3,93,0,23498.0
2025-04-03T08:00,8,3,93,0,22367.0
2025-04-03T09:00,9,3,93,0,21578.0
2025-04-03T10:00,10,3,93,0,21221.0
2025-04-03T11:00,11,3,93,0,20634.0
2025-04-03T12:00,12,3,93,0,20329.0
2025-04-03T13:00,13,3,93,0,20712.0
2025-04-03T14:00,14,3,93,0,22113.0
2025-04-03T15:00,15,3,93,0,24040.0
2025-04-03T16:00,16,3,93,0,24686.0
2025-04-03T17:00,17,3,93,0,24032.0
2025-04-03T18:00,18,3,93,0,24082.0
2025-04-03T19:00,19,3,93,0,23202.0
2025-04-03T20:00,20,3,93,0,23070.0
2025-04-03T21:00,21,3,93,0,21273.0
2025-04-03T22:00,22,3,93,0,20600.0
2025-04-03T23:00,23,3,93,0,20055.0
2025-04-04T00:00,0,4,94,0,20311.0
2025-04-04T01:00,1,4,94,0,21031.0
2025-04-04T02:00,2,4,94,0,22247.0
2025-04-04T03:00,3,4,94,0,23290.0
2025-04-04T04:00,4,4,94,0,25238.0
2025-04-04T05:00,5,4,94,0,25530.0
2025-04-04T06:00,6,4,94,0,25021.0
2025-04-04T07:00,7,4,94,0,23839.0
2025-04-04T08:00,8,4,94,0,23141.0
2025-04-04T09:00,9,4,94,0,22376.0
2025-04-04T10:00,10,4,94,0,21731.0
2025-04-04T11:00,11,4,94,0,21321.0
2025-04-04T12:00,12,4,94,0,21067.0
2025-04-04T13:00,13,4,94,0,21728.0
2025-04-04T14:00,14,4,94,0,22639.0
2025-04-04T15:00,15,4,94,0,24363.0
2025-04-04T16:00,16,4,94,0,24991.0
2025-04-04T17:00,17,4,94,0,24456.0
2025-04-04T18:00,18,4,94,0,24369.0
2025-04-04T19:00,19,4,94,0,23178.0
2025-04-04T20:00,20,4,94,0,22202.0
2025-04-04T21:00,21,4,94,0,21137.0
2025-04-04T22:00,22,4,94,0,20809.0
2025-04-04T23:00,23,4,94,0,21259.0
2025-04-05T00:00,0,5,95,0,21259.0
2025-04-05T01:00,1,5,95,0,21222.0
2025-04-05T02:00,2,5,95,0,21934.0
2025-04-05T03:00,3,5,95,0,23107.0
2025-04-05T04:00,4,5,95,0,24656.0
2025-04-05T05:00,5,5,95,0,24544.0
2025-04-05T06:00,6,5,95,0,24115.0
2025-04-05T07:00,7,5,95,0,23123.0
2025-04-05T08:00,8,5,95,0,21949.0
2025-04-05T09:00,9,5,95,0,21575.0
2025-04-05T10:00,10,5,95,0,20824.0
2025-04-05T11:00,11,5,95,0,20385.0
2025-04-05T12:00,12,5,95,0,20004.0
2025-04-05T13:00,13,5,95,0,20216.0
2025-04-05T14:00,14,5,95,0,20714.0
2025-04-05T15:00,15,5,95,0,21386.0
2025-04-05T16:00,16,5,95,0,21471.0
2025-04-05T17:00,17,5,95,0,21216.0
2025-04-05T18:00,18,5,95,0,21110.0
2025-04-05T19:00,19,5,95,0,19970.0
2025-04-05T20:00,20,5,95,0,19204.0
2025-04-05T21:00,21,5,95,0,18270.0
2025-04-05T22:00,22,5,95,0,17848.0
2025-04-05T23:00,23,5,95,0,17458.0
2025-04-06T00:00,0,6,96,0,18217.0
2025-04-06T01:00,1,6,96,0,18937.0
2025-04-06T02:00,2,6,96,0,20394.0
2025-04-06T03:00,3,6,96,0,22183.0
2025-04-06T04:00,4,6,96,0,23615.0
2025-04-06T05:00,5,6,96,0,23628.0
2025-04-06T06:00,6,6,96,0,23046.0
2025-04-06T07:00,7,6,96,0,21920.0
2025-04-06T08:00,8,6,96,0,21107.0
2025-04-06T09:00,9,6,96,0,20562.0
2025-04-06T10:00,10,6,96,0,19861.0
2025-04-06T11:00,11,6,96,0,19342.0
2025-04-06T12:00,12,6,96,0,19064.0
2025-04-06T13:00,13,6,96,0,19250.0
2025-04-06T14:00,14,6,96,0,19432.0
2025-04-06T15:00,15,6,96,0,20051.0
2025-04-06T16:00,16,6,96,0,20472.0
2025-04-06T17:00,17,6,96,0,21171.0
2025-04-06T18:00,18,6,96,0,20568.0
2025-04-06T19:00,19,6,96,0,19711.0
2025-04-06T20:00,20,6,96,0,19131.0
2025-04-06T21:00,21,6,96,0,18548.0
2025-04-06T22:00,22,6,96,0,18349.0
2025-04-06T23:00,23,6,96,0,18560.0
2025-04-07T00:00,0,0,97,0,18354.0
2025-04-07T01:00,1,0,97,0,19179.0
2025-04-07T02:00,2,0,97,0,20904.0
2025-04-07T03:00,3,0,97,0,22326.0
2025-04-07T04:00,4,0,97,0,24132.0
2025-04-07T05:00,5,0,97,0,24168.0
2025-04-07T06:00,6,0,97,0,23555.0
2025-04-07T07:00,7,0,97,0,22274.0
2025-04-07T08:00,8,0,97,0,20921.0
2025-04-07T09:00,9,0,97,0,20219.0
2025-04-07T10:00,10,0,97,0,19764.0
2025-04-07T11:00,11,0,97,0,18991.0
2025-04-07T12:00,12,0,97,0,18770.0
2025-04-07T13:00,13,0,97,0,19370.0
2025-04-07T14:00,14,0,97,0,20883.0
2025-04-07T15:00,15,0,97,0,22751.0
2025-04-07T16:00,16,0,97,0,23646.0
2025-04-07T17:00,17,0,97,0,24107.0
2025-04-07T18:00,18,0,97,0,24820.0
2025-04-07T19:00,19,0,97,0,24397.0
2025-04-07T20:00,20,0,97,0,23373.0
2025-04-07T21:00,21,0,97,0,23477.0
2025-04-07T22:00,22,0,97,0,22584.0
2025-04-07T23:00,23,0,97,0,22639.0
2025-04-08T00:00,0,1,98,0,22914.0
2025-04-08T01:00,1,1,98,0,22713.0
2025-04-08T02:00,2,1,98,0,23298.0
2025-04-08T03:00,3,1,98,0,24862.0
2025-04-08T04:00,4,1,98,0,26104.0
2025-04-08T05:00,5,1,98,0,26047.0
2025-04-08T06:00,6,1,98,0,25257.0
2025-04-08T07:00,7,1,98,0,23724.0
2025-04-08T08:00,8,1,98,0,22419.0
2025-04-08T09:00,9,1,98,0,21597.0
2025-04-08T10:00,10,1,98,0,20900.0
2025-04-08T11:00,11,1,98,0,20526.0
2025-04-08T12:00,12,1,98,0,20166.0
2025-04-08T13:00,13,1,98,0,20145.0
2025-04-08T14:00,14,1,98,0,21347.0
2025-04-08T15:00,15,1,98,0,23118.0
2025-04-08T16:00,16,1,98,0,24013.0
2025-04-08T17:00,17,1,98,0,24176.0
2025-04-08T18:00,18,1,98,0,24535.0
2025-04-08T19:00,19,1,98,0,24098.0
2025-04-08T20:00,20,1,98,0,22913.0
2025-04-08T21:00,21,1,98,0,21763.0
2025-04-08T22:00,22,1,98,0,21825.0
2025-04-08T23:00,23,1,98,0,21312.0
2025-04-09T00:00,0,2,99,0,21622.0
2025-04-09T01:00,1,2,99,0,22167.0
2025-04-09T02:00,2,2,99,0,23214.0
2025-04-09T03:00,3,2,99,0,24895.0
2025-04-09T04:00,4,2,99,0,26258.0
2025-04-09T05:00,5,2,99,0,26358.0
2025-04-09T06:00,6,2,99,0,25644.0
2025-04-09T07:00,7,2,99,0,24250.0
2025-04-09T08:00,8,2,99,0,22636.0
2025-04-09T09:00,9,2,99,0,21983.0
2025-04-09T10:00,10,2,99,0,21395.0
2025-04-09T11:00,11,2,99,0,20706.0
2025-04-09T12:00,12,2,99,0,20264.0
2025-04-09T13:00,13,2,99,0,20336.0
2025-04-09T14:00,14,2,99,0,21410.0
2025-04-09T15:00,15,2,99,0,23074.0
2025-04-09T16:00,16,2,99,0,23937.0
2025-04-09T17:00,17,2,99,0,24436.0
2025-04-09T18:00,18,2,99,0,24446.0
2025-04-09T19:00,19,2,99,0,24279.0
2025-04-09T20:00,20,2,99,0,24145.0
2025-04-09T21:00,21,2,99,0,23093.0
2025-04-09T22:00,22,2,99,0,22827.0
2025-04-09T23:00,23,2,99,0,22753.0
2025-04-10T00:00,0,3,100,0,23194.0
2025-04-10T01:00,1,3,100,0,23512.0
2025-04-10T02:00,2,3,100,0,24838.0
2025-04-10T03:00,3,3,100,0,26747.0
2025-04-10T04:00,4,3,100,0,27565.0
2025-04-10T05:00,5,3,100,0,27282.0
2025-04-10T06:00,6,3,100,0,26562.0
2025-04-10T07:00,7,3,100,0,24963.0
2025-04-10T08:00,8,3,100,0,23299.0
2025-04-10T09:00,9,3,100,0,22461.0
2025-04-10T10:00,10,3,100,0,21512.0
2025-04-10T11:00,11,3,100,0,20830.0
2025-04-10T12:00,12,3,100,0,20276.0
2025-04-10T13:00,13,3,100,0,20116.0
2025-04-10T14:00,14,3,100,0,20994.0
2025-04-10T15:00,15,3,100,0,22179.0
2025-04-10T16:00,16,3,100,0,23507.0
2025-04-10T17:00,17,3,100,0,24128.0
2025-04-10T18:00,18,3,100,0,24877.0
2025-04-10T19:00,19,3,100,0,24337.0
2025-04-10T20:00,20,3,100,0,23068.0
2025-04-10T21:00,21,3,100,0,22112.0
2025-04-10T22:00,22,3,100,0,22297.0
2025-04-10T23:00,23,3,100,0,22454.0
2025-04-11T00:00,0,4,101,0,23231.0
2025-04-11T01:00,1,4,101,0,24832.0
2025-04-11T02:00,2,4,101,0,25916.0
2025-04-11T03:00,3,4,101,0,26885.0
2025-04-11T04:00,4,4,101,0,27788.0
2025-04-11T05:00,5,4,101,0,27595.0
2025-04-11T06:00,6,4,101,0,26779.0
2025-04-11T07:00,7,4,101,0,25014.0
2025-04-11T08:00,8,4,101,0,23495.0
2025-04-11T09:00,9,4,101,0,22576.0
2025-04-11T10:00,10,4,101,0,21910.0
2025-04-11T11:00,11,4,101,0,21630.0
2025-04-11T12:00,12,4,101,0,21252.0
2025-04-11T13:00,13,4,101,0,20575.0
2025-04-11T14:00,14,4,101,0,21570.0
2025-04-11T15:00,15,4,101,0,22695.0
2025-04-11T16:00,16,4,101,0,23867.0
2025-04-11T17:00,17,4,101,0,24861.0
2025-04-11T18:00,18,4,101,0,25405.0
2025-04-11T19:00,19,4,101,0,25829.0
2025-04-11T20:00,20,4,101,0,25412.0
2025-04-11T21:00,21,4,101,0,23876.0
2025-04-11T22:00,22,4,101,0,24972.0
2025-04-11T23:00,23,4,101,0,24653.0
2025-04-12T00:00,0,5,102,0,24864.0
2025-04-12T01:00,1,5,102,0,25295.0
2025-04-12T02:00,2,5,102,0,25860.0
2025-04-12T03:00,3,5,102,0,27032.0
2025-04-12T04:00,4,5,102,0,27543.0
2025-04-12T05:00,5,5,102,0,27314.0
2025-04-12T06:00,6,5,102,0,26551.0
2025-04-12T07:00,7,5,102,0,25403.0
2025-04-12T08:00,8,5,102,0,24066.0
2025-04-12T09:00,9,5,102,0,23084.0
2025-04-12T10:00,10,5,102,0,22004.0
2025-04-12T11:00,11,5,102,0,21163.0
2025-04-12T12:00,12,5,102,0,20556.0
2025-04-12T13:00,13,5,102,0,20176.0
2025-04-12T14:00,14,5,102,0,20335.0
2025-04-12T15:00,15,5,102,0,20519.0
2025-04-12T16:00,16,5,102,0,21601.0
2025-04-12T17:00,17,5,102,0,22942.0
2025-04-12T18:00,18,5,102,0,22836.0
2025-04-12T19:00,19,5,102,0,21393.0
2025-04-12T20:00,20,5,102,0,21740.0
2025-04-12T21:00,21,5,102,0,21046.0
2025-04-12T22:00,22,5,102,0,20583.0
2025-04-12T23:00,23,5,102,0,19882.0
2025-04-13T00:00,0,6,103,0,19632.0
2025-04-13T01:00,1,6,103,0,20229.0
2025-04-13T02:00,2,6,103,0,22356.0
2025-04-13T03:00,3,6,103,0,23758.0
2025-04-13T04:00,4,6,103,0,24637.0
2025-04-13T05:00,5,6,103,0,25019.0
2025-04-13T06:00,6,6,103,0,24416.0
2025-04-13T07:00,7,6,103,0,23426.0
2025-04-13T08:00,8,6,103,0,22322.0
2025-04-13T09:00,9,6,103,0,21627.0
2025-04-13T10:00,10,6,103,0,20797.0
2025-04-13T11:00,11,6,103,0,20013.0
2025-04-13T12:00,12,6,103,0,19424.0
2025-04-13T13:00,13,6,103,0,19063.0
2025-04-13T14:00,14,6,103,0,19394.0
2025-04-13T15:00,15,6,103,0,19684.0
2025-04-13T16:00,16,6,103,0,19536.0
2025-04-13T17:00,17,6,103,0,21199.0
2025-04-13T18:00,18,6,103,0,22064.0
2025-04-13T19:00,19,6,103,0,21233.0
2025-04-13T20:00,20,6,103,0,20268.0
2025-04-13T21:00,21,6,103,0,19772.0
2025-04-13T22:00,22,6,103,0,19042.0
2025-04-13T23:00,23,6,103,0,18528.0
2025-04-14T00:00,0,0,104,0,18534.0
2025-04-14T01:00,1,0,104,0,19625.0
2025-04-14T02:00,2,0,104,0,21213.0
2025-04-14T03:00,3,0,104,0,23338.0
2025-04-14T04:00,4,0,104,0,25131.0
2025-04-14T05:00,5,0,104,0,25440.0
2025-04-14T06:00,6,0,104,0,24479.0
2025-04-14T07:00,7,0,104,0,23061.0
2025-04-14T08:00,8,0,104,0,21706.0
2025-04-14T09:00,9,0,104,0,21229.0
2025-04-14T10:00,10,0,104,0,20463.0
2025-04-14T11:00,11,0,104,0,20076.0
2025-04-14T12:00,12,0,104,0,19796.0
2025-04-14T13:00,13,0,104,0,20107.0
2025-04-14T14:00,14,0,104,0,20960.0
2025-04-14T15:00,15,0,104,0,22488.0
2025-04-14T16:00,16,0,104,0,23415.0
2025-04-14T17:00,17,0,104,0,24548.0
2025-04-14T18:00,18,0,104,0,24167.0
2025-04-14T19:00,19,0,104,0,24782.0
2025-04-14T20:00,20,0,104,0,23988.0
2025-04-14T21:00,21,0,104,0,23729.0
2025-04-14T22:00,22,0,104,0,24399.0
2025-04-14T23:00,23,0,104,0,24770.0
2025-04-15T00:00,0,1,105,0,23388.0
2025-04-15T01:00,1,1,105,0,23170.0
2025-04-15T02:00,2,1,105,0,24206.0
2025-04-15T03:00,3,1,105,0,25222.0
2025-04-15T04:00,4,1,105,0,26418.0
2025-04-15T05:00,5,1,105,0,26411.0
2025-04-15T06:00,6,1,105,0,25499.0
2025-04-15T07:00,7,1,105,0,24264.0
2025-04-15T08:00,8,1,105,0,23286.0
2025-04-15T09:00,9,1,105,0,22278.0
2025-04-15T10:00,10,1,105,0,21511.0
2025-04-15T11:00,11,1,105,0,20958.0
2025-04-15T12:00,12,1,105,0,20519.0
2025-04-15T13:00,13,1,105,0,20625.0
2025-04-15T14:00,14,1,105,0,21810.0
2025-04-15T15:00,15,1,105,0,23170.0
2025-04-15T16:00,16,1,105,0,24533.0
2025-04-15T17:00,17,1,105,0,26091.0
2025-04-15T18:00,18,1,105,0,26873.0
2025-04-15T19:00,19,1,105,0,26305.0
2025-04-15T20:00,20,1,105,0,25641.0
2025-04-15T21:00,21,1,105,0,24722.0
2025-04-15T22:00,22,1,105,0,24285.0
2025-04-15T23:00,23,1,105,0,24220.0
2025-04-16T00:00,0,2,106,0,23627.0
2025-04-16T01:00,1,2,106,0,24181.0
2025-04-16T02:00,2,2,106,0,23817.0
2025-04-16T03:00,3,2,106,0,25269.0
2025-04-16T04:00,4,2,106,0,26150.0
2025-04-16T05:00,5,2,106,0,26267.0
2025-04-16T06:00,6,2,106,0,25832.0
2025-04-16T07:00,7,2,106,0,24150.0
2025-04-16T08:00,8,2,106,0,23000.0
2025-04-16T09:00,9,2,106,0,22065.0
2025-04-16T10:00,10,2,106,0,21368.0
2025-04-16T11:00,11,2,106,0,20749.0
2025-04-16T12:00,12,2,106,0,20682.0
2025-04-16T13:00,13,2,106,0,21162.0
2025-04-16T14:00,14,2,106,0,21707.0
2025-04-16T15:00,15,2,106,0,23056.0
2025-04-16T16:00,16,2,106,0,24671.0
2025-04-16T17:00,17,2,106,0,25740.0
2025-04-16T18:00,18,2,106,0,26504.0
2025-04-16T19:00,19,2,106,0,26932.0
2025-04-16T20:00,20,2,106,0,26716.0
2025-04-16T21:00,21,2,106,0,26431.0
2025-04-16T22:00,22,2,106,0,25779.0
2025-04-16T23:00,23,2,106,0,24528.0
2025-04-17T00:00,0,3,107,0,23517.0
2025-04-17T01:00,1,3,107,0,23128.0
2025-04-17T02:00,2,3,107,0,23204.0
2025-04-17T03:00,3,3,107,0,24198.0
2025-04-17T04:00,4,3,107,0,25757.0
2025-04-17T05:00,5,3,107,0,26144.0
2025-04-17T06:00,6,3,107,0,25604.0
2025-04-17T07:00,7,3,107,0,24497.0
2025-04-17T08:00,8,3,107,0,23188.0
2025-04-17T09:00,9,3,107,0,22271.0
2025-04-17T10:00,10,3,107,0,21272.0
2025-04-17T11:00,11,3,107,0,20637.0
2025-04-17T12:00,12,3,107,0,20286.0
2025-04-17T13:00,13,3,107,0,20477.0
2025-04-17T14:00,14,3,107,0,21660.0
2025-04-17T15:00,15,3,107,0,23102.0
2025-04-17T16:00,16,3,107,0,25780.0
2025-04-17T17:00,17,3,107,0,27277.0
2025-04-17T18:00,18,3,107,0,28038.0
2025-04-17T19:00,19,3,107,0,27733.0
2025-04-17T20:00,20,3,107,0,27223.0
2025-04-17T21:00,21,3,107,0,26848.0
2025-04-17T22:00,22,3,107,0,25882.0
2025-04-17T23:00,23,3,107,0,25128.0
2025-04-18T00:00,0,4,108,0,24393.0
2025-04-18T01:00,1,4,108,0,23622.0
2025-04-18T02:00,2,4,108,0,22938.0
2025-04-18T03:00,3,4,108,0,24129.0
2025-04-18T04:00,4,4,108,0,25116.0
2025-04-18T05:00,5,4,108,0,25353.0
2025-04-18T06:00,6,4,108,0,25135.0
2025-04-18T07:00,7,4,108,0,24201.0
2025-04-18T08:00,8,4,108,0,22847.0
2025-04-18T09:00,9,4,108,0,22523.0
2025-04-18T10:00,10,4,108,0,21750.0
2025-04-18T11:00,11,4,108,0,20950.0
2025-04-18T12:00,12,4,108,0,20506.0
2025-04-18T13:00,13,4,108,0,20680.0
2025-04-18T14:00,14,4,108,0,21733.0
2025-04-18T15:00,15,4,108,0,22967.0
2025-04-18T16:00,16,4,108,0,24740.0
2025-04-18T17:00,17,4,108,0,25923.0
2025-04-18T18:00,18,4,108,0,26275.0
2025-04-18T19:00,19,4,108,0,26010.0
2025-04-18T20:00,20,4,108,0,25228.0
2025-04-18T21:00,21,4,108,0,24326.0
2025-04-18T22:00,22,4,108,0,23443.0
2025-04-18T23:00,23,4,108,0,22640.0
2025-04-19T00:00,0,5,109,0,21238.0
2025-04-19T01:00,1,5,109,0,21550.0
2025-04-19T02:00,2,5,109,0,23633.0
2025-04-19T03:00,3,5,109,0,23632.0
2025-04-19T04:00,4,5,109,0,24919.0
2025-04-19T05:00,5,5,109,0,25324.0
2025-04-19T06:00,6,5,109,0,25109.0
2025-04-19T07:00,7,5,109,0,23775.0
2025-04-19T08:00,8,5,109,0,22302.0
2025-04-19T09:00,9,5,109,0,21976.0
2025-04-19T10:00,10,5,109,0,21252.0
2025-04-19T11:00,11,5,109,0,20725.0
2025-04-19T12:00,12,5,109,0,20402.0
2025-04-19T13:00,13,5,109,0,20140.0
2025-04-19T14:00,14,5,109,0,20597.0
2025-04-19T15:00,15,5,109,0,21027.0
2025-04-19T16:00,16,5,109,0,21853.0
2025-04-19T17:00,17,5,109,0,22406.0
2025-04-19T18:00,18,5,109,0,21893.0
2025-04-19T19:00,19,5,109,0,20407.0
2025-04-19T20:00,20,5,109,0,19687.0
2025-04-19T21:00,21,5,109,0,19161.0
2025-04-19T22:00,22,5,109,0,18749.0
2025-04-19T23:00,23,5,109,0,17886.0
2025-04-20T00:00,0,6,110,0,18025.0
2025-04-20T01:00,1,6,110,0,18927.0
2025-04-20T02:00,2,6,110,0,20731.0
2025-04-20T03:00,3,6,110,0,22302.0
2025-04-20T04:00,4,6,110,0,23722.0
2025-04-20T05:00,5,6,110,0,23868.0
2025-04-20T06:00,6,6,110,0,23312.0
2025-04-20T07:00,7,6,110,0,22430.0
2025-04-20T08:00,8,6,110,0,21321.0
2025-04-20T09:00,9,6,110,0,21053.0
2025-04-20T10:00,10,6,110,0,20724.0
2025-04-20T11:00,11,6,110,0,20022.0
2025-04-20T12:00,12,6,110,0,19731.0
2025-04-20T13:00,13,6,110,0,19500.0
2025-04-20T14:00,14,6,110,0,19723.0
2025-04-20T15:00,15,6,110,0,19872.0
2025-04-20T16:00,16,6,110,0,20915.0
2025-04-20T17:00,17,6,110,0,21576.0
2025-04-20T18:00,18,6,110,0,20570.0
2025-04-20T19:00,19,6,110,0,19716.0
2025-04-20T20:00,20,6,110,0,18365.0
2025-04-20T21:00,21,6,110,0,17173.0
2025-04-20T22:00,22,6,110,0,16632.0
2025-04-20T23:00,23,6,110,0,16129.0
2025-04-21T00:00,0,0,111,0,16514.0
2025-04-21T01:00,1,0,111,0,18010.0
2025-04-21T02:00,2,0,111,0,19922.0
2025-04-21T03:00,3,0,111,0,21433.0
2025-04-21T04:00,4,0,111,0,23234.0
2025-04-21T05:00,5,0,111,0,23762.0
2025-04-21T06:00,6,0,111,0,23555.0
2025-04-21T07:00,7,0,111,0,22474.0
2025-04-21T08:00,8,0,111,0,21387.0
2025-04-21T09:00,9,0,111,0,20615.0
2025-04-21T10:00,10,0,111,0,20909.0
2025-04-21T11:00,11,0,111,0,20092.0
2025-04-21T12:00,12,0,111,0,19804.0
2025-04-21T13:00,13,0,111,0,20068.0
2025-04-21T14:00,14,0,111,0,21231.0
2025-04-21T15:00,15,0,111,0,22023.0
2025-04-21T16:00,16,0,111,0,23664.0
2025-04-21T17:00,17,0,111,0,24295.0
2025-04-21T18:00,18,0,111,0,23540.0
2025-04-21T19:00,19,0,111,0,23143.0
2025-04-21T20:00,20,0,111,0,22361.0
2025-04-21T21:00,21,0,111,0,22123.0
2025-04-21T22:00,22,0,111,0,22483.0
2025-04-21T23:00,23,0,111,0,22083.0
2025-04-22T00:00,0,1,112,0,21733.0
2025-04-22T01:00,1,1,112,0,22162.0
2025-04-22T02:00,2,1,112,0,23734.0
2025-04-22T03:00,3,1,112,0,25637.0
2025-04-22T04:00,4,1,112,0,26869.0
2025-04-22T05:00,5,1,112,0,27048.0
2025-04-22T06:00,6,1,112,0,26260.0
2025-04-22T07:00,7,1,112,0,24796.0
2025-04-22T08:00,8,1,112,0,23202.0
2025-04-22T09:00,9,1,112,0,22241.0
2025-04-22T10:00,10,1,112,0,21395.0
2025-04-22T11:00,11,1,112,0,20716.0
2025-04-22T12:00,12,1,112,0,20288.0
2025-04-22T13:00,13,1,112,0,20749.0
2025-04-22T14:00,14,1,112,0,21756.0
2025-04-22T15:00,15,1,112,0,22829.0
2025-04-22T16:00,16,1,112,0,24115.0
2025-04-22T17:00,17,1,112,0,23701.0
2025-04-22T18:00,18,1,112,0,23032.0
2025-04-22T19:00,19,1,112,0,22049.0
2025-04-22T20:00,20,1,112,0,21557.0
2025-04-22T21:00,21,1,112,0,21084.0
2025-04-22T22:00,22,1,112,0,22090.0
2025-04-22T23:00,23,1,112,0,22038.0
2025-04-23T00:00,0,2,113,0,22677.0
2025-04-23T01:00,1,2,113,0,23288.0
2025-04-23T02:00,2,2,113,0,23697.0
2025-04-23T03:00,3,2,113,0,25280.0
2025-04-23T04:00,4,2,113,0,26484.0
2025-04-23T05:00,5,2,113,0,26983.0
2025-04-23T06:00,6,2,113,0,26147.0
2025-04-23T07:00,7,2,113,0,24590.0
2025-04-23T08:00,8,2,113,0,23066.0
2025-04-23T09:00,9,2,113,0,22357.0
2025-04-23T10:00,10,2,113,0,21686.0
2025-04-23T11:00,11,2,113,0,21467.0
2025-04-23T12:00,12,2,113,0,20814.0
2025-04-23T13:00,13,2,113,0,21062.0
2025-04-23T14:00,14,2,113,0,22262.0
2025-04-23T15:00,15,2,113,0,23518.0
2025-04-23T16:00,16,2,113,0,24908.0
2025-04-23T17:00,17,2,113,0,25857.0
2025-04-23T18:00,18,2,113,0,25389.0
2025-04-23T19:00,19,2,113,0,25301.0
2025-04-23T20:00,20,2,113,0,24436.0
2025-04-23T21:00,21,2,113,0,23427.0
2025-04-23T22:00,22,2,113,0,23417.0
2025-04-23T23:00,23,2,113,0,22657.0
2025-04-24T00:00,0,3,114,0,21419.0
2025-04-24T01:00,1,3,114,0,21736.0
2025-04-24T02:00,2,3,114,0,23048.0
2025-04-24T03:00,3,3,114,0,24766.0
2025-04-24T04:00,4,3,114,0,26448.0
2025-04-24T05:00,5,3,114,0,26559.0
2025-04-24T06:00,6,3,114,0,25774.0
2025-04-24T07:00,7,3,114,0,24409.0
2025-04-24T08:00,8,3,114,0,22913.0
2025-04-24T09:00,9,3,114,0,22559.0
2025-04-24T10:00,10,3,114,0,21770.0
2025-04-24T11:00,11,3,114,0,21277.0
2025-04-24T12:00,12,3,114,0,20877.0
2025-04-24T13:00,13,3,114,0,21059.0
2025-04-24T14:00,14,3,114,0,22157.0
2025-04-24T15:00,15,3,114,0,23505.0
2025-04-24T16:00,16,3,114,0,25004.0
2025-04-24T17:00,17,3,114,0,25782.0
2025-04-24T18:00,18,3,114,0,25516.0
2025-04-24T19:00,19,3,114,0,25103.0
2025-04-24T20:00,20,3,114,0,24188.0
2025-04-24T21:00,21,3,114,0,23320.0
2025-04-24T22:00,22,3,114,0,22733.0
2025-04-24T23:00,23,3,114,0,22259.0
2025-04-25T00:00,0,4,115,0,21983.0
2025-04-25T01:00,1,4,115,0,23046.0
2025-04-25T02:00,2,4,115,0,23261.0
2025-04-25T03:00,3,4,115,0,24593.0
2025-04-25T04:00,4,4,115,0,25566.0
2025-04-25T05:00,5,4,115,0,25900.0
2025-04-25T06:00,6,4,115,0,25417.0
2025-04-25T07:00,7,4,115,0,24441.0
2025-04-25T08:00,8,4,115,0,23325.0
2025-04-25T09:00,9,4,115,0,22862.0
2025-04-25T10:00,10,4,115,0,21935.0
2025-04-25T11:00,11,4,115,0,21118.0
2025-04-25T12:00,12,4,115,0,21079.0
2025-04-25T13:00,13,4,115,0,21163.0
2025-04-25T14:00,14,4,115,0,21967.0
2025-04-25T15:00,15,4,115,0,23318.0
2025-04-25T16:00,16,4,115,0,24680.0
2025-04-25T17:00,17,4,115,0,26046.0
2025-04-25T18:00,18,4,115,0,26853.0
2025-04-25T19:00,19,4,115,0,26135.0
2025-04-25T20:00,20,4,115,0,26374.0
2025-04-25T21:00,21,4,115,0,25904.0
2025-04-25T22:00,22,4,115,0,24817.0
2025-04-25T23:00,23,4,115,0,25610.0
2025-04-26T00:00,0,5,116,0,24710.0
2025-04-26T01:00,1,5,116,0,23118.0
2025-04-26T02:00,2,5,116,0,22633.0
2025-04-26T03:00,3,5,116,0,23515.0
2025-04-26T04:00,4,5,116,0,24823.0
2025-04-26T05:00,5,5,116,0,25368.0
2025-04-26T06:00,6,5,116,0,25033.0
2025-04-26T07:00,7,5,116,0,24301.0
2025-04-26T08:00,8,5,116,0,22992.0
2025-04-26T09:00,9,5,116,0,22304.0
2025-04-26T10:00,10,5,116,0,21672.0
2025-04-26T11:00,11,5,116,0,20807.0
2025-04-26T12:00,12,5,116,0,20141.0
2025-04-26T13:00,13,5,116,0,20100.0
2025-04-26T14:00,14,5,116,0,20514.0
2025-04-26T15:00,15,5,116,0,21155.0
2025-04-26T16:00,16,5,116,0,22637.0
2025-04-26T17:00,17,5,116,0,23791.0
2025-04-26T18:00,18,5,116,0,23270.0
2025-04-26T19:00,19,5,116,0,22758.0
2025-04-26T20:00,20,5,116,0,23575.0
2025-04-26T21:00,21,5,116,0,23450.0
2025-04-26T22:00,22,5,116,0,22550.0
2025-04-26T23:00,23,5,116,0,21640.0
2025-04-27T00:00,0,6,117,0,21751.0
2025-04-27T01:00,1,6,117,0,20879.0
2025-04-27T02:00,2,6,117,0,21262.0
2025-04-27T03:00,3,6,117,0,21775.0
2025-04-27T04:00,4,6,117,0,23190.0
2025-04-27T05:00,5,6,117,0,23653.0
2025-04-27T06:00,6,6,117,0,23392.0
2025-04-27T07:00,7,6,117,0,22733.0
2025-04-27T08:00,8,6,117,0,22253.0
2025-04-27T09:00,9,6,117,0,21896.0
2025-04-27T10:00,10,6,117,0,21229.0
2025-04-27T11:00,11,6,117,0,20534.0
2025-04-27T12:00,12,6,117,0,20017.0
2025-04-27T13:00,13,6,117,0,20042.0
2025-04-27T14:00,14,6,117,0,20122.0
2025-04-27T15:00,15,6,117,0,20267.0
2025-04-27T16:00,16,6,117,0,21055.0
2025-04-27T17:00,17,6,117,0,21997.0
2025-04-27T18:00,18,6,117,0,21418.0
2025-04-27T19:00,19,6,117,0,21344.0
2025-04-27T20:00,20,6,117,0,21908.0
2025-04-27T21:00,21,6,117,0,22123.0
2025-04-27T22:00,22,6,117,0,22074.0
2025-04-27T23:00,23,6,117,0,21260.0
2025-04-28T00:00,0,0,118,0,20994.0
2025-04-28T01:00,1,0,118,0,20799.0
2025-04-28T02:00,2,0,118,0,21531.0
2025-04-28T03:00,3,0,118,0,22136.0
2025-04-28T04:00,4,0,118,0,23550.0
2025-04-28T05:00,5,0,118,0,24140.0
2025-04-28T06:00,6,0,118,0,23750.0
2025-04-28T07:00,7,0,118,0,22754.0
2025-04-28T08:00,8,0,118,0,21513.0
2025-04-28T09:00,9,0,118,0,21153.0
2025-04-28T10:00,10,0,118,0,20964.0
2025-04-28T11:00,11,0,118,0,20164.0
2025-04-28T12:00,12,0,118,0,19657.0
2025-04-28T13:00,13,0,118,0,19932.0
2025-04-28T14:00,14,0,118,0,21620.0
2025-04-28T15:00,15,0,118,0,23267.0
2025-04-28T16:00,16,0,118,0,24420.0
2025-04-28T17:00,17,0,118,0,24342.0
2025-04-28T18:00,18,0,118,0,23758.0
2025-04-28T19:00,19,0,118,0,24457.0
2025-04-28T20:00,20,0,118,0,23728.0
2025-04-28T21:00,21,0,118,0,23184.0
2025-04-28T22:00,22,0,118,0,22578.0
2025-04-28T23:00,23,0,118,0,21334.0
2025-04-29T00:00,0,1,119,0,21103.0
2025-04-29T01:00,1,1,119,0,21352.0
2025-04-29T02:00,2,1,119,0,22187.0
2025-04-29T03:00,3,1,119,0,23554.0
2025-04-29T04:00,4,1,119,0,25342.0
2025-04-29T05:00,5,1,119,0,25826.0
2025-04-29T06:00,6,1,119,0,25149.0
2025-04-29T07:00,7,1,119,0,23917.0
2025-04-29T08:00,8,1,119,0,22570.0
2025-04-29T09:00,9,1,119,0,21860.0
2025-04-29T10:00,10,1,119,0,21130.0
2025-04-29T11:00,11,1,119,0,20555.0
2025-04-29T12:00,12,1,119,0,20577.0
2025-04-29T13:00,13,1,119,0,21039.0
2025-04-29T14:00,14,1,119,0,22014.0
2025-04-29T15:00,15,1,119,0,23437.0
2025-04-29T16:00,16,1,119,0,24357.0
2025-04-29T17:00,17,1,119,0,24265.0
2025-04-29T18:00,18,1,119,0,24212.0
2025-04-29T19:00,19,1,119,0,23801.0
2025-04-29T20:00,20,1,119,0,23537.0
2025-04-29T21:00,21,1,119,0,22816.0
2025-04-29T22:00,22,1,119,0,22836.0
2025-04-29T23:00,23,1,119,0,21404.0
2025-04-30T00:00,0,2,120,0,21885.0
2025-04-30T01:00,1,2,120,0,21951.0
2025-04-30T02:00,2,2,120,0,23501.0
2025-04-30T03:00,3,2,120,0,25053.0
2025-04-30T04:00,4,2,120,0,26359.0
2025-04-30T05:00,5,2,120,0,26718.0
2025-04-30T06:00,6,2,120,0,26086.0
2025-04-30T07:00,7,2,120,0,24827.0
2025-04-30T08:00,8,2,120,0,23251.0
2025-04-30T09:00,9,2,120,0,22568.0
2025-04-30T10:00,10,2,120,0,21855.0
2025-04-30T11:00,11,2,120,0,21357.0
2025-04-30T12:00,12,2,120,0,20793.0
2025-04-30T13:00,13,2,120,0,20984.0
2025-04-30T14:00,14,2,120,0,21851.0
2025-04-30T15:00,15,2,120,0,23320.0
2025-04-30T16:00,16,2,120,0,24675.0
2025-04-30T17:00,17,2,120,0,24930.0
2025-04-30T18:00,18,2,120,0,24566.0
2025-04-30T19:00,19,2,120,0,24550.0
2025-04-30T20:00,20,2,120,0,23329.0
2025-04-30T21:00,21,2,120,0,23358.0
2025-04-30T22:00,22,2,120,0,23335.0
2025-04-30T23:00,23,2,120,0,22170.0
2025-05-01T00:00,0,3,121,0,22576.0
2025-05-01T01:00,1,3,121,0,22918.0
2025-05-01T02:00,2,3,121,0,23707.0
2025-05-01T03:00,3,3,121,0,25674.0
2025-05-01T04:00,4,3,121,0,26841.0
2025-05-01T05:00,5,3,121,0,27298.0
2025-05-01T06:00,6,3,121,0,26506.0
2025-05-01T07:00,7,3,121,0,24874.0
2025-05-01T08:00,8,3,121,0,23383.0
2025-05-01T09:00,9,3,121,0,22708.0
2025-05-01T10:00,10,3,121,0,21904.0
2025-05-01T11:00,11,3,121,0,21248.0
2025-05-01T12:00,12,3,121,0,20731.0
2025-05-01T13:00,13,3,121,0,21114.0
2025-05-01T14:00,14,3,121,0,21878.0
2025-05-01T15:00,15,3,121,0,23060.0
2025-05-01T16:00,16,3,121,0,24708.0
2025-05-01T17:00,17,3,121,0,25054.0
2025-05-01T18:00,18,3,121,0,25108.0
2025-05-01T19:00,19,3,121,0,25370.0
2025-05-01T20:00,20,3,121,0,25678.0
2025-05-01T21:00,21,3,121,0,24464.0
2025-05-01T22:00,22,3,121,0,23382.0
2025-05-01T23:00,23,3,121,0,21511.0
2025-05-02T00:00,0,4,122,0,21993.0
2025-05-02T01:00,1,4,122,0,22523.0
2025-05-02T02:00,2,4,122,0,23889.0
2025-05-02T03:00,3,4,122,0,25477.0
2025-05-02T04:00,4,4,122,0,26620.0
2025-05-02T05:00,5,4,122,0,26988.0
2025-05-02T06:00,6,4,122,0,26510.0
2025-05-02T07:00,7,4,122,0,25235.0
2025-05-02T08:00,8,4,122,0,23820.0
2025-05-02T09:00,9,4,122,0,22805.0
2025-05-02T10:00,10,4,122,0,21877.0
2025-05-02T11:00,11,4,122,0,21374.0
2025-05-02T12:00,12,4,122,0,21111.0
2025-05-02T13:00,13,4,122,0,21150.0
2025-05-02T14:00,14,4,122,0,22183.0
2025-05-02T15:00,15,4,122,0,23489.0
2025-05-02T16:00,16,4,122,0,24831.0
2025-05-02T17:00,17,4,122,0,25393.0
2025-05-02T18:00,18,4,122,0,25579.0
2025-05-02T19:00,19,4,122,0,24801.0
2025-05-02T20:00,20,4,122,0,24689.0
2025-05-02T21:00,21,4,122,0,24583.0
2025-05-02T22:00,22,4,122,0,24216.0
2025-05-02T23:00,23,4,122,0,22989.0
2025-05-03T00:00,0,5,123,0,21906.0
2025-05-03T01:00,1,5,123,0,22560.0
2025-05-03T02:00,2,5,123,0,23601.0
2025-05-03T03:00,3,5,123,0,25118.0
2025-05-03T04:00,4,5,123,0,26519.0
2025-05-03T05:00,5,5,123,0,26922.0
2025-05-03T06:00,6,5,123,0,26436.0
2025-05-03T07:00,7,5,123,0,25337.0
2025-05-03T08:00,8,5,123,0,24059.0
2025-05-03T09:00,9,5,123,0,23106.0
2025-05-03T10:00,10,5,123,0,22256.0
2025-05-03T11:00,11,5,123,0,21286.0
2025-05-03T12:00,12,5,123,0,20794.0
2025-05-03T13:00,13,5,123,0,20428.0
2025-05-03T14:00,14,5,123,0,20893.0
2025-05-03T15:00,15,5,123,0,21181.0
2025-05-03T16:00,16,5,123,0,22501.0
2025-05-03T17:00,17,5,123,0,23232.0
2025-05-03T18:00,18,5,123,0,23250.0
2025-05-03T19:00,19,5,123,0,23055.0
2025-05-03T20:00,20,5,123,0,23333.0
2025-05-03T21:00,21,5,123,0,22424.0
2025-05-03T22:00,22,5,123,0,22490.0
2025-05-03T23:00,23,5,123,0,22543.0
2025-05-04T00:00,0,6,124,0,21959.0
2025-05-04T01:00,1,6,124,0,20458.0
2025-05-04T02:00,2,6,124,0,21566.0
2025-05-04T03:00,3,6,124,0,22179.0
2025-05-04T04:00,4,6,124,0,23520.0
2025-05-04T05:00,5,6,124,0,24138.0
2025-05-04T06:00,6,6,124,0,23753.0
2025-05-04T07:00,7,6,124,0,22856.0
2025-05-04T08:00,8,6,124,0,22048.0
2025-05-04T09:00,9,6,124,0,21569.0
2025-05-04T10:00,10,6,124,0,20982.0
2025-05-04T11:00,11,6,124,0,20511.0
2025-05-04T12:00,12,6,124,0,20152.0
2025-05-04T13:00,13,6,124,0,19794.0
2025-05-04T14:00,14,6,124,0,20063.0
2025-05-04T15:00,15,6,124,0,20073.0
2025-05-04T16:00,16,6,124,0,20373.0
2025-05-04T17:00,17,6,124,0,20581.0
2025-05-04T18:00,18,6,124,0,19721.0
2025-05-04T19:00,19,6,124,0,21663.0
2025-05-04T20:00,20,6,124,0,21719.0
2025-05-04T21:00,21,6,124,0,20546.0
2025-05-04T22:00,22,6,124,0,19031.0
2025-05-04T23:00,23,6,124,0,18568.0
2025-05-05T00:00,0,0,125,0,18988.0
2025-05-05T01:00,1,0,125,0,19732.0
2025-05-05T02:00,2,0,125,0,21401.0
2025-05-05T03:00,3,0,125,0,22621.0
2025-05-05T04:00,4,0,125,0,23747.0
2025-05-05T05:00,5,0,125,0,24447.0
2025-05-05T06:00,6,0,125,0,24272.0
2025-05-05T07:00,7,0,125,0,22994.0
2025-05-05T08:00,8,0,125,0,21671.0
2025-05-05T09:00,9,0,125,0,21295.0
2025-05-05T10:00,10,0,125,0,20673.0
2025-05-05T11:00,11,0,125,0,20510.0
2025-05-05T12:00,12,0,125,0,20276.0
2025-05-05T13:00,13,0,125,0,20645.0
2025-05-05T14:00,14,0,125,0,21744.0
2025-05-05T15:00,15,0,125,0,22862.0
2025-05-05T16:00,16,0,125,0,23684.0
2025-05-05T17:00,17,0,125,0,23275.0
2025-05-05T18:00,18,0,125,0,24593.0
2025-05-05T19:00,19,0,125,0,25648.0
2025-05-05T20:00,20,0,125,0,26054.0
2025-05-05T21:00,21,0,125,0,25629.0
2025-05-05T22:00,22,0,125,0,24658.0
2025-05-05T23:00,23,0,125,0,23238.0
2025-05-06T00:00,0,1,126,0,22820.0
2025-05-06T01:00,1,1,126,0,24038.0
2025-05-06T02:00,2,1,126,0,25069.0
2025-05-06T03:00,3,1,126,0,25862.0
2025-05-06T04:00,4,1,126,0,26845.0
2025-05-06T05:00,5,1,126,0,27191.0
2025-05-06T06:00,6,1,126,0,26447.0
2025-05-06T07:00,7,1,126,0,24985.0
2025-05-06T08:00,8,1,126,0,23764.0
2025-05-06T09:00,9,1,126,0,22828.0
2025-05-06T10:00,10,1,126,0,22081.0
2025-05-06T11:00,11,1,126,0,20990.0
2025-05-06T12:00,12,1,126,0,20620.0
2025-05-06T13:00,13,1,126,0,20781.0
2025-05-06T14:00,14,1,126,0,22064.0
2025-05-06T15:00,15,1,126,0,23233.0
2025-05-06T16:00,16,1,126,0,23821.0
2025-05-06T17:00,17,1,126,0,23677.0
2025-05-06T18:00,18,1,126,0,23852.0
2025-05-06T19:00,19,1,126,0,23618.0
2025-05-06T20:00,20,1,126,0,24539.0
2025-05-06T21:00,21,1,126,0,24119.0
2025-05-06T22:00,22,1,126,0,25061.0
2025-05-06T23:00,23,1,126,0,25716.0
2025-05-07T00:00,0,2,127,0,25666.0
2025-05-07T01:00,1,2,127,0,25207.0
2025-05-07T02:00,2,2,127,0,25175.0
2025-05-07T03:00,3,2,127,0,25742.0
2025-05-07T04:00,4,2,127,0,26881.0
2025-05-07T05:00,5,2,127,0,27136.0
2025-05-07T06:00,6,2,127,0,26650.0
2025-05-07T07:00,7,2,127,0,25128.0
2025-05-07T08:00,8,2,127,0,23552.0
2025-05-07T09:00,9,2,127,0,22911.0
2025-05-07T10:00,10,2,127,0,22211.0
2025-05-07T11:00,11,2,127,0,21289.0
2025-05-07T12:00,12,2,127,0,20991.0
2025-05-07T13:00,13,2,127,0,21223.0
2025-05-07T14:00,14,2,127,0,22165.0
2025-05-07T15:00,15,2,127,0,23708.0
2025-05-07T16:00,16,2,127,0,24582.0
2025-05-07T17:00,17,2,127,0,23310.0
2025-05-07T18:00,18,2,127,0,24263.0
2025-05-07T19:00,19,2,127,0,24541.0
2025-05-07T20:00,20,2,127,0,24837.0
2025-05-07T21:00,21,2,127,0,23535.0
2025-05-07T22:00,22,2,127,0,23425.0
2025-05-07T23:00,23,2,127,0,23078.0
2025-05-08T00:00,0,3,128,0,22531.0
2025-05-08T01:00,1,3,128,0,23075.0
2025-05-08T02:00,2,3,128,0,23876.0
2025-05-08T03:00,3,3,128,0,25428.0
2025-05-08T04:00,4,3,128,0,26786.0
2025-05-08T05:00,5,3,128,0,27329.0
2025-05-08T06:00,6,3,128,0,26762.0
2025-05-08T07:00,7,3,128,0,25395.0
2025-05-08T08:00,8,3,128,0,23867.0
2025-05-08T09:00,9,3,128,0,23076.0
2025-05-08T10:00,10,3,128,0,22280.0
2025-05-08T11:00,11,3,128,0,21392.0
2025-05-08T12:00,12,3,128,0,20904.0
2025-05-08T13:00,13,3,128,0,21046.0
2025-05-08T14:00,14,3,128,0,22004.0
2025-05-08T15:00,15,3,128,0,23337.0
2025-05-08T16:00,16,3,128,0,25256.0
2025-05-08T17:00,17,3,128,0,24669.0
2025-05-08T18:00,18,3,128,0,25039.0
2025-05-08T19:00,19,3,128,0,24303.0
2025-05-08T20:00,20,3,128,0,23666.0
2025-05-08T21:00,21,3,128,0,23108.0
2025-05-08T22:00,22,3,128,0,23214.0
2025-05-08T23:00,23,3,128,0,23502.0
2025-05-09T00:00,0,4,129,0,24426.0
2025-05-09T01:00,1,4,129,0,25568.0
2025-05-09T02:00,2,4,129,0,26636.0
2025-05-09T03:00,3,4,129,0,28205.0
2025-05-09T04:00,4,4,129,0,28967.0
2025-05-09T05:00,5,4,129,0,29107.0
2025-05-09T06:00,6,4,129,0,28288.0
2025-05-09T07:00,7,4,129,0,26675.0
2025-05-09T08:00,8,4,129,0,25054.0
2025-05-09T09:00,9,4,129,0,24142.0
2025-05-09T10:00,10,4,129,0,22959.0
2025-05-09T11:00,11,4,129,0,21932.0
2025-05-09T12:00,12,4,129,0,21498.0
2025-05-09T13:00,13,4,129,0,21406.0
2025-05-09T14:00,14,4,129,0,22300.0
2025-05-09T15:00,15,4,129,0,23622.0
2025-05-09T16:00,16,4,129,0,26174.0
2025-05-09T17:00,17,4,129,0,26743.0
2025-05-09T18:00,18,4,129,0,27069.0
2025-05-09T19:00,19,4,129,0,26572.0
2025-05-09T20:00,20,4,129,0,26885.0
2025-05-09T21:00,21,4,129,0,27127.0
2025-05-09T22:00,22,4,129,0,27346.0
2025-05-09T23:00,23,4,129,0,26990.0
2025-05-10T00:00,0,5,130,0,27992.0
2025-05-10T01:00,1,5,130,0,29569.0
2025-05-10T02:00,2,5,130,0,31194.0
2025-05-10T03:00,3,5,130,0,32187.0
2025-05-10T04:00,4,5,130,0,32240.0
2025-05-10T05:00,5,5,130,0,31619.0
2025-05-10T06:00,6,5,130,0,30425.0
2025-05-10T07:00,7,5,130,0,28630.0
2025-05-10T08:00,8,5,130,0,26772.0
2025-05-10T09:00,9,5,130,0,25415.0
2025-05-10T10:00,10,5,130,0,24162.0
2025-05-10T11:00,11,5,130,0,23081.0
2025-05-10T12:00,12,5,130,0,22174.0
2025-05-10T13:00,13,5,130,0,21610.0
2025-05-10T14:00,14,5,130,0,21663.0
2025-05-10T15:00,15,5,130,0,22041.0
2025-05-10T16:00,16,5,130,0,24494.0
2025-05-10T17:00,17,5,130,0,25558.0
2025-05-10T18:00,18,5,130,0,25884.0
2025-05-10T19:00,19,5,130,0,25744.0
2025-05-10T20:00,20,5,130,0,25144.0
2025-05-10T21:00,21,5,130,0,24820.0
2025-05-10T22:00,22,5,130,0,25716.0
2025-05-10T23:00,23,5,130,0,26084.0
2025-05-11T00:00,0,6,131,0,27387.0
2025-05-11T01:00,1,6,131,0,28977.0
2025-05-11T02:00,2,6,131,0,30866.0
2025-05-11T03:00,3,6,131,0,32624.0
2025-05-11T04:00,4,6,131,0,32612.0
2025-05-11T05:00,5,6,131,0,31723.0
2025-05-11T06:00,6,6,131,0,30417.0
2025-05-11T07:00,7,6,131,0,28233.0
2025-05-11T08:00,8,6,131,0,26714.0
2025-05-11T09:00,9,6,131,0,24663.0
2025-05-11T10:00,10,6,131,0,23513.0
2025-05-11T11:00,11,6,131,0,22214.0
2025-05-11T12:00,12,6,131,0,21576.0
2025-05-11T13:00,13,6,131,0,21285.0
2025-05-11T14:00,14,6,131,0,21031.0
2025-05-11T15:00,15,6,131,0,20578.0
2025-05-11T16:00,16,6,131,0,21311.0
2025-05-11T17:00,17,6,131,0,21522.0
2025-05-11T18:00,18,6,131,0,22094.0
2025-05-11T19:00,19,6,131,0,23209.0
2025-05-11T20:00,20,6,131,0,22066.0
2025-05-11T21:00,21,6,131,0,21829.0
2025-05-11T22:00,22,6,131,0,22693.0
2025-05-11T23:00,23,6,131,0,23562.0
2025-05-12T00:00,0,0,132,0,24159.0
2025-05-12T01:00,1,0,132,0,25297.0
2025-05-12T02:00,2,0,132,0,26904.0
2025-05-12T03:00,3,0,132,0,27801.0
2025-05-12T04:00,4,0,132,0,28220.0
2025-05-12T05:00,5,0,132,0,27689.0
2025-05-12T06:00,6,0,132,0,26973.0
2025-05-12T07:00,7,0,132,0,25391.0
2025-05-12T08:00,8,0,132,0,23805.0
2025-05-12T09:00,9,0,132,0,23067.0
2025-05-12T10:00,10,0,132,0,22166.0
2025-05-12T11:00,11,0,132,0,21207.0
2025-05-12T12:00,12,0,132,0,21141.0
2025-05-12T13:00,13,0,132,0,21172.0
2025-05-12T14:00,14,0,132,0,21834.0
2025-05-12T15:00,15,0,132,0,23215.0
2025-05-12T16:00,16,0,132,0,25276.0
2025-05-12T17:00,17,0,132,0,25600.0
2025-05-12T18:00,18,0,132,0,26124.0
2025-05-12T19:00,19,0,132,0,26108.0
2025-05-12T20:00,20,0,132,0,26911.0
2025-05-12T21:00,21,0,132,0,26813.0
2025-05-12T22:00,22,0,132,0,25872.0
2025-05-12T23:00,23,0,132,0,24772.0
2025-05-13T00:00,0,1,133,0,23674.0
2025-05-13T01:00,1,1,133,0,23547.0
2025-05-13T02:00,2,1,133,0,24142.0
2025-05-13T03:00,3,1,133,0,25490.0
2025-05-13T04:00,4,1,133,0,26223.0
2025-05-13T05:00,5,1,133,0,26815.0
2025-05-13T06:00,6,1,133,0,26408.0
2025-05-13T07:00,7,1,133,0,25126.0
2025-05-13T08:00,8,1,133,0,24031.0
2025-05-13T09:00,9,1,133,0,22980.0
2025-05-13T10:00,10,1,133,0,22238.0
2025-05-13T11:00,11,1,133,0,21387.0
2025-05-13T12:00,12,1,133,0,20989.0
2025-05-13T13:00,13,1,133,0,21091.0
2025-05-13T14:00,14,1,133,0,21902.0
2025-05-13T15:00,15,1,133,0,23042.0
2025-05-13T16:00,16,1,133,0,24870.0
2025-05-13T17:00,17,1,133,0,25632.0
2025-05-13T18:00,18,1,133,0,25851.0
2025-05-13T19:00,19,1,133,0,25461.0
2025-05-13T20:00,20,1,133,0,25002.0
2025-05-13T21:00,21,1,133,0,24463.0
2025-05-13T22:00,22,1,133,0,23333.0
2025-05-13T23:00,23,1,133,0,22753.0
2025-05-14T00:00,0,2,134,0,22350.0
2025-05-14T01:00,1,2,134,0,22963.0
2025-05-14T02:00,2,2,134,0,23401.0
2025-05-14T03:00,3,2,134,0,24683.0
2025-05-14T04:00,4,2,134,0,25725.0
2025-05-14T05:00,5,2,134,0,26594.0
2025-05-14T06:00,6,2,134,0,26168.0
2025-05-14T07:00,7,2,134,0,24746.0
2025-05-14T08:00,8,2,134,0,23512.0
2025-05-14T09:00,9,2,134,0,22941.0
2025-05-14T10:00,10,2,134,0,22410.0
2025-05-14T11:00,11,2,134,0,21505.0
2025-05-14T12:00,12,2,134,0,21102.0
2025-05-14T13:00,13,2,134,0,21393.0
2025-05-14T14:00,14,2,134,0,22310.0
2025-05-14T15:00,15,2,134,0,23152.0
2025-05-14T16:00,16,2,134,0,24856.0
2025-05-14T17:00,17,2,134,0,25495.0
2025-05-14T18:00,18,2,134,0,24685.0
2025-05-14T19:00,19,2,134,0,23961.0
2025-05-14T20:00,20,2,134,0,23083.0
2025-05-14T21:00,21,2,134,0,22754.0
2025-05-14T22:00,22,2,134,0,22464.0
2025-05-14T23:00,23,2,134,0,21674.0
2025-05-15T00:00,0,3,135,0,22187.0
2025-05-15T01:00,1,3,135,0,23536.0
2025-05-15T02:00,2,3,135,0,24480.0
2025-05-15T03:00,3,3,135,0,25803.0
2025-05-15T04:00,4,3,135,0,26581.0
2025-05-15T05:00,5,3,135,0,27127.0
2025-05-15T06:00,6,3,135,0,26695.0
2025-05-15T07:00,7,3,135,0,25741.0
2025-05-15T08:00,8,3,135,0,24152.0
2025-05-15T09:00,9,3,135,0,23484.0
2025-05-15T10:00,10,3,135,0,22561.0
2025-05-15T11:00,11,3,135,0,21681.0
2025-05-15T12:00,12,3,135,0,21186.0
2025-05-15T13:00,13,3,135,0,21459.0
2025-05-15T14:00,14,3,135,0,22346.0
2025-05-15T15:00,15,3,135,0,23679.0
2025-05-15T16:00,16,3,135,0,25100.0
2025-05-15T17:00,17,3,135,0,25939.0
2025-05-15T18:00,18,3,135,0,25568.0
2025-05-15T19:00,19,3,135,0,25020.0
2025-05-15T20:00,20,3,135,0,23865.0
2025-05-15T21:00,21,3,135,0,23246.0
2025-05-15T22:00,22,3,135,0,22629.0
2025-05-15T23:00,23,3,135,0,22582.0
2025-05-16T00:00,0,4,136,0,23512.0
2025-05-16T01:00,1,4,136,0,24127.0
2025-05-16T02:00,2,4,136,0,25420.0
2025-05-16T03:00,3,4,136,0,26481.0
2025-05-16T04:00,4,4,136,0,27445.0
2025-05-16T05:00,5,4,136,0,28022.0
2025-05-16T06:00,6,4,136,0,27461.0
2025-05-16T07:00,7,4,136,0,26098.0
2025-05-16T08:00,8,4,136,0,24455.0
2025-05-16T09:00,9,4,136,0,23912.0
2025-05-16T10:00,10,4,136,0,22906.0
2025-05-16T11:00,11,4,136,0,22020.0
2025-05-16T12:00,12,4,136,0,21701.0
2025-05-16T13:00,13,4,136,0,21464.0
2025-05-16T14:00,14,4,136,0,22344.0
2025-05-16T15:00,15,4,136,0,23384.0
2025-05-16T16:00,16,4,136,0,25129.0
2025-05-16T17:00,17,4,136,0,26738.0
2025-05-16T18:00,18,4,136,0,26121.0
2025-05-16T19:00,19,4,136,0,25516.0
2025-05-16T20:00,20,4,136,0,24854.0
2025-05-16T21:00,21,4,136,0,24708.0
2025-05-16T22:00,22,4,136,0,24454.0
2025-05-16T23:00,23,4,136,0,23464.0
2025-05-17T00:00,0,5,137,0,24002.0
2025-05-17T01:00,1,5,137,0,24465.0
2025-05-17T02:00,2,5,137,0,25862.0
2025-05-17T03:00,3,5,137,0,26301.0
2025-05-17T04:00,4,5,137,0,27417.0
2025-05-17T05:00,5,5,137,0,27631.0
2025-05-17T06:00,6,5,137,0,27144.0
2025-05-17T07:00,7,5,137,0,25757.0
2025-05-17T08:00,8,5,137,0,24656.0
2025-05-17T09:00,9,5,137,0,23755.0
2025-05-17T10:00,10,5,137,0,22732.0
2025-05-17T11:00,11,5,137,0,21707.0
2025-05-17T12:00,12,5,137,0,21156.0
2025-05-17T13:00,13,5,137,0,20895.0
2025-05-17T14:00,14,5,137,0,21255.0
2025-05-17T15:00,15,5,137,0,21538.0
2025-05-17T16:00,16,5,137,0,22012.0
2025-05-17T17:00,17,5,137,0,21601.0
2025-05-17T18:00,18,5,137,0,22065.0
2025-05-17T19:00,19,5,137,0,22393.0
2025-05-17T20:00,20,5,137,0,22186.0
2025-05-17T21:00,21,5,137,0,22184.0
2025-05-17T22:00,22,5,137,0,22488.0
2025-05-17T23:00,23,5,137,0,22154.0
2025-05-18T00:00,0,6,138,0,21735.0
2025-05-18T01:00,1,6,138,0,21812.0
2025-05-18T02:00,2,6,138,0,22701.0
2025-05-18T03:00,3,6,138,0,22924.0
2025-05-18T04:00,4,6,138,0,24244.0
2025-05-18T05:00,5,6,138,0,24706.0
2025-05-18T06:00,6,6,138,0,24447.0
2025-05-18T07:00,7,6,138,0,23593.0
2025-05-18T08:00,8,6,138,0,22618.0
2025-05-18T09:00,9,6,138,0,21849.0
2025-05-18T10:00,10,6,138,0,21028.0
2025-05-18T11:00,11,6,138,0,20217.0
2025-05-18T12:00,12,6,138,0,19805.0
2025-05-18T13:00,13,6,138,0,19617.0
2025-05-18T14:00,14,6,138,0,20237.0
2025-05-18T15:00,15,6,138,0,20492.0
2025-05-18T16:00,16,6,138,0,21680.0
2025-05-18T17:00,17,6,138,0,22174.0
2025-05-18T18:00,18,6,138,0,21908.0
2025-05-18T19:00,19,6,138,0,21425.0
2025-05-18T20:00,20,6,138,0,20046.0
2025-05-18T21:00,21,6,138,0,19296.0
2025-05-18T22:00,22,6,138,0,19542.0
2025-05-18T23:00,23,6,138,0,18857.0
2025-05-19T00:00,0,0,139,0,18889.0
2025-05-19T01:00,1,0,139,0,19658.0
2025-05-19T02:00,2,0,139,0,21311.0
2025-05-19T03:00,3,0,139,0,23374.0
2025-05-19T04:00,4,0,139,0,24781.0
2025-05-19T05:00,5,0,139,0,25506.0
2025-05-19T06:00,6,0,139,0,25335.0
2025-05-19T07:00,7,0,139,0,23990.0
2025-05-19T08:00,8,0,139,0,22328.0
2025-05-19T09:00,9,0,139,0,21563.0
2025-05-19T10:00,10,0,139,0,20943.0
2025-05-19T11:00,11,0,139,0,20132.0
2025-05-19T12:00,12,0,139,0,19880.0
2025-05-19T13:00,13,0,139,0,20470.0
2025-05-19T14:00,14,0,139,0,21626.0
2025-05-19T15:00,15,0,139,0,22897.0
2025-05-19T16:00,16,0,139,0,25391.0
2025-05-19T17:00,17,0,139,0,26504.0
2025-05-19T18:00,18,0,139,0,26337.0
2025-05-19T19:00,19,0,139,0,25718.0
2025-05-19T20:00,20,0,139,0,25224.0
2025-05-19T21:00,21,0,139,0,24479.0
2025-05-19T22:00,22,0,139,0,24437.0
2025-05-19T23:00,23,0,139,0,24892.0
2025-05-20T00:00,0,1,140,0,25446.0
2025-05-20T01:00,1,1,140,0,26133.0
2025-05-20T02:00,2,1,140,0,27917.0
2025-05-20T03:00,3,1,140,0,29023.0
2025-05-20T04:00,4,1,140,0,29478.0
2025-05-20T05:00,5,1,140,0,29659.0
2025-05-20T06:00,6,1,140,0,29007.0
2025-05-20T07:00,7,1,140,0,27099.0
2025-05-20T08:00,8,1,140,0,25374.0
2025-05-20T09:00,9,1,140,0,24494.0
2025-05-20T10:00,10,1,140,0,23533.0
2025-05-20T11:00,11,1,140,0,22576.0
2025-05-20T12:00,12,1,140,0,22220.0
2025-05-20T13:00,13,1,140,0,22243.0
2025-05-20T14:00,14,1,140,0,23274.0
2025-05-20T15:00,15,1,140,0,24149.0
2025-05-20T16:00,16,1,140,0,27201.0
2025-05-20T17:00,17,1,140,0,27869.0
2025-05-20T18:00,18,1,140,0,27580.0
2025-05-20T19:00,19,1,140,0,27613.0
2025-05-20T20:00,20,1,140,0,26489.0
2025-05-20T21:00,21,1,140,0,25994.0
2025-05-20T22:00,22,1,140,0,25880.0
2025-05-20T23:00,23,1,140,0,25969.0
2025-05-21T00:00,0,2,141,0,26678.0
2025-05-21T01:00,1,2,141,0,28033.0
2025-05-21T02:00,2,2,141,0,29745.0
2025-05-21T03:00,3,2,141,0,30607.0
2025-05-21T04:00,4,2,141,0,31150.0
2025-05-21T05:00,5,2,141,0,31150.0
2025-05-21T06:00,6,2,141,0,30466.0
2025-05-21T07:00,7,2,141,0,28508.0
2025-05-21T08:00,8,2,141,0,26371.0
2025-05-21T09:00,9,2,141,0,25314.0
2025-05-21T10:00,10,2,141,0,24211.0
2025-05-21T11:00,11,2,141,0,23249.0
2025-05-21T12:00,12,2,141,0,22484.0
2025-05-21T13:00,13,2,141,0,22491.0
2025-05-21T14:00,14,2,141,0,23316.0
2025-05-21T15:00,15,2,141,0,24114.0
2025-05-21T16:00,16,2,141,0,26310.0
2025-05-21T17:00,17,2,141,0,27389.0
2025-05-21T18:00,18,2,141,0,27624.0
2025-05-21T19:00,19,2,141,0,26757.0
2025-05-21T20:00,20,2,141,0,26403.0
2025-05-21T21:00,21,2,141,0,26742.0
2025-05-21T22:00,22,2,141,0,27254.0
2025-05-21T23:00,23,2,141,0,27665.0
2025-05-22T00:00,0,3,142,0,28049.0
2025-05-22T01:00,1,3,142,0,29912.0
2025-05-22T02:00,2,3,142,0,31072.0
2025-05-22T03:00,3,3,142,0,31784.0
2025-05-22T04:00,4,3,142,0,32012.0
2025-05-22T05:00,5,3,142,0,31853.0
2025-05-22T06:00,6,3,142,0,30980.0
2025-05-22T07:00,7,3,142,0,28874.0
2025-05-22T08:00,8,3,142,0,26726.0
2025-05-22T09:00,9,3,142,0,25445.0
2025-05-22T10:00,10,3,142,0,24013.0
2025-05-22T11:00,11,3,142,0,23152.0
2025-05-22T12:00,12,3,142,0,22579.0
2025-05-22T13:00,13,3,142,0,22552.0
2025-05-22T14:00,14,3,142,0,23446.0
2025-05-22T15:00,15,3,142,0,24252.0
2025-05-22T16:00,16,3,142,0,25872.0
2025-05-22T17:00,17,3,142,0,26664.0
2025-05-22T18:00,18,3,142,0,27012.0
2025-05-22T19:00,19,3,142,0,26963.0
2025-05-22T20:00,20,3,142,0,26647.0
2025-05-22T21:00,21,3,142,0,26911.0
2025-05-22T22:00,22,3,142,0,26933.0
2025-05-22T23:00,23,3,142,0,26505.0
2025-05-23T00:00,0,4,143,0,27764.0
2025-05-23T01:00,1,4,143,0,28487.0
2025-05-23T02:00,2,4,143,0,29820.0
2025-05-23T03:00,3,4,143,0,29875.0
2025-05-23T04:00,4,4,143,0,30073.0
2025-05-23T05:00,5,4,143,0,30108.0
2025-05-23T06:00,6,4,143,0,29729.0
2025-05-23T07:00,7,4,143,0,27850.0
2025-05-23T08:00,8,4,143,0,26399.0
2025-05-23T09:00,9,4,143,0,24898.0
2025-05-23T10:00,10,4,143,0,23573.0
2025-05-23T11:00,11,4,143,0,22773.0
2025-05-23T12:00,12,4,143,0,22273.0
2025-05-23T13:00,13,4,143,0,22392.0
2025-05-23T14:00,14,4,143,0,23134.0
2025-05-23T15:00,15,4,143,0,24211.0
2025-05-23T16:00,16,4,143,0,25753.0
2025-05-23T17:00,17,4,143,0,25995.0
2025-05-23T18:00,18,4,143,0,25159.0
2025-05-23T19:00,19,4,143,0,26442.0
2025-05-23T20:00,20,4,143,0,24682.0
2025-05-23T21:00,21,4,143,0,24718.0
2025-05-23T22:00,22,4,143,0,24225.0
2025-05-23T23:00,23,4,143,0,24117.0
2025-05-24T00:00,0,5,144,0,24290.0
2025-05-24T01:00,1,5,144,0,25177.0
2025-05-24T02:00,2,5,144,0,26187.0
2025-05-24T03:00,3,5,144,0,27119.0
2025-05-24T04:00,4,5,144,0,27817.0
2025-05-24T05:00,5,5,144,0,28152.0
2025-05-24T06:00,6,5,144,0,27958.0
2025-05-24T07:00,7,5,144,0,26694.0
2025-05-24T08:00,8,5,144,0,25208.0
2025-05-24T09:00,9,5,144,0,24118.0
2025-05-24T10:00,10,5,144,0,23097.0
2025-05-24T11:00,11,5,144,0,22187.0
2025-05-24T12:00,12,5,144,0,21619.0
2025-05-24T13:00,13,5,144,0,21373.0
2025-05-24T14:00,14,5,144,0,21572.0
2025-05-24T15:00,15,5,144,0,21586.0
2025-05-24T16:00,16,5,144,0,21922.0
2025-05-24T17:00,17,5,144,0,23174.0
2025-05-24T18:00,18,5,144,0,22623.0
2025-05-24T19:00,19,5,144,0,22440.0
2025-05-24T20:00,20,5,144,0,21728.0
2025-05-24T21:00,21,5,144,0,21216.0
2025-05-24T22:00,22,5,144,0,21515.0
2025-05-24T23:00,23,5,144,0,20855.0
2025-05-25T00:00,0,6,145,0,21302.0
2025-05-25T01:00,1,6,145,0,22024.0
2025-05-25T02:00,2,6,145,0,23227.0
2025-05-25T03:00,3,6,145,0,24217.0
2025-05-25T04:00,4,6,145,0,25532.0
2025-05-25T05:00,5,6,145,0,26105.0
2025-05-25T06:00,6,6,145,0,25984.0
2025-05-25T07:00,7,6,145,0,24823.0
2025-05-25T08:00,8,6,145,0,23508.0
2025-05-25T09:00,9,6,145,0,22868.0
2025-05-25T10:00,10,6,145,0,21836.0
2025-05-25T11:00,11,6,145,0,21122.0
2025-05-25T12:00,12,6,145,0,20600.0
2025-05-25T13:00,13,6,145,0,20443.0
2025-05-25T14:00,14,6,145,0,20377.0
2025-05-25T15:00,15,6,145,0,20223.0
2025-05-25T16:00,16,6,145,0,21929.0
2025-05-25T17:00,17,6,145,0,22515.0
2025-05-25T18:00,18,6,145,0,22169.0
2025-05-25T19:00,19,6,145,0,20845.0
2025-05-25T20:00,20,6,145,0,19612.0
2025-05-25T21:00,21,6,145,0,19428.0
2025-05-25T22:00,22,6,145,0,19551.0
2025-05-25T23:00,23,6,145,0,19565.0
2025-05-26T00:00,0,0,146,1,19892.0
2025-05-26T01:00,1,0,146,1,21330.0
2025-05-26T02:00,2,0,146,1,22663.0
2025-05-26T03:00,3,0,146,1,24268.0
2025-05-26T04:00,4,0,146,1,24913.0
2025-05-26T05:00,5,0,146,1,25503.0
2025-05-26T06:00,6,0,146,1,25283.0
2025-05-26T07:00,7,0,146,1,24131.0
2025-05-26T08:00,8,0,146,1,22721.0
2025-05-26T09:00,9,0,146,1,22168.0
2025-05-26T10:00,10,0,146,1,21231.0
2025-05-26T11:00,11,0,146,1,20412.0
2025-05-26T12:00,12,0,146,1,20005.0
2025-05-26T13:00,13,0,146,1,19853.0
2025-05-26T14:00,14,0,146,1,20063.0
2025-05-26T15:00,15,0,146,1,20637.0
2025-05-26T16:00,16,0,146,1,23377.0
2025-05-26T17:00,17,0,146,1,23946.0
2025-05-26T18:00,18,0,146,1,23854.0
2025-05-26T19:00,19,0,146,1,22947.0
2025-05-26T20:00,20,0,146,1,21264.0
2025-05-26T21:00,21,0,146,1,20483.0
2025-05-26T22:00,22,0,146,1,20851.0
2025-05-26T23:00,23,0,146,1,21019.0
2025-05-27T00:00,0,1,147,0,21444.0
2025-05-27T01:00,1,1,147,0,22668.0
2025-05-27T02:00,2,1,147,0,24142.0
2025-05-27T03:00,3,1,147,0,25139.0
2025-05-27T04:00,4,1,147,0,26460.0
2025-05-27T05:00,5,1,147,0,27202.0
2025-05-27T06:00,6,1,147,0,26916.0
2025-05-27T07:00,7,1,147,0,25479.0
2025-05-27T08:00,8,1,147,0,23648.0
2025-05-27T09:00,9,1,147,0,22854.0
2025-05-27T10:00,10,1,147,0,21690.0
2025-05-27T11:00,11,1,147,0,21118.0
2025-05-27T12:00,12,1,147,0,20943.0
2025-05-27T13:00,13,1,147,0,20952.0
2025-05-27T14:00,14,1,147,0,21716.0
2025-05-27T15:00,15,1,147,0,22879.0
2025-05-27T16:00,16,1,147,0,24945.0
2025-05-27T17:00,17,1,147,0,26092.0
2025-05-27T18:00,18,1,147,0,25918.0
2025-05-27T19:00,19,1,147,0,24763.0
2025-05-27T20:00,20,1,147,0,23672.0
2025-05-27T21:00,21,1,147,0,23645.0
2025-05-27T22:00,22,1,147,0,23227.0
2025-05-27T23:00,23,1,147,0,23344.0
2025-05-28T00:00,0,2,148,0,23901.0
2025-05-28T01:00,1,2,148,0,25607.0
2025-05-28T02:00,2,2,148,0,27091.0
2025-05-28T03:00,3,2,148,0,28553.0
2025-05-28T04:00,4,2,148,0,29259.0
2025-05-28T05:00,5,2,148,0,29674.0
2025-05-28T06:00,6,2,148,0,29132.0
2025-05-28T07:00,7,2,148,0,27290.0
2025-05-28T08:00,8,2,148,0,25468.0
2025-05-28T09:00,9,2,148,0,24548.0
2025-05-28T10:00,10,2,148,0,23319.0
2025-05-28T11:00,11,2,148,0,22541.0
2025-05-28T12:00,12,2,148,0,22072.0
2025-05-28T13:00,13,2,148,0,22232.0
2025-05-28T14:00,14,2,148,0,23043.0
2025-05-28T15:00,15,2,148,0,24308.0
2025-05-28T16:00,16,2,148,0,26458.0
2025-05-28T17:00,17,2,148,0,28035.0
2025-05-28T18:00,18,2,148,0,27719.0
2025-05-28T19:00,19,2,148,0,26977.0
2025-05-28T20:00,20,2,148,0,26296.0
2025-05-28T21:00,21,2,148,0,25545.0
2025-05-28T22:00,22,2,148,0,25532.0
2025-05-28T23:00,23,2,148,0,24341.0
2025-05-29T00:00,0,3,149,0,24626.0
2025-05-29T01:00,1,3,149,0,25557.0
2025-05-29T02:00,2,3,149,0,26810.0
2025-05-29T03:00,3,3,149,0,27632.0
2025-05-29T04:00,4,3,149,0,28324.0
2025-05-29T05:00,5,3,149,0,28805.0
2025-05-29T06:00,6,3,149,0,28382.0
2025-05-29T07:00,7,3,149,0,26844.0
2025-05-29T08:00,8,3,149,0,25182.0
2025-05-29T09:00,9,3,149,0,24348.0
2025-05-29T10:00,10,3,149,0,23399.0
2025-05-29T11:00,11,3,149,0,22440.0
2025-05-29T12:00,12,3,149,0,22010.0
2025-05-29T13:00,13,3,149,0,22088.0
2025-05-29T14:00,14,3,149,0,22988.0
2025-05-29T15:00,15,3,149,0,24288.0
2025-05-29T16:00,16,3,149,0,26717.0
2025-05-29T17:00,17,3,149,0,27300.0
2025-05-29T18:00,18,3,149,0,26951.0
2025-05-29T19:00,19,3,149,0,26622.0
2025-05-29T20:00,20,3,149,0,26115.0
2025-05-29T21:00,21,3,149,0,25832.0
2025-05-29T22:00,22,3,149,0,25258.0
2025-05-29T23:00,23,3,149,0,26426.0
2025-05-30T00:00,0,4,150,0,26405.0
2025-05-30T01:00,1,4,150,0,27669.0
2025-05-30T02:00,2,4,150,0,28763.0
2025-05-30T03:00,3,4,150,0,29757.0
2025-05-30T04:00,4,4,150,0,30390.0
2025-05-30T05:00,5,4,150,0,30792.0
2025-05-30T06:00,6,4,150,0,30152.0
2025-05-30T07:00,7,4,150,0,28426.0
2025-05-30T08:00,8,4,150,0,26359.0
2025-05-30T09:00,9,4,150,0,25506.0
2025-05-30T10:00,10,4,150,0,24150.0
2025-05-30T11:00,11,4,150,0,23056.0
2025-05-30T12:00,12,4,150,0,22604.0
2025-05-30T13:00,13,4,150,0,22925.0
2025-05-30T14:00,14,4,150,0,24012.0
2025-05-30T15:00,15,4,150,0,25377.0
2025-05-30T16:00,16,4,150,0,28098.0
2025-05-30T17:00,17,4,150,0,29184.0
2025-05-30T18:00,18,4,150,0,29287.0
2025-05-30T19:00,19,4,150,0,28630.0
2025-05-30T20:00,20,4,150,0,27923.0
2025-05-30T21:00,21,4,150,0,28434.0
2025-05-30T22:00,22,4,150,0,29238.0
2025-05-30T23:00,23,4,150,0,30099.0
2025-05-31T00:00,0,5,151,0,32075.0
2025-05-31T01:00,1,5,151,0,33871.0
2025-05-31T02:00,2,5,151,0,35215.0
2025-05-31T03:00,3,5,151,0,36147.0
2025-05-31T04:00,4,5,151,0,35671.0
2025-05-31T05:00,5,5,151,0,34750.0
2025-05-31T06:00,6,5,151,0,33683.0
2025-05-31T07:00,7,5,151,0,31686.0
2025-05-31T08:00,8,5,151,0,29289.0
2025-05-31T09:00,9,5,151,0,27879.0
2025-05-31T10:00,10,5,151,0,26352.0
2025-05-31T11:00,11,5,151,0,25050.0
2025-05-31T12:00,12,5,151,0,24639.0
2025-05-31T13:00,13,5,151,0,24021.0
2025-05-31T14:00,14,5,151,0,23673.0
2025-05-31T15:00,15,5,151,0,23676.0
2025-05-31T16:00,16,5,151,0,25521.0
2025-05-31T17:00,17,5,151,0,27072.0
2025-05-31T18:00,18,5,151,0,27685.0
2025-05-31T19:00,19,5,151,0,28193.0
2025-05-31T20:00,20,5,151,0,28523.0
2025-05-31T21:00,21,5,151,0,28478.0
2025-05-31T22:00,22,5,151,0,29674.0
2025-05-31T23:00,23,5,151,0,30260.0
2025-06-01T00:00,0,6,152,0,30838.0
2025-06-01T01:00,1,6,152,0,31993.0
2025-06-01T02:00,2,6,152,0,33079.0
2025-06-01T03:00,3,6,152,0,34174.0
2025-06-01T04:00,4,6,152,0,34298.0
2025-06-01T05:00,5,6,152,0,33689.0
2025-06-01T06:00,6,6,152,0,32604.0
2025-06-01T07:00,7,6,152,0,30470.0
2025-06-01T08:00,8,6,152,0,28440.0
2025-06-01T09:00,9,6,152,0,26971.0
2025-06-01T10:00,10,6,152,0,25584.0
2025-06-01T11:00,11,6,152,0,24406.0
2025-06-01T12:00,12,6,152,0,23246.0
2025-06-01T13:00,13,6,152,0,22646.0
2025-06-01T14:00,14,6,152,0,22381.0
2025-06-01T15:00,15,6,152,0,22367.0
2025-06-01T16:00,16,6,152,0,23105.0
2025-06-01T17:00,17,6,152,0,24465.0
2025-06-01T18:00,18,6,152,0,25167.0
2025-06-01T19:00,19,6,152,0,25201.0
2025-06-01T20:00,20,6,152,0,26063.0
2025-06-01T21:00,21,6,152,0,25931.0
2025-06-01T22:00,22,6,152,0,25694.0
2025-06-01T23:00,23,6,152,0,26473.0
2025-06-02T00:00,0,0,153,0,26461.0
2025-06-02T01:00,1,0,153,0,27449.0
2025-06-02T02:00,2,0,153,0,28783.0
2025-06-02T03:00,3,0,153,0,29934.0
2025-06-02T04:00,4,0,153,0,29965.0
2025-06-02T05:00,5,0,153,0,29945.0
2025-06-02T06:00,6,0,153,0,29114.0
2025-06-02T07:00,7,0,153,0,27210.0
2025-06-02T08:00,8,0,153,0,25351.0
2025-06-02T09:00,9,0,153,0,24060.0
2025-06-02T10:00,10,0,153,0,23103.0
2025-06-02T11:00,11,0,153,0,22178.0
2025-06-02T12:00,12,0,153,0,21956.0
2025-06-02T13:00,13,0,153,0,21868.0
2025-06-02T14:00,14,0,153,0,22731.0
2025-06-02T15:00,15,0,153,0,23973.0
2025-06-02T16:00,16,0,153,0,25606.0
2025-06-02T17:00,17,0,153,0,25865.0
2025-06-02T18:00,18,0,153,0,26551.0
2025-06-02T19:00,19,0,153,0,26859.0
2025-06-02T20:00,20,0,153,0,27334.0
2025-06-02T21:00,21,0,153,0,28206.0
2025-06-02T22:00,22,0,153,0,27909.0
2025-06-02T23:00,23,0,153,0,28838.0
2025-06-03T00:00,0,1,154,0,28833.0
2025-06-03T01:00,1,1,154,0,29084.0
2025-06-03T02:00,2,1,154,0,29920.0
2025-06-03T03:00,3,1,154,0,30943.0
2025-06-03T04:00,4,1,154,0,30965.0
2025-06-03T05:00,5,1,154,0,30901.0
2025-06-03T06:00,6,1,154,0,30173.0
2025-06-03T07:00,7,1,154,0,28348.0
2025-06-03T08:00,8,1,154,0,26759.0
2025-06-03T09:00,9,1,154,0,25226.0
2025-06-03T10:00,10,1,154,0,24301.0
2025-06-03T11:00,11,1,154,0,23477.0
2025-06-03T12:00,12,1,154,0,23022.0
2025-06-03T13:00,13,1,154,0,23001.0
2025-06-03T14:00,14,1,154,0,23645.0
2025-06-03T15:00,15,1,154,0,24717.0
2025-06-03T16:00,16,1,154,0,26518.0
2025-06-03T17:00,17,1,154,0,28097.0
2025-06-03T18:00,18,1,154,0,28954.0
2025-06-03T19:00,19,1,154,0,29269.0
2025-06-03T20:00,20,1,154,0,28417.0
2025-06-03T21:00,21,1,154,0,26714.0
2025-06-03T22:00,22,1,154,0,25868.0
2025-06-03T23:00,23,1,154,0,26559.0
2025-06-04T00:00,0,2,155,0,27242.0
2025-06-04T01:00,1,2,155,0,28063.0
2025-06-04T02:00,2,2,155,0,29025.0
2025-06-04T03:00,3,2,155,0,28920.0
2025-06-04T04:00,4,2,155,0,29085.0
2025-06-04T05:00,5,2,155,0,29449.0
2025-06-04T06:00,6,2,155,0,29199.0
2025-06-04T07:00,7,2,155,0,27546.0
2025-06-04T08:00,8,2,155,0,26049.0
2025-06-04T09:00,9,2,155,0,25064.0
2025-06-04T10:00,10,2,155,0,24081.0
2025-06-04T11:00,11,2,155,0,23179.0
2025-06-04T12:00,12,2,155,0,22714.0
2025-06-04T13:00,13,2,155,0,22738.0
2025-06-04T14:00,14,2,155,0,23394.0
2025-06-04T15:00,15,2,155,0,24572.0
2025-06-04T16:00,16,2,155,0,27599.0
2025-06-04T17:00,17,2,155,0,29016.0
2025-06-04T18:00,18,2,155,0,29875.0
2025-06-04T19:00,19,2,155,0,29723.0
2025-06-04T20:00,20,2,155,0,29090.0
2025-06-04T21:00,21,2,155,0,28160.0
2025-06-04T22:00,22,2,155,0,27549.0
2025-06-04T23:00,23,2,155,0,26925.0
2025-06-05T00:00,0,3,156,0,26840.0
2025-06-05T01:00,1,3,156,0,27862.0
2025-06-05T02:00,2,3,156,0,29267.0
2025-06-05T03:00,3,3,156,0,30046.0
2025-06-05T04:00,4,3,156,0,30286.0
2025-06-05T05:00,5,3,156,0,30558.0
2025-06-05T06:00,6,3,156,0,29740.0
2025-06-05T07:00,7,3,156,0,28119.0
2025-06-05T08:00,8,3,156,0,26640.0
2025-06-05T09:00,9,3,156,0,25449.0
2025-06-05T10:00,10,3,156,0,24384.0
2025-06-05T11:00,11,3,156,0,23461.0
2025-06-05T12:00,12,3,156,0,22912.0
2025-06-05T13:00,13,3,156,0,22926.0
2025-06-05T14:00,14,3,156,0,23769.0
2025-06-05T15:00,15,3,156,0,25330.0
2025-06-05T16:00,16,3,156,0,28841.0
2025-06-05T17:00,17,3,156,0,30673.0
2025-06-05T18:00,18,3,156,0,30690.0
2025-06-05T19:00,19,3,156,0,29969.0
2025-06-05T20:00,20,3,156,0,28101.0
2025-06-05T21:00,21,3,156,0,27496.0
2025-06-05T22:00,22,3,156,0,26129.0
2025-06-05T23:00,23,3,156,0,26202.0
2025-06-06T00:00,0,4,157,0,26825.0
2025-06-06T01:00,1,4,157,0,27412.0
2025-06-06T02:00,2,4,157,0,28573.0
2025-06-06T03:00,3,4,157,0,29231.0
2025-06-06T04:00,4,4,157,0,29938.0
2025-06-06T05:00,5,4,157,0,29902.0
2025-06-06T06:00,6,4,157,0,29502.0
2025-06-06T07:00,7,4,157,0,28159.0
2025-06-06T08:00,8,4,157,0,26364.0
2025-06-06T09:00,9,4,157,0,25235.0
2025-06-06T10:00,10,4,157,0,24204.0
2025-06-06T11:00,11,4,157,0,23178.0
2025-06-06T12:00,12,4,157,0,22642.0
2025-06-06T13:00,13,4,157,0,22729.0
2025-06-06T14:00,14,4,157,0,23528.0
2025-06-06T15:00,15,4,157,0,24886.0
2025-06-06T16:00,16,4,157,0,27562.0
2025-06-06T17:00,17,4,157,0,28967.0
2025-06-06T18:00,18,4,157,0,29834.0
2025-06-06T19:00,19,4,157,0,29061.0
2025-06-06T20:00,20,4,157,0,27855.0
2025-06-06T21:00,21,4,157,0,27730.0
2025-06-06T22:00,22,4,157,0,26800.0
2025-06-06T23:00,23,4,157,0,26042.0
2025-06-07T00:00,0,5,158,0,26855.0
2025-06-07T01:00,1,5,158,0,27778.0
2025-06-07T02:00,2,5,158,0,28599.0
2025-06-07T03:00,3,5,158,0,29537.0
2025-06-07T04:00,4,5,158,0,29901.0
2025-06-07T05:00,5,5,158,0,29935.0
2025-06-07T06:00,6,5,158,0,29419.0
2025-06-07T07:00,7,5,158,0,28206.0
2025-06-07T08:00,8,5,158,0,26800.0
2025-06-07T09:00,9,5,158,0,25449.0
2025-06-07T10:00,10,5,158,0,24445.0
2025-06-07T11:00,11,5,158,0,23402.0
2025-06-07T12:00,12,5,158,0,22440.0
2025-06-07T13:00,13,5,158,0,22255.0
2025-06-07T14:00,14,5,158,0,22296.0
2025-06-07T15:00,15,5,158,0,22769.0
2025-06-07T16:00,16,5,158,0,25881.0
2025-06-07T17:00,17,5,158,0,27145.0
2025-06-07T18:00,18,5,158,0,27435.0
2025-06-07T19:00,19,5,158,0,26752.0
2025-06-07T20:00,20,5,158,0,25409.0
2025-06-07T21:00,21,5,158,0,24727.0
2025-06-07T22:00,22,5,158,0,23865.0
2025-06-07T23:00,23,5,158,0,23693.0
2025-06-08T00:00,0,6,159,0,23164.0
2025-06-08T01:00,1,6,159,0,24188.0
2025-06-08T02:00,2,6,159,0,26210.0
2025-06-08T03:00,3,6,159,0,27777.0
2025-06-08T04:00,4,6,159,0,28673.0
2025-06-08T05:00,5,6,159,0,28763.0
2025-06-08T06:00,6,6,159,0,28365.0
2025-06-08T07:00,7,6,159,0,27128.0
2025-06-08T08:00,8,6,159,0,26014.0
2025-06-08T09:00,9,6,159,0,24586.0
2025-06-08T10:00,10,6,159,0,23497.0
2025-06-08T11:00,11,6,159,0,22382.0
2025-06-08T12:00,12,6,159,0,21717.0
2025-06-08T13:00,13,6,159,0,21376.0
2025-06-08T14:00,14,6,159,0,21073.0
2025-06-08T15:00,15,6,159,0,21465.0
2025-06-08T16:00,16,6,159,0,24049.0
2025-06-08T17:00,17,6,159,0,24842.0
2025-06-08T18:00,18,6,159,0,23763.0
2025-06-08T19:00,19,6,159,0,23684.0
2025-06-08T20:00,20,6,159,0,23787.0
2025-06-08T21:00,21,6,159,0,23075.0
2025-06-08T22:00,22,6,159,0,23041.0
2025-06-08T23:00,23,6,159,0,22876.0
2025-06-09T00:00,0,0,160,0,23965.0
2025-06-09T01:00,1,0,160,0,24934.0
2025-06-09T02:00,2,0,160,0,26804.0
2025-06-09T03:00,3,0,160,0,28151.0
2025-06-09T04:00,4,0,160,0,28949.0
2025-06-09T05:00,5,0,160,0,29141.0
2025-06-09T06:00,6,0,160,0,28552.0
2025-06-09T07:00,7,0,160,0,26778.0
2025-06-09T08:00,8,0,160,0,25056.0
2025-06-09T09:00,9,0,160,0,24253.0
2025-06-09T10:00,10,0,160,0,23119.0
2025-06-09T11:00,11,0,160,0,22197.0
2025-06-09T12:00,12,0,160,0,21810.0
2025-06-09T13:00,13,0,160,0,21932.0
2025-06-09T14:00,14,0,160,0,22713.0
2025-06-09T15:00,15,0,160,0,24627.0
2025-06-09T16:00,16,0,160,0,28235.0
2025-06-09T17:00,17,0,160,0,30091.0
2025-06-09T18:00,18,0,160,0,29950.0
2025-06-09T19:00,19,0,160,0,28980.0
2025-06-09T20:00,20,0,160,0,27608.0
2025-06-09T21:00,21,0,160,0,26946.0
2025-06-09T22:00,22,0,160,0,27005.0
2025-06-09T23:00,23,0,160,0,27465.0
2025-06-10T00:00,0,1,161,0,27936.0
2025-06-10T01:00,1,1,161,0,28464.0
2025-06-10T02:00,2,1,161,0,29997.0
2025-06-10T03:00,3,1,161,0,31433.0
2025-06-10T04:00,4,1,161,0,31970.0
2025-06-10T05:00,5,1,161,0,31723.0
2025-06-10T06:00,6,1,161,0,30962.0
2025-06-10T07:00,7,1,161,0,28948.0
2025-06-10T08:00,8,1,161,0,27042.0
2025-06-10T09:00,9,1,161,0,25694.0
2025-06-10T10:00,10,1,161,0,24467.0
2025-06-10T11:00,11,1,161,0,23233.0
2025-06-10T12:00,12,1,161,0,22796.0
2025-06-10T13:00,13,1,161,0,22869.0
2025-06-10T14:00,14,1,161,0,23478.0
2025-06-10T15:00,15,1,161,0,24757.0
2025-06-10T16:00,16,1,161,0,27587.0
2025-06-10T17:00,17,1,161,0,29602.0
2025-06-10T18:00,18,1,161,0,29760.0
2025-06-10T19:00,19,1,161,0,28812.0
2025-06-10T20:00,20,1,161,0,27886.0
2025-06-10T21:00,21,1,161,0,27397.0
2025-06-10T22:00,22,1,161,0,27785.0
2025-06-10T23:00,23,1,161,0,28008.0
2025-06-11T00:00,0,2,162,0,28551.0
2025-06-11T01:00,1,2,162,0,29426.0
2025-06-11T02:00,2,2,162,0,30647.0
2025-06-11T03:00,3,2,162,0,31909.0
2025-06-11T04:00,4,2,162,0,32284.0
2025-06-11T05:00,5,2,162,0,31973.0
2025-06-11T06:00,6,2,162,0,31109.0
2025-06-11T07:00,7,2,162,0,29215.0
2025-06-11T08:00,8,2,162,0,27455.0
2025-06-11T09:00,9,2,162,0,25905.0
2025-06-11T10:00,10,2,162,0,24725.0
2025-06-11T11:00,11,2,162,0,23463.0
2025-06-11T12:00,12,2,162,0,23013.0
2025-06-11T13:00,13,2,162,0,23167.0
2025-06-11T14:00,14,2,162,0,23832.0
2025-06-11T15:00,15,2,162,0,25169.0
2025-06-11T16:00,16,2,162,0,27838.0
2025-06-11T17:00,17,2,162,0,29185.0
2025-06-11T18:00,18,2,162,0,29420.0
2025-06-11T19:00,19,2,162,0,28280.0
2025-06-11T20:00,20,2,162,0,27400.0
2025-06-11T21:00,21,2,162,0,27073.0
2025-06-11T22:00,22,2,162,0,26898.0
2025-06-11T23:00,23,2,162,0,26443.0
2025-06-12T00:00,0,3,163,0,27069.0
2025-06-12T01:00,1,3,163,0,28036.0
2025-06-12T02:00,2,3,163,0,29197.0
2025-06-12T03:00,3,3,163,0,30633.0
2025-06-12T04:00,4,3,163,0,31187.0
2025-06-12T05:00,5,3,163,0,30944.0
2025-06-12T06:00,6,3,163,0,30362.0
2025-06-12T07:00,7,3,163,0,28566.0
2025-06-12T08:00,8,3,163,0,27000.0
2025-06-12T09:00,9,3,163,0,25542.0
2025-06-12T10:00,10,3,163,0,24358.0
2025-06-12T11:00,11,3,163,0,23299.0
2025-06-12T12:00,12,3,163,0,22991.0
2025-06-12T13:00,13,3,163,0,22892.0
2025-06-12T14:00,14,3,163,0,23643.0
2025-06-12T15:00,15,3,163,0,24500.0
2025-06-12T16:00,16,3,163,0,27514.0
2025-06-12T17:00,17,3,163,0,28602.0
2025-06-12T18:00,18,3,163,0,28841.0
2025-06-12T19:00,19,3,163,0,28164.0
2025-06-12T20:00,20,3,163,0,27521.0
2025-06-12T21:00,21,3,163,0,26910.0
2025-06-12T22:00,22,3,163,0,26064.0
2025-06-12T23:00,23,3,163,0,26102.0
2025-06-13T00:00,0,4,164,0,26919.0
2025-06-13T01:00,1,4,164,0,27679.0
2025-06-13T02:00,2,4,164,0,28773.0
2025-06-13T03:00,3,4,164,0,29935.0
2025-06-13T04:00,4,4,164,0,30334.0
2025-06-13T05:00,5,4,164,0,30333.0
2025-06-13T06:00,6,4,164,0,29770.0
2025-06-13T07:00,7,4,164,0,28315.0
2025-06-13T08:00,8,4,164,0,26516.0
2025-06-13T09:00,9,4,164,0,25564.0
2025-06-13T10:00,10,4,164,0,24188.0
2025-06-13T11:00,11,4,164,0,23160.0
2025-06-13T12:00,12,4,164,0,22404.0
2025-06-13T13:00,13,4,164,0,22414.0
2025-06-13T14:00,14,4,164,0,23118.0
2025-06-13T15:00,15,4,164,0,24040.0
2025-06-13T16:00,16,4,164,0,26167.0
2025-06-13T17:00,17,4,164,0,27948.0
2025-06-13T18:00,18,4,164,0,27747.0
2025-06-13T19:00,19,4,164,0,27317.0
2025-06-13T20:00,20,4,164,0,27720.0
2025-06-13T21:00,21,4,164,0,26809.0
2025-06-13T22:00,22,4,164,0,26271.0
2025-06-13T23:00,23,4,164,0,26200.0
2025-06-14T00:00,0,5,165,0,26794.0
2025-06-14T01:00,1,5,165,0,27967.0
2025-06-14T02:00,2,5,165,0,28681.0
2025-06-14T03:00,3,5,165,0,29678.0
2025-06-14T04:00,4,5,165,0,30073.0
2025-06-14T05:00,5,5,165,0,29906.0
2025-06-14T06:00,6,5,165,0,29478.0
2025-06-14T07:00,7,5,165,0,28087.0
2025-06-14T08:00,8,5,165,0,26359.0
2025-06-14T09:00,9,5,165,0,25168.0
2025-06-14T10:00,10,5,165,0,23888.0
2025-06-14T11:00,11,5,165,0,22852.0
2025-06-14T12:00,12,5,165,0,22107.0
2025-06-14T13:00,13,5,165,0,21814.0
2025-06-14T14:00,14,5,165,0,21881.0
2025-06-14T15:00,15,5,165,0,22037.0
2025-06-14T16:00,16,5,165,0,24234.0
2025-06-14T17:00,17,5,165,0,25987.0
2025-06-14T18:00,18,5,165,0,25262.0
2025-06-14T19:00,19,5,165,0,24394.0
2025-06-14T20:00,20,5,165,0,23320.0
2025-06-14T21:00,21,5,165,0,22719.0
2025-06-14T22:00,22,5,165,0,23014.0
2025-06-14T23:00,23,5,165,0,23736.0
2025-06-15T00:00,0,6,166,0,25319.0
2025-06-15T01:00,1,6,166,0,26086.0
2025-06-15T02:00,2,6,166,0,27551.0
2025-06-15T03:00,3,6,166,0,29280.0
2025-06-15T04:00,4,6,166,0,30018.0
2025-06-15T05:00,5,6,166,0,29997.0
2025-06-15T06:00,6,6,166,0,29525.0
2025-06-15T07:00,7,6,166,0,27620.0
2025-06-15T08:00,8,6,166,0,25747.0
2025-06-15T09:00,9,6,166,0,24685.0
2025-06-15T10:00,10,6,166,0,23303.0
2025-06-15T11:00,11,6,166,0,22246.0
2025-06-15T12:00,12,6,166,0,21499.0
2025-06-15T13:00,13,6,166,0,21032.0
2025-06-15T14:00,14,6,166,0,20936.0
2025-06-15T15:00,15,6,166,0,21157.0
2025-06-15T16:00,16,6,166,0,23347.0
2025-06-15T17:00,17,6,166,0,23707.0
2025-06-15T18:00,18,6,166,0,23534.0
2025-06-15T19:00,19,6,166,0,23349.0
2025-06-15T20:00,20,6,166,0,22977.0
2025-06-15T21:00,21,6,166,0,23323.0
2025-06-15T22:00,22,6,166,0,23689.0
2025-06-15T23:00,23,6,166,0,24429.0
2025-06-16T00:00,0,0,167,0,26265.0
2025-06-16T01:00,1,0,167,0,28236.0
2025-06-16T02:00,2,0,167,0,29954.0
2025-06-16T03:00,3,0,167,0,31722.0
2025-06-16T04:00,4,0,167,0,32311.0
2025-06-16T05:00,5,0,167,0,31644.0
2025-06-16T06:00,6,0,167,0,30774.0
2025-06-16T07:00,7,0,167,0,28694.0
2025-06-16T08:00,8,0,167,0,26344.0
2025-06-16T09:00,9,0,167,0,24972.0
2025-06-16T10:00,10,0,167,0,23564.0
2025-06-16T11:00,11,0,167,0,22670.0
2025-06-16T12:00,12,0,167,0,21938.0
2025-06-16T13:00,13,0,167,0,22035.0
2025-06-16T14:00,14,0,167,0,22844.0
2025-06-16T15:00,15,0,167,0,24190.0
2025-06-16T16:00,16,0,167,0,27105.0
2025-06-16T17:00,17,0,167,0,28513.0
2025-06-16T18:00,18,0,167,0,29252.0
2025-06-16T19:00,19,0,167,0,29256.0
2025-06-16T20:00,20,0,167,0,28774.0
2025-06-16T21:00,21,0,167,0,28506.0
2025-06-16T22:00,22,0,167,0,28621.0
2025-06-16T23:00,23,0,167,0,29529.0
2025-06-17T00:00,0,1,168,0,30363.0
2025-06-17T01:00,1,1,168,0,31720.0
2025-06-17T02:00,2,1,168,0,33044.0
2025-06-17T03:00,3,1,168,0,34473.0
2025-06-17T04:00,4,1,168,0,34708.0
2025-06-17T05:00,5,1,168,0,33835.0
2025-06-17T06:00,6,1,168,0,32888.0
2025-06-17T07:00,7,1,168,0,30698.0
2025-06-17T08:00,8,1,168,0,28283.0
2025-06-17T09:00,9,1,168,0,26422.0
2025-06-17T10:00,10,1,168,0,25056.0
2025-06-17T11:00,11,1,168,0,23834.0
2025-06-17T12:00,12,1,168,0,23313.0
2025-06-17T13:00,13,1,168,0,23268.0
2025-06-17T14:00,14,1,168,0,23920.0
2025-06-17T15:00,15,1,168,0,25067.0
2025-06-17T16:00,16,1,168,0,28598.0
2025-06-17T17:00,17,1,168,0,30748.0
2025-06-17T18:00,18,1,168,0,30692.0
2025-06-17T19:00,19,1,168,0,29780.0
2025-06-17T20:00,20,1,168,0,28856.0
2025-06-17T21:00,21,1,168,0,28336.0
2025-06-17T22:00,22,1,168,0,29050.0
2025-06-17T23:00,23,1,168,0,30078.0
2025-06-18T00:00,0,2,169,0,31441.0
2025-06-18T01:00,1,2,169,0,32451.0
2025-06-18T02:00,2,2,169,0,34102.0
2025-06-18T03:00,3,2,169,0,34847.0
2025-06-18T04:00,4,2,169,0,34660.0
2025-06-18T05:00,5,2,169,0,33820.0
2025-06-18T06:00,6,2,169,0,32891.0
2025-06-18T07:00,7,2,169,0,30961.0
2025-06-18T08:00,8,2,169,0,28586.0
2025-06-18T09:00,9,2,169,0,26966.0
2025-06-18T10:00,10,2,169,0,25540.0
2025-06-18T11:00,11,2,169,0,24723.0
2025-06-18T12:00,12,2,169,0,24110.0
2025-06-18T13:00,13,2,169,0,23978.0
2025-06-18T14:00,14,2,169,0,24300.0
2025-06-18T15:00,15,2,169,0,25769.0
2025-06-18T16:00,16,2,169,0,29294.0
2025-06-18T17:00,17,2,169,0,30860.0
2025-06-18T18:00,18,2,169,0,30380.0
2025-06-18T19:00,19,2,169,0,29798.0
2025-06-18T20:00,20,2,169,0,29375.0
2025-06-18T21:00,21,2,169,0,29702.0
2025-06-18T22:00,22,2,169,0,30006.0
2025-06-18T23:00,23,2,169,0,30418.0
2025-06-19T00:00,0,3,170,1,32158.0
2025-06-19T01:00,1,3,170,1,33844.0
2025-06-19T02:00,2,3,170,1,35500.0
2025-06-19T03:00,3,3,170,1,36124.0
2025-06-19T04:00,4,3,170,1,36024.0
2025-06-19T05:00,5,3,170,1,35019.0
2025-06-19T06:00,6,3,170,1,34001.0
2025-06-19T07:00,7,3,170,1,31852.0
2025-06-19T08:00,8,3,170,1,29345.0
2025-06-19T09:00,9,3,170,1,27363.0
2025-06-19T10:00,10,3,170,1,25922.0
2025-06-19T11:00,11,3,170,1,24443.0
2025-06-19T12:00,12,3,170,1,23428.0
2025-06-19T13:00,13,3,170,1,23257.0
2025-06-19T14:00,14,3,170,1,23672.0
2025-06-19T15:00,15,3,170,1,24789.0
2025-06-19T16:00,16,3,170,1,28111.0
2025-06-19T17:00,17,3,170,1,29490.0
2025-06-19T18:00,18,3,170,1,28799.0
2025-06-19T19:00,19,3,170,1,28053.0
2025-06-19T20:00,20,3,170,1,27844.0
2025-06-19T21:00,21,3,170,1,27478.0
2025-06-19T22:00,22,3,170,1,27784.0
2025-06-19T23:00,23,3,170,1,28062.0
2025-06-20T00:00,0,4,171,0,28516.0
2025-06-20T01:00,1,4,171,0,29138.0
2025-06-20T02:00,2,4,171,0,30352.0
2025-06-20T03:00,3,4,171,0,31662.0
2025-06-20T04:00,4,4,171,0,31344.0
2025-06-20T05:00,5,4,171,0,31019.0
2025-06-20T06:00,6,4,171,0,30496.0
2025-06-20T07:00,7,4,171,0,28771.0
2025-06-20T08:00,8,4,171,0,27160.0
2025-06-20T09:00,9,4,171,0,25592.0
2025-06-20T10:00,10,4,171,0,24446.0
2025-06-20T11:00,11,4,171,0,23263.0
2025-06-20T12:00,12,4,171,0,22499.0
2025-06-20T13:00,13,4,171,0,22442.0
2025-06-20T14:00,14,4,171,0,23215.0
2025-06-20T15:00,15,4,171,0,24150.0
2025-06-20T16:00,16,4,171,0,26602.0
2025-06-20T17:00,17,4,171,0,29058.0
2025-06-20T18:00,18,4,171,0,28729.0
2025-06-20T19:00,19,4,171,0,27659.0
2025-06-20T20:00,20,4,171,0,27031.0
2025-06-20T21:00,21,4,171,0,25107.0
2025-06-20T22:00,22,4,171,0,24603.0
2025-06-20T23:00,23,4,171,0,24148.0
2025-06-21T00:00,0,5,172,0,24742.0
2025-06-21T01:00,1,5,172,0,25835.0
2025-06-21T02:00,2,5,172,0,27447.0
2025-06-21T03:00,3,5,172,0,28325.0
2025-06-21T04:00,4,5,172,0,28556.0
2025-06-21T05:00,5,5,172,0,28672.0
2025-06-21T06:00,6,5,172,0,28357.0
2025-06-21T07:00,7,5,172,0,27114.0
2025-06-21T08:00,8,5,172,0,25994.0
2025-06-21T09:00,9,5,172,0,24706.0
2025-06-21T10:00,10,5,172,0,23714.0
2025-06-21T11:00,11,5,172,0,22426.0
2025-06-21T12:00,12,5,172,0,21895.0
2025-06-21T13:00,13,5,172,0,21819.0
2025-06-21T14:00,14,5,172,0,21968.0
2025-06-21T15:00,15,5,172,0,22382.0
2025-06-21T16:00,16,5,172,0,24202.0
2025-06-21T17:00,17,5,172,0,24637.0
2025-06-21T18:00,18,5,172,0,24192.0
2025-06-21T19:00,19,5,172,0,23272.0
2025-06-21T20:00,20,5,172,0,23286.0
2025-06-21T21:00,21,5,172,0,22462.0
2025-06-21T22:00,22,5,172,0,21356.0
2025-06-21T23:00,23,5,172,0,20520.0
2025-06-22T00:00,0,6,173,0,20826.0
2025-06-22T01:00,1,6,173,0,21385.0
2025-06-22T02:00,2,6,173,0,23166.0
2025-06-22T03:00,3,6,173,0,24843.0
2025-06-22T04:00,4,6,173,0,25588.0
2025-06-22T05:00,5,6,173,0,26254.0
2025-06-22T06:00,6,6,173,0,26234.0
2025-06-22T07:00,7,6,173,0,25604.0
2025-06-22T08:00,8,6,173,0,24109.0
2025-06-22T09:00,9,6,173,0,23448.0
2025-06-22T10:00,10,6,173,0,22593.0
2025-06-22T11:00,11,6,173,0,21543.0
2025-06-22T12:00,12,6,173,0,20833.0
2025-06-22T13:00,13,6,173,0,20535.0
2025-06-22T14:00,14,6,173,0,20373.0
2025-06-22T15:00,15,6,173,0,20082.0
2025-06-22T16:00,16,6,173,0,21885.0
2025-06-22T17:00,17,6,173,0,23387.0
2025-06-22T18:00,18,6,173,0,23333.0
2025-06-22T19:00,19,6,173,0,22187.0
2025-06-22T20:00,20,6,173,0,21504.0
2025-06-22T21:00,21,6,173,0,21269.0
2025-06-22T22:00,22,6,173,0,20724.0
2025-06-22T23:00,23,6,173,0,20682.0
2025-06-23T00:00,0,0,174,0,20997.0
2025-06-23T01:00,1,0,174,0,22573.0
2025-06-23T02:00,2,0,174,0,25115.0
2025-06-23T03:00,3,0,174,0,26715.0
2025-06-23T04:00,4,0,174,0,27523.0
2025-06-23T05:00,5,0,174,0,27842.0
2025-06-23T06:00,6,0,174,0,27762.0
2025-06-23T07:00,7,0,174,0,26234.0
2025-06-23T08:00,8,0,174,0,24484.0
2025-06-23T09:00,9,0,174,0,23390.0
2025-06-23T10:00,10,0,174,0,22434.0
2025-06-23T11:00,11,0,174,0,21492.0
2025-06-23T12:00,12,0,174,0,21117.0
2025-06-23T13:00,13,0,174,0,21420.0
2025-06-23T14:00,14,0,174,0,22452.0
2025-06-23T15:00,15,0,174,0,23330.0
2025-06-23T16:00,16,0,174,0,25309.0
2025-06-23T17:00,17,0,174,0,27414.0
2025-06-23T18:00,18,0,174,0,28184.0
2025-06-23T19:00,19,0,174,0,27855.0
2025-06-23T20:00,20,0,174,0,27301.0
2025-06-23T21:00,21,0,174,0,26898.0
2025-06-23T22:00,22,0,174,0,26936.0
2025-06-23T23:00,23,0,174,0,26674.0
2025-06-24T00:00,0,1,175,0,27287.0
2025-06-24T01:00,1,1,175,0,27735.0
2025-06-24T02:00,2,1,175,0,29002.0
2025-06-24T03:00,3,1,175,0,29804.0
2025-06-24T04:00,4,1,175,0,30117.0
2025-06-24T05:00,5,1,175,0,30069.0
2025-06-24T06:00,6,1,175,0,29517.0
2025-06-24T07:00,7,1,175,0,27829.0
2025-06-24T08:00,8,1,175,0,26046.0
2025-06-24T09:00,9,1,175,0,24722.0
2025-06-24T10:00,10,1,175,0,23738.0
2025-06-24T11:00,11,1,175,0,22774.0
2025-06-24T12:00,12,1,175,0,22139.0
2025-06-24T13:00,13,1,175,0,22333.0
2025-06-24T14:00,14,1,175,0,23228.0
2025-06-24T15:00,15,1,175,0,24098.0
2025-06-24T16:00,16,1,175,0,26038.0
2025-06-24T17:00,17,1,175,0,28583.0
2025-06-24T18:00,18,1,175,0,28507.0
2025-06-24T19:00,19,1,175,0,28480.0
2025-06-24T20:00,20,1,175,0,27702.0
2025-06-24T21:00,21,1,175,0,26514.0
2025-06-24T22:00,22,1,175,0,26264.0
2025-06-24T23:00,23,1,175,0,25945.0
2025-06-25T00:00,0,2,176,0,25736.0
2025-06-25T01:00,1,2,176,0,26515.0
2025-06-25T02:00,2,2,176,0,27921.0
2025-06-25T03:00,3,2,176,0,29357.0
2025-06-25T04:00,4,2,176,0,29541.0
2025-06-25T05:00,5,2,176,0,29619.0
2025-06-25T06:00,6,2,176,0,29676.0
2025-06-25T07:00,7,2,176,0,28079.0
2025-06-25T08:00,8,2,176,0,26230.0
2025-06-25T09:00,9,2,176,0,25047.0
2025-06-25T10:00,10,2,176,0,24124.0
2025-06-25T11:00,11,2,176,0,23059.0
2025-06-25T12:00,12,2,176,0,22534.0
2025-06-25T13:00,13,2,176,0,22511.0
2025-06-25T14:00,14,2,176,0,23255.0
2025-06-25T15:00,15,2,176,0,24332.0
2025-06-25T16:00,16,2,176,0,26705.0
2025-06-25T17:00,17,2,176,0,29242.0
2025-06-25T18:00,18,2,176,0,29491.0
2025-06-25T19:00,19,2,176,0,28592.0
2025-06-25T20:00,20,2,176,0,28501.0
2025-06-25T21:00,21,2,176,0,27209.0
2025-06-25T22:00,22,2,176,0,26587.0
2025-06-25T23:00,23,2,176,0,26369.0
2025-06-26T00:00,0,3,177,0,27437.0
2025-06-26T01:00,1,3,177,0,29067.0
2025-06-26T02:00,2,3,177,0,30638.0
2025-06-26T03:00,3,3,177,0,31520.0
2025-06-26T04:00,4,3,177,0,32112.0
2025-06-26T05:00,5,3,177,0,31809.0
2025-06-26T06:00,6,3,177,0,31252.0
2025-06-26T07:00,7,3,177,0,29465.0
2025-06-26T08:00,8,3,177,0,27318.0
2025-06-26T09:00,9,3,177,0,26070.0
2025-06-26T10:00,10,3,177,0,24825.0
2025-06-26T11:00,11,3,177,0,23671.0
2025-06-26T12:00,12,3,177,0,22985.0
2025-06-26T13:00,13,3,177,0,22973.0
2025-06-26T14:00,14,3,177,0,23627.0
2025-06-26T15:00,15,3,177,0,24649.0
2025-06-26T16:00,16,3,177,0,28036.0
2025-06-26T17:00,17,3,177,0,29328.0
2025-06-26T18:00,18,3,177,0,29705.0
2025-06-26T19:00,19,3,177,0,28793.0
2025-06-26T20:00,20,3,177,0,28713.0
2025-06-26T21:00,21,3,177,0,27816.0
2025-06-26T22:00,22,3,177,0,28321.0
2025-06-26T23:00,23,3,177,0,28045.0
2025-06-27T00:00,0,4,178,0,28790.0
2025-06-27T01:00,1,4,178,0,29710.0
2025-06-27T02:00,2,4,178,0,31110.0
2025-06-27T03:00,3,4,178,0,32487.0
2025-06-27T04:00,4,4,178,0,32818.0
2025-06-27T05:00,5,4,178,0,32324.0
2025-06-27T06:00,6,4,178,0,31626.0
2025-06-27T07:00,7,4,178,0,29836.0
2025-06-27T08:00,8,4,178,0,27590.0
2025-06-27T09:00,9,4,178,0,26117.0
2025-06-27T10:00,10,4,178,0,24740.0
2025-06-27T11:00,11,4,178,0,23612.0
2025-06-27T12:00,12,4,178,0,22954.0
2025-06-27T13:00,13,4,178,0,22948.0
2025-06-27T14:00,14,4,178,0,23653.0
2025-06-27T15:00,15,4,178,0,24509.0
2025-06-27T16:00,16,4,178,0,27134.0
2025-06-27T17:00,17,4,178,0,29774.0
2025-06-27T18:00,18,4,178,0,30362.0
2025-06-27T19:00,19,4,178,0,29963.0
2025-06-27T20:00,20,4,178,0,29940.0
2025-06-27T21:00,21,4,178,0,29522.0
2025-06-27T22:00,22,4,178,0,29236.0
2025-06-27T23:00,23,4,178,0,29468.0
2025-06-28T00:00,0,5,179,0,30862.0
2025-06-28T01:00,1,5,179,0,31809.0
2025-06-28T02:00,2,5,179,0,33144.0
2025-06-28T03:00,3,5,179,0,34439.0
2025-06-28T04:00,4,5,179,0,34355.0
2025-06-28T05:00,5,5,179,0,33610.0
2025-06-28T06:00,6,5,179,0,32609.0
2025-06-28T07:00,7,5,179,0,30441.0
2025-06-28T08:00,8,5,179,0,28354.0
2025-06-28T09:00,9,5,179,0,26800.0
2025-06-28T10:00,10,5,179,0,25140.0
2025-06-28T11:00,11,5,179,0,23865.0
2025-06-28T12:00,12,5,179,0,22992.0
2025-06-28T13:00,13,5,179,0,22623.0
2025-06-28T14:00,14,5,179,0,22636.0
2025-06-28T15:00,15,5,179,0,23446.0
2025-06-28T16:00,16,5,179,0,25970.0
2025-06-28T17:00,17,5,179,0,27512.0
2025-06-28T18:00,18,5,179,0,27689.0
2025-06-28T19:00,19,5,179,0,27334.0
2025-06-28T20:00,20,5,179,0,27786.0
2025-06-28T21:00,21,5,179,0,27118.0
2025-06-28T22:00,22,5,179,0,27690.0
2025-06-28T23:00,23,5,179,0,28396.0
2025-06-29T00:00,0,6,180,0,30007.0
2025-06-29T01:00,1,6,180,0,31527.0
2025-06-29T02:00,2,6,180,0,33148.0
2025-06-29T03:00,3,6,180,0,34340.0
2025-06-29T04:00,4,6,180,0,34504.0
2025-06-29T05:00,5,6,180,0,33637.0
2025-06-29T06:00,6,6,180,0,32430.0
2025-06-29T07:00,7,6,180,0,30334.0
2025-06-29T08:00,8,6,180,0,28146.0
2025-06-29T09:00,9,6,180,0,26456.0
2025-06-29T10:00,10,6,180,0,24804.0
2025-06-29T11:00,11,6,180,0,23575.0
2025-06-29T12:00,12,6,180,0,22762.0
2025-06-29T13:00,13,6,180,0,22117.0
2025-06-29T14:00,14,6,180,0,21876.0
2025-06-29T15:00,15,6,180,0,22174.0
2025-06-29T16:00,16,6,180,0,24989.0
2025-06-29T17:00,17,6,180,0,26815.0
2025-06-29T18:00,18,6,180,0,26945.0
2025-06-29T19:00,19,6,180,0,26568.0
2025-06-29T20:00,20,6,180,0,26401.0
2025-06-29T21:00,21,6,180,0,26140.0
2025-06-29T22:00,22,6,180,0,26550.0
2025-06-29T23:00,23,6,180,0,27707.0
2025-06-30T00:00,0,0,181,0,28091.0
2025-06-30T01:00,1,0,181,0,29848.0
2025-06-30T02:00,2,0,181,0,32506.0
2025-06-30T03:00,3,0,181,0,33954.0
2025-06-30T04:00,4,0,181,0,33954.0
2025-06-30T05:00,5,0,181,0,33093.0
2025-06-30T06:00,6,0,181,0,32031.0
2025-06-30T07:00,7,0,181,0,30017.0
2025-06-30T08:00,8,0,181,0,27656.0
2025-06-30T09:00,9,0,181,0,26150.0
2025-06-30T10:00,10,0,181,0,25229.0
2025-06-30T11:00,11,0,181,0,23972.0
2025-06-30T12:00,12,0,181,0,23012.0
2025-06-30T13:00,13,0,181,0,22802.0
2025-06-30T14:00,14,0,181,0,23445.0
2025-06-30T15:00,15,0,181,0,24920.0
2025-06-30T16:00,16,0,181,0,27990.0
2025-06-30T17:00,17,0,181,0,29947.0
2025-06-30T18:00,18,0,181,0,30195.0
2025-06-30T19:00,19,0,181,0,30059.0
2025-06-30T20:00,20,0,181,0,29392.0
2025-06-30T21:00,21,0,181,0,29448.0
2025-06-30T22:00,22,0,181,0,29689.0
2025-06-30T23:00,23,0,181,0,30069.0
2025-07-01T00:00,0,1,182,0,31407.0
2025-07-01T01:00,1,1,182,0,33243.0
2025-07-01T02:00,2,1,182,0,34779.0
2025-07-01T03:00,3,1,182,0,35887.0
2025-07-01T04:00,4,1,182,0,35788.0
2025-07-01T05:00,5,1,182,0,34791.0
2025-07-01T06:00,6,1,182,0,33520.0
2025-07-01T07:00,7,1,182,0,31336.0
2025-07-01T08:00,8,1,182,0,28819.0
2025-07-01T09:00,9,1,182,0,27215.0
2025-07-01T10:00,10,1,182,0,25428.0
2025-07-01T11:00,11,1,182,0,24416.0
2025-07-01T12:00,12,1,182,0,23611.0
2025-07-01T13:00,13,1,182,0,23653.0
2025-07-01T14:00,14,1,182,0,24278.0
2025-07-01T15:00,15,1,182,0,25173.0
2025-07-01T16:00,16,1,182,0,27180.0
2025-07-01T17:00,17,1,182,0,29112.0
2025-07-01T18:00,18,1,182,0,28826.0
2025-07-01T19:00,19,1,182,0,28516.0
2025-07-01T20:00,20,1,182,0,27896.0
2025-07-01T21:00,21,1,182,0,27284.0
2025-07-01T22:00,22,1,182,0,27692.0
2025-07-01T23:00,23,1,182,0,28964.0
2025-07-02T00:00,0,2,183,0,30940.0
2025-07-02T01:00,1,2,183,0,32567.0
2025-07-02T02:00,2,2,183,0,34663.0
2025-07-02T03:00,3,2,183,0,35487.0
2025-07-02T04:00,4,2,183,0,35017.0
2025-07-02T05:00,5,2,183,0,34292.0
2025-07-02T06:00,6,2,183,0,33406.0
2025-07-02T07:00,7,2,183,0,31215.0
2025-07-02T08:00,8,2,183,0,28870.0
2025-07-02T09:00,9,2,183,0,27337.0
2025-07-02T10:00,10,2,183,0,26142.0
2025-07-02T11:00,11,2,183,0,25349.0
2025-07-02T12:00,12,2,183,0,24596.0
2025-07-02T13:00,13,2,183,0,24454.0
2025-07-02T14:00,14,2,183,0,24428.0
2025-07-02T15:00,15,2,183,0,25015.0
2025-07-02T16:00,16,2,183,0,26815.0
2025-07-02T17:00,17,2,183,0,29038.0
2025-07-02T18:00,18,2,183,0,28443.0
2025-07-02T19:00,19,2,183,0,28141.0
2025-07-02T20:00,20,2,183,0,28696.0
2025-07-02T21:00,21,2,183,0,28709.0
2025-07-02T22:00,22,2,183,0,28671.0
2025-07-02T23:00,23,2,183,0,29255.0
2025-07-03T00:00,0,3,184,0,29892.0
2025-07-03T01:00,1,3,184,0,30807.0
2025-07-03T02:00,2,3,184,0,32982.0
2025-07-03T03:00,3,3,184,0,34009.0
2025-07-03T04:00,4,3,184,0,33856.0
2025-07-03T05:00,5,3,184,0,33322.0
2025-07-03T06:00,6,3,184,0,32456.0
2025-07-03T07:00,7,3,184,0,30622.0
2025-07-03T08:00,8,3,184,0,28566.0
2025-07-03T09:00,9,3,184,0,27170.0
2025-07-03T10:00,10,3,184,0,25645.0
2025-07-03T11:00,11,3,184,0,24617.0
2025-07-03T12:00,12,3,184,0,23902.0
2025-07-03T13:00,13,3,184,0,23742.0
2025-07-03T14:00,14,3,184,0,24440.0
2025-07-03T15:00,15,3,184,0,25313.0
2025-07-03T16:00,16,3,184,0,27472.0
2025-07-03T17:00,17,3,184,0,29375.0
2025-07-03T18:00,18,3,184,0,29722.0
2025-07-03T19:00,19,3,184,0,29967.0
2025-07-03T20:00,20,3,184,0,29953.0
2025-07-03T21:00,21,3,184,0,28827.0
2025-07-03T22:00,22,3,184,0,28285.0
2025-07-03T23:00,23,3,184,0,27777.0
2025-07-04T00:00,0,4,185,1,28762.0
2025-07-04T01:00,1,4,185,1,29939.0
2025-07-04T02:00,2,4,185,1,31527.0
2025-07-04T03:00,3,4,185,1,32562.0
2025-07-04T04:00,4,4,185,1,32029.0
2025-07-04T05:00,5,4,185,1,31479.0
2025-07-04T06:00,6,4,185,1,30804.0
2025-07-04T07:00,7,4,185,1,29363.0
2025-07-04T08:00,8,4,185,1,27759.0
2025-07-04T09:00,9,4,185,1,26296.0
2025-07-04T10:00,10,4,185,1,24879.0
2025-07-04T11:00,11,4,185,1,23738.0
2025-07-04T12:00,12,4,185,1,22790.0
2025-07-04T13:00,13,4,185,1,22611.0
2025-07-04T14:00,14,4,185,1,22554.0
2025-07-04T15:00,15,4,185,1,22999.0
2025-07-04T16:00,16,4,185,1,25352.0
2025-07-04T17:00,17,4,185,1,27084.0
2025-07-04T18:00,18,4,185,1,27073.0
2025-07-04T19:00,19,4,185,1,25818.0
2025-07-04T20:00,20,4,185,1,25861.0
2025-07-04T21:00,21,4,185,1,25297.0
2025-07-04T22:00,22,4,185,1,25352.0
2025-07-04T23:00,23,4,185,1,25095.0
2025-07-05T00:00,0,5,186,0,25795.0
2025-07-05T01:00,1,5,186,0,26744.0
2025-07-05T02:00,2,5,186,0,28452.0
2025-07-05T03:00,3,5,186,0,29506.0
2025-07-05T04:00,4,5,186,0,29497.0
2025-07-05T05:00,5,5,186,0,29056.0
2025-07-05T06:00,6,5,186,0,28302.0
2025-07-05T07:00,7,5,186,0,27409.0
2025-07-05T08:00,8,5,186,0,26162.0
2025-07-05T09:00,9,5,186,0,24962.0
2025-07-05T10:00,10,5,186,0,23733.0
2025-07-05T11:00,11,5,186,0,22730.0
2025-07-05T12:00,12,5,186,0,22038.0
2025-07-05T13:00,13,5,186,0,21900.0
2025-07-05T14:00,14,5,186,0,21741.0
2025-07-05T15:00,15,5,186,0,22232.0
2025-07-05T16:00,16,5,186,0,23987.0
2025-07-05T17:00,17,5,186,0,25434.0
2025-07-05T18:00,18,5,186,0,25229.0
2025-07-05T19:00,19,5,186,0,25191.0
2025-07-05T20:00,20,5,186,0,25040.0
2025-07-05T21:00,21,5,186,0,25253.0
2025-07-05T22:00,22,5,186,0,25373.0
2025-07-05T23:00,23,5,186,0,25276.0
2025-07-06T00:00,0,6,187,0,26024.0
2025-07-06T01:00,1,6,187,0,27065.0
2025-07-06T02:00,2,6,187,0,29481.0
2025-07-06T03:00,3,6,187,0,30761.0
2025-07-06T04:00,4,6,187,0,30993.0
2025-07-06T05:00,5,6,187,0,30383.0
2025-07-06T06:00,6,6,187,0,29733.0
2025-07-06T07:00,7,6,187,0,28014.0
2025-07-06T08:00,8,6,187,0,26457.0
2025-07-06T09:00,9,6,187,0,24772.0
2025-07-06T10:00,10,6,187,0,23346.0
2025-07-06T11:00,11,6,187,0,22491.0
2025-07-06T12:00,12,6,187,0,21738.0
2025-07-06T13:00,13,6,187,0,21523.0
2025-07-06T14:00,14,6,187,0,21240.0
2025-07-06T15:00,15,6,187,0,21633.0
2025-07-06T16:00,16,6,187,0,23463.0
2025-07-06T17:00,17,6,187,0,24772.0
2025-07-06T18:00,18,6,187,0,25038.0
2025-07-06T19:00,19,6,187,0,25309.0
2025-07-06T20:00,20,6,187,0,24918.0
2025-07-06T21:00,21,6,187,0,24751.0
2025-07-06T22:00,22,6,187,0,24094.0
2025-07-06T23:00,23,6,187,0,24822.0
2025-07-07T00:00,0,0,188,0,26417.0
2025-07-07T01:00,1,0,188,0,28274.0
2025-07-07T02:00,2,0,188,0,30004.0
2025-07-07T03:00,3,0,188,0,31732.0
2025-07-07T04:00,4,0,188,0,32165.0
2025-07-07T05:00,5,0,188,0,31484.0
2025-07-07T06:00,6,0,188,0,30683.0
2025-07-07T07:00,7,0,188,0,28733.0
2025-07-07T08:00,8,0,188,0,26732.0
2025-07-07T09:00,9,0,188,0,25259.0
2025-07-07T10:00,10,0,188,0,24305.0
2025-07-07T11:00,11,0,188,0,23795.0
2025-07-07T12:00,12,0,188,0,23306.0
2025-07-07T13:00,13,0,188,0,23238.0
2025-07-07T14:00,14,0,188,0,23615.0
2025-07-07T15:00,15,0,188,0,25008.0
2025-07-07T16:00,16,0,188,0,27614.0
2025-07-07T17:00,17,0,188,0,29942.0
2025-07-07T18:00,18,0,188,0,30208.0
2025-07-07T19:00,19,0,188,0,30031.0
2025-07-07T20:00,20,0,188,0,28774.0
2025-07-07T21:00,21,0,188,0,28494.0
2025-07-07T22:00,22,0,188,0,28779.0
2025-07-07T23:00,23,0,188,0,28821.0
2025-07-08T00:00,0,1,189,0,30002.0
2025-07-08T01:00,1,1,189,0,31109.0
2025-07-08T02:00,2,1,189,0,32834.0
2025-07-08T03:00,3,1,189,0,34259.0
2025-07-08T04:00,4,1,189,0,34137.0
2025-07-08T05:00,5,1,189,0,33327.0
2025-07-08T06:00,6,1,189,0,32369.0
2025-07-08T07:00,7,1,189,0,30098.0
2025-07-08T08:00,8,1,189,0,28153.0
2025-07-08T09:00,9,1,189,0,26576.0
2025-07-08T10:00,10,1,189,0,25323.0
2025-07-08T11:00,11,1,189,0,24307.0
2025-07-08T12:00,12,1,189,0,23809.0
2025-07-08T13:00,13,1,189,0,23966.0
2025-07-08T14:00,14,1,189,0,24401.0
2025-07-08T15:00,15,1,189,0,25413.0
2025-07-08T16:00,16,1,189,0,28075.0
2025-07-08T17:00,17,1,189,0,30416.0
2025-07-08T18:00,18,1,189,0,30835.0
2025-07-08T19:00,19,1,189,0,30647.0
2025-07-08T20:00,20,1,189,0,30931.0
2025-07-08T21:00,21,1,189,0,29727.0
2025-07-08T22:00,22,1,189,0,29177.0
2025-07-08T23:00,23,1,189,0,29182.0
2025-07-09T00:00,0,2,190,0,30387.0
2025-07-09T01:00,1,2,190,0,32028.0
2025-07-09T02:00,2,2,190,0,33660.0
2025-07-09T03:00,3,2,190,0,35238.0
2025-07-09T04:00,4,2,190,0,35203.0
2025-07-09T05:00,5,2,190,0,34460.0
2025-07-09T06:00,6,2,190,0,33552.0
2025-07-09T07:00,7,2,190,0,31342.0
2025-07-09T08:00,8,2,190,0,28972.0
2025-07-09T09:00,9,2,190,0,27628.0
2025-07-09T10:00,10,2,190,0,26219.0
2025-07-09T11:00,11,2,190,0,25054.0
2025-07-09T12:00,12,2,190,0,24521.0
2025-07-09T13:00,13,2,190,0,24426.0
2025-07-09T14:00,14,2,190,0,24861.0
2025-07-09T15:00,15,2,190,0,25988.0
2025-07-09T16:00,16,2,190,0,29855.0
2025-07-09T17:00,17,2,190,0,31251.0
2025-07-09T18:00,18,2,190,0,31220.0
2025-07-09T19:00,19,2,190,0,29853.0
2025-07-09T20:00,20,2,190,0,29727.0
2025-07-09T21:00,21,2,190,0,30074.0
2025-07-09T22:00,22,2,190,0,29334.0
2025-07-09T23:00,23,2,190,0,30298.0
2025-07-10T00:00,0,3,191,0,31783.0
2025-07-10T01:00,1,3,191,0,33572.0
2025-07-10T02:00,2,3,191,0,35294.0
2025-07-10T03:00,3,3,191,0,36823.0
2025-07-10T04:00,4,3,191,0,36777.0
2025-07-10T05:00,5,3,191,0,35807.0
2025-07-10T06:00,6,3,191,0,34785.0
2025-07-10T07:00,7,3,191,0,32392.0
2025-07-10T08:00,8,3,191,0,29877.0
2025-07-10T09:00,9,3,191,0,28228.0
2025-07-10T10:00,10,3,191,0,26648.0
2025-07-10T11:00,11,3,191,0,25386.0
2025-07-10T12:00,12,3,191,0,25079.0
2025-07-10T13:00,13,3,191,0,24629.0
2025-07-10T14:00,14,3,191,0,24703.0
2025-07-10T15:00,15,3,191,0,25969.0
2025-07-10T16:00,16,3,191,0,30210.0
2025-07-10T17:00,17,3,191,0,32105.0
2025-07-10T18:00,18,3,191,0,32442.0
2025-07-10T19:00,19,3,191,0,31303.0
2025-07-10T20:00,20,3,191,0,31171.0
2025-07-10T21:00,21,3,191,0,31272.0
2025-07-10T22:00,22,3,191,0,31593.0
2025-07-10T23:00,23,3,191,0,32467.0
2025-07-11T00:00,0,4,192,0,34053.0
2025-07-11T01:00,1,4,192,0,36066.0
2025-07-11T02:00,2,4,192,0,38185.0
2025-07-11T03:00,3,4,192,0,39513.0
2025-07-11T04:00,4,4,192,0,39176.0
2025-07-11T05:00,5,4,192,0,38006.0
2025-07-11T06:00,6,4,192,0,36587.0
2025-07-11T07:00,7,4,192,0,33887.0
2025-07-11T08:00,8,4,192,0,31114.0
2025-07-11T09:00,9,4,192,0,29202.0
2025-07-11T10:00,10,4,192,0,27383.0
2025-07-11T11:00,11,4,192,0,25963.0
2025-07-11T12:00,12,4,192,0,25120.0
2025-07-11T13:00,13,4,192,0,24917.0
2025-07-11T14:00,14,4,192,0,25414.0
2025-07-11T15:00,15,4,192,0,26290.0
2025-07-11T16:00,16,4,192,0,29319.0
2025-07-11T17:00,17,4,192,0,32164.0
2025-07-11T18:00,18,4,192,0,32477.0
2025-07-11T19:00,19,4,192,0,31762.0
2025-07-11T20:00,20,4,192,0,31472.0
2025-07-11T21:00,21,4,192,0,31859.0
2025-07-11T22:00,22,4,192,0,32151.0
2025-07-11T23:00,23,4,192,0,32511.0
2025-07-12T00:00,0,5,193,0,34258.0
2025-07-12T01:00,1,5,193,0,35765.0
2025-07-12T02:00,2,5,193,0,37531.0
2025-07-12T03:00,3,5,193,0,37780.0
2025-07-12T04:00,4,5,193,0,36923.0
2025-07-12T05:00,5,5,193,0,35893.0
2025-07-12T06:00,6,5,193,0,34787.0
2025-07-12T07:00,7,5,193,0,32644.0
2025-07-12T08:00,8,5,193,0,30433.0
2025-07-12T09:00,9,5,193,0,28813.0
2025-07-12T10:00,10,5,193,0,26977.0
2025-07-12T11:00,11,5,193,0,25586.0
2025-07-12T12:00,12,5,193,0,24728.0
2025-07-12T13:00,13,5,193,0,24360.0
2025-07-12T14:00,14,5,193,0,24213.0
2025-07-12T15:00,15,5,193,0,24514.0
2025-07-12T16:00,16,5,193,0,26675.0
2025-07-12T17:00,17,5,193,0,28643.0
2025-07-12T18:00,18,5,193,0,29373.0
2025-07-12T19:00,19,5,193,0,29032.0
2025-07-12T20:00,20,5,193,0,29041.0
2025-07-12T21:00,21,5,193,0,28618.0
2025-07-12T22:00,22,5,193,0,28112.0
2025-07-12T23:00,23,5,193,0,28656.0
2025-07-13T00:00,0,6,194,0,29483.0
2025-07-13T01:00,1,6,194,0,31006.0
2025-07-13T02:00,2,6,194,0,32874.0
2025-07-13T03:00,3,6,194,0,34246.0
2025-07-13T04:00,4,6,194,0,34493.0
2025-07-13T05:00,5,6,194,0,33536.0
2025-07-13T06:00,6,6,194,0,32434.0
2025-07-13T07:00,7,6,194,0,30692.0
2025-07-13T08:00,8,6,194,0,28515.0
2025-07-13T09:00,9,6,194,0,27135.0
2025-07-13T10:00,10,6,194,0,25449.0
2025-07-13T11:00,11,6,194,0,24352.0
2025-07-13T12:00,12,6,194,0,23658.0
2025-07-13T13:00,13,6,194,0,23196.0
2025-07-13T14:00,14,6,194,0,23098.0
2025-07-13T15:00,15,6,194,0,22965.0
2025-07-13T16:00,16,6,194,0,24990.0
2025-07-13T17:00,17,6,194,0,27315.0
2025-07-13T18:00,18,6,194,0,27983.0
2025-07-13T19:00,19,6,194,0,27721.0
2025-07-13T20:00,20,6,194,0,27439.0
2025-07-13T21:00,21,6,194,0,26348.0
2025-07-13T22:00,22,6,194,0,25931.0
2025-07-13T23:00,23,6,194,0,26637.0
2025-07-14T00:00,0,0,195,0,28295.0
2025-07-14T01:00,1,0,195,0,29961.0
2025-07-14T02:00,2,0,195,0,32035.0
2025-07-14T03:00,3,0,195,0,33894.0
2025-07-14T04:00,4,0,195,0,34164.0
2025-07-14T05:00,5,0,195,0,33448.0
2025-07-14T06:00,6,0,195,0,32456.0
2025-07-14T07:00,7,0,195,0,30512.0
2025-07-14T08:00,8,0,195,0,28748.0
2025-07-14T09:00,9,0,195,0,27031.0
2025-07-14T10:00,10,0,195,0,25449.0
2025-07-14T11:00,11,0,195,0,24462.0
2025-07-14T12:00,12,0,195,0,24148.0
2025-07-14T13:00,13,0,195,0,24120.0
2025-07-14T14:00,14,0,195,0,24571.0
2025-07-14T15:00,15,0,195,0,26051.0
2025-07-14T16:00,16,0,195,0,28517.0
2025-07-14T17:00,17,0,195,0,30467.0
2025-07-14T18:00,18,0,195,0,31892.0
2025-07-14T19:00,19,0,195,0,31745.0
2025-07-14T20:00,20,0,195,0,31810.0
2025-07-14T21:00,21,0,195,0,31458.0
2025-07-14T22:00,22,0,195,0,31797.0
2025-07-14T23:00,23,0,195,0,32506.0
2025-07-15T00:00,0,1,196,0,33231.0
2025-07-15T01:00,1,1,196,0,34595.0
2025-07-15T02:00,2,1,196,0,35990.0
2025-07-15T03:00,3,1,196,0,36645.0
2025-07-15T04:00,4,1,196,0,36049.0
2025-07-15T05:00,5,1,196,0,35239.0
2025-07-15T06:00,6,1,196,0,34154.0
2025-07-15T07:00,7,1,196,0,31922.0
2025-07-15T08:00,8,1,196,0,29457.0
2025-07-15T09:00,9,1,196,0,28015.0
2025-07-15T10:00,10,1,196,0,26690.0
2025-07-15T11:00,11,1,196,0,25522.0
2025-07-15T12:00,12,1,196,0,25210.0
2025-07-15T13:00,13,1,196,0,24842.0
2025-07-15T14:00,14,1,196,0,25696.0
2025-07-15T15:00,15,1,196,0,26263.0
2025-07-15T16:00,16,1,196,0,28248.0
2025-07-15T17:00,17,1,196,0,31078.0
2025-07-15T18:00,18,1,196,0,31530.0
2025-07-15T19:00,19,1,196,0,31722.0
2025-07-15T20:00,20,1,196,0,31208.0
2025-07-15T21:00,21,1,196,0,30918.0
2025-07-15T22:00,22,1,196,0,30782.0
2025-07-15T23:00,23,1,196,0,30319.0
2025-07-16T00:00,0,2,197,0,30933.0
2025-07-16T01:00,1,2,197,0,31872.0
2025-07-16T02:00,2,2,197,0,33055.0
2025-07-16T03:00,3,2,197,0,34443.0
2025-07-16T04:00,4,2,197,0,34277.0
2025-07-16T05:00,5,2,197,0,33760.0
2025-07-16T06:00,6,2,197,0,32855.0
2025-07-16T07:00,7,2,197,0,30791.0
2025-07-16T08:00,8,2,197,0,28643.0
2025-07-16T09:00,9,2,197,0,27247.0
2025-07-16T10:00,10,2,197,0,25867.0
2025-07-16T11:00,11,2,197,0,24830.0
2025-07-16T12:00,12,2,197,0,24413.0
2025-07-16T13:00,13,2,197,0,24418.0
2025-07-16T14:00,14,2,197,0,24809.0
2025-07-16T15:00,15,2,197,0,25576.0
2025-07-16T16:00,16,2,197,0,26848.0
2025-07-16T17:00,17,2,197,0,28240.0
2025-07-16T18:00,18,2,197,0,29482.0
2025-07-16T19:00,19,2,197,0,29561.0
2025-07-16T20:00,20,2,197,0,29857.0
2025-07-16T21:00,21,2,197,0,29721.0
2025-07-16T22:00,22,2,197,0,30142.0
2025-07-16T23:00,23,2,197,0,30037.0
2025-07-17T00:00,0,3,198,0,30516.0
2025-07-17T01:00,1,3,198,0,31169.0
2025-07-17T02:00,2,3,198,0,32085.0
2025-07-17T03:00,3,3,198,0,33355.0
2025-07-17T04:00,4,3,198,0,33157.0
2025-07-17T05:00,5,3,198,0,32698.0
2025-07-17T06:00,6,3,198,0,32131.0
2025-07-17T07:00,7,3,198,0,30299.0
2025-07-17T08:00,8,3,198,0,28252.0
2025-07-17T09:00,9,3,198,0,26748.0
2025-07-17T10:00,10,3,198,0,25575.0
2025-07-17T11:00,11,3,198,0,24554.0
2025-07-17T12:00,12,3,198,0,24316.0
2025-07-17T13:00,13,3,198,0,24038.0
2025-07-17T14:00,14,3,198,0,24617.0
2025-07-17T15:00,15,3,198,0,25712.0
2025-07-17T16:00,16,3,198,0,26801.0
2025-07-17T17:00,17,3,198,0,28073.0
2025-07-17T18:00,18,3,198,0,29841.0
2025-07-17T19:00,19,3,198,0,31212.0
2025-07-17T20:00,20,3,198,0,31199.0
2025-07-17T21:00,21,3,198,0,30878.0
2025-07-17T22:00,22,3,198,0,30600.0
2025-07-17T23:00,23,3,198,0,31249.0
2025-07-18T00:00,0,4,199,0,30836.0
2025-07-18T01:00,1,4,199,0,31477.0
2025-07-18T02:00,2,4,199,0,32725.0
2025-07-18T03:00,3,4,199,0,33756.0
2025-07-18T04:00,4,4,199,0,33636.0
2025-07-18T05:00,5,4,199,0,33206.0
2025-07-18T06:00,6,4,199,0,32697.0
2025-07-18T07:00,7,4,199,0,30749.0
2025-07-18T08:00,8,4,199,0,29297.0
2025-07-18T09:00,9,4,199,0,27784.0
2025-07-18T10:00,10,4,199,0,25808.0
2025-07-18T11:00,11,4,199,0,24776.0
2025-07-18T12:00,12,4,199,0,24184.0
2025-07-18T13:00,13,4,199,0,24241.0
2025-07-18T14:00,14,4,199,0,24806.0
2025-07-18T15:00,15,4,199,0,25476.0
2025-07-18T16:00,16,4,199,0,27767.0
2025-07-18T17:00,17,4,199,0,29634.0
2025-07-18T18:00,18,4,199,0,30628.0
2025-07-18T19:00,19,4,199,0,31469.0
2025-07-18T20:00,20,4,199,0,31446.0
2025-07-18T21:00,21,4,199,0,31102.0
2025-07-18T22:00,22,4,199,0,31182.0
2025-07-18T23:00,23,4,199,0,30418.0
2025-07-19T00:00,0,5,200,0,30741.0
2025-07-19T01:00,1,5,200,0,31332.0
2025-07-19T02:00,2,5,200,0,32113.0
2025-07-19T03:00,3,5,200,0,32908.0
2025-07-19T04:00,4,5,200,0,32957.0
2025-07-19T05:00,5,5,200,0,32606.0
2025-07-19T06:00,6,5,200,0,31927.0
2025-07-19T07:00,7,5,200,0,30426.0
2025-07-19T08:00,8,5,200,0,28521.0
2025-07-19T09:00,9,5,200,0,27162.0
2025-07-19T10:00,10,5,200,0,25773.0
2025-07-19T11:00,11,5,200,0,24585.0
2025-07-19T12:00,12,5,200,0,23950.0
2025-07-19T13:00,13,5,200,0,23452.0
2025-07-19T14:00,14,5,200,0,23454.0
2025-07-19T15:00,15,5,200,0,23647.0
2025-07-19T16:00,16,5,200,0,26476.0
2025-07-19T17:00,17,5,200,0,29214.0
2025-07-19T18:00,18,5,200,0,30188.0
2025-07-19T19:00,19,5,200,0,29800.0
2025-07-19T20:00,20,5,200,0,29380.0
2025-07-19T21:00,21,5,200,0,27764.0
2025-07-19T22:00,22,5,200,0,26660.0
2025-07-19T23:00,23,5,200,0,26438.0
2025-07-20T00:00,0,6,201,0,27345.0
2025-07-20T01:00,1,6,201,0,28272.0
2025-07-20T02:00,2,6,201,0,30017.0
2025-07-20T03:00,3,6,201,0,31630.0
2025-07-20T04:00,4,6,201,0,31770.0
2025-07-20T05:00,5,6,201,0,31283.0
2025-07-20T06:00,6,6,201,0,30606.0
2025-07-20T07:00,7,6,201,0,29016.0
2025-07-20T08:00,8,6,201,0,27281.0
2025-07-20T09:00,9,6,201,0,26034.0
2025-07-20T10:00,10,6,201,0,24760.0
2025-07-20T11:00,11,6,201,0,23760.0
2025-07-20T12:00,12,6,201,0,23091.0
2025-07-20T13:00,13,6,201,0,22549.0
2025-07-20T14:00,14,6,201,0,22374.0
2025-07-20T15:00,15,6,201,0,22353.0
2025-07-20T16:00,16,6,201,0,24633.0
2025-07-20T17:00,17,6,201,0,26830.0
2025-07-20T18:00,18,6,201,0,28013.0
2025-07-20T19:00,19,6,201,0,27517.0
2025-07-20T20:00,20,6,201,0,27065.0
2025-07-20T21:00,21,6,201,0,26473.0
2025-07-20T22:00,22,6,201,0,25499.0
2025-07-20T23:00,23,6,201,0,25798.0
2025-07-21T00:00,0,0,202,0,26012.0
2025-07-21T01:00,1,0,202,0,27106.0
2025-07-21T02:00,2,0,202,0,29162.0
2025-07-21T03:00,3,0,202,0,30711.0
2025-07-21T04:00,4,0,202,0,31078.0
2025-07-21T05:00,5,0,202,0,30654.0
2025-07-21T06:00,6,0,202,0,29967.0
2025-07-21T07:00,7,0,202,0,28132.0
2025-07-21T08:00,8,0,202,0,26370.0
2025-07-21T09:00,9,0,202,0,25343.0
2025-07-21T10:00,10,0,202,0,23995.0
2025-07-21T11:00,11,0,202,0,23054.0
2025-07-21T12:00,12,0,202,0,22676.0
2025-07-21T13:00,13,0,202,0,22798.0
2025-07-21T14:00,14,0,202,0,24019.0
2025-07-21T15:00,15,0,202,0,24996.0
2025-07-21T16:00,16,0,202,0,27559.0
2025-07-21T17:00,17,0,202,0,29882.0
2025-07-21T18:00,18,0,202,0,30928.0
2025-07-21T19:00,19,0,202,0,30999.0
2025-07-21T20:00,20,0,202,0,30458.0
2025-07-21T21:00,21,0,202,0,29990.0
2025-07-21T22:00,22,0,202,0,29542.0
2025-07-21T23:00,23,0,202,0,27869.0
2025-07-22T00:00,0,1,203,0,28072.0
2025-07-22T01:00,1,1,203,0,29123.0
2025-07-22T02:00,2,1,203,0,29715.0
2025-07-22T03:00,3,1,203,0,31299.0
2025-07-22T04:00,4,1,203,0,31292.0
2025-07-22T05:00,5,1,203,0,31213.0
2025-07-22T06:00,6,1,203,0,30679.0
2025-07-22T07:00,7,1,203,0,29112.0
2025-07-22T08:00,8,1,203,0,27163.0
2025-07-22T09:00,9,1,203,0,26176.0
2025-07-22T10:00,10,1,203,0,24834.0
2025-07-22T11:00,11,1,203,0,23755.0
2025-07-22T12:00,12,1,203,0,23300.0
2025-07-22T13:00,13,1,203,0,23462.0
2025-07-22T14:00,14,1,203,0,24246.0
2025-07-22T15:00,15,1,203,0,25265.0
2025-07-22T16:00,16,1,203,0,27553.0
2025-07-22T17:00,17,1,203,0,29749.0
2025-07-22T18:00,18,1,203,0,30201.0
2025-07-22T19:00,19,1,203,0,29790.0
2025-07-22T20:00,20,1,203,0,29116.0
2025-07-22T21:00,21,1,203,0,29595.0
2025-07-22T22:00,22,1,203,0,29003.0
2025-07-22T23:00,23,1,203,0,29139.0
2025-07-23T00:00,0,2,204,0,28839.0
2025-07-23T01:00,1,2,204,0,29327.0
2025-07-23T02:00,2,2,204,0,29750.0
2025-07-23T03:00,3,2,204,0,30642.0
2025-07-23T04:00,4,2,204,0,30883.0
2025-07-23T05:00,5,2,204,0,30733.0
2025-07-23T06:00,6,2,204,0,30265.0
2025-07-23T07:00,7,2,204,0,28885.0
2025-07-23T08:00,8,2,204,0,26947.0
2025-07-23T09:00,9,2,204,0,25819.0
2025-07-23T10:00,10,2,204,0,24522.0
2025-07-23T11:00,11,2,204,0,23752.0
2025-07-23T12:00,12,2,204,0,23354.0
2025-07-23T13:00,13,2,204,0,23445.0
2025-07-23T14:00,14,2,204,0,24143.0
2025-07-23T15:00,15,2,204,0,25365.0
2025-07-23T16:00,16,2,204,0,27813.0
2025-07-23T17:00,17,2,204,0,30578.0
2025-07-23T18:00,18,2,204,0,29860.0
2025-07-23T19:00,19,2,204,0,28856.0
2025-07-23T20:00,20,2,204,0,29261.0
2025-07-23T21:00,21,2,204,0,28890.0
2025-07-23T22:00,22,2,204,0,28803.0
2025-07-23T23:00,23,2,204,0,28201.0
2025-07-24T00:00,0,3,205,0,28567.0
2025-07-24T01:00,1,3,205,0,29871.0
2025-07-24T02:00,2,3,205,0,31111.0
2025-07-24T03:00,3,3,205,0,32038.0
2025-07-24T04:00,4,3,205,0,31935.0
2025-07-24T05:00,5,3,205,0,31616.0
2025-07-24T06:00,6,3,205,0,31388.0
2025-07-24T07:00,7,3,205,0,29564.0
2025-07-24T08:00,8,3,205,0,27592.0
2025-07-24T09:00,9,3,205,0,26072.0
2025-07-24T10:00,10,3,205,0,24815.0
2025-07-24T11:00,11,3,205,0,23929.0
2025-07-24T12:00,12,3,205,0,23399.0
2025-07-24T13:00,13,3,205,0,23343.0
2025-07-24T14:00,14,3,205,0,23952.0
2025-07-24T15:00,15,3,205,0,25189.0
2025-07-24T16:00,16,3,205,0,27394.0
2025-07-24T17:00,17,3,205,0,29895.0
2025-07-24T18:00,18,3,205,0,30764.0
2025-07-24T19:00,19,3,205,0,30789.0
2025-07-24T20:00,20,3,205,0,30334.0
2025-07-24T21:00,21,3,205,0,29813.0
2025-07-24T22:00,22,3,205,0,28556.0
2025-07-24T23:00,23,3,205,0,28458.0
2025-07-25T00:00,0,4,206,0,28514.0
2025-07-25T01:00,1,4,206,0,29450.0
2025-07-25T02:00,2,4,206,0,31587.0
2025-07-25T03:00,3,4,206,0,32199.0
2025-07-25T04:00,4,4,206,0,32156.0
2025-07-25T05:00,5,4,206,0,31705.0
2025-07-25T06:00,6,4,206,0,31112.0
2025-07-25T07:00,7,4,206,0,29436.0
2025-07-25T08:00,8,4,206,0,27388.0
2025-07-25T09:00,9,4,206,0,26228.0
2025-07-25T10:00,10,4,206,0,24855.0
2025-07-25T11:00,11,4,206,0,23823.0
2025-07-25T12:00,12,4,206,0,23247.0
2025-07-25T13:00,13,4,206,0,23354.0
2025-07-25T14:00,14,4,206,0,23937.0
2025-07-25T15:00,15,4,206,0,24997.0
2025-07-25T16:00,16,4,206,0,27425.0
2025-07-25T17:00,17,4,206,0,29498.0
2025-07-25T18:00,18,4,206,0,29902.0
2025-07-25T19:00,19,4,206,0,30347.0
2025-07-25T20:00,20,4,206,0,29223.0
2025-07-25T21:00,21,4,206,0,28585.0
2025-07-25T22:00,22,4,206,0,27548.0
2025-07-25T23:00,23,4,206,0,27546.0
2025-07-26T00:00,0,5,207,0,27574.0
2025-07-26T01:00,1,5,207,0,28231.0
2025-07-26T02:00,2,5,207,0,29237.0
2025-07-26T03:00,3,5,207,0,30062.0
2025-07-26T04:00,4,5,207,0,30278.0
2025-07-26T05:00,5,5,207,0,30015.0
2025-07-26T06:00,6,5,207,0,29497.0
2025-07-26T07:00,7,5,207,0,28116.0
2025-07-26T08:00,8,5,207,0,26455.0
2025-07-26T09:00,9,5,207,0,25453.0
2025-07-26T10:00,10,5,207,0,24184.0
2025-07-26T11:00,11,5,207,0,23171.0
2025-07-26T12:00,12,5,207,0,22734.0
2025-07-26T13:00,13,5,207,0,22472.0
2025-07-26T14:00,14,5,207,0,22649.0
2025-07-26T15:00,15,5,207,0,22602.0
2025-07-26T16:00,16,5,207,0,24298.0
2025-07-26T17:00,17,5,207,0,26078.0
2025-07-26T18:00,18,5,207,0,25669.0
2025-07-26T19:00,19,5,207,0,25966.0
2025-07-26T20:00,20,5,207,0,25930.0
2025-07-26T21:00,21,5,207,0,25372.0
2025-07-26T22:00,22,5,207,0,24655.0
2025-07-26T23:00,23,5,207,0,24257.0
2025-07-27T00:00,0,6,208,0,24748.0
2025-07-27T01:00,1,6,208,0,25685.0
2025-07-27T02:00,2,6,208,0,26728.0
2025-07-27T03:00,3,6,208,0,27756.0
2025-07-27T04:00,4,6,208,0,28379.0
2025-07-27T05:00,5,6,208,0,28395.0
2025-07-27T06:00,6,6,208,0,28082.0
2025-07-27T07:00,7,6,208,0,26947.0
2025-07-27T08:00,8,6,208,0,25404.0
2025-07-27T09:00,9,6,208,0,24371.0
2025-07-27T10:00,10,6,208,0,23103.0
2025-07-27T11:00,11,6,208,0,22194.0
2025-07-27T12:00,12,6,208,0,21774.0
2025-07-27T13:00,13,6,208,0,21445.0
2025-07-27T14:00,14,6,208,0,21445.0
2025-07-27T15:00,15,6,208,0,21216.0
2025-07-27T16:00,16,6,208,0,23051.0
2025-07-27T17:00,17,6,208,0,25136.0
2025-07-27T18:00,18,6,208,0,24018.0
2025-07-27T19:00,19,6,208,0,24881.0
2025-07-27T20:00,20,6,208,0,24952.0
2025-07-27T21:00,21,6,208,0,24494.0
2025-07-27T22:00,22,6,208,0,23737.0
2025-07-27T23:00,23,6,208,0,23450.0
2025-07-28T00:00,0,0,209,0,24092.0
2025-07-28T01:00,1,0,209,0,25404.0
2025-07-28T02:00,2,0,209,0,27455.0
2025-07-28T03:00,3,0,209,0,29244.0
2025-07-28T04:00,4,0,209,0,29673.0
2025-07-28T05:00,5,0,209,0,29518.0
2025-07-28T06:00,6,0,209,0,28978.0
2025-07-28T07:00,7,0,209,0,27373.0
2025-07-28T08:00,8,0,209,0,25755.0
2025-07-28T09:00,9,0,209,0,24665.0
2025-07-28T10:00,10,0,209,0,23387.0
2025-07-28T11:00,11,0,209,0,23297.0
2025-07-28T12:00,12,0,209,0,22993.0
2025-07-28T13:00,13,0,209,0,22702.0
2025-07-28T14:00,14,0,209,0,23274.0
2025-07-28T15:00,15,0,209,0,24678.0
2025-07-28T16:00,16,0,209,0,27211.0
2025-07-28T17:00,17,0,209,0,29158.0
2025-07-28T18:00,18,0,209,0,29229.0
2025-07-28T19:00,19,0,209,0,29682.0
2025-07-28T20:00,20,0,209,0,29403.0
2025-07-28T21:00,21,0,209,0,28872.0
2025-07-28T22:00,22,0,209,0,28424.0
2025-07-28T23:00,23,0,209,0,28432.0
2025-07-29T00:00,0,1,210,0,29260.0
2025-07-29T01:00,1,1,210,0,30246.0
2025-07-29T02:00,2,1,210,0,32565.0
2025-07-29T03:00,3,1,210,0,33632.0
2025-07-29T04:00,4,1,210,0,33780.0
2025-07-29T05:00,5,1,210,0,32918.0
2025-07-29T06:00,6,1,210,0,32082.0
2025-07-29T07:00,7,1,210,0,30101.0
2025-07-29T08:00,8,1,210,0,27933.0
2025-07-29T09:00,9,1,210,0,26586.0
2025-07-29T10:00,10,1,210,0,25051.0
2025-07-29T11:00,11,1,210,0,24017.0
2025-07-29T12:00,12,1,210,0,23654.0
2025-07-29T13:00,13,1,210,0,23688.0
2025-07-29T14:00,14,1,210,0,24383.0
2025-07-29T15:00,15,1,210,0,25387.0
2025-07-29T16:00,16,1,210,0,27954.0
2025-07-29T17:00,17,1,210,0,30398.0
2025-07-29T18:00,18,1,210,0,31746.0
2025-07-29T19:00,19,1,210,0,31447.0
2025-07-29T20:00,20,1,210,0,30616.0
2025-07-29T21:00,21,1,210,0,30052.0
2025-07-29T22:00,22,1,210,0,29868.0
2025-07-29T23:00,23,1,210,0,29804.0
2025-07-30T00:00,0,2,211,0,30941.0
2025-07-30T01:00,1,2,211,0,32173.0
2025-07-30T02:00,2,2,211,0,33684.0
2025-07-30T03:00,3,2,211,0,34661.0
2025-07-30T04:00,4,2,211,0,34145.0
2025-07-30T05:00,5,2,211,0,33237.0
2025-07-30T06:00,6,2,211,0,32639.0
2025-07-30T07:00,7,2,211,0,30719.0
2025-07-30T08:00,8,2,211,0,28493.0
2025-07-30T09:00,9,2,211,0,26893.0
2025-07-30T10:00,10,2,211,0,25515.0
2025-07-30T11:00,11,2,211,0,24645.0
2025-07-30T12:00,12,2,211,0,23946.0
2025-07-30T13:00,13,2,211,0,23608.0
2025-07-30T14:00,14,2,211,0,24221.0
2025-07-30T15:00,15,2,211,0,25443.0
2025-07-30T16:00,16,2,211,0,27591.0
2025-07-30T17:00,17,2,211,0,30408.0
2025-07-30T18:00,18,2,211,0,31144.0
2025-07-30T19:00,19,2,211,0,31537.0
2025-07-30T20:00,20,2,211,0,31227.0
2025-07-30T21:00,21,2,211,0,30563.0
2025-07-30T22:00,22,2,211,0,29651.0
2025-07-30T23:00,23,2,211,0,30255.0
2025-07-31T00:00,0,3,212,0,31194.0
2025-07-31T01:00,1,3,212,0,32347.0
2025-07-31T02:00,2,3,212,0,33668.0
2025-07-31T03:00,3,3,212,0,34821.0
2025-07-31T04:00,4,3,212,0,34453.0
2025-07-31T05:00,5,3,212,0,33777.0
2025-07-31T06:00,6,3,212,0,32879.0
2025-07-31T07:00,7,3,212,0,30616.0
2025-07-31T08:00,8,3,212,0,28382.0
2025-07-31T09:00,9,3,212,0,27117.0
2025-07-31T10:00,10,3,212,0,25599.0
2025-07-31T11:00,11,3,212,0,24415.0
2025-07-31T12:00,12,3,212,0,23720.0
2025-07-31T13:00,13,3,212,0,23299.0
2025-07-31T14:00,14,3,212,0,23757.0
2025-07-31T15:00,15,3,212,0,24637.0
2025-07-31T16:00,16,3,212,0,27092.0
2025-07-31T17:00,17,3,212,0,30140.0
2025-07-31T18:00,18,3,212,0,30767.0
2025-07-31T19:00,19,3,212,0,30296.0
2025-07-31T20:00,20,3,212,0,29881.0
2025-07-31T21:00,21,3,212,0,11819.0
2025-07-31T22:00,22,3,212,0,29886.0
2025-07-31T23:00,23,3,212,0,30724.0
2025-08-01T00:00,0,4,213,0,31862.0
2025-08-01T01:00,1,4,213,0,33033.0
2025-08-01T02:00,2,4,213,0,34012.0
2025-08-01T03:00,3,4,213,0,35130.0
2025-08-01T04:00,4,4,213,0,35140.0
2025-08-01T05:00,5,4,213,0,34411.0
2025-08-01T06:00,6,4,213,0,33339.0
2025-08-01T07:00,7,4,213,0,30992.0
2025-08-01T08:00,8,4,213,0,28834.0
2025-08-01T09:00,9,4,213,0,27394.0
2025-08-01T10:00,10,4,213,0,25998.0
2025-08-01T11:00,11,4,213,0,24650.0
2025-08-01T12:00,12,4,213,0,24093.0
2025-08-01T13:00,13,4,213,0,23776.0
2025-08-01T14:00,14,4,213,0,24536.0
2025-08-01T15:00,15,4,213,0,25497.0
2025-08-01T16:00,16,4,213,0,27255.0
2025-08-01T17:00,17,4,213,0,30166.0
2025-08-01T18:00,18,4,213,0,31146.0
2025-08-01T19:00,19,4,213,0,29982.0
2025-08-01T20:00,20,4,213,0,30008.0
2025-08-01T21:00,21,4,213,0,29807.0
2025-08-01T22:00,22,4,213,0,30372.0
2025-08-01T23:00,23,4,213,0,30510.0
2025-08-02T00:00,0,5,214,0,31887.0
2025-08-02T01:00,1,5,214,0,33085.0
2025-08-02T02:00,2,5,214,0,33814.0
2025-08-02T03:00,3,5,214,0,34544.0
2025-08-02T04:00,4,5,214,0,34038.0
2025-08-02T05:00,5,5,214,0,33460.0
2025-08-02T06:00,6,5,214,0,32445.0
2025-08-02T07:00,7,5,214,0,30537.0
2025-08-02T08:00,8,5,214,0,28481.0
2025-08-02T09:00,9,5,214,0,26947.0
2025-08-02T10:00,10,5,214,0,25506.0
2025-08-02T11:00,11,5,214,0,24526.0
2025-08-02T12:00,12,5,214,0,23598.0
2025-08-02T13:00,13,5,214,0,23238.0
2025-08-02T14:00,14,5,214,0,23192.0
2025-08-02T15:00,15,5,214,0,23537.0
2025-08-02T16:00,16,5,214,0,25956.0
2025-08-02T17:00,17,5,214,0,28111.0
2025-08-02T18:00,18,5,214,0,28122.0
2025-08-02T19:00,19,5,214,0,28161.0
2025-08-02T20:00,20,5,214,0,27761.0
2025-08-02T21:00,21,5,214,0,27315.0
2025-08-02T22:00,22,5,214,0,27137.0
2025-08-02T23:00,23,5,214,0,27211.0
2025-08-03T00:00,0,6,215,0,28437.0
2025-08-03T01:00,1,6,215,0,30614.0
2025-08-03T02:00,2,6,215,0,32034.0
2025-08-03T03:00,3,6,215,0,33025.0
2025-08-03T04:00,4,6,215,0,32782.0
2025-08-03T05:00,5,6,215,0,32324.0
2025-08-03T06:00,6,6,215,0,31396.0
2025-08-03T07:00,7,6,215,0,29594.0
2025-08-03T08:00,8,6,215,0,27373.0
2025-08-03T09:00,9,6,215,0,25989.0
2025-08-03T10:00,10,6,215,0,24680.0
2025-08-03T11:00,11,6,215,0,23576.0
2025-08-03T12:00,12,6,215,0,22791.0
2025-08-03T13:00,13,6,215,0,22438.0
2025-08-03T14:00,14,6,215,0,22135.0
2025-08-03T15:00,15,6,215,0,21989.0
2025-08-03T16:00,16,6,215,0,24642.0
2025-08-03T17:00,17,6,215,0,27411.0
2025-08-03T18:00,18,6,215,0,27004.0
2025-08-03T19:00,19,6,215,0,26657.0
2025-08-03T20:00,20,6,215,0,26296.0
2025-08-03T21:00,21,6,215,0,25462.0
2025-08-03T22:00,22,6,215,0,24622.0
2025-08-03T23:00,23,6,215,0,24921.0
2025-08-04T00:00,0,0,216,0,27234.0
2025-08-04T01:00,1,0,216,0,28892.0
2025-08-04T02:00,2,0,216,0,31347.0
2025-08-04T03:00,3,0,216,0,32729.0
2025-08-04T04:00,4,0,216,0,32748.0
2025-08-04T05:00,5,0,216,0,32229.0
2025-08-04T06:00,6,0,216,0,31154.0
2025-08-04T07:00,7,0,216,0,29357.0
2025-08-04T08:00,8,0,216,0,27128.0
2025-08-04T09:00,9,0,216,0,25711.0
2025-08-04T10:00,10,0,216,0,24492.0
2025-08-04T11:00,11,0,216,0,23759.0
2025-08-04T12:00,12,0,216,0,23458.0
2025-08-04T13:00,13,0,216,0,23080.0
2025-08-04T14:00,14,0,216,0,23650.0
2025-08-04T15:00,15,0,216,0,24863.0
2025-08-04T16:00,16,0,216,0,27891.0
2025-08-04T17:00,17,0,216,0,30615.0
2025-08-04T18:00,18,0,216,0,30825.0
2025-08-04T19:00,19,0,216,0,31158.0
2025-08-04T20:00,20,0,216,0,30567.0
2025-08-04T21:00,21,0,216,0,30466.0
2025-08-04T22:00,22,0,216,0,30971.0
2025-08-04T23:00,23,0,216,0,30031.0
2025-08-05T00:00,0,1,217,0,30779.0
2025-08-05T01:00,1,1,217,0,32066.0
2025-08-05T02:00,2,1,217,0,33901.0
2025-08-05T03:00,3,1,217,0,34757.0
2025-08-05T04:00,4,1,217,0,34069.0
2025-08-05T05:00,5,1,217,0,33588.0
2025-08-05T06:00,6,1,217,0,32657.0
2025-08-05T07:00,7,1,217,0,30527.0
2025-08-05T08:00,8,1,217,0,28173.0
2025-08-05T09:00,9,1,217,0,26638.0
2025-08-05T10:00,10,1,217,0,25212.0
2025-08-05T11:00,11,1,217,0,24307.0
2025-08-05T12:00,12,1,217,0,23848.0
2025-08-05T13:00,13,1,217,0,23652.0
2025-08-05T14:00,14,1,217,0,24252.0
2025-08-05T15:00,15,1,217,0,25222.0
2025-08-05T16:00,16,1,217,0,27260.0
2025-08-05T17:00,17,1,217,0,30629.0
2025-08-05T18:00,18,1,217,0,32101.0
2025-08-05T19:00,19,1,217,0,31191.0
2025-08-05T20:00,20,1,217,0,31003.0
2025-08-05T21:00,21,1,217,0,30381.0
2025-08-05T22:00,22,1,217,0,29208.0
2025-08-05T23:00,23,1,217,0,29913.0
2025-08-06T00:00,0,2,218,0,31329.0
2025-08-06T01:00,1,2,218,0,32817.0
2025-08-06T02:00,2,2,218,0,34699.0
2025-08-06T03:00,3,2,218,0,35552.0
2025-08-06T04:00,4,2,218,0,34958.0
2025-08-06T05:00,5,2,218,0,34431.0
2025-08-06T06:00,6,2,218,0,33437.0
2025-08-06T07:00,7,2,218,0,31358.0
2025-08-06T08:00,8,2,218,0,28956.0
2025-08-06T09:00,9,2,218,0,27331.0
2025-08-06T10:00,10,2,218,0,25868.0
2025-08-06T11:00,11,2,218,0,24903.0
2025-08-06T12:00,12,2,218,0,24857.0
2025-08-06T13:00,13,2,218,0,24654.0
2025-08-06T14:00,14,2,218,0,25029.0
2025-08-06T15:00,15,2,218,0,25990.0
2025-08-06T16:00,16,2,218,0,28535.0
2025-08-06T17:00,17,2,218,0,32259.0
2025-08-06T18:00,18,2,218,0,33500.0
2025-08-06T19:00,19,2,218,0,33566.0
2025-08-06T20:00,20,2,218,0,33124.0
2025-08-06T21:00,21,2,218,0,32879.0
2025-08-06T22:00,22,2,218,0,32900.0
2025-08-06T23:00,23,2,218,0,33369.0
2025-08-07T00:00,0,3,219,0,35263.0
2025-08-07T01:00,1,3,219,0,37107.0
2025-08-07T02:00,2,3,219,0,38849.0
2025-08-07T03:00,3,3,219,0,39804.0
2025-08-07T04:00,4,3,219,0,38797.0
2025-08-07T05:00,5,3,219,0,37787.0
2025-08-07T06:00,6,3,219,0,36298.0
2025-08-07T07:00,7,3,219,0,33825.0
2025-08-07T08:00,8,3,219,0,31252.0
2025-08-07T09:00,9,3,219,0,29104.0
2025-08-07T10:00,10,3,219,0,27608.0
2025-08-07T11:00,11,3,219,0,26340.0
2025-08-07T12:00,12,3,219,0,25948.0
2025-08-07T13:00,13,3,219,0,25504.0
2025-08-07T14:00,14,3,219,0,25902.0
2025-08-07T15:00,15,3,219,0,26846.0
2025-08-07T16:00,16,3,219,0,29131.0
2025-08-07T17:00,17,3,219,0,33946.0
2025-08-07T18:00,18,3,219,0,35335.0
2025-08-07T19:00,19,3,219,0,35485.0
2025-08-07T20:00,20,3,219,0,35799.0
2025-08-07T21:00,21,3,219,0,35062.0
2025-08-07T22:00,22,3,219,0,35259.0
2025-08-07T23:00,23,3,219,0,36270.0
2025-08-08T00:00,0,4,220,0,38005.0
2025-08-08T01:00,1,4,220,0,39344.0
2025-08-08T02:00,2,4,220,0,40586.0
2025-08-08T03:00,3,4,220,0,41198.0
2025-08-08T04:00,4,4,220,0,39946.0
2025-08-08T05:00,5,4,220,0,38697.0
2025-08-08T06:00,6,4,220,0,37045.0
2025-08-08T07:00,7,4,220,0,34410.0
2025-08-08T08:00,8,4,220,0,31733.0
2025-08-08T09:00,9,4,220,0,29487.0
2025-08-08T10:00,10,4,220,0,27990.0
2025-08-08T11:00,11,4,220,0,26768.0
2025-08-08T12:00,12,4,220,0,26142.0
2025-08-08T13:00,13,4,220,0,25690.0
2025-08-08T14:00,14,4,220,0,26017.0
2025-08-08T15:00,15,4,220,0,27095.0
2025-08-08T16:00,16,4,220,0,29980.0
2025-08-08T17:00,17,4,220,0,33524.0
2025-08-08T18:00,18,4,220,0,34793.0
2025-08-08T19:00,19,4,220,0,35646.0
2025-08-08T20:00,20,4,220,0,35462.0
2025-08-08T21:00,21,4,220,0,35039.0
2025-08-08T22:00,22,4,220,0,35336.0
2025-08-08T23:00,23,4,220,0,35578.0
2025-08-09T00:00,0,5,221,0,37065.0
2025-08-09T01:00,1,5,221,0,38661.0
2025-08-09T02:00,2,5,221,0,39859.0
2025-08-09T03:00,3,5,221,0,40577.0
2025-08-09T04:00,4,5,221,0,39371.0
2025-08-09T05:00,5,5,221,0,38089.0
2025-08-09T06:00,6,5,221,0,36573.0
2025-08-09T07:00,7,5,221,0,34320.0
2025-08-09T08:00,8,5,221,0,31617.0
2025-08-09T09:00,9,5,221,0,29763.0
2025-08-09T10:00,10,5,221,0,27966.0
2025-08-09T11:00,11,5,221,0,26387.0
2025-08-09T12:00,12,5,221,0,25469.0
2025-08-09T13:00,13,5,221,0,24798.0
2025-08-09T14:00,14,5,221,0,24588.0
2025-08-09T15:00,15,5,221,0,24822.0
2025-08-09T16:00,16,5,221,0,27209.0
2025-08-09T17:00,17,5,221,0,29526.0
2025-08-09T18:00,18,5,221,0,31237.0
2025-08-09T19:00,19,5,221,0,31928.0
2025-08-09T20:00,20,5,221,0,31624.0
2025-08-09T21:00,21,5,221,0,31900.0
2025-08-09T22:00,22,5,221,0,31489.0
2025-08-09T23:00,23,5,221,0,31905.0
2025-08-10T00:00,0,6,222,0,33053.0
2025-08-10T01:00,1,6,222,0,34841.0
2025-08-10T02:00,2,6,222,0,36585.0
2025-08-10T03:00,3,6,222,0,37498.0
2025-08-10T04:00,4,6,222,0,36501.0
2025-08-10T05:00,5,6,222,0,35626.0
2025-08-10T06:00,6,6,222,0,34050.0
2025-08-10T07:00,7,6,222,0,31993.0
2025-08-10T08:00,8,6,222,0,29867.0
2025-08-10T09:00,9,6,222,0,28117.0
2025-08-10T10:00,10,6,222,0,26505.0
2025-08-10T11:00,11,6,222,0,25271.0
2025-08-10T12:00,12,6,222,0,24411.0
2025-08-10T13:00,13,6,222,0,23766.0
2025-08-10T14:00,14,6,222,0,23428.0
2025-08-10T15:00,15,6,222,0,23356.0
2025-08-10T16:00,16,6,222,0,25070.0
2025-08-10T17:00,17,6,222,0,28184.0
2025-08-10T18:00,18,6,222,0,29489.0
2025-08-10T19:00,19,6,222,0,29178.0
2025-08-10T20:00,20,6,222,0,28984.0
2025-08-10T21:00,21,6,222,0,29985.0
2025-08-10T22:00,22,6,222,0,30307.0
2025-08-10T23:00,23,6,222,0,31195.0
2025-08-11T00:00,0,0,223,0,32994.0
2025-08-11T01:00,1,0,223,0,33919.0
2025-08-11T02:00,2,0,223,0,36152.0
2025-08-11T03:00,3,0,223,0,37018.0
2025-08-11T04:00,4,0,223,0,36159.0
2025-08-11T05:00,5,0,223,0,35430.0
2025-08-11T06:00,6,0,223,0,34147.0
2025-08-11T07:00,7,0,223,0,31686.0
2025-08-11T08:00,8,0,223,0,29411.0
2025-08-11T09:00,9,0,223,0,27759.0
2025-08-11T10:00,10,0,223,0,26267.0
2025-08-11T11:00,11,0,223,0,25240.0
2025-08-11T12:00,12,0,223,0,24913.0
2025-08-11T13:00,13,0,223,0,24557.0
2025-08-11T14:00,14,0,223,0,25190.0
2025-08-11T15:00,15,0,223,0,26416.0
2025-08-11T16:00,16,0,223,0,29136.0
2025-08-11T17:00,17,0,223,0,32849.0
2025-08-11T18:00,18,0,223,0,33952.0
2025-08-11T19:00,19,0,223,0,33751.0
2025-08-11T20:00,20,0,223,0,33928.0
2025-08-11T21:00,21,0,223,0,33585.0
2025-08-11T22:00,22,0,223,0,33865.0
2025-08-11T23:00,23,0,223,0,34558.0
2025-08-12T00:00,0,1,224,0,35838.0
2025-08-12T01:00,1,1,224,0,37345.0
2025-08-12T02:00,2,1,224,0,38380.0
2025-08-12T03:00,3,1,224,0,38848.0
2025-08-12T04:00,4,1,224,0,37818.0
2025-08-12T05:00,5,1,224,0,36803.0
2025-08-12T06:00,6,1,224,0,35516.0
2025-08-12T07:00,7,1,224,0,32864.0
2025-08-12T08:00,8,1,224,0,30298.0
2025-08-12T09:00,9,1,224,0,28480.0
2025-08-12T10:00,10,1,224,0,27148.0
2025-08-12T11:00,11,1,224,0,26055.0
2025-08-12T12:00,12,1,224,0,25680.0
2025-08-12T13:00,13,1,224,0,25193.0
2025-08-12T14:00,14,1,224,0,25580.0
2025-08-12T15:00,15,1,224,0,27018.0
2025-08-12T16:00,16,1,224,0,29227.0
2025-08-12T17:00,17,1,224,0,32418.0
2025-08-12T18:00,18,1,224,0,33882.0
2025-08-12T19:00,19,1,224,0,33632.0
2025-08-12T20:00,20,1,224,0,33415.0
2025-08-12T21:00,21,1,224,0,32668.0
2025-08-12T22:00,22,1,224,0,32710.0
2025-08-12T23:00,23,1,224,0,32593.0
2025-08-13T00:00,0,2,225,0,33927.0
2025-08-13T01:00,1,2,225,0,35601.0
2025-08-13T02:00,2,2,225,0,36919.0
2025-08-13T03:00,3,2,225,0,37768.0
2025-08-13T04:00,4,2,225,0,36660.0
2025-08-13T05:00,5,2,225,0,35863.0
2025-08-13T06:00,6,2,225,0,34543.0
2025-08-13T07:00,7,2,225,0,32273.0
2025-08-13T08:00,8,2,225,0,29887.0
2025-08-13T09:00,9,2,225,0,28259.0
2025-08-13T10:00,10,2,225,0,26790.0
2025-08-13T11:00,11,2,225,0,25775.0
2025-08-13T12:00,12,2,225,0,25239.0
2025-08-13T13:00,13,2,225,0,24970.0
2025-08-13T14:00,14,2,225,0,25434.0
2025-08-13T15:00,15,2,225,0,26831.0
2025-08-13T16:00,16,2,225,0,29652.0
2025-08-13T17:00,17,2,225,0,32347.0
2025-08-13T18:00,18,2,225,0,33731.0
2025-08-13T19:00,19,2,225,0,33584.0
2025-08-13T20:00,20,2,225,0,33120.0
2025-08-13T21:00,21,2,225,0,32773.0
2025-08-13T22:00,22,2,225,0,31402.0
2025-08-13T23:00,23,2,225,0,31886.0
2025-08-14T00:00,0,3,226,0,33361.0
2025-08-14T01:00,1,3,226,0,35086.0
2025-08-14T02:00,2,3,226,0,36442.0
2025-08-14T03:00,3,3,226,0,36655.0
2025-08-14T04:00,4,3,226,0,35631.0
2025-08-14T05:00,5,3,226,0,34925.0
2025-08-14T06:00,6,3,226,0,33706.0
2025-08-14T07:00,7,3,226,0,31481.0
2025-08-14T08:00,8,3,226,0,29107.0
2025-08-14T09:00,9,3,226,0,27773.0
2025-08-14T10:00,10,3,226,0,26455.0
2025-08-14T11:00,11,3,226,0,25330.0
2025-08-14T12:00,12,3,226,0,24706.0
2025-08-14T13:00,13,3,226,0,24649.0
2025-08-14T14:00,14,3,226,0,25311.0
2025-08-14T15:00,15,3,226,0,26701.0
2025-08-14T16:00,16,3,226,0,28862.0
2025-08-14T17:00,17,3,226,0,32125.0
2025-08-14T18:00,18,3,226,0,33383.0
2025-08-14T19:00,19,3,226,0,32871.0
2025-08-14T20:00,20,3,226,0,32116.0
2025-08-14T21:00,21,3,226,0,31313.0
2025-08-14T22:00,22,3,226,0,30711.0
2025-08-14T23:00,23,3,226,0,31337.0
2025-08-15T00:00,0,4,227,0,32829.0
2025-08-15T01:00,1,4,227,0,34017.0
2025-08-15T02:00,2,4,227,0,35079.0
2025-08-15T03:00,3,4,227,0,35293.0
2025-08-15T04:00,4,4,227,0,34636.0
2025-08-15T05:00,5,4,227,0,34163.0
2025-08-15T06:00,6,4,227,0,33103.0
2025-08-15T07:00,7,4,227,0,30952.0
2025-08-15T08:00,8,4,227,0,28714.0
2025-08-15T09:00,9,4,227,0,27307.0
2025-08-15T10:00,10,4,227,0,26112.0
2025-08-15T11:00,11,4,227,0,25297.0
2025-08-15T12:00,12,4,227,0,24663.0
2025-08-15T13:00,13,4,227,0,24225.0
2025-08-15T14:00,14,4,227,0,24960.0
2025-08-15T15:00,15,4,227,0,26291.0
2025-08-15T16:00,16,4,227,0,27704.0
2025-08-15T17:00,17,4,227,0,30305.0
2025-08-15T18:00,18,4,227,0,31874.0
2025-08-15T19:00,19,4,227,0,32012.0
2025-08-15T20:00,20,4,227,0,31509.0
2025-08-15T21:00,21,4,227,0,31230.0
2025-08-15T22:00,22,4,227,0,30993.0
2025-08-15T23:00,23,4,227,0,30841.0
2025-08-16T00:00,0,5,228,0,31525.0
2025-08-16T01:00,1,5,228,0,33259.0
2025-08-16T02:00,2,5,228,0,34096.0
2025-08-16T03:00,3,5,228,0,34674.0
2025-08-16T04:00,4,5,228,0,33854.0
2025-08-16T05:00,5,5,228,0,33204.0
2025-08-16T06:00,6,5,228,0,32128.0
2025-08-16T07:00,7,5,228,0,30273.0
2025-08-16T08:00,8,5,228,0,28492.0
2025-08-16T09:00,9,5,228,0,27027.0
2025-08-16T10:00,10,5,228,0,25875.0
2025-08-16T11:00,11,5,228,0,24667.0
2025-08-16T12:00,12,5,228,0,23849.0
2025-08-16T13:00,13,5,228,0,23514.0
2025-08-16T14:00,14,5,228,0,23578.0
2025-08-16T15:00,15,5,228,0,23725.0
2025-08-16T16:00,16,5,228,0,25140.0
2025-08-16T17:00,17,5,228,0,28017.0
2025-08-16T18:00,18,5,228,0,29588.0
2025-08-16T19:00,19,5,228,0,29510.0
2025-08-16T20:00,20,5,228,0,28432.0
2025-08-16T21:00,21,5,228,0,27287.0
2025-08-16T22:00,22,5,228,0,27273.0
2025-08-16T23:00,23,5,228,0,27419.0
2025-08-17T00:00,0,6,229,0,27890.0
2025-08-17T01:00,1,6,229,0,29407.0
2025-08-17T02:00,2,6,229,0,30743.0
2025-08-17T03:00,3,6,229,0,31783.0
2025-08-17T04:00,4,6,229,0,31522.0
2025-08-17T05:00,5,6,229,0,31274.0
2025-08-17T06:00,6,6,229,0,30436.0
2025-08-17T07:00,7,6,229,0,28888.0
2025-08-17T08:00,8,6,229,0,27141.0
2025-08-17T09:00,9,6,229,0,25836.0
2025-08-17T10:00,10,6,229,0,24609.0
2025-08-17T11:00,11,6,229,0,23698.0
2025-08-17T12:00,12,6,229,0,23119.0
2025-08-17T13:00,13,6,229,0,22618.0
2025-08-17T14:00,14,6,229,0,22366.0
2025-08-17T15:00,15,6,229,0,22347.0
2025-08-17T16:00,16,6,229,0,23569.0
2025-08-17T17:00,17,6,229,0,25888.0
2025-08-17T18:00,18,6,229,0,26003.0
2025-08-17T19:00,19,6,229,0,26197.0
2025-08-17T20:00,20,6,229,0,26600.0
2025-08-17T21:00,21,6,229,0,26139.0
2025-08-17T22:00,22,6,229,0,26395.0
2025-08-17T23:00,23,6,229,0,25877.0
2025-08-18T00:00,0,0,230,0,26885.0
2025-08-18T01:00,1,0,230,0,28883.0
2025-08-18T02:00,2,0,230,0,31059.0
2025-08-18T03:00,3,0,230,0,31999.0
2025-08-18T04:00,4,0,230,0,31726.0
2025-08-18T05:00,5,0,230,0,31553.0
2025-08-18T06:00,6,0,230,0,30677.0
2025-08-18T07:00,7,0,230,0,28807.0
2025-08-18T08:00,8,0,230,0,26713.0
2025-08-18T09:00,9,0,230,0,25327.0
2025-08-18T10:00,10,0,230,0,24454.0
2025-08-18T11:00,11,0,230,0,23599.0
2025-08-18T12:00,12,0,230,0,22898.0
2025-08-18T13:00,13,0,230,0,22657.0
2025-08-18T14:00,14,0,230,0,23307.0
2025-08-18T15:00,15,0,230,0,24536.0
2025-08-18T16:00,16,0,230,0,26467.0
2025-08-18T17:00,17,0,230,0,29821.0
2025-08-18T18:00,18,0,230,0,30059.0
2025-08-18T19:00,19,0,230,0,30283.0
2025-08-18T20:00,20,0,230,0,30713.0
2025-08-18T21:00,21,0,230,0,29717.0
2025-08-18T22:00,22,0,230,0,29240.0
2025-08-18T23:00,23,0,230,0,29511.0
2025-08-19T00:00,0,1,231,0,30803.0
2025-08-19T01:00,1,1,231,0,32595.0
2025-08-19T02:00,2,1,231,0,34074.0
2025-08-19T03:00,3,1,231,0,35258.0
2025-08-19T04:00,4,1,231,0,34610.0
2025-08-19T05:00,5,1,231,0,33986.0
2025-08-19T06:00,6,1,231,0,32553.0
2025-08-19T07:00,7,1,231,0,30455.0
2025-08-19T08:00,8,1,231,0,28150.0
2025-08-19T09:00,9,1,231,0,26689.0
2025-08-19T10:00,10,1,231,0,25532.0
2025-08-19T11:00,11,1,231,0,24662.0
2025-08-19T12:00,12,1,231,0,24448.0
2025-08-19T13:00,13,1,231,0,24098.0
2025-08-19T14:00,14,1,231,0,24446.0
2025-08-19T15:00,15,1,231,0,25849.0
2025-08-19T16:00,16,1,231,0,27437.0
2025-08-19T17:00,17,1,231,0,30492.0
2025-08-19T18:00,18,1,231,0,32729.0
2025-08-19T19:00,19,1,231,0,32697.0
2025-08-19T20:00,20,1,231,0,32681.0
2025-08-19T21:00,21,1,231,0,31833.0
2025-08-19T22:00,22,1,231,0,31366.0
2025-08-19T23:00,23,1,231,0,31730.0
2025-08-20T00:00,0,2,232,0,33244.0
2025-08-20T01:00,1,2,232,0,34856.0
2025-08-20T02:00,2,2,232,0,36474.0
2025-08-20T03:00,3,2,232,0,37701.0
2025-08-20T04:00,4,2,232,0,36539.0
2025-08-20T05:00,5,2,232,0,35729.0
2025-08-20T06:00,6,2,232,0,34465.0
2025-08-20T07:00,7,2,232,0,32065.0
2025-08-20T08:00,8,2,232,0,29447.0
2025-08-20T09:00,9,2,232,0,28098.0
2025-08-20T10:00,10,2,232,0,26851.0
2025-08-20T11:00,11,2,232,0,25868.0
2025-08-20T12:00,12,2,232,0,25653.0
2025-08-20T13:00,13,2,232,0,25183.0
2025-08-20T14:00,14,2,232,0,25419.0
2025-08-20T15:00,15,2,232,0,26912.0
2025-08-20T16:00,16,2,232,0,29215.0
2025-08-20T17:00,17,2,232,0,32209.0
2025-08-20T18:00,18,2,232,0,33899.0
2025-08-20T19:00,19,2,232,0,33695.0
2025-08-20T20:00,20,2,232,0,33573.0
2025-08-20T21:00,21,2,232,0,32997.0
2025-08-20T22:00,22,2,232,0,33001.0
2025-08-20T23:00,23,2,232,0,34395.0
2025-08-21T00:00,0,3,233,0,36703.0
2025-08-21T01:00,1,3,233,0,38770.0
2025-08-21T02:00,2,3,233,0,40341.0
2025-08-21T03:00,3,3,233,0,40881.0
2025-08-21T04:00,4,3,233,0,39476.0
2025-08-21T05:00,5,3,233,0,38516.0
2025-08-21T06:00,6,3,233,0,36588.0
2025-08-21T07:00,7,3,233,0,33859.0
2025-08-21T08:00,8,3,233,0,31234.0
2025-08-21T09:00,9,3,233,0,29371.0
2025-08-21T10:00,10,3,233,0,28075.0
2025-08-21T11:00,11,3,233,0,27149.0
2025-08-21T12:00,12,3,233,0,26364.0
2025-08-21T13:00,13,3,233,0,25610.0
2025-08-21T14:00,14,3,233,0,26190.0
2025-08-21T15:00,15,3,233,0,27610.0
2025-08-21T16:00,16,3,233,0,30518.0
2025-08-21T17:00,17,3,233,0,34698.0
2025-08-21T18:00,18,3,233,0,35953.0
2025-08-21T19:00,19,3,233,0,36096.0
2025-08-21T20:00,20,3,233,0,35336.0
2025-08-21T21:00,21,3,233,0,35597.0
2025-08-21T22:00,22,3,233,0,36561.0
2025-08-21T23:00,23,3,233,0,38641.0
2025-08-22T00:00,0,4,234,0,40870.0
2025-08-22T01:00,1,4,234,0,42269.0
2025-08-22T02:00,2,4,234,0,43665.0
2025-08-22T03:00,3,4,234,0,43860.0
2025-08-22T04:00,4,4,234,0,42342.0
2025-08-22T05:00,5,4,234,0,41099.0
2025-08-22T06:00,6,4,234,0,39138.0
2025-08-22T07:00,7,4,234,0,36405.0
2025-08-22T08:00,8,4,234,0,33330.0
2025-08-22T09:00,9,4,234,0,31247.0
2025-08-22T10:00,10,4,234,0,29794.0
2025-08-22T11:00,11,4,234,0,29088.0
2025-08-22T12:00,12,4,234,0,27880.0
2025-08-22T13:00,13,4,234,0,27293.0
2025-08-22T14:00,14,4,234,0,27467.0
2025-08-22T15:00,15,4,234,0,28955.0
2025-08-22T16:00,16,4,234,0,31834.0
2025-08-22T17:00,17,4,234,0,33957.0
2025-08-22T18:00,18,4,234,0,36347.0
2025-08-22T19:00,19,4,234,0,36810.0
2025-08-22T20:00,20,4,234,0,36409.0
2025-08-22T21:00,21,4,234,0,36220.0
2025-08-22T22:00,22,4,234,0,37244.0
2025-08-22T23:00,23,4,234,0,38256.0
2025-08-23T00:00,0,5,235,0,40613.0
2025-08-23T01:00,1,5,235,0,41987.0
2025-08-23T02:00,2,5,235,0,43028.0
2025-08-23T03:00,3,5,235,0,42243.0
2025-08-23T04:00,4,5,235,0,40908.0
2025-08-23T05:00,5,5,235,0,39676.0
2025-08-23T06:00,6,5,235,0,38131.0
2025-08-23T07:00,7,5,235,0,35813.0
2025-08-23T08:00,8,5,235,0,33202.0
2025-08-23T09:00,9,5,235,0,31190.0
2025-08-23T10:00,10,5,235,0,29495.0
2025-08-23T11:00,11,5,235,0,27711.0
2025-08-23T12:00,12,5,235,0,27055.0
2025-08-23T13:00,13,5,235,0,26435.0
2025-08-23T14:00,14,5,235,0,26688.0
2025-08-23T15:00,15,5,235,0,26425.0
2025-08-23T16:00,16,5,235,0,29897.0
2025-08-23T17:00,17,5,235,0,32550.0
2025-08-23T18:00,18,5,235,0,32425.0
2025-08-23T19:00,19,5,235,0,32629.0
2025-08-23T20:00,20,5,235,0,32019.0
2025-08-23T21:00,21,5,235,0,32134.0
2025-08-23T22:00,22,5,235,0,33299.0
2025-08-23T23:00,23,5,235,0,33843.0
2025-08-24T00:00,0,6,236,0,35401.0
2025-08-24T01:00,1,6,236,0,37089.0
2025-08-24T02:00,2,6,236,0,38020.0
2025-08-24T03:00,3,6,236,0,37712.0
2025-08-24T04:00,4,6,236,0,36718.0
2025-08-24T05:00,5,6,236,0,36431.0
2025-08-24T06:00,6,6,236,0,35118.0
2025-08-24T07:00,7,6,236,0,32987.0
2025-08-24T08:00,8,6,236,0,30928.0
2025-08-24T09:00,9,6,236,0,29226.0
2025-08-24T10:00,10,6,236,0,27754.0
2025-08-24T11:00,11,6,236,0,26405.0
2025-08-24T12:00,12,6,236,0,25674.0
2025-08-24T13:00,13,6,236,0,25445.0
2025-08-24T14:00,14,6,236,0,25303.0
2025-08-24T15:00,15,6,236,0,25201.0
2025-08-24T16:00,16,6,236,0,26625.0
2025-08-24T17:00,17,6,236,0,30263.0
2025-08-24T18:00,18,6,236,0,32047.0
2025-08-24T19:00,19,6,236,0,32206.0
2025-08-24T20:00,20,6,236,0,32310.0
2025-08-24T21:00,21,6,236,0,31654.0
2025-08-24T22:00,22,6,236,0,31274.0
2025-08-24T23:00,23,6,236,0,32422.0
2025-08-25T00:00,0,0,237,0,34641.0
2025-08-25T01:00,1,0,237,0,36007.0
2025-08-25T02:00,2,0,237,0,37977.0
2025-08-25T03:00,3,0,237,0,38905.0
2025-08-25T04:00,4,0,237,0,37836.0
2025-08-25T05:00,5,0,237,0,36959.0
2025-08-25T06:00,6,0,237,0,35275.0
2025-08-25T07:00,7,0,237,0,32924.0
2025-08-25T08:00,8,0,237,0,30410.0
2025-08-25T09:00,9,0,237,0,29002.0
2025-08-25T10:00,10,0,237,0,27878.0
2025-08-25T11:00,11,0,237,0,27325.0
2025-08-25T12:00,12,0,237,0,27066.0
2025-08-25T13:00,13,0,237,0,26677.0
2025-08-25T14:00,14,0,237,0,27067.0
2025-08-25T15:00,15,0,237,0,27957.0
2025-08-25T16:00,16,0,237,0,29919.0
2025-08-25T17:00,17,0,237,0,34016.0
2025-08-25T18:00,18,0,237,0,34761.0
2025-08-25T19:00,19,0,237,0,34896.0
2025-08-25T20:00,20,0,237,0,34941.0
2025-08-25T21:00,21,0,237,0,34764.0
2025-08-25T22:00,22,0,237,0,35126.0
2025-08-25T23:00,23,0,237,0,36087.0
2025-08-26T00:00,0,1,238,0,37272.0
2025-08-26T01:00,1,1,238,0,38604.0
2025-08-26T02:00,2,1,238,0,40025.0
2025-08-26T03:00,3,1,238,0,40192.0
2025-08-26T04:00,4,1,238,0,39070.0
2025-08-26T05:00,5,1,238,0,38009.0
2025-08-26T06:00,6,1,238,0,36458.0
2025-08-26T07:00,7,1,238,0,33597.0
2025-08-26T08:00,8,1,238,0,31197.0
2025-08-26T09:00,9,1,238,0,29408.0
2025-08-26T10:00,10,1,238,0,27959.0
2025-08-26T11:00,11,1,238,0,27096.0
2025-08-26T12:00,12,1,238,0,26776.0
2025-08-26T13:00,13,1,238,0,26421.0
2025-08-26T14:00,14,1,238,0,26555.0
2025-08-26T15:00,15,1,238,0,27637.0
2025-08-26T16:00,16,1,238,0,29059.0
2025-08-26T17:00,17,1,238,0,32598.0
2025-08-26T18:00,18,1,238,0,35024.0
2025-08-26T19:00,19,1,238,0,35616.0
2025-08-26T20:00,20,1,238,0,34733.0
2025-08-26T21:00,21,1,238,0,33805.0
2025-08-26T22:00,22,1,238,0,33370.0
2025-08-26T23:00,23,1,238,0,33242.0
2025-08-27T00:00,0,2,239,0,34444.0
2025-08-27T01:00,1,2,239,0,36252.0
2025-08-27T02:00,2,2,239,0,38001.0
2025-08-27T03:00,3,2,239,0,38730.0
2025-08-27T04:00,4,2,239,0,37452.0
2025-08-27T05:00,5,2,239,0,36632.0
2025-08-27T06:00,6,2,239,0,35365.0
2025-08-27T07:00,7,2,239,0,32827.0
2025-08-27T08:00,8,2,239,0,30393.0
2025-08-27T09:00,9,2,239,0,28752.0
2025-08-27T10:00,10,2,239,0,27409.0
2025-08-27T11:00,11,2,239,0,26162.0
2025-08-27T12:00,12,2,239,0,25398.0
2025-08-27T13:00,13,2,239,0,24910.0
2025-08-27T14:00,14,2,239,0,25730.0
2025-08-27T15:00,15,2,239,0,27238.0
2025-08-27T16:00,16,2,239,0,29058.0
2025-08-27T17:00,17,2,239,0,33259.0
2025-08-27T18:00,18,2,239,0,34616.0
2025-08-27T19:00,19,2,239,0,34799.0
2025-08-27T20:00,20,2,239,0,34622.0
2025-08-27T21:00,21,2,239,0,34058.0
2025-08-27T22:00,22,2,239,0,34069.0
2025-08-27T23:00,23,2,239,0,35317.0
2025-08-28T00:00,0,3,240,0,36669.0
2025-08-28T01:00,1,3,240,0,37781.0
2025-08-28T02:00,2,3,240,0,38395.0
2025-08-28T03:00,3,3,240,0,38959.0
2025-08-28T04:00,4,3,240,0,37765.0
2025-08-28T05:00,5,3,240,0,36397.0
2025-08-28T06:00,6,3,240,0,34880.0
2025-08-28T07:00,7,3,240,0,32712.0
2025-08-28T08:00,8,3,240,0,30174.0
2025-08-28T09:00,9,3,240,0,28641.0
2025-08-28T10:00,10,3,240,0,27504.0
2025-08-28T11:00,11,3,240,0,27019.0
2025-08-28T12:00,12,3,240,0,26415.0
2025-08-28T13:00,13,3,240,0,26067.0
2025-08-28T14:00,14,3,240,0,26277.0
2025-08-28T15:00,15,3,240,0,27945.0
2025-08-28T16:00,16,3,240,0,29328.0
2025-08-28T17:00,17,3,240,0,31126.0
2025-08-28T18:00,18,3,240,0,31838.0
2025-08-28T19:00,19,3,240,0,32704.0
2025-08-28T20:00,20,3,240,0,33487.0
2025-08-28T21:00,21,3,240,0,33558.0
2025-08-28T22:00,22,3,240,0,32268.0
2025-08-28T23:00,23,3,240,0,31955.0
2025-08-29T00:00,0,4,241,0,32878.0
2025-08-29T01:00,1,4,241,0,34097.0
2025-08-29T02:00,2,4,241,0,34780.0
2025-08-29T03:00,3,4,241,0,35843.0
2025-08-29T04:00,4,4,241,0,35652.0
2025-08-29T05:00,5,4,241,0,34975.0
2025-08-29T06:00,6,4,241,0,33950.0
2025-08-29T07:00,7,4,241,0,31665.0
2025-08-29T08:00,8,4,241,0,29299.0
2025-08-29T09:00,9,4,241,0,27960.0
2025-08-29T10:00,10,4,241,0,26756.0
2025-08-29T11:00,11,4,241,0,25818.0
2025-08-29T12:00,12,4,241,0,25563.0
2025-08-29T13:00,13,4,241,0,25164.0
2025-08-29T14:00,14,4,241,0,25567.0
2025-08-29T15:00,15,4,241,0,26968.0
2025-08-29T16:00,16,4,241,0,28793.0
2025-08-29T17:00,17,4,241,0,32169.0
2025-08-29T18:00,18,4,241,0,34257.0
2025-08-29T19:00,19,4,241,0,34230.0
2025-08-29T20:00,20,4,241,0,33849.0
2025-08-29T21:00,21,4,241,0,33560.0
2025-08-29T22:00,22,4,241,0,33542.0
2025-08-29T23:00,23,4,241,0,33946.0
2025-08-30T00:00,0,5,242,0,34892.0
2025-08-30T01:00,1,5,242,0,36490.0
2025-08-30T02:00,2,5,242,0,38146.0
2025-08-30T03:00,3,5,242,0,38175.0
2025-08-30T04:00,4,5,242,0,36937.0
2025-08-30T05:00,5,5,242,0,35733.0
2025-08-30T06:00,6,5,242,0,34298.0
2025-08-30T07:00,7,5,242,0,32288.0
2025-08-30T08:00,8,5,242,0,30223.0
2025-08-30T09:00,9,5,242,0,28719.0
2025-08-30T10:00,10,5,242,0,27173.0
2025-08-30T11:00,11,5,242,0,25663.0
2025-08-30T12:00,12,5,242,0,24692.0
2025-08-30T13:00,13,5,242,0,24107.0
2025-08-30T14:00,14,5,242,0,23869.0
2025-08-30T15:00,15,5,242,0,24250.0
2025-08-30T16:00,16,5,242,0,26203.0
2025-08-30T17:00,17,5,242,0,30684.0
2025-08-30T18:00,18,5,242,0,32020.0
2025-08-30T19:00,19,5,242,0,31959.0
2025-08-30T20:00,20,5,242,0,31291.0
2025-08-30T21:00,21,5,242,0,30799.0
2025-08-30T22:00,22,5,242,0,31040.0
2025-08-30T23:00,23,5,242,0,31715.0
2025-08-31T00:00,0,6,243,0,33734.0
2025-08-31T01:00,1,6,243,0,35975.0
2025-08-31T02:00,2,6,243,0,38039.0
2025-08-31T03:00,3,6,243,0,38953.0
2025-08-31T04:00,4,6,243,0,37746.0
2025-08-31T05:00,5,6,243,0,36429.0
2025-08-31T06:00,6,6,243,0,34810.0
2025-08-31T07:00,7,6,243,0,32714.0
2025-08-31T08:00,8,6,243,0,30377.0
2025-08-31T09:00,9,6,243,0,28847.0
2025-08-31T10:00,10,6,243,0,26937.0
2025-08-31T11:00,11,6,243,0,25681.0
2025-08-31T12:00,12,6,243,0,24501.0
2025-08-31T13:00,13,6,243,0,23619.0
2025-08-31T14:00,14,6,243,0,23449.0
2025-08-31T15:00,15,6,243,0,23724.0
2025-08-31T16:00,16,6,243,0,25903.0
2025-08-31T17:00,17,6,243,0,30229.0
2025-08-31T18:00,18,6,243,0,31477.0
2025-08-31T19:00,19,6,243,0,31990.0
2025-08-31T20:00,20,6,243,0,31797.0
2025-08-31T21:00,21,6,243,0,31142.0
2025-08-31T22:00,22,6,243,0,31471.0
2025-08-31T23:00,23,6,243,0,33055.0
2025-09-01T00:00,0,0,244,1,35279.0
2025-09-01T01:00,1,0,244,1,36805.0
2025-09-01T02:00,2,0,244,1,38857.0
2025-09-01T03:00,3,0,244,1,39587.0
2025-09-01T04:00,4,0,244,1,38214.0
2025-09-01T05:00,5,0,244,1,36753.0
2025-09-01T06:00,6,0,244,1,35001.0
2025-09-01T07:00,7,0,244,1,33019.0
2025-09-01T08:00,8,0,244,1,30446.0
2025-09-01T09:00,9,0,244,1,28591.0
2025-09-01T10:00,10,0,244,1,26963.0
2025-09-01T11:00,11,0,244,1,25690.0
2025-09-01T12:00,12,0,244,1,24571.0
2025-09-01T13:00,13,0,244,1,23966.0
2025-09-01T14:00,14,0,244,1,24015.0
2025-09-01T15:00,15,0,244,1,24627.0
2025-09-01T16:00,16,0,244,1,26623.0
2025-09-01T17:00,17,0,244,1,30806.0
2025-09-01T18:00,18,0,244,1,32345.0
2025-09-01T19:00,19,0,244,1,32712.0
2025-09-01T20:00,20,0,244,1,33773.0
2025-09-01T21:00,21,0,244,1,33468.0
2025-09-01T22:00,22,0,244,1,34003.0
2025-09-01T23:00,23,0,244,1,34923.0
2025-09-02T00:00,0,1,245,0,37388.0
2025-09-02T01:00,1,1,245,0,39305.0
2025-09-02T02:00,2,1,245,0,41056.0
2025-09-02T03:00,3,1,245,0,41525.0
2025-09-02T04:00,4,1,245,0,40566.0
2025-09-02T05:00,5,1,245,0,38851.0
2025-09-02T06:00,6,1,245,0,37042.0
2025-09-02T07:00,7,1,245,0,34145.0
2025-09-02T08:00,8,1,245,0,31675.0
2025-09-02T09:00,9,1,245,0,29832.0
2025-09-02T10:00,10,1,245,0,28951.0
2025-09-02T11:00,11,1,245,0,28367.0
2025-09-02T12:00,12,1,245,0,27994.0
2025-09-02T13:00,13,1,245,0,27724.0
2025-09-02T14:00,14,1,245,0,27360.0
2025-09-02T15:00,15,1,245,0,28408.0
2025-09-02T16:00,16,1,245,0,30416.0
2025-09-02T17:00,17,1,245,0,32900.0
2025-09-02T18:00,18,1,245,0,33557.0
2025-09-02T19:00,19,1,245,0,34765.0
2025-09-02T20:00,20,1,245,0,36007.0
2025-09-02T21:00,21,1,245,0,35857.0
2025-09-02T22:00,22,1,245,0,36316.0
2025-09-02T23:00,23,1,245,0,38349.0
2025-09-03T00:00,0,2,246,0,40108.0
2025-09-03T01:00,1,2,246,0,40650.0
2025-09-03T02:00,2,2,246,0,42194.0
2025-09-03T03:00,3,2,246,0,42408.0
2025-09-03T04:00,4,2,246,0,40939.0
2025-09-03T05:00,5,2,246,0,39366.0
2025-09-03T06:00,6,2,246,0,37616.0
2025-09-03T07:00,7,2,246,0,34821.0
2025-09-03T08:00,8,2,246,0,32212.0
2025-09-03T09:00,9,2,246,0,30240.0
2025-09-03T10:00,10,2,246,0,28540.0
2025-09-03T11:00,11,2,246,0,26943.0
2025-09-03T12:00,12,2,246,0,27024.0
2025-09-03T13:00,13,2,246,0,26701.0
2025-09-03T14:00,14,2,246,0,26750.0
2025-09-03T15:00,15,2,246,0,28131.0
2025-09-03T16:00,16,2,246,0,30602.0
2025-09-03T17:00,17,2,246,0,35284.0
2025-09-03T18:00,18,2,246,0,36434.0
2025-09-03T19:00,19,2,246,0,37066.0
2025-09-03T20:00,20,2,246,0,37413.0
2025-09-03T21:00,21,2,246,0,36710.0
2025-09-03T22:00,22,2,246,0,36880.0
2025-09-03T23:00,23,2,246,0,37420.0
2025-09-04T00:00,0,3,247,0,39049.0
2025-09-04T01:00,1,3,247,0,40638.0
2025-09-04T02:00,2,3,247,0,42063.0
2025-09-04T03:00,3,3,247,0,42032.0
2025-09-04T04:00,4,3,247,0,40762.0
2025-09-04T05:00,5,3,247,0,39297.0
2025-09-04T06:00,6,3,247,0,37517.0
2025-09-04T07:00,7,3,247,0,34671.0
2025-09-04T08:00,8,3,247,0,31897.0
2025-09-04T09:00,9,3,247,0,29867.0
2025-09-04T10:00,10,3,247,0,28461.0
2025-09-04T11:00,11,3,247,0,27433.0
2025-09-04T12:00,12,3,247,0,26687.0
2025-09-04T13:00,13,3,247,0,26522.0
2025-09-04T14:00,14,3,247,0,26525.0
2025-09-04T15:00,15,3,247,0,27960.0
2025-09-04T16:00,16,3,247,0,29782.0
2025-09-04T17:00,17,3,247,0,33604.0
2025-09-04T18:00,18,3,247,0,36141.0
2025-09-04T19:00,19,3,247,0,36988.0
2025-09-04T20:00,20,3,247,0,36832.0
2025-09-04T21:00,21,3,247,0,36561.0
2025-09-04T22:00,22,3,247,0,35153.0
2025-09-04T23:00,23,3,247,0,35250.0
2025-09-05T00:00,0,4,248,0,36476.0
2025-09-05T01:00,1,4,248,0,37998.0
2025-09-05T02:00,2,4,248,0,39517.0
2025-09-05T03:00,3,4,248,0,39243.0
2025-09-05T04:00,4,4,248,0,38326.0
2025-09-05T05:00,5,4,248,0,37107.0
2025-09-05T06:00,6,4,248,0,35407.0
2025-09-05T07:00,7,4,248,0,32924.0
2025-09-05T08:00,8,4,248,0,30736.0
2025-09-05T09:00,9,4,248,0,28856.0
2025-09-05T10:00,10,4,248,0,27307.0
2025-09-05T11:00,11,4,248,0,26530.0
2025-09-05T12:00,12,4,248,0,25454.0
2025-09-05T13:00,13,4,248,0,24988.0
2025-09-05T14:00,14,4,248,0,25659.0
2025-09-05T15:00,15,4,248,0,27161.0
2025-09-05T16:00,16,4,248,0,28320.0
2025-09-05T17:00,17,4,248,0,30983.0
2025-09-05T18:00,18,4,248,0,32285.0
2025-09-05T19:00,19,4,248,0,33430.0
2025-09-05T20:00,20,4,248,0,33796.0
2025-09-05T21:00,21,4,248,0,33568.0
2025-09-05T22:00,22,4,248,0,33368.0
2025-09-05T23:00,23,4,248,0,32800.0
2025-09-06T00:00,0,5,249,0,33852.0
2025-09-06T01:00,1,5,249,0,35727.0
2025-09-06T02:00,2,5,249,0,36794.0
2025-09-06T03:00,3,5,249,0,36797.0
2025-09-06T04:00,4,5,249,0,35509.0
2025-09-06T05:00,5,5,249,0,34531.0
2025-09-06T06:00,6,5,249,0,33188.0
2025-09-06T07:00,7,5,249,0,31249.0
2025-09-06T08:00,8,5,249,0,29165.0
2025-09-06T09:00,9,5,249,0,27733.0
2025-09-06T10:00,10,5,249,0,26238.0
2025-09-06T11:00,11,5,249,0,25305.0
2025-09-06T12:00,12,5,249,0,24474.0
2025-09-06T13:00,13,5,249,0,23892.0
2025-09-06T14:00,14,5,249,0,23959.0
2025-09-06T15:00,15,5,249,0,24407.0
2025-09-06T16:00,16,5,249,0,25785.0
2025-09-06T17:00,17,5,249,0,28217.0
2025-09-06T18:00,18,5,249,0,29406.0
2025-09-06T19:00,19,5,249,0,30337.0
2025-09-06T20:00,20,5,249,0,30463.0
2025-09-06T21:00,21,5,249,0,30018.0
2025-09-06T22:00,22,5,249,0,29233.0
2025-09-06T23:00,23,5,249,0,29137.0
2025-09-07T00:00,0,6,250,0,30471.0
2025-09-07T01:00,1,6,250,0,32336.0
2025-09-07T02:00,2,6,250,0,34324.0
2025-09-07T03:00,3,6,250,0,34593.0
2025-09-07T04:00,4,6,250,0,34152.0
2025-09-07T05:00,5,6,250,0,33314.0
2025-09-07T06:00,6,6,250,0,31961.0
2025-09-07T07:00,7,6,250,0,30146.0
2025-09-07T08:00,8,6,250,0,28161.0
2025-09-07T09:00,9,6,250,0,26901.0
2025-09-07T10:00,10,6,250,0,25606.0
2025-09-07T11:00,11,6,250,0,24486.0
2025-09-07T12:00,12,6,250,0,23669.0
2025-09-07T13:00,13,6,250,0,23132.0
2025-09-07T14:00,14,6,250,0,22653.0
2025-09-07T15:00,15,6,250,0,23015.0
2025-09-07T16:00,16,6,250,0,24545.0
2025-09-07T17:00,17,6,250,0,27721.0
2025-09-07T18:00,18,6,250,0,29451.0
2025-09-07T19:00,19,6,250,0,30016.0
2025-09-07T20:00,20,6,250,0,29554.0
2025-09-07T21:00,21,6,250,0,28751.0
2025-09-07T22:00,22,6,250,0,27939.0
2025-09-07T23:00,23,6,250,0,29228.0
2025-09-08T00:00,0,0,251,0,30325.0
2025-09-08T01:00,1,0,251,0,32551.0
2025-09-08T02:00,2,0,251,0,34831.0
2025-09-08T03:00,3,0,251,0,35412.0
2025-09-08T04:00,4,0,251,0,34861.0
2025-09-08T05:00,5,0,251,0,33980.0
2025-09-08T06:00,6,0,251,0,32520.0
2025-09-08T07:00,7,0,251,0,30423.0
2025-09-08T08:00,8,0,251,0,28084.0
2025-09-08T09:00,9,0,251,0,26683.0
2025-09-08T10:00,10,0,251,0,25786.0
2025-09-08T11:00,11,0,251,0,25263.0
2025-09-08T12:00,12,0,251,0,24589.0
2025-09-08T13:00,13,0,251,0,24069.0
2025-09-08T14:00,14,0,251,0,24527.0
2025-09-08T15:00,15,0,251,0,26184.0
2025-09-08T16:00,16,0,251,0,28423.0
2025-09-08T17:00,17,0,251,0,31696.0
2025-09-08T18:00,18,0,251,0,33038.0
2025-09-08T19:00,19,0,251,0,33769.0
2025-09-08T20:00,20,0,251,0,33446.0
2025-09-08T21:00,21,0,251,0,32697.0
2025-09-08T22:00,22,0,251,0,32193.0
2025-09-08T23:00,23,0,251,0,32437.0
2025-09-09T00:00,0,1,252,0,33294.0
2025-09-09T01:00,1,1,252,0,35166.0
2025-09-09T02:00,2,1,252,0,36444.0
2025-09-09T03:00,3,1,252,0,36200.0
2025-09-09T04:00,4,1,252,0,35348.0
2025-09-09T05:00,5,1,252,0,34517.0
2025-09-09T06:00,6,1,252,0,33323.0
2025-09-09T07:00,7,1,252,0,31194.0
2025-09-09T08:00,8,1,252,0,28771.0
2025-09-09T09:00,9,1,252,0,27359.0
2025-09-09T10:00,10,1,252,0,26157.0
2025-09-09T11:00,11,1,252,0,25411.0
2025-09-09T12:00,12,1,252,0,24690.0
2025-09-09T13:00,13,1,252,0,24356.0
2025-09-09T14:00,14,1,252,0,24856.0
2025-09-09T15:00,15,1,252,0,26639.0
2025-09-09T16:00,16,1,252,0,28717.0
2025-09-09T17:00,17,1,252,0,32032.0
2025-09-09T18:00,18,1,252,0,31792.0
2025-09-09T19:00,19,1,252,0,32069.0
2025-09-09T20:00,20,1,252,0,32017.0
2025-09-09T21:00,21,1,252,0,31917.0
2025-09-09T22:00,22,1,252,0,30669.0
2025-09-09T23:00,23,1,252,0,30063.0
2025-09-10T00:00,0,2,253,0,30730.0
2025-09-10T01:00,1,2,253,0,32137.0
2025-09-10T02:00,2,2,253,0,33240.0
2025-09-10T03:00,3,2,253,0,32990.0
2025-09-10T04:00,4,2,253,0,32736.0
2025-09-10T05:00,5,2,253,0,32317.0
2025-09-10T06:00,6,2,253,0,31250.0
2025-09-10T07:00,7,2,253,0,29489.0
2025-09-10T08:00,8,2,253,0,27652.0
2025-09-10T09:00,9,2,253,0,26600.0
2025-09-10T10:00,10,2,253,0,25425.0
2025-09-10T11:00,11,2,253,0,24847.0
2025-09-10T12:00,12,2,253,0,24469.0
2025-09-10T13:00,13,2,253,0,24259.0
2025-09-10T14:00,14,2,253,0,25019.0
2025-09-10T15:00,15,2,253,0,26682.0
2025-09-10T16:00,16,2,253,0,28283.0
2025-09-10T17:00,17,2,253,0,30907.0
2025-09-10T18:00,18,2,253,0,31504.0
2025-09-10T19:00,19,2,253,0,31699.0
2025-09-10T20:00,20,2,253,0,31217.0
2025-09-10T21:00,21,2,253,0,31178.0
2025-09-10T22:00,22,2,253,0,30611.0
2025-09-10T23:00,23,2,253,0,30594.0
2025-09-11T00:00,0,3,254,0,30385.0
2025-09-11T01:00,1,3,254,0,30338.0
2025-09-11T02:00,2,3,254,0,31393.0
2025-09-11T03:00,3,3,254,0,31809.0
2025-09-11T04:00,4,3,254,0,31779.0
2025-09-11T05:00,5,3,254,0,31343.0
2025-09-11T06:00,6,3,254,0,30352.0
2025-09-11T07:00,7,3,254,0,28816.0
2025-09-11T08:00,8,3,254,0,26964.0
2025-09-11T09:00,9,3,254,0,25956.0
2025-09-11T10:00,10,3,254,0,25024.0
2025-09-11T11:00,11,3,254,0,24341.0
2025-09-11T12:00,12,3,254,0,24123.0
2025-09-11T13:00,13,3,254,0,23510.0
2025-09-11T14:00,14,3,254,0,24256.0
2025-09-11T15:00,15,3,254,0,25843.0
2025-09-11T16:00,16,3,254,0,27377.0
2025-09-11T17:00,17,3,254,0,29109.0
2025-09-11T18:00,18,3,254,0,29805.0
2025-09-11T19:00,19,3,254,0,29216.0
2025-09-11T20:00,20,3,254,0,29236.0
2025-09-11T21:00,21,3,254,0,29663.0
2025-09-11T22:00,22,3,254,0,28833.0
2025-09-11T23:00,23,3,254,0,28587.0
2025-09-12T00:00,0,4,255,0,29648.0
2025-09-12T01:00,1,4,255,0,30832.0
2025-09-12T02:00,2,4,255,0,31321.0
2025-09-12T03:00,3,4,255,0,31445.0
2025-09-12T04:00,4,4,255,0,31509.0
2025-09-12T05:00,5,4,255,0,31177.0
2025-09-12T06:00,6,4,255,0,30285.0
2025-09-12T07:00,7,4,255,0,28812.0
2025-09-12T08:00,8,4,255,0,26874.0
2025-09-12T09:00,9,4,255,0,26140.0
2025-09-12T10:00,10,4,255,0,24919.0
2025-09-12T11:00,11,4,255,0,23821.0
2025-09-12T12:00,12,4,255,0,23645.0
2025-09-12T13:00,13,4,255,0,23482.0
2025-09-12T14:00,14,4,255,0,24039.0
2025-09-12T15:00,15,4,255,0,25652.0
2025-09-12T16:00,16,4,255,0,27213.0
2025-09-12T17:00,17,4,255,0,30067.0
2025-09-12T18:00,18,4,255,0,30674.0
2025-09-12T19:00,19,4,255,0,30509.0
2025-09-12T20:00,20,4,255,0,30023.0
2025-09-12T21:00,21,4,255,0,29079.0
2025-09-12T22:00,22,4,255,0,29171.0
2025-09-12T23:00,23,4,255,0,28466.0
2025-09-13T00:00,0,5,256,0,28836.0
2025-09-13T01:00,1,5,256,0,29878.0
2025-09-13T02:00,2,5,256,0,31123.0
2025-09-13T03:00,3,5,256,0,31533.0
2025-09-13T04:00,4,5,256,0,31282.0
2025-09-13T05:00,5,5,256,0,30629.0
2025-09-13T06:00,6,5,256,0,29653.0
2025-09-13T07:00,7,5,256,0,28380.0
2025-09-13T08:00,8,5,256,0,26723.0
2025-09-13T09:00,9,5,256,0,25838.0
2025-09-13T10:00,10,5,256,0,24593.0
2025-09-13T11:00,11,5,256,0,23740.0
2025-09-13T12:00,12,5,256,0,23113.0
2025-09-13T13:00,13,5,256,0,22722.0
2025-09-13T14:00,14,5,256,0,22753.0
2025-09-13T15:00,15,5,256,0,23221.0
2025-09-13T16:00,16,5,256,0,24588.0
2025-09-13T17:00,17,5,256,0,27279.0
2025-09-13T18:00,18,5,256,0,27962.0
2025-09-13T19:00,19,5,256,0,28689.0
2025-09-13T20:00,20,5,256,0,27987.0
2025-09-13T21:00,21,5,256,0,27186.0
2025-09-13T22:00,22,5,256,0,26637.0
2025-09-13T23:00,23,5,256,0,25590.0
2025-09-14T00:00,0,6,257,0,26219.0
2025-09-14T01:00,1,6,257,0,27415.0
2025-09-14T02:00,2,6,257,0,29063.0
2025-09-14T03:00,3,6,257,0,29804.0
2025-09-14T04:00,4,6,257,0,29756.0
2025-09-14T05:00,5,6,257,0,29353.0
2025-09-14T06:00,6,6,257,0,28533.0
2025-09-14T07:00,7,6,257,0,27372.0
2025-09-14T08:00,8,6,257,0,25919.0
2025-09-14T09:00,9,6,257,0,24960.0
2025-09-14T10:00,10,6,257,0,23636.0
2025-09-14T11:00,11,6,257,0,22726.0
2025-09-14T12:00,12,6,257,0,22178.0
2025-09-14T13:00,13,6,257,0,21741.0
2025-09-14T14:00,14,6,257,0,21715.0
2025-09-14T15:00,15,6,257,0,22047.0
2025-09-14T16:00,16,6,257,0,23003.0
2025-09-14T17:00,17,6,257,0,25978.0
2025-09-14T18:00,18,6,257,0,26679.0
2025-09-14T19:00,19,6,257,0,27011.0
2025-09-14T20:00,20,6,257,0,26118.0
2025-09-14T21:00,21,6,257,0,24751.0
2025-09-14T22:00,22,6,257,0,24951.0
2025-09-14T23:00,23,6,257,0,24646.0
2025-09-15T00:00,0,0,258,0,26314.0
2025-09-15T01:00,1,0,258,0,28273.0
2025-09-15T02:00,2,0,258,0,30746.0
2025-09-15T03:00,3,0,258,0,31449.0
2025-09-15T04:00,4,0,258,0,31364.0
2025-09-15T05:00,5,0,258,0,30724.0
2025-09-15T06:00,6,0,258,0,29612.0
2025-09-15T07:00,7,0,258,0,28076.0
2025-09-15T08:00,8,0,258,0,26071.0
2025-09-15T09:00,9,0,258,0,25010.0
2025-09-15T10:00,10,0,258,0,24013.0
2025-09-15T11:00,11,0,258,0,23662.0
2025-09-15T12:00,12,0,258,0,23128.0
2025-09-15T13:00,13,0,258,0,22535.0
2025-09-15T14:00,14,0,258,0,23686.0
2025-09-15T15:00,15,0,258,0,25782.0
2025-09-15T16:00,16,0,258,0,27506.0
2025-09-15T17:00,17,0,258,0,30892.0
2025-09-15T18:00,18,0,258,0,32435.0
2025-09-15T19:00,19,0,258,0,32586.0
2025-09-15T20:00,20,0,258,0,32027.0
2025-09-15T21:00,21,0,258,0,31733.0
2025-09-15T22:00,22,0,258,0,31125.0
2025-09-15T23:00,23,0,258,0,31387.0
2025-09-16T00:00,0,1,259,0,33384.0
2025-09-16T01:00,1,1,259,0,35721.0
2025-09-16T02:00,2,1,259,0,37885.0
2025-09-16T03:00,3,1,259,0,37938.0
2025-09-16T04:00,4,1,259,0,36821.0
2025-09-16T05:00,5,1,259,0,35693.0
2025-09-16T06:00,6,1,259,0,33663.0
2025-09-16T07:00,7,1,259,0,31141.0
2025-09-16T08:00,8,1,259,0,28672.0
2025-09-16T09:00,9,1,259,0,27218.0
2025-09-16T10:00,10,1,259,0,25789.0
2025-09-16T11:00,11,1,259,0,25204.0
2025-09-16T12:00,12,1,259,0,24795.0
2025-09-16T13:00,13,1,259,0,24062.0
2025-09-16T14:00,14,1,259,0,24816.0
2025-09-16T15:00,15,1,259,0,26560.0
2025-09-16T16:00,16,1,259,0,28279.0
2025-09-16T17:00,17,1,259,0,32180.0
2025-09-16T18:00,18,1,259,0,33779.0
2025-09-16T19:00,19,1,259,0,33305.0
2025-09-16T20:00,20,1,259,0,33720.0
2025-09-16T21:00,21,1,259,0,34057.0
2025-09-16T22:00,22,1,259,0,35425.0
2025-09-16T23:00,23,1,259,0,37359.0
2025-09-17T00:00,0,2,260,0,39305.0
2025-09-17T01:00,1,2,260,0,40540.0
2025-09-17T02:00,2,2,260,0,40961.0
2025-09-17T03:00,3,2,260,0,40158.0
2025-09-17T04:00,4,2,260,0,38910.0
2025-09-17T05:00,5,2,260,0,37587.0
2025-09-17T06:00,6,2,260,0,35579.0
2025-09-17T07:00,7,2,260,0,32991.0
2025-09-17T08:00,8,2,260,0,30338.0
2025-09-17T09:00,9,2,260,0,28882.0
2025-09-17T10:00,10,2,260,0,27402.0
2025-09-17T11:00,11,2,260,0,26553.0
2025-09-17T12:00,12,2,260,0,26046.0
2025-09-17T13:00,13,2,260,0,25905.0
2025-09-17T14:00,14,2,260,0,25821.0
2025-09-17T15:00,15,2,260,0,27607.0
2025-09-17T16:00,16,2,260,0,29224.0
2025-09-17T17:00,17,2,260,0,32769.0
2025-09-17T18:00,18,2,260,0,34522.0
2025-09-17T19:00,19,2,260,0,35532.0
2025-09-17T20:00,20,2,260,0,35932.0
2025-09-17T21:00,21,2,260,0,37005.0
2025-09-17T22:00,22,2,260,0,37250.0
2025-09-17T23:00,23,2,260,0,38314.0
2025-09-18T00:00,0,3,261,0,39337.0
2025-09-18T01:00,1,3,261,0,39236.0
2025-09-18T02:00,2,3,261,0,38341.0
2025-09-18T03:00,3,3,261,0,37262.0
2025-09-18T04:00,4,3,261,0,36594.0
2025-09-18T05:00,5,3,261,0,35263.0
2025-09-18T06:00,6,3,261,0,33982.0
2025-09-18T07:00,7,3,261,0,32228.0
2025-09-18T08:00,8,3,261,0,29936.0
2025-09-18T09:00,9,3,261,0,28680.0
2025-09-18T10:00,10,3,261,0,27648.0
2025-09-18T11:00,11,3,261,0,27017.0
2025-09-18T12:00,12,3,261,0,26477.0
2025-09-18T13:00,13,3,261,0,25952.0
2025-09-18T14:00,14,3,261,0,26428.0
2025-09-18T15:00,15,3,261,0,27887.0
2025-09-18T16:00,16,3,261,0,28993.0
2025-09-18T17:00,17,3,261,0,29931.0
2025-09-18T18:00,18,3,261,0,31041.0
2025-09-18T19:00,19,3,261,0,31739.0
2025-09-18T20:00,20,3,261,0,32969.0
2025-09-18T21:00,21,3,261,0,33523.0
2025-09-18T22:00,22,3,261,0,33756.0
2025-09-18T23:00,23,3,261,0,33506.0
2025-09-19T00:00,0,4,262,0,34691.0
2025-09-19T01:00,1,4,262,0,34467.0
2025-09-19T02:00,2,4,262,0,34186.0
2025-09-19T03:00,3,4,262,0,34055.0
2025-09-19T04:00,4,4,262,0,33816.0
2025-09-19T05:00,5,4,262,0,33062.0
2025-09-19T06:00,6,4,262,0,32208.0
2025-09-19T07:00,7,4,262,0,30579.0
2025-09-19T08:00,8,4,262,0,28681.0
2025-09-19T09:00,9,4,262,0,27282.0
2025-09-19T10:00,10,4,262,0,25829.0
2025-09-19T11:00,11,4,262,0,24857.0
2025-09-19T12:00,12,4,262,0,24551.0
2025-09-19T13:00,13,4,262,0,24176.0
2025-09-19T14:00,14,4,262,0,24997.0
2025-09-19T15:00,15,4,262,0,26598.0
2025-09-19T16:00,16,4,262,0,27667.0
2025-09-19T17:00,17,4,262,0,28523.0
2025-09-19T18:00,18,4,262,0,29904.0
2025-09-19T19:00,19,4,262,0,31027.0
2025-09-19T20:00,20,4,262,0,31784.0
2025-09-19T21:00,21,4,262,0,32140.0
2025-09-19T22:00,22,4,262,0,32564.0
2025-09-19T23:00,23,4,262,0,32268.0
2025-09-20T00:00,0,5,263,0,33182.0
2025-09-20T01:00,1,5,263,0,34410.0
2025-09-20T02:00,2,5,263,0,34952.0
2025-09-20T03:00,3,5,263,0,34604.0
2025-09-20T04:00,4,5,263,0,33551.0
2025-09-20T05:00,5,5,263,0,32549.0
2025-09-20T06:00,6,5,263,0,31696.0
2025-09-20T07:00,7,5,263,0,30307.0
2025-09-20T08:00,8,5,263,0,28316.0
2025-09-20T09:00,9,5,263,0,26968.0
2025-09-20T10:00,10,5,263,0,25481.0
2025-09-20T11:00,11,5,263,0,24310.0
2025-09-20T12:00,12,5,263,0,23713.0
2025-09-20T13:00,13,5,263,0,23237.0
2025-09-20T14:00,14,5,263,0,23451.0
2025-09-20T15:00,15,5,263,0,23762.0
2025-09-20T16:00,16,5,263,0,24711.0
2025-09-20T17:00,17,5,263,0,27693.0
2025-09-20T18:00,18,5,263,0,28936.0
2025-09-20T19:00,19,5,263,0,29107.0
2025-09-20T20:00,20,5,263,0,28961.0
2025-09-20T21:00,21,5,263,0,29059.0
2025-09-20T22:00,22,5,263,0,28584.0
2025-09-20T23:00,23,5,263,0,29316.0
2025-09-21T00:00,0,6,264,0,31198.0
2025-09-21T01:00,1,6,264,0,32202.0
2025-09-21T02:00,2,6,264,0,33302.0
2025-09-21T03:00,3,6,264,0,33067.0
2025-09-21T04:00,4,6,264,0,32039.0
2025-09-21T05:00,5,6,264,0,31205.0
2025-09-21T06:00,6,6,264,0,30111.0
2025-09-21T07:00,7,6,264,0,28783.0
2025-09-21T08:00,8,6,264,0,27041.0
2025-09-21T09:00,9,6,264,0,25931.0
2025-09-21T10:00,10,6,264,0,24565.0
2025-09-21T11:00,11,6,264,0,23396.0
2025-09-21T12:00,12,6,264,0,22741.0
2025-09-21T13:00,13,6,264,0,22152.0
2025-09-21T14:00,14,6,264,0,22063.0
2025-09-21T15:00,15,6,264,0,22269.0
2025-09-21T16:00,16,6,264,0,23784.0
2025-09-21T17:00,17,6,264,0,26302.0
2025-09-21T18:00,18,6,264,0,28328.0
2025-09-21T19:00,19,6,264,0,28851.0
2025-09-21T20:00,20,6,264,0,28219.0
2025-09-21T21:00,21,6,264,0,27486.0
2025-09-21T22:00,22,6,264,0,27402.0
2025-09-21T23:00,23,6,264,0,26778.0
2025-09-22T00:00,0,0,265,0,27319.0
2025-09-22T01:00,1,0,265,0,28397.0
2025-09-22T02:00,2,0,265,0,30470.0
2025-09-22T03:00,3,0,265,0,31091.0
2025-09-22T04:00,4,0,265,0,31050.0
2025-09-22T05:00,5,0,265,0,30388.0
2025-09-22T06:00,6,0,265,0,29426.0
2025-09-22T07:00,7,0,265,0,27946.0
2025-09-22T08:00,8,0,265,0,26268.0
2025-09-22T09:00,9,0,265,0,25206.0
2025-09-22T10:00,10,0,265,0,23906.0
2025-09-22T11:00,11,0,265,0,23639.0
2025-09-22T12:00,12,0,265,0,23101.0
2025-09-22T13:00,13,0,265,0,22884.0
2025-09-22T14:00,14,0,265,0,23762.0
2025-09-22T15:00,15,0,265,0,25662.0
2025-09-22T16:00,16,0,265,0,26578.0
2025-09-22T17:00,17,0,265,0,28006.0
2025-09-22T18:00,18,0,265,0,30582.0
2025-09-22T19:00,19,0,265,0,31395.0
2025-09-22T20:00,20,0,265,0,31808.0
2025-09-22T21:00,21,0,265,0,32619.0
2025-09-22T22:00,22,0,265,0,32895.0
2025-09-22T23:00,23,0,265,0,33083.0
2025-09-23T00:00,0,1,266,0,34713.0
2025-09-23T01:00,1,1,266,0,36141.0
2025-09-23T02:00,2,1,266,0,36691.0
2025-09-23T03:00,3,1,266,0,36711.0
2025-09-23T04:00,4,1,266,0,35861.0
2025-09-23T05:00,5,1,266,0,34570.0
2025-09-23T06:00,6,1,266,0,33137.0
2025-09-23T07:00,7,1,266,0,30896.0
2025-09-23T08:00,8,1,266,0,28645.0
2025-09-23T09:00,9,1,266,0,27440.0
2025-09-23T10:00,10,1,266,0,25786.0
2025-09-23T11:00,11,1,266,0,25090.0
2025-09-23T12:00,12,1,266,0,24318.0
2025-09-23T13:00,13,1,266,0,24110.0
2025-09-23T14:00,14,1,266,0,24770.0
2025-09-23T15:00,15,1,266,0,26673.0
2025-09-23T16:00,16,1,266,0,28461.0
2025-09-23T17:00,17,1,266,0,31161.0
2025-09-23T18:00,18,1,266,0,33152.0
2025-09-23T19:00,19,1,266,0,34132.0
2025-09-23T20:00,20,1,266,0,34514.0
2025-09-23T21:00,21,1,266,0,34835.0
2025-09-23T22:00,22,1,266,0,35387.0
2025-09-23T23:00,23,1,266,0,36285.0
2025-09-24T00:00,0,2,267,0,37874.0
2025-09-24T01:00,1,2,267,0,38749.0
2025-09-24T02:00,2,2,267,0,39456.0
2025-09-24T03:00,3,2,267,0,38618.0
2025-09-24T04:00,4,2,267,0,37439.0
2025-09-24T05:00,5,2,267,0,36401.0
2025-09-24T06:00,6,2,267,0,34880.0
2025-09-24T07:00,7,2,267,0,32483.0
2025-09-24T08:00,8,2,267,0,30143.0
2025-09-24T09:00,9,2,267,0,28725.0
2025-09-24T10:00,10,2,267,0,27021.0
2025-09-24T11:00,11,2,267,0,25979.0
2025-09-24T12:00,12,2,267,0,25670.0
2025-09-24T13:00,13,2,267,0,25012.0
2025-09-24T14:00,14,2,267,0,25848.0
2025-09-24T15:00,15,2,267,0,27592.0
2025-09-24T16:00,16,2,267,0,29074.0
2025-09-24T17:00,17,2,267,0,30540.0
2025-09-24T18:00,18,2,267,0,32662.0
2025-09-24T19:00,19,2,267,0,33392.0
2025-09-24T20:00,20,2,267,0,34228.0
2025-09-24T21:00,21,2,267,0,35003.0
2025-09-24T22:00,22,2,267,0,35074.0
2025-09-24T23:00,23,2,267,0,35649.0
2025-09-25T00:00,0,3,268,0,35513.0
2025-09-25T01:00,1,3,268,0,35943.0
2025-09-25T02:00,2,3,268,0,36057.0
2025-09-25T03:00,3,3,268,0,35088.0
2025-09-25T04:00,4,3,268,0,34612.0
2025-09-25T05:00,5,3,268,0,33310.0
2025-09-25T06:00,6,3,268,0,32489.0
2025-09-25T07:00,7,3,268,0,30477.0
2025-09-25T08:00,8,3,268,0,28429.0
2025-09-25T09:00,9,3,268,0,26982.0
2025-09-25T10:00,10,3,268,0,25594.0
2025-09-25T11:00,11,3,268,0,24426.0
2025-09-25T12:00,12,3,268,0,23950.0
2025-09-25T13:00,13,3,268,0,23753.0
2025-09-25T14:00,14,3,268,0,24658.0
2025-09-25T15:00,15,3,268,0,26349.0
2025-09-25T16:00,16,3,268,0,27840.0
2025-09-25T17:00,17,3,268,0,29252.0
2025-09-25T18:00,18,3,268,0,31457.0
2025-09-25T19:00,19,3,268,0,31224.0
2025-09-25T20:00,20,3,268,0,31456.0
2025-09-25T21:00,21,3,268,0,31226.0
2025-09-25T22:00,22,3,268,0,30972.0
2025-09-25T23:00,23,3,268,0,31623.0
2025-09-26T00:00,0,4,269,0,31950.0
2025-09-26T01:00,1,4,269,0,32493.0
2025-09-26T02:00,2,4,269,0,32901.0
2025-09-26T03:00,3,4,269,0,32375.0
2025-09-26T04:00,4,4,269,0,31673.0
2025-09-26T05:00,5,4,269,0,30979.0
2025-09-26T06:00,6,4,269,0,30044.0
2025-09-26T07:00,7,4,269,0,28667.0
2025-09-26T08:00,8,4,269,0,26625.0
2025-09-26T09:00,9,4,269,0,25603.0
2025-09-26T10:00,10,4,269,0,24536.0
2025-09-26T11:00,11,4,269,0,24292.0
2025-09-26T12:00,12,4,269,0,24034.0
2025-09-26T13:00,13,4,269,0,23456.0
2025-09-26T14:00,14,4,269,0,24007.0
2025-09-26T15:00,15,4,269,0,25641.0
2025-09-26T16:00,16,4,269,0,26920.0
2025-09-26T17:00,17,4,269,0,29313.0
2025-09-26T18:00,18,4,269,0,31317.0
2025-09-26T19:00,19,4,269,0,31510.0
2025-09-26T20:00,20,4,269,0,31565.0
2025-09-26T21:00,21,4,269,0,31062.0
2025-09-26T22:00,22,4,269,0,29672.0
2025-09-26T23:00,23,4,269,0,29136.0
2025-09-27T00:00,0,5,270,0,29034.0
2025-09-27T01:00,1,5,270,0,30070.0
2025-09-27T02:00,2,5,270,0,30566.0
2025-09-27T03:00,3,5,270,0,30903.0
2025-09-27T04:00,4,5,270,0,30431.0
2025-09-27T05:00,5,5,270,0,29943.0
2025-09-27T06:00,6,5,270,0,29354.0
2025-09-27T07:00,7,5,270,0,28165.0
2025-09-27T08:00,8,5,270,0,26537.0
2025-09-27T09:00,9,5,270,0,25461.0
2025-09-27T10:00,10,5,270,0,24091.0
2025-09-27T11:00,11,5,270,0,23112.0
2025-09-27T12:00,12,5,270,0,22501.0
2025-09-27T13:00,13,5,270,0,22480.0
2025-09-27T14:00,14,5,270,0,22517.0
2025-09-27T15:00,15,5,270,0,23236.0
2025-09-27T16:00,16,5,270,0,24014.0
2025-09-27T17:00,17,5,270,0,26699.0
2025-09-27T18:00,18,5,270,0,28169.0
2025-09-27T19:00,19,5,270,0,28711.0
2025-09-27T20:00,20,5,270,0,28426.0
2025-09-27T21:00,21,5,270,0,27758.0
2025-09-27T22:00,22,5,270,0,27779.0
2025-09-27T23:00,23,5,270,0,26763.0
2025-09-28T00:00,0,6,271,0,26962.0
2025-09-28T01:00,1,6,271,0,26813.0
2025-09-28T02:00,2,6,271,0,27891.0
2025-09-28T03:00,3,6,271,0,28451.0
2025-09-28T04:00,4,6,271,0,28456.0
2025-09-28T05:00,5,6,271,0,28048.0
2025-09-28T06:00,6,6,271,0,27383.0
2025-09-28T07:00,7,6,271,0,26371.0
2025-09-28T08:00,8,6,271,0,25044.0
2025-09-28T09:00,9,6,271,0,24205.0
2025-09-28T10:00,10,6,271,0,23039.0
2025-09-28T11:00,11,6,271,0,22255.0
2025-09-28T12:00,12,6,271,0,21909.0
2025-09-28T13:00,13,6,271,0,21550.0
2025-09-28T14:00,14,6,271,0,21607.0
2025-09-28T15:00,15,6,271,0,21790.0
2025-09-28T16:00,16,6,271,0,22535.0
2025-09-28T17:00,17,6,271,0,25464.0
2025-09-28T18:00,18,6,271,0,27260.0
2025-09-28T19:00,19,6,271,0,27689.0
2025-09-28T20:00,20,6,271,0,28220.0
2025-09-28T21:00,21,6,271,0,26897.0
2025-09-28T22:00,22,6,271,0,26077.0
2025-09-28T23:00,23,6,271,0,25330.0
2025-09-29T00:00,0,0,272,0,25298.0
2025-09-29T01:00,1,0,272,0,26559.0
2025-09-29T02:00,2,0,272,0,27533.0
2025-09-29T03:00,3,0,272,0,28579.0
2025-09-29T04:00,4,0,272,0,28629.0
2025-09-29T05:00,5,0,272,0,28103.0
2025-09-29T06:00,6,0,272,0,27328.0
2025-09-29T07:00,7,0,272,0,25991.0
2025-09-29T08:00,8,0,272,0,24673.0
2025-09-29T09:00,9,0,272,0,23899.0
2025-09-29T10:00,10,0,272,0,23142.0
2025-09-29T11:00,11,0,272,0,22879.0
2025-09-29T12:00,12,0,272,0,22570.0
2025-09-29T13:00,13,0,272,0,22248.0
2025-09-29T14:00,14,0,272,0,23155.0
2025-09-29T15:00,15,0,272,0,25031.0
2025-09-29T16:00,16,0,272,0,26874.0
2025-09-29T17:00,17,0,272,0,29284.0
2025-09-29T18:00,18,0,272,0,30213.0
2025-09-29T19:00,19,0,272,0,30344.0
2025-09-29T20:00,20,0,272,0,30184.0
2025-09-29T21:00,21,0,272,0,30853.0
2025-09-29T22:00,22,0,272,0,30606.0
2025-09-29T23:00,23,0,272,0,30339.0
2025-09-30T00:00,0,1,273,0,30691.0
2025-09-30T01:00,1,1,273,0,30357.0
2025-09-30T02:00,2,1,273,0,30877.0
2025-09-30T03:00,3,1,273,0,30965.0
2025-09-30T04:00,4,1,273,0,30653.0
2025-09-30T05:00,5,1,273,0,29664.0
2025-09-30T06:00,6,1,273,0,28631.0
2025-09-30T07:00,7,1,273,0,27219.0
2025-09-30T08:00,8,1,273,0,25384.0
2025-09-30T09:00,9,1,273,0,24579.0
2025-09-30T10:00,10,1,273,0,23789.0
2025-09-30T11:00,11,1,273,0,23383.0
2025-09-30T12:00,12,1,273,0,23145.0
2025-09-30T13:00,13,1,273,0,22979.0
2025-09-30T14:00,14,1,273,0,23757.0
2025-09-30T15:00,15,1,273,0,25730.0
2025-09-30T16:00,16,1,273,0,27074.0
2025-09-30T17:00,17,1,273,0,29412.0
2025-09-30T18:00,18,1,273,0,30779.0
2025-09-30T19:00,19,1,273,0,29914.0
2025-09-30T20:00,20,1,273,0,29555.0
2025-09-30T21:00,21,1,273,0,29237.0
2025-09-30T22:00,22,1,273,0,29714.0
2025-09-30T23:00,23,1,273,0,29664.0
2025-10-01T00:00,0,2,274,0,29650.0
2025-10-01T01:00,1,2,274,0,29801.0
2025-10-01T02:00,2,2,274,0,29959.0
2025-10-01T03:00,3,2,274,0,30466.0
2025-10-01T04:00,4,2,274,0,30095.0
2025-10-01T05:00,5,2,274,0,29504.0
2025-10-01T06:00,6,2,274,0,28673.0
2025-10-01T07:00,7,2,274,0,27275.0
2025-10-01T08:00,8,2,274,0,25530.0
2025-10-01T09:00,9,2,274,0,24832.0
2025-10-01T10:00,10,2,274,0,23936.0
2025-10-01T11:00,11,2,274,0,23837.0
2025-10-01T12:00,12,2,274,0,23304.0
2025-10-01T13:00,13,2,274,0,22582.0
2025-10-01T14:00,14,2,274,0,23428.0
2025-10-01T15:00,15,2,274,0,25130.0
2025-10-01T16:00,16,2,274,0,26573.0
2025-10-01T17:00,17,2,274,0,29171.0
2025-10-01T18:00,18,2,274,0,31102.0
2025-10-01T19:00,19,2,274,0,30899.0
2025-10-01T20:00,20,2,274,0,30295.0
2025-10-01T21:00,21,2,274,0,29519.0
2025-10-01T22:00,22,2,274,0,29328.0
2025-10-01T23:00,23,2,274,0,29674.0
2025-10-02T00:00,0,3,275,0,29953.0
2025-10-02T01:00,1,3,275,0,30119.0
2025-10-02T02:00,2,3,275,0,30285.0
2025-10-02T03:00,3,3,275,0,31123.0
2025-10-02T04:00,4,3,275,0,30832.0
2025-10-02T05:00,5,3,275,0,29624.0
2025-10-02T06:00,6,3,275,0,28832.0
2025-10-02T07:00,7,3,275,0,27397.0
2025-10-02T08:00,8,3,275,0,25730.0
2025-10-02T09:00,9,3,275,0,25015.0
2025-10-02T10:00,10,3,275,0,23924.0
2025-10-02T11:00,11,3,275,0,23587.0
2025-10-02T12:00,12,3,275,0,23127.0
2025-10-02T13:00,13,3,275,0,22917.0
2025-10-02T14:00,14,3,275,0,23598.0
2025-10-02T15:00,15,3,275,0,25245.0
2025-10-02T16:00,16,3,275,0,26441.0
2025-10-02T17:00,17,3,275,0,27975.0
2025-10-02T18:00,18,3,275,0,29670.0
2025-10-02T19:00,19,3,275,0,29641.0
2025-10-02T20:00,20,3,275,0,29568.0
2025-10-02T21:00,21,3,275,0,29091.0
2025-10-02T22:00,22,3,275,0,29564.0
2025-10-02T23:00,23,3,275,0,29811.0
2025-10-03T00:00,0,4,276,0,29596.0
2025-10-03T01:00,1,4,276,0,29602.0
2025-10-03T02:00,2,4,276,0,29963.0
2025-10-03T03:00,3,4,276,0,30580.0
2025-10-03T04:00,4,4,276,0,30297.0
2025-10-03T05:00,5,4,276,0,29321.0
2025-10-03T06:00,6,4,276,0,28789.0
2025-10-03T07:00,7,4,276,0,27629.0
2025-10-03T08:00,8,4,276,0,25612.0
2025-10-03T09:00,9,4,276,0,24732.0
2025-10-03T10:00,10,4,276,0,23696.0
2025-10-03T11:00,11,4,276,0,23012.0
2025-10-03T12:00,12,4,276,0,23061.0
2025-10-03T13:00,13,4,276,0,22741.0
2025-10-03T14:00,14,4,276,0,23823.0
2025-10-03T15:00,15,4,276,0,25179.0
2025-10-03T16:00,16,4,276,0,26177.0
2025-10-03T17:00,17,4,276,0,27725.0
2025-10-03T18:00,18,4,276,0,29335.0
2025-10-03T19:00,19,4,276,0,29450.0
2025-10-03T20:00,20,4,276,0,29728.0
2025-10-03T21:00,21,4,276,0,29371.0
2025-10-03T22:00,22,4,276,0,28887.0
2025-10-03T23:00,23,4,276,0,28479.0
2025-10-04T00:00,0,5,277,0,27483.0
2025-10-04T01:00,1,5,277,0,27088.0
2025-10-04T02:00,2,5,277,0,27405.0
2025-10-04T03:00,3,5,277,0,28230.0
2025-10-04T04:00,4,5,277,0,27996.0
2025-10-04T05:00,5,5,277,0,27315.0
2025-10-04T06:00,6,5,277,0,26748.0
2025-10-04T07:00,7,5,277,0,25752.0
2025-10-04T08:00,8,5,277,0,24486.0
2025-10-04T09:00,9,5,277,0,24030.0
2025-10-04T10:00,10,5,277,0,22755.0
2025-10-04T11:00,11,5,277,0,22106.0
2025-10-04T12:00,12,5,277,0,21458.0
2025-10-04T13:00,13,5,277,0,21097.0
2025-10-04T14:00,14,5,277,0,21482.0
2025-10-04T15:00,15,5,277,0,22214.0
2025-10-04T16:00,16,5,277,0,22628.0
2025-10-04T17:00,17,5,277,0,23513.0
2025-10-04T18:00,18,5,277,0,24161.0
2025-10-04T19:00,19,5,277,0,23343.0
2025-10-04T20:00,20,5,277,0,22784.0
2025-10-04T21:00,21,5,277,0,22557.0
2025-10-04T22:00,22,5,277,0,22482.0
2025-10-04T23:00,23,5,277,0,21708.0
2025-10-05T00:00,0,6,278,0,22588.0
2025-10-05T01:00,1,6,278,0,23603.0
2025-10-05T02:00,2,6,278,0,25113.0
2025-10-05T03:00,3,6,278,0,26796.0
2025-10-05T04:00,4,6,278,0,26744.0
2025-10-05T05:00,5,6,278,0,26061.0
2025-10-05T06:00,6,6,278,0,25603.0
2025-10-05T07:00,7,6,278,0,24432.0
2025-10-05T08:00,8,6,278,0,23218.0
2025-10-05T09:00,9,6,278,0,22525.0
2025-10-05T10:00,10,6,278,0,21564.0
2025-10-05T11:00,11,6,278,0,20971.0
2025-10-05T12:00,12,6,278,0,20353.0
2025-10-05T13:00,13,6,278,0,20197.0
2025-10-05T14:00,14,6,278,0,20575.0
2025-10-05T15:00,15,6,278,0,20769.0
2025-10-05T16:00,16,6,278,0,21323.0
2025-10-05T17:00,17,6,278,0,22436.0
2025-10-05T18:00,18,6,278,0,23504.0
2025-10-05T19:00,19,6,278,0,23375.0
2025-10-05T20:00,20,6,278,0,23820.0
2025-10-05T21:00,21,6,278,0,23781.0
2025-10-05T22:00,22,6,278,0,23815.0
2025-10-05T23:00,23,6,278,0,23221.0
2025-10-06T00:00,0,0,279,0,23117.0
2025-10-06T01:00,1,0,279,0,24161.0
2025-10-06T02:00,2,0,279,0,26301.0
2025-10-06T03:00,3,0,279,0,28013.0
2025-10-06T04:00,4,0,279,0,28025.0
2025-10-06T05:00,5,0,279,0,27122.0
2025-10-06T06:00,6,0,279,0,26302.0
2025-10-06T07:00,7,0,279,0,24917.0
2025-10-06T08:00,8,0,279,0,23515.0
2025-10-06T09:00,9,0,279,0,22522.0
2025-10-06T10:00,10,0,279,0,21440.0
2025-10-06T11:00,11,0,279,0,20750.0
2025-10-06T12:00,12,0,279,0,20511.0
2025-10-06T13:00,13,0,279,0,21279.0
2025-10-06T14:00,14,0,279,0,21851.0
2025-10-06T15:00,15,0,279,0,23723.0
2025-10-06T16:00,16,0,279,0,25226.0
2025-10-06T17:00,17,0,279,0,27590.0
2025-10-06T18:00,18,0,279,0,28718.0
2025-10-06T19:00,19,0,279,0,28243.0
2025-10-06T20:00,20,0,279,0,28437.0
2025-10-06T21:00,21,0,279,0,27612.0
2025-10-06T22:00,22,0,279,0,26957.0
2025-10-06T23:00,23,0,279,0,27140.0
2025-10-07T00:00,0,1,280,0,27702.0
2025-10-07T01:00,1,1,280,0,28528.0
2025-10-07T02:00,2,1,280,0,29693.0
2025-10-07T03:00,3,1,280,0,30600.0
2025-10-07T04:00,4,1,280,0,30173.0
2025-10-07T05:00,5,1,280,0,28903.0
2025-10-07T06:00,6,1,280,0,27890.0
2025-10-07T07:00,7,1,280,0,26087.0
2025-10-07T08:00,8,1,280,0,24438.0
2025-10-07T09:00,9,1,280,0,23577.0
2025-10-07T10:00,10,1,280,0,22474.0
2025-10-07T11:00,11,1,280,0,22138.0
2025-10-07T12:00,12,1,280,0,21834.0
2025-10-07T13:00,13,1,280,0,21339.0
2025-10-07T14:00,14,1,280,0,22359.0
2025-10-07T15:00,15,1,280,0,24220.0
2025-10-07T16:00,16,1,280,0,25657.0
2025-10-07T17:00,17,1,280,0,28156.0
2025-10-07T18:00,18,1,280,0,28911.0
2025-10-07T19:00,19,1,280,0,28631.0
2025-10-07T20:00,20,1,280,0,28587.0
2025-10-07T21:00,21,1,280,0,27713.0
2025-10-07T22:00,22,1,280,0,27120.0
2025-10-07T23:00,23,1,280,0,27888.0
2025-10-08T00:00,0,2,281,0,27935.0
2025-10-08T01:00,1,2,281,0,28722.0
2025-10-08T02:00,2,2,281,0,29935.0
2025-10-08T03:00,3,2,281,0,30811.0
2025-10-08T04:00,4,2,281,0,30384.0
2025-10-08T05:00,5,2,281,0,29028.0
2025-10-08T06:00,6,2,281,0,27978.0
2025-10-08T07:00,7,2,281,0,26381.0
2025-10-08T08:00,8,2,281,0,24511.0
2025-10-08T09:00,9,2,281,0,23670.0
2025-10-08T10:00,10,2,281,0,22733.0
2025-10-08T11:00,11,2,281,0,22199.0
2025-10-08T12:00,12,2,281,0,22229.0
2025-10-08T13:00,13,2,281,0,22377.0
2025-10-08T14:00,14,2,281,0,22422.0
2025-10-08T15:00,15,2,281,0,24642.0
2025-10-08T16:00,16,2,281,0,25680.0
2025-10-08T17:00,17,2,281,0,27445.0
2025-10-08T18:00,18,2,281,0,30236.0
2025-10-08T19:00,19,2,281,0,30490.0
2025-10-08T20:00,20,2,281,0,29652.0
2025-10-08T21:00,21,2,281,0,28250.0
2025-10-08T22:00,22,2,281,0,27382.0
2025-10-08T23:00,23,2,281,0,26716.0
2025-10-09T00:00,0,3,282,0,26782.0
2025-10-09T01:00,1,3,282,0,27195.0
2025-10-09T02:00,2,3,282,0,28588.0
2025-10-09T03:00,3,3,282,0,29222.0
2025-10-09T04:00,4,3,282,0,28939.0
2025-10-09T05:00,5,3,282,0,27964.0
2025-10-09T06:00,6,3,282,0,27102.0
2025-10-09T07:00,7,3,282,0,25890.0
2025-10-09T08:00,8,3,282,0,24101.0
2025-10-09T09:00,9,3,282,0,23407.0
2025-10-09T10:00,10,3,282,0,22557.0
2025-10-09T11:00,11,3,282,0,22079.0
2025-10-09T12:00,12,3,282,0,21733.0
2025-10-09T13:00,13,3,282,0,21920.0
2025-10-09T14:00,14,3,282,0,22199.0
2025-10-09T15:00,15,3,282,0,24316.0
2025-10-09T16:00,16,3,282,0,25132.0
2025-10-09T17:00,17,3,282,0,26179.0
2025-10-09T18:00,18,3,282,0,28513.0
2025-10-09T19:00,19,3,282,0,28616.0
2025-10-09T20:00,20,3,282,0,28068.0
2025-10-09T21:00,21,3,282,0,26902.0
2025-10-09T22:00,22,3,282,0,26732.0
2025-10-09T23:00,23,3,282,0,26590.0
2025-10-10T00:00,0,4,283,0,26826.0
2025-10-10T01:00,1,4,283,0,26975.0
2025-10-10T02:00,2,4,283,0,28212.0
2025-10-10T03:00,3,4,283,0,29122.0
2025-10-10T04:00,4,4,283,0,29285.0
2025-10-10T05:00,5,4,283,0,28236.0
2025-10-10T06:00,6,4,283,0,27545.0
2025-10-10T07:00,7,4,283,0,26072.0
2025-10-10T08:00,8,4,283,0,24452.0
2025-10-10T09:00,9,4,283,0,23837.0
2025-10-10T10:00,10,4,283,0,22935.0
2025-10-10T11:00,11,4,283,0,22239.0
2025-10-10T12:00,12,4,283,0,22214.0
2025-10-10T13:00,13,4,283,0,22197.0
2025-10-10T14:00,14,4,283,0,22903.0
2025-10-10T15:00,15,4,283,0,24363.0
2025-10-10T16:00,16,4,283,0,25285.0
2025-10-10T17:00,17,4,283,0,25278.0
2025-10-10T18:00,18,4,283,0,26435.0
2025-10-10T19:00,19,4,283,0,27448.0
2025-10-10T20:00,20,4,283,0,27352.0
2025-10-10T21:00,21,4,283,0,27219.0
2025-10-10T22:00,22,4,283,0,26799.0
2025-10-10T23:00,23,4,283,0,27107.0
2025-10-11T00:00,0,5,284,0,27534.0
2025-10-11T01:00,1,5,284,0,28332.0
2025-10-11T02:00,2,5,284,0,29183.0
2025-10-11T03:00,3,5,284,0,29724.0
2025-10-11T04:00,4,5,284,0,29317.0
2025-10-11T05:00,5,5,284,0,28581.0
2025-10-11T06:00,6,5,284,0,27939.0
2025-10-11T07:00,7,5,284,0,27103.0
2025-10-11T08:00,8,5,284,0,25199.0
2025-10-11T09:00,9,5,284,0,24047.0
2025-10-11T10:00,10,5,284,0,22884.0
2025-10-11T11:00,11,5,284,0,22048.0
2025-10-11T12:00,12,5,284,0,21331.0
2025-10-11T13:00,13,5,284,0,21545.0
2025-10-11T14:00,14,5,284,0,21171.0
2025-10-11T15:00,15,5,284,0,21908.0
2025-10-11T16:00,16,5,284,0,22240.0
2025-10-11T17:00,17,5,284,0,23049.0
2025-10-11T18:00,18,5,284,0,24077.0
2025-10-11T19:00,19,5,284,0,24331.0
2025-10-11T20:00,20,5,284,0,24605.0
2025-10-11T21:00,21,5,284,0,24575.0
2025-10-11T22:00,22,5,284,0,24157.0
2025-10-11T23:00,23,5,284,0,24452.0
2025-10-12T00:00,0,6,285,0,24895.0
2025-10-12T01:00,1,6,285,0,24788.0
2025-10-12T02:00,2,6,285,0,25606.0
2025-10-12T03:00,3,6,285,0,26366.0
2025-10-12T04:00,4,6,285,0,26722.0
2025-10-12T05:00,5,6,285,0,25759.0
2025-10-12T06:00,6,6,285,0,25111.0
2025-10-12T07:00,7,6,285,0,24261.0
2025-10-12T08:00,8,6,285,0,22966.0
2025-10-12T09:00,9,6,285,0,22141.0
2025-10-12T10:00,10,6,285,0,21238.0
2025-10-12T11:00,11,6,285,0,20761.0
2025-10-12T12:00,12,6,285,0,20459.0
2025-10-12T13:00,13,6,285,0,20148.0
2025-10-12T14:00,14,6,285,0,20046.0
2025-10-12T15:00,15,6,285,0,20847.0
2025-10-12T16:00,16,6,285,0,20843.0
2025-10-12T17:00,17,6,285,0,22261.0
2025-10-12T18:00,18,6,285,0,24054.0
2025-10-12T19:00,19,6,285,0,24150.0
2025-10-12T20:00,20,6,285,0,23419.0
2025-10-12T21:00,21,6,285,0,22459.0
2025-10-12T22:00,22,6,285,0,22458.0
2025-10-12T23:00,23,6,285,0,22471.0
2025-10-13T00:00,0,0,286,1,22111.0
2025-10-13T01:00,1,0,286,1,22992.0
2025-10-13T02:00,2,0,286,1,24818.0
2025-10-13T03:00,3,0,286,1,25970.0
2025-10-13T04:00,4,0,286,1,26144.0
2025-10-13T05:00,5,0,286,1,25446.0
2025-10-13T06:00,6,0,286,1,24702.0
2025-10-13T07:00,7,0,286,1,23581.0
2025-10-13T08:00,8,0,286,1,22071.0
2025-10-13T09:00,9,0,286,1,21718.0
2025-10-13T10:00,10,0,286,1,20981.0
2025-10-13T11:00,11,0,286,1,20461.0
2025-10-13T12:00,12,0,286,1,20288.0
2025-10-13T13:00,13,0,286,1,20735.0
2025-10-13T14:00,14,0,286,1,21227.0
2025-10-13T15:00,15,0,286,1,22943.0
2025-10-13T16:00,16,0,286,1,24344.0
2025-10-13T17:00,17,0,286,1,26547.0
2025-10-13T18:00,18,0,286,1,26523.0
2025-10-13T19:00,19,0,286,1,27311.0
2025-10-13T20:00,20,0,286,1,27451.0
2025-10-13T21:00,21,0,286,1,27732.0
2025-10-13T22:00,22,0,286,1,27609.0
2025-10-13T23:00,23,0,286,1,27215.0
2025-10-14T00:00,0,1,287,0,26308.0
2025-10-14T01:00,1,1,287,0,26007.0
2025-10-14T02:00,2,1,287,0,26080.0
2025-10-14T03:00,3,1,287,0,26782.0
2025-10-14T04:00,4,1,287,0,26760.0
2025-10-14T05:00,5,1,287,0,26055.0
2025-10-14T06:00,6,1,287,0,25242.0
2025-10-14T07:00,7,1,287,0,24185.0
2025-10-14T08:00,8,1,287,0,22857.0
2025-10-14T09:00,9,1,287,0,22184.0
2025-10-14T10:00,10,1,287,0,21482.0
2025-10-14T11:00,11,1,287,0,21096.0
2025-10-14T12:00,12,1,287,0,20967.0
2025-10-14T13:00,13,1,287,0,21017.0
2025-10-14T14:00,14,1,287,0,21814.0
2025-10-14T15:00,15,1,287,0,23696.0
2025-10-14T16:00,16,1,287,0,25113.0
2025-10-14T17:00,17,1,287,0,25856.0
2025-10-14T18:00,18,1,287,0,25930.0
2025-10-14T19:00,19,1,287,0,26548.0
2025-10-14T20:00,20,1,287,0,26578.0
2025-10-14T21:00,21,1,287,0,27459.0
2025-10-14T22:00,22,1,287,0,27708.0
2025-10-14T23:00,23,1,287,0,28386.0
2025-10-15T00:00,0,2,288,0,27997.0
2025-10-15T01:00,1,2,288,0,26461.0
2025-10-15T02:00,2,2,288,0,25218.0
2025-10-15T03:00,3,2,288,0,25953.0
2025-10-15T04:00,4,2,288,0,26035.0
2025-10-15T05:00,5,2,288,0,25384.0
2025-10-15T06:00,6,2,288,0,24810.0
2025-10-15T07:00,7,2,288,0,23812.0
2025-10-15T08:00,8,2,288,0,22661.0
2025-10-15T09:00,9,2,288,0,22020.0
2025-10-15T10:00,10,2,288,0,21388.0
2025-10-15T11:00,11,2,288,0,21137.0
2025-10-15T12:00,12,2,288,0,21087.0
2025-10-15T13:00,13,2,288,0,20616.0
2025-10-15T14:00,14,2,288,0,21076.0
2025-10-15T15:00,15,2,288,0,23348.0
2025-10-15T16:00,16,2,288,0,24582.0
2025-10-15T17:00,17,2,288,0,25389.0
2025-10-15T18:00,18,2,288,0,26576.0
2025-10-15T19:00,19,2,288,0,26837.0
2025-10-15T20:00,20,2,288,0,26918.0
2025-10-15T21:00,21,2,288,0,25901.0
2025-10-15T22:00,22,2,288,0,25594.0
2025-10-15T23:00,23,2,288,0,25487.0
2025-10-16T00:00,0,3,289,0,24610.0
2025-10-16T01:00,1,3,289,0,23559.0
2025-10-16T02:00,2,3,289,0,24240.0
2025-10-16T03:00,3,3,289,0,25630.0
2025-10-16T04:00,4,3,289,0,26059.0
2025-10-16T05:00,5,3,289,0,25262.0
2025-10-16T06:00,6,3,289,0,25048.0
2025-10-16T07:00,7,3,289,0,23759.0
2025-10-16T08:00,8,3,289,0,22537.0
2025-10-16T09:00,9,3,289,0,22319.0
2025-10-16T10:00,10,3,289,0,21387.0
2025-10-16T11:00,11,3,289,0,20555.0
2025-10-16T12:00,12,3,289,0,20405.0
2025-10-16T13:00,13,3,289,0,20643.0
2025-10-16T14:00,14,3,289,0,21614.0
2025-10-16T15:00,15,3,289,0,23412.0
2025-10-16T16:00,16,3,289,0,24763.0
2025-10-16T17:00,17,3,289,0,25984.0
2025-10-16T18:00,18,3,289,0,26764.0
2025-10-16T19:00,19,3,289,0,25941.0
2025-10-16T20:00,20,3,289,0,26077.0
2025-10-16T21:00,21,3,289,0,26079.0
2025-10-16T22:00,22,3,289,0,25167.0
2025-10-16T23:00,23,3,289,0,24717.0
2025-10-17T00:00,0,4,290,0,24197.0
2025-10-17T01:00,1,4,290,0,23232.0
2025-10-17T02:00,2,4,290,0,24908.0
2025-10-17T03:00,3,4,290,0,26484.0
2025-10-17T04:00,4,4,290,0,26640.0
2025-10-17T05:00,5,4,290,0,25906.0
2025-10-17T06:00,6,4,290,0,25080.0
2025-10-17T07:00,7,4,290,0,24054.0
2025-10-17T08:00,8,4,290,0,22706.0
2025-10-17T09:00,9,4,290,0,21928.0
2025-10-17T10:00,10,4,290,0,20991.0
2025-10-17T11:00,11,4,290,0,20668.0
2025-10-17T12:00,12,4,290,0,20519.0
2025-10-17T13:00,13,4,290,0,20225.0
2025-10-17T14:00,14,4,290,0,21243.0
2025-10-17T15:00,15,4,290,0,23474.0
2025-10-17T16:00,16,4,290,0,24549.0
2025-10-17T17:00,17,4,290,0,25196.0
2025-10-17T18:00,18,4,290,0,26582.0
2025-10-17T19:00,19,4,290,0,26791.0
2025-10-17T20:00,20,4,290,0,26055.0
2025-10-17T21:00,21,4,290,0,25462.0
2025-10-17T22:00,22,4,290,0,24885.0
2025-10-17T23:00,23,4,290,0,24352.0
2025-10-18T00:00,0,5,291,0,24228.0
2025-10-18T01:00,1,5,291,0,24552.0
2025-10-18T02:00,2,5,291,0,26117.0
2025-10-18T03:00,3,5,291,0,26777.0
2025-10-18T04:00,4,5,291,0,26747.0
2025-10-18T05:00,5,5,291,0,25749.0
2025-10-18T06:00,6,5,291,0,25321.0
2025-10-18T07:00,7,5,291,0,24142.0
2025-10-18T08:00,8,5,291,0,23097.0
2025-10-18T09:00,9,5,291,0,22584.0
2025-10-18T10:00,10,5,291,0,21604.0
2025-10-18T11:00,11,5,291,0,20868.0
2025-10-18T12:00,12,5,291,0,20288.0
2025-10-18T13:00,13,5,291,0,20135.0
2025-10-18T14:00,14,5,291,0,20550.0
2025-10-18T15:00,15,5,291,0,21343.0
2025-10-18T16:00,16,5,291,0,21987.0
2025-10-18T17:00,17,5,291,0,24098.0
2025-10-18T18:00,18,5,291,0,25492.0
2025-10-18T19:00,19,5,291,0,24514.0
2025-10-18T20:00,20,5,291,0,24515.0
2025-10-18T21:00,21,5,291,0,24239.0
2025-10-18T22:00,22,5,291,0,24296.0
2025-10-18T23:00,23,5,291,0,23237.0
2025-10-19T00:00,0,6,292,0,23096.0
2025-10-19T01:00,1,6,292,0,23710.0
2025-10-19T02:00,2,6,292,0,25323.0
2025-10-19T03:00,3,6,292,0,26200.0
2025-10-19T04:00,4,6,292,0,25939.0
2025-10-19T05:00,5,6,292,0,25087.0
2025-10-19T06:00,6,6,292,0,24370.0
2025-10-19T07:00,7,6,292,0,23538.0
2025-10-19T08:00,8,6,292,0,22472.0
2025-10-19T09:00,9,6,292,0,22102.0
2025-10-19T10:00,10,6,292,0,21114.0
2025-10-19T11:00,11,6,292,0,20296.0
2025-10-19T12:00,12,6,292,0,19978.0
2025-10-19T13:00,13,6,292,0,19713.0
2025-10-19T14:00,14,6,292,0,19806.0
2025-10-19T15:00,15,6,292,0,20356.0
2025-10-19T16:00,16,6,292,0,20812.0
2025-10-19T17:00,17,6,292,0,22883.0
2025-10-19T18:00,18,6,292,0,24145.0
2025-10-19T19:00,19,6,292,0,23922.0
2025-10-19T20:00,20,6,292,0,24575.0
2025-10-19T21:00,21,6,292,0,24532.0
2025-10-19T22:00,22,6,292,0,22690.0
2025-10-19T23:00,23,6,292,0,22951.0
2025-10-20T00:00,0,0,293,0,22981.0
2025-10-20T01:00,1,0,293,0,23563.0
2025-10-20T02:00,2,0,293,0,25927.0
2025-10-20T03:00,3,0,293,0,26729.0
2025-10-20T04:00,4,0,293,0,26627.0
2025-10-20T05:00,5,0,293,0,25683.0
2025-10-20T06:00,6,0,293,0,25021.0
2025-10-20T07:00,7,0,293,0,23831.0
2025-10-20T08:00,8,0,293,0,22197.0
2025-10-20T09:00,9,0,293,0,21879.0
2025-10-20T10:00,10,0,293,0,21748.0
2025-10-20T11:00,11,0,293,0,21385.0
2025-10-20T12:00,12,0,293,0,21289.0
2025-10-20T13:00,13,0,293,0,20529.0
2025-10-20T14:00,14,0,293,0,21674.0
2025-10-20T15:00,15,0,293,0,24063.0
2025-10-20T16:00,16,0,293,0,25101.0
2025-10-20T17:00,17,0,293,0,26406.0
2025-10-20T18:00,18,0,293,0,28202.0
2025-10-20T19:00,19,0,293,0,27656.0
2025-10-20T20:00,20,0,293,0,27510.0
2025-10-20T21:00,21,0,293,0,26804.0
2025-10-20T22:00,22,0,293,0,25461.0
2025-10-20T23:00,23,0,293,0,24836.0
2025-10-21T00:00,0,1,294,0,25212.0
2025-10-21T01:00,1,1,294,0,26871.0
2025-10-21T02:00,2,1,294,0,28635.0
2025-10-21T03:00,3,1,294,0,29024.0
2025-10-21T04:00,4,1,294,0,28364.0
2025-10-21T05:00,5,1,294,0,27229.0
2025-10-21T06:00,6,1,294,0,26186.0
2025-10-21T07:00,7,1,294,0,24973.0
2025-10-21T08:00,8,1,294,0,23347.0
2025-10-21T09:00,9,1,294,0,22440.0
2025-10-21T10:00,10,1,294,0,22014.0
2025-10-21T11:00,11,1,294,0,21462.0
2025-10-21T12:00,12,1,294,0,20984.0
2025-10-21T13:00,13,1,294,0,21144.0
2025-10-21T14:00,14,1,294,0,21888.0
2025-10-21T15:00,15,1,294,0,23942.0
2025-10-21T16:00,16,1,294,0,25039.0
2025-10-21T17:00,17,1,294,0,26830.0
2025-10-21T18:00,18,1,294,0,28040.0
2025-10-21T19:00,19,1,294,0,27655.0
2025-10-21T20:00,20,1,294,0,28179.0
2025-10-21T21:00,21,1,294,0,26556.0
2025-10-21T22:00,22,1,294,0,26191.0
2025-10-21T23:00,23,1,294,0,26401.0
2025-10-22T00:00,0,2,295,0,26615.0
2025-10-22T01:00,1,2,295,0,26626.0
2025-10-22T02:00,2,2,295,0,27380.0
2025-10-22T03:00,3,2,295,0,28200.0
2025-10-22T04:00,4,2,295,0,28196.0
2025-10-22T05:00,5,2,295,0,27072.0
2025-10-22T06:00,6,2,295,0,26435.0
2025-10-22T07:00,7,2,295,0,25068.0
2025-10-22T08:00,8,2,295,0,23397.0
2025-10-22T09:00,9,2,295,0,22532.0
2025-10-22T10:00,10,2,295,0,21629.0
2025-10-22T11:00,11,2,295,0,21672.0
2025-10-22T12:00,12,2,295,0,21756.0
2025-10-22T13:00,13,2,295,0,21424.0
2025-10-22T14:00,14,2,295,0,21762.0
2025-10-22T15:00,15,2,295,0,23854.0
2025-10-22T16:00,16,2,295,0,25394.0
2025-10-22T17:00,17,2,295,0,26146.0
2025-10-22T18:00,18,2,295,0,27217.0
2025-10-22T19:00,19,2,295,0,27387.0
2025-10-22T20:00,20,2,295,0,28038.0
2025-10-22T21:00,21,2,295,0,27291.0
2025-10-22T22:00,22,2,295,0,27906.0
2025-10-22T23:00,23,2,295,0,29785.0
2025-10-23T00:00,0,3,296,0,28950.0
2025-10-23T01:00,1,3,296,0,26185.0
2025-10-23T02:00,2,3,296,0,26461.0
2025-10-23T03:00,3,3,296,0,27176.0
2025-10-23T04:00,4,3,296,0,27072.0
2025-10-23T05:00,5,3,296,0,25917.0
2025-10-23T06:00,6,3,296,0,25761.0
2025-10-23T07:00,7,3,296,0,24461.0
2025-10-23T08:00,8,3,296,0,23044.0
2025-10-23T09:00,9,3,296,0,22597.0
2025-10-23T10:00,10,3,296,0,21920.0
2025-10-23T11:00,11,3,296,0,21348.0
2025-10-23T12:00,12,3,296,0,20859.0
2025-10-23T13:00,13,3,296,0,20971.0
2025-10-23T14:00,14,3,296,0,21866.0
2025-10-23T15:00,15,3,296,0,24074.0
2025-10-23T16:00,16,3,296,0,24951.0
2025-10-23T17:00,17,3,296,0,26530.0
2025-10-23T18:00,18,3,296,0,28194.0
2025-10-23T19:00,19,3,296,0,27160.0
2025-10-23T20:00,20,3,296,0,26949.0
2025-10-23T21:00,21,3,296,0,26427.0
2025-10-23T22:00,22,3,296,0,26495.0
2025-10-23T23:00,23,3,296,0,26284.0
2025-10-24T00:00,0,4,297,0,26030.0
2025-10-24T01:00,1,4,297,0,25221.0
2025-10-24T02:00,2,4,297,0,26207.0
2025-10-24T03:00,3,4,297,0,26895.0
2025-10-24T04:00,4,4,297,0,26829.0
2025-10-24T05:00,5,4,297,0,25848.0
2025-10-24T06:00,6,4,297,0,25224.0
2025-10-24T07:00,7,4,297,0,24040.0
2025-10-24T08:00,8,4,297,0,22587.0
2025-10-24T09:00,9,4,297,0,22020.0
2025-10-24T10:00,10,4,297,0,21161.0
2025-10-24T11:00,11,4,297,0,21025.0
2025-10-24T12:00,12,4,297,0,20669.0
2025-10-24T13:00,13,4,297,0,20604.0
2025-10-24T14:00,14,4,297,0,21415.0
2025-10-24T15:00,15,4,297,0,23435.0
2025-10-24T16:00,16,4,297,0,24686.0
2025-10-24T17:00,17,4,297,0,25842.0
2025-10-24T18:00,18,4,297,0,27730.0
2025-10-24T19:00,19,4,297,0,27404.0
2025-10-24T20:00,20,4,297,0,26777.0
2025-10-24T21:00,21,4,297,0,26122.0
2025-10-24T22:00,22,4,297,0,26382.0
2025-10-24T23:00,23,4,297,0,26515.0
2025-10-25T00:00,0,5,298,0,26432.0
2025-10-25T01:00,1,5,298,0,25874.0
2025-10-25T02:00,2,5,298,0,26322.0
2025-10-25T03:00,3,5,298,0,27475.0
2025-10-25T04:00,4,5,298,0,27294.0
2025-10-25T05:00,5,5,298,0,25932.0
2025-10-25T06:00,6,5,298,0,25526.0
2025-10-25T07:00,7,5,298,0,24492.0
2025-10-25T08:00,8,5,298,0,22969.0
2025-10-25T09:00,9,5,298,0,22282.0
2025-10-25T10:00,10,5,298,0,21565.0
2025-10-25T11:00,11,5,298,0,20746.0
2025-10-25T12:00,12,5,298,0,20366.0
2025-10-25T13:00,13,5,298,0,20058.0
2025-10-25T14:00,14,5,298,0,20462.0
2025-10-25T15:00,15,5,298,0,21083.0
2025-10-25T16:00,16,5,298,0,21975.0
2025-10-25T17:00,17,5,298,0,23684.0
2025-10-25T18:00,18,5,298,0,26379.0
2025-10-25T19:00,19,5,298,0,26750.0
2025-10-25T20:00,20,5,298,0,26460.0
2025-10-25T21:00,21,5,298,0,26837.0
2025-10-25T22:00,22,5,298,0,25951.0
2025-10-25T23:00,23,5,298,0,25178.0
2025-10-26T00:00,0,6,299,0,25158.0
2025-10-26T01:00,1,6,299,0,23353.0
2025-10-26T02:00,2,6,299,0,24343.0
2025-10-26T03:00,3,6,299,0,25287.0
2025-10-26T04:00,4,6,299,0,25133.0
2025-10-26T05:00,5,6,299,0,24193.0
2025-10-26T06:00,6,6,299,0,23707.0
2025-10-26T07:00,7,6,299,0,22882.0
2025-10-26T08:00,8,6,299,0,21940.0
2025-10-26T09:00,9,6,299,0,21251.0
2025-10-26T10:00,10,6,299,0,20357.0
2025-10-26T11:00,11,6,299,0,19842.0
2025-10-26T12:00,12,6,299,0,19322.0
2025-10-26T13:00,13,6,299,0,19282.0
2025-10-26T14:00,14,6,299,0,19246.0
2025-10-26T15:00,15,6,299,0,20049.0
2025-10-26T16:00,16,6,299,0,20530.0
2025-10-26T17:00,17,6,299,0,22520.0
2025-10-26T18:00,18,6,299,0,24183.0
2025-10-26T19:00,19,6,299,0,24203.0
2025-10-26T20:00,20,6,299,0,24729.0
2025-10-26T21:00,21,6,299,0,24508.0
2025-10-26T22:00,22,6,299,0,24347.0
2025-10-26T23:00,23,6,299,0,24231.0
2025-10-27T00:00,0,0,300,0,23781.0
2025-10-27T01:00,1,0,300,0,22854.0
2025-10-27T02:00,2,0,300,0,23893.0
2025-10-27T03:00,3,0,300,0,25305.0
2025-10-27T04:00,4,0,300,0,25259.0
2025-10-27T05:00,5,0,300,0,24376.0
2025-10-27T06:00,6,0,300,0,24181.0
2025-10-27T07:00,7,0,300,0,23212.0
2025-10-27T08:00,8,0,300,0,22104.0
2025-10-27T09:00,9,0,300,0,21341.0
2025-10-27T10:00,10,0,300,0,20762.0
2025-10-27T11:00,11,0,300,0,20651.0
2025-10-27T12:00,12,0,300,0,21062.0
2025-10-27T13:00,13,0,300,0,20359.0
2025-10-27T14:00,14,0,300,0,20901.0
2025-10-27T15:00,15,0,300,0,23001.0
2025-10-27T16:00,16,0,300,0,24318.0
2025-10-27T17:00,17,0,300,0,26253.0
2025-10-27T18:00,18,0,300,0,29646.0
2025-10-27T19:00,19,0,300,0,29129.0
2025-10-27T20:00,20,0,300,0,28087.0
2025-10-27T21:00,21,0,300,0,27413.0
2025-10-27T22:00,22,0,300,0,25878.0
2025-10-27T23:00,23,0,300,0,25991.0
2025-10-28T00:00,0,1,301,0,25666.0
2025-10-28T01:00,1,1,301,0,24501.0
2025-10-28T02:00,2,1,301,0,26186.0
2025-10-28T03:00,3,1,301,0,27399.0
2025-10-28T04:00,4,1,301,0,27111.0
2025-10-28T05:00,5,1,301,0,26065.0
2025-10-28T06:00,6,1,301,0,25319.0
2025-10-28T07:00,7,1,301,0,24142.0
2025-10-28T08:00,8,1,301,0,22618.0
2025-10-28T09:00,9,1,301,0,21968.0
2025-10-28T10:00,10,1,301,0,21470.0
2025-10-28T11:00,11,1,301,0,21027.0
2025-10-28T12:00,12,1,301,0,21150.0
2025-10-28T13:00,13,1,301,0,20905.0
2025-10-28T14:00,14,1,301,0,21332.0
2025-10-28T15:00,15,1,301,0,23596.0
2025-10-28T16:00,16,1,301,0,25059.0
2025-10-28T17:00,17,1,301,0,26505.0
2025-10-28T18:00,18,1,301,0,28354.0
2025-10-28T19:00,19,1,301,0,28151.0
2025-10-28T20:00,20,1,301,0,27390.0
2025-10-28T21:00,21,1,301,0,27069.0
2025-10-28T22:00,22,1,301,0,26513.0
2025-10-28T23:00,23,1,301,0,26936.0
2025-10-29T00:00,0,2,302,0,26660.0
2025-10-29T01:00,1,2,302,0,27020.0
2025-10-29T02:00,2,2,302,0,28314.0
2025-10-29T03:00,3,2,302,0,28638.0
2025-10-29T04:00,4,2,302,0,28177.0
2025-10-29T05:00,5,2,302,0,27202.0
2025-10-29T06:00,6,2,302,0,26176.0
2025-10-29T07:00,7,2,302,0,24858.0
2025-10-29T08:00,8,2,302,0,23162.0
2025-10-29T09:00,9,2,302,0,22469.0
2025-10-29T10:00,10,2,302,0,21525.0
2025-10-29T11:00,11,2,302,0,21407.0
2025-10-29T12:00,12,2,302,0,21260.0
2025-10-29T13:00,13,2,302,0,21427.0
2025-10-29T14:00,14,2,302,0,21616.0
2025-10-29T15:00,15,2,302,0,23789.0
2025-10-29T16:00,16,2,302,0,25185.0
2025-10-29T17:00,17,2,302,0,27098.0
2025-10-29T18:00,18,2,302,0,28526.0
2025-10-29T19:00,19,2,302,0,28125.0
2025-10-29T20:00,20,2,302,0,28354.0
2025-10-29T21:00,21,2,302,0,27915.0
2025-10-29T22:00,22,2,302,0,27436.0
2025-10-29T23:00,23,2,302,0,28058.0
2025-10-30T00:00,0,3,303,0,28427.0
2025-10-30T01:00,1,3,303,0,28462.0
2025-10-30T02:00,2,3,303,0,30058.0
2025-10-30T03:00,3,3,303,0,30351.0
2025-10-30T04:00,4,3,303,0,29072.0
2025-10-30T05:00,5,3,303,0,27918.0
2025-10-30T06:00,6,3,303,0,26909.0
2025-10-30T07:00,7,3,303,0,25455.0
2025-10-30T08:00,8,3,303,0,23654.0
2025-10-30T09:00,9,3,303,0,22657.0
2025-10-30T10:00,10,3,303,0,21518.0
2025-10-30T11:00,11,3,303,0,21064.0
2025-10-30T12:00,12,3,303,0,20981.0
2025-10-30T13:00,13,3,303,0,20869.0
2025-10-30T14:00,14,3,303,0,21396.0
2025-10-30T15:00,15,3,303,0,23363.0
2025-10-30T16:00,16,3,303,0,24663.0
2025-10-30T17:00,17,3,303,0,26360.0
2025-10-30T18:00,18,3,303,0,28673.0
2025-10-30T19:00,19,3,303,0,29142.0
2025-10-30T20:00,20,3,303,0,28621.0
2025-10-30T21:00,21,3,303,0,28032.0
2025-10-30T22:00,22,3,303,0,27912.0
2025-10-30T23:00,23,3,303,0,28403.0
2025-10-31T00:00,0,4,304,0,28654.0
2025-10-31T01:00,1,4,304,0,27548.0
2025-10-31T02:00,2,4,304,0,28352.0
2025-10-31T03:00,3,4,304,0,28733.0
2025-10-31T04:00,4,4,304,0,28066.0
2025-10-31T05:00,5,4,304,0,27390.0
2025-10-31T06:00,6,4,304,0,26297.0
2025-10-31T07:00,7,4,304,0,24924.0
2025-10-31T08:00,8,4,304,0,23345.0
2025-10-31T09:00,9,4,304,0,22495.0
2025-10-31T10:00,10,4,304,0,21628.0
2025-10-31T11:00,11,4,304,0,20947.0
2025-10-31T12:00,12,4,304,0,20769.0
2025-10-31T13:00,13,4,304,0,20675.0
2025-10-31T14:00,14,4,304,0,21484.0
2025-10-31T15:00,15,4,304,0,23297.0
2025-10-31T16:00,16,4,304,0,24627.0
2025-10-31T17:00,17,4,304,0,25773.0
2025-10-31T18:00,18,4,304,0,26897.0
2025-10-31T19:00,19,4,304,0,27593.0
2025-10-31T20:00,20,4,304,0,27444.0
2025-10-31T21:00,21,4,304,0,27594.0
2025-10-31T22:00,22,4,304,0,27471.0
2025-10-31T23:00,23,4,304,0,27999.0
2025-11-01T00:00,0,5,305,0,27633.0
2025-11-01T01:00,1,5,305,0,26242.0
2025-11-01T02:00,2,5,305,0,26940.0
2025-11-01T03:00,3,5,305,0,27113.0
2025-11-01T04:00,4,5,305,0,25946.0
2025-11-01T05:00,5,5,305,0,25077.0
2025-11-01T06:00,6,5,305,0,24759.0
2025-11-01T07:00,7,5,305,0,23783.0
2025-11-01T08:00,8,5,305,0,22654.0
2025-11-01T09:00,9,5,305,0,22018.0
2025-11-01T10:00,10,5,305,0,21196.0
2025-11-01T11:00,11,5,305,0,20315.0
2025-11-01T12:00,12,5,305,0,20097.0
2025-11-01T13:00,13,5,305,0,19719.0
2025-11-01T14:00,14,5,305,0,20143.0
2025-11-01T15:00,15,5,305,0,20844.0
2025-11-01T16:00,16,5,305,0,21482.0
2025-11-01T17:00,17,5,305,0,22862.0
2025-11-01T18:00,18,5,305,0,25132.0
2025-11-01T19:00,19,5,305,0,24331.0
2025-11-01T20:00,20,5,305,0,23052.0
2025-11-01T21:00,21,5,305,0,22533.0
2025-11-01T22:00,22,5,305,0,22973.0
2025-11-01T23:00,23,5,305,0,24404.0
2025-11-02T00:00,0,6,306,0,24902.0
2025-11-02T01:00,1,6,306,0,23862.0
2025-11-02T02:00,2,6,306,0,24969.0
2025-11-02T03:00,3,6,306,0,25922.0
2025-11-02T04:00,4,6,306,0,25180.0
2025-11-02T05:00,5,6,306,0,24283.0
2025-11-02T06:00,6,6,306,0,23764.0
2025-11-02T07:00,7,6,306,0,22970.0
2025-11-02T08:00,8,6,306,0,21966.0
2025-11-02T09:00,9,6,306,0,21295.0
2025-11-02T10:00,10,6,306,0,20730.0
2025-11-02T11:00,11,6,306,0,20540.0
2025-11-02T12:00,12,6,306,0,19523.0
2025-11-02T13:00,13,6,306,0,19018.0
2025-11-02T14:00,14,6,306,0,18921.0
2025-11-02T15:00,15,6,306,0,19137.0
2025-11-02T16:00,16,6,306,0,19820.0
2025-11-02T17:00,17,6,306,0,21242.0
2025-11-02T18:00,18,6,306,0,24366.0
2025-11-02T19:00,19,6,306,0,24882.0
2025-11-02T20:00,20,6,306,0,24769.0
2025-11-02T21:00,21,6,306,0,24136.0
2025-11-02T22:00,22,6,306,0,23038.0
2025-11-02T23:00,23,6,306,0,22974.0
2025-11-03T00:00,0,0,307,0,22788.0
2025-11-03T01:00,1,0,307,0,22905.0
2025-11-03T02:00,2,0,307,0,24878.0
2025-11-03T03:00,3,0,307,0,26119.0
2025-11-03T04:00,4,0,307,0,25743.0
2025-11-03T05:00,5,0,307,0,24957.0
2025-11-03T06:00,6,0,307,0,24298.0
2025-11-03T07:00,7,0,307,0,23630.0
2025-11-03T08:00,8,0,307,0,22341.0
2025-11-03T09:00,9,0,307,0,21253.0
2025-11-03T10:00,10,0,307,0,20917.0
2025-11-03T11:00,11,0,307,0,19904.0
2025-11-03T12:00,12,0,307,0,20018.0
2025-11-03T13:00,13,0,307,0,19534.0
2025-11-03T14:00,14,0,307,0,19591.0
2025-11-03T15:00,15,0,307,0,20894.0
2025-11-03T16:00,16,0,307,0,22806.0
2025-11-03T17:00,17,0,307,0,24312.0
2025-11-03T18:00,18,0,307,0,26782.0
2025-11-03T19:00,19,0,307,0,26730.0
2025-11-03T20:00,20,0,307,0,26332.0
2025-11-03T21:00,21,0,307,0,26382.0
2025-11-03T22:00,22,0,307,0,26836.0
2025-11-03T23:00,23,0,307,0,27030.0
2025-11-04T00:00,0,1,308,0,27116.0
2025-11-04T01:00,1,1,308,0,26046.0
2025-11-04T02:00,2,1,308,0,26961.0
2025-11-04T03:00,3,1,308,0,28029.0
2025-11-04T04:00,4,1,308,0,27445.0
2025-11-04T05:00,5,1,308,0,26437.0
2025-11-04T06:00,6,1,308,0,25449.0
2025-11-04T07:00,7,1,308,0,24795.0
2025-11-04T08:00,8,1,308,0,23462.0
2025-11-04T09:00,9,1,308,0,22218.0
2025-11-04T10:00,10,1,308,0,21761.0
2025-11-04T11:00,11,1,308,0,21011.0
2025-11-04T12:00,12,1,308,0,21038.0
2025-11-04T13:00,13,1,308,0,20469.0
2025-11-04T14:00,14,1,308,0,20491.0
2025-11-04T15:00,15,1,308,0,21646.0
2025-11-04T16:00,16,1,308,0,23546.0
2025-11-04T17:00,17,1,308,0,24917.0
2025-11-04T18:00,18,1,308,0,27018.0
2025-11-04T19:00,19,1,308,0,27147.0
2025-11-04T20:00,20,1,308,0,26793.0
2025-11-04T21:00,21,1,308,0,26542.0
2025-11-04T22:00,22,1,308,0,27108.0
2025-11-04T23:00,23,1,308,0,26834.0
2025-11-05T00:00,0,2,309,0,26038.0
2025-11-05T01:00,1,2,309,0,25725.0
2025-11-05T02:00,2,2,309,0,26978.0
2025-11-05T03:00,3,2,309,0,28224.0
2025-11-05T04:00,4,2,309,0,27843.0
2025-11-05T05:00,5,2,309,0,26544.0
2025-11-05T06:00,6,2,309,0,25576.0
2025-11-05T07:00,7,2,309,0,24957.0
2025-11-05T08:00,8,2,309,0,23592.0
2025-11-05T09:00,9,2,309,0,22312.0
2025-11-05T10:00,10,2,309,0,21725.0
2025-11-05T11:00,11,2,309,0,21040.0
2025-11-05T12:00,12,2,309,0,20402.0
2025-11-05T13:00,13,2,309,0,20367.0
2025-11-05T14:00,14,2,309,0,20375.0
2025-11-05T15:00,15,2,309,0,21560.0
2025-11-05T16:00,16,2,309,0,23338.0
2025-11-05T17:00,17,2,309,0,25788.0
2025-11-05T18:00,18,2,309,0,28117.0
2025-11-05T19:00,19,2,309,0,28018.0
2025-11-05T20:00,20,2,309,0,27999.0
2025-11-05T21:00,21,2,309,0,28291.0
2025-11-05T22:00,22,2,309,0,27980.0
2025-11-05T23:00,23,2,309,0,27632.0
2025-11-06T00:00,0,3,310,0,26958.0
2025-11-06T01:00,1,3,310,0,25563.0
2025-11-06T02:00,2,3,310,0,26327.0
2025-11-06T03:00,3,3,310,0,27294.0
2025-11-06T04:00,4,3,310,0,26927.0
2025-11-06T05:00,5,3,310,0,26401.0
2025-11-06T06:00,6,3,310,0,25758.0
2025-11-06T07:00,7,3,310,0,25233.0
2025-11-06T08:00,8,3,310,0,23878.0
2025-11-06T09:00,9,3,310,0,22626.0
2025-11-06T10:00,10,3,310,0,22149.0
2025-11-06T11:00,11,3,310,0,21263.0
2025-11-06T12:00,12,3,310,0,21080.0
2025-11-06T13:00,13,3,310,0,20858.0
2025-11-06T14:00,14,3,310,0,20758.0
2025-11-06T15:00,15,3,310,0,21884.0
2025-11-06T16:00,16,3,310,0,23598.0
2025-11-06T17:00,17,3,310,0,25191.0
2025-11-06T18:00,18,3,310,0,28228.0
2025-11-06T19:00,19,3,310,0,29241.0
2025-11-06T20:00,20,3,310,0,28002.0
2025-11-06T21:00,21,3,310,0,26783.0
2025-11-06T22:00,22,3,310,0,26565.0
2025-11-06T23:00,23,3,310,0,27123.0
2025-11-07T00:00,0,4,311,0,26714.0
2025-11-07T01:00,1,4,311,0,25710.0
2025-11-07T02:00,2,4,311,0,26310.0
2025-11-07T03:00,3,4,311,0,27569.0
2025-11-07T04:00,4,4,311,0,26977.0
2025-11-07T05:00,5,4,311,0,26477.0
2025-11-07T06:00,6,4,311,0,25784.0
2025-11-07T07:00,7,4,311,0,24913.0
2025-11-07T08:00,8,4,311,0,24120.0
2025-11-07T09:00,9,4,311,0,23136.0
2025-11-07T10:00,10,4,311,0,22223.0
2025-11-07T11:00,11,4,311,0,21693.0
2025-11-07T12:00,12,4,311,0,21192.0
2025-11-07T13:00,13,4,311,0,21179.0
2025-11-07T14:00,14,4,311,0,20672.0
2025-11-07T15:00,15,4,311,0,21794.0
2025-11-07T16:00,16,4,311,0,23392.0
2025-11-07T17:00,17,4,311,0,25003.0
2025-11-07T18:00,18,4,311,0,27478.0
2025-11-07T19:00,19,4,311,0,27718.0
2025-11-07T20:00,20,4,311,0,26896.0
2025-11-07T21:00,21,4,311,0,26860.0
2025-11-07T22:00,22,4,311,0,27759.0
2025-11-07T23:00,23,4,311,0,28805.0
2025-11-08T00:00,0,5,312,0,28984.0
2025-11-08T01:00,1,5,312,0,26837.0
2025-11-08T02:00,2,5,312,0,26981.0
2025-11-08T03:00,3,5,312,0,27726.0
2025-11-08T04:00,4,5,312,0,27061.0
2025-11-08T05:00,5,5,312,0,26141.0
2025-11-08T06:00,6,5,312,0,25266.0
2025-11-08T07:00,7,5,312,0,24682.0
2025-11-08T08:00,8,5,312,0,23688.0
2025-11-08T09:00,9,5,312,0,22586.0
2025-11-08T10:00,10,5,312,0,22342.0
2025-11-08T11:00,11,5,312,0,21513.0
2025-11-08T12:00,12,5,312,0,20715.0
2025-11-08T13:00,13,5,312,0,20459.0
2025-11-08T14:00,14,5,312,0,20611.0
2025-11-08T15:00,15,5,312,0,20859.0
2025-11-08T16:00,16,5,312,0,21676.0
2025-11-08T17:00,17,5,312,0,22308.0
2025-11-08T18:00,18,5,312,0,23986.0
2025-11-08T19:00,19,5,312,0,25222.0
2025-11-08T20:00,20,5,312,0,24747.0
2025-11-08T21:00,21,5,312,0,24378.0
2025-11-08T22:00,22,5,312,0,24691.0
2025-11-08T23:00,23,5,312,0,25617.0
2025-11-09T00:00,0,6,313,0,25246.0
2025-11-09T01:00,1,6,313,0,24461.0
2025-11-09T02:00,2,6,313,0,25342.0
2025-11-09T03:00,3,6,313,0,26384.0
2025-11-09T04:00,4,6,313,0,25807.0
2025-11-09T05:00,5,6,313,0,25056.0
2025-11-09T06:00,6,6,313,0,24223.0
2025-11-09T07:00,7,6,313,0,23741.0
2025-11-09T08:00,8,6,313,0,22854.0
2025-11-09T09:00,9,6,313,0,21981.0
2025-11-09T10:00,10,6,313,0,21353.0
2025-11-09T11:00,11,6,313,0,20587.0
2025-11-09T12:00,12,6,313,0,19983.0
2025-11-09T13:00,13,6,313,0,19511.0
2025-11-09T14:00,14,6,313,0,19457.0
2025-11-09T15:00,15,6,313,0,19576.0
2025-11-09T16:00,16,6,313,0,20148.0
2025-11-09T17:00,17,6,313,0,20952.0
2025-11-09T18:00,18,6,313,0,22991.0
2025-11-09T19:00,19,6,313,0,24506.0
2025-11-09T20:00,20,6,313,0,23933.0
2025-11-09T21:00,21,6,313,0,23878.0
2025-11-09T22:00,22,6,313,0,24641.0
2025-11-09T23:00,23,6,313,0,24701.0
2025-11-10T00:00,0,0,314,0,25036.0
2025-11-10T01:00,1,0,314,0,25165.0
2025-11-10T02:00,2,0,314,0,26175.0
2025-11-10T03:00,3,0,314,0,26937.0
2025-11-10T04:00,4,0,314,0,26432.0
2025-11-10T05:00,5,0,314,0,25677.0
2025-11-10T06:00,6,0,314,0,25086.0
2025-11-10T07:00,7,0,314,0,24234.0
2025-11-10T08:00,8,0,314,0,23067.0
2025-11-10T09:00,9,0,314,0,21785.0
2025-11-10T10:00,10,0,314,0,21358.0
2025-11-10T11:00,11,0,314,0,20599.0
2025-11-10T12:00,12,0,314,0,20237.0
2025-11-10T13:00,13,0,314,0,20137.0
2025-11-10T14:00,14,0,314,0,20307.0
2025-11-10T15:00,15,0,314,0,21387.0
2025-11-10T16:00,16,0,314,0,22869.0
2025-11-10T17:00,17,0,314,0,25124.0
2025-11-10T18:00,18,0,314,0,28481.0
2025-11-10T19:00,19,0,314,0,29093.0
2025-11-10T20:00,20,0,314,0,28771.0
2025-11-10T21:00,21,0,314,0,27816.0
2025-11-10T22:00,22,0,314,0,27967.0
2025-11-10T23:00,23,0,314,0,28017.0
2025-11-11T00:00,0,1,315,1,28802.0
2025-11-11T01:00,1,1,315,1,28889.0
2025-11-11T02:00,2,1,315,1,29389.0
2025-11-11T03:00,3,1,315,1,29615.0
2025-11-11T04:00,4,1,315,1,28676.0
2025-11-11T05:00,5,1,315,1,27604.0
2025-11-11T06:00,6,1,315,1,26892.0
2025-11-11T07:00,7,1,315,1,26050.0
2025-11-11T08:00,8,1,315,1,24761.0
2025-11-11T09:00,9,1,315,1,23164.0
2025-11-11T10:00,10,1,315,1,22381.0
2025-11-11T11:00,11,1,315,1,21363.0
2025-11-11T12:00,12,1,315,1,20883.0
2025-11-11T13:00,13,1,315,1,20485.0
2025-11-11T14:00,14,1,315,1,20569.0
2025-11-11T15:00,15,1,315,1,21426.0
2025-11-11T16:00,16,1,315,1,22866.0
2025-11-11T17:00,17,1,315,1,25396.0
2025-11-11T18:00,18,1,315,1,27748.0
2025-11-11T19:00,19,1,315,1,28247.0
2025-11-11T20:00,20,1,315,1,28230.0
2025-11-11T21:00,21,1,315,1,28065.0
2025-11-11T22:00,22,1,315,1,27190.0
2025-11-11T23:00,23,1,315,1,26906.0
2025-11-12T00:00,0,2,316,0,27136.0
2025-11-12T01:00,1,2,316,0,26681.0
2025-11-12T02:00,2,2,316,0,27350.0
2025-11-12T03:00,3,2,316,0,28283.0
2025-11-12T04:00,4,2,316,0,27726.0
2025-11-12T05:00,5,2,316,0,27208.0
2025-11-12T06:00,6,2,316,0,26395.0
2025-11-12T07:00,7,2,316,0,25563.0
2025-11-12T08:00,8,2,316,0,24261.0
2025-11-12T09:00,9,2,316,0,22906.0
2025-11-12T10:00,10,2,316,0,22296.0
2025-11-12T11:00,11,2,316,0,21764.0
2025-11-12T12:00,12,2,316,0,21484.0
2025-11-12T13:00,13,2,316,0,21268.0
2025-11-12T14:00,14,2,316,0,20933.0
2025-11-12T15:00,15,2,316,0,21921.0
2025-11-12T16:00,16,2,316,0,23461.0
2025-11-12T17:00,17,2,316,0,24728.0
2025-11-12T18:00,18,2,316,0,26405.0
2025-11-12T19:00,19,2,316,0,26989.0
2025-11-12T20:00,20,2,316,0,27432.0
2025-11-12T21:00,21,2,316,0,28542.0
2025-11-12T22:00,22,2,316,0,28761.0
2025-11-12T23:00,23,2,316,0,27897.0
2025-11-13T00:00,0,3,317,0,26962.0
2025-11-13T01:00,1,3,317,0,26901.0
2025-11-13T02:00,2,3,317,0,27327.0
2025-11-13T03:00,3,3,317,0,28378.0
2025-11-13T04:00,4,3,317,0,27548.0
2025-11-13T05:00,5,3,317,0,26978.0
2025-11-13T06:00,6,3,317,0,25888.0
2025-11-13T07:00,7,3,317,0,25149.0
2025-11-13T08:00,8,3,317,0,24095.0
2025-11-13T09:00,9,3,317,0,22898.0
2025-11-13T10:00,10,3,317,0,21741.0
2025-11-13T11:00,11,3,317,0,21094.0
2025-11-13T12:00,12,3,317,0,20447.0
2025-11-13T13:00,13,3,317,0,20310.0
2025-11-13T14:00,14,3,317,0,20373.0
2025-11-13T15:00,15,3,317,0,21257.0
2025-11-13T16:00,16,3,317,0,22843.0
2025-11-13T17:00,17,3,317,0,24661.0
2025-11-13T18:00,18,3,317,0,28181.0
2025-11-13T19:00,19,3,317,0,29706.0
2025-11-13T20:00,20,3,317,0,29477.0
2025-11-13T21:00,21,3,317,0,29462.0
2025-11-13T22:00,22,3,317,0,28698.0
2025-11-13T23:00,23,3,317,0,27631.0
2025-11-14T00:00,0,4,318,0,26534.0
2025-11-14T01:00,1,4,318,0,26465.0
2025-11-14T02:00,2,4,318,0,26483.0
2025-11-14T03:00,3,4,318,0,27243.0
2025-11-14T04:00,4,4,318,0,26772.0
2025-11-14T05:00,5,4,318,0,26104.0
2025-11-14T06:00,6,4,318,0,25645.0
2025-11-14T07:00,7,4,318,0,24977.0
2025-11-14T08:00,8,4,318,0,23773.0
2025-11-14T09:00,9,4,318,0,22465.0
2025-11-14T10:00,10,4,318,0,22576.0
2025-11-14T11:00,11,4,318,0,22135.0
2025-11-14T12:00,12,4,318,0,22087.0
2025-11-14T13:00,13,4,318,0,21613.0
2025-11-14T14:00,14,4,318,0,21111.0
2025-11-14T15:00,15,4,318,0,22083.0
2025-11-14T16:00,16,4,318,0,22777.0
2025-11-14T17:00,17,4,318,0,24223.0
2025-11-14T18:00,18,4,318,0,25102.0
2025-11-14T19:00,19,4,318,0,25601.0
2025-11-14T20:00,20,4,318,0,26320.0
2025-11-14T21:00,21,4,318,0,26476.0
2025-11-14T22:00,22,4,318,0,26695.0
2025-11-14T23:00,23,4,318,0,26710.0
2025-11-15T00:00,0,5,319,0,25646.0
2025-11-15T01:00,1,5,319,0,25235.0
2025-11-15T02:00,2,5,319,0,25198.0
2025-11-15T03:00,3,5,319,0,26301.0
2025-11-15T04:00,4,5,319,0,25737.0
2025-11-15T05:00,5,5,319,0,25716.0
2025-11-15T06:00,6,5,319,0,25309.0
2025-11-15T07:00,7,5,319,0,24431.0
2025-11-15T08:00,8,5,319,0,23353.0
2025-11-15T09:00,9,5,319,0,22473.0
2025-11-15T10:00,10,5,319,0,22202.0
2025-11-15T11:00,11,5,319,0,21779.0
2025-11-15T12:00,12,5,319,0,21805.0
2025-11-15T13:00,13,5,319,0,21825.0
2025-11-15T14:00,14,5,319,0,21528.0
2025-11-15T15:00,15,5,319,0,21092.0
2025-11-15T16:00,16,5,319,0,21297.0
2025-11-15T17:00,17,5,319,0,21646.0
2025-11-15T18:00,18,5,319,0,22628.0
2025-11-15T19:00,19,5,319,0,23167.0
2025-11-15T20:00,20,5,319,0,23356.0
2025-11-15T21:00,21,5,319,0,23176.0
2025-11-15T22:00,22,5,319,0,23133.0
2025-11-15T23:00,23,5,319,0,23025.0
2025-11-16T00:00,0,6,320,0,23185.0
2025-11-16T01:00,1,6,320,0,23528.0
2025-11-16T02:00,2,6,320,0,24311.0
2025-11-16T03:00,3,6,320,0,24667.0
2025-11-16T04:00,4,6,320,0,24332.0
2025-11-16T05:00,5,6,320,0,23828.0
2025-11-16T06:00,6,6,320,0,23465.0
2025-11-16T07:00,7,6,320,0,23006.0
2025-11-16T08:00,8,6,320,0,22719.0
2025-11-16T09:00,9,6,320,0,21595.0
2025-11-16T10:00,10,6,320,0,20943.0
2025-11-16T11:00,11,6,320,0,19989.0
2025-11-16T12:00,12,6,320,0,19375.0
2025-11-16T13:00,13,6,320,0,18992.0
2025-11-16T14:00,14,6,320,0,18862.0
2025-11-16T15:00,15,6,320,0,19149.0
2025-11-16T16:00,16,6,320,0,19517.0
2025-11-16T17:00,17,6,320,0,20271.0
2025-11-16T18:00,18,6,320,0,22181.0
2025-11-16T19:00,19,6,320,0,22962.0
2025-11-16T20:00,20,6,320,0,24751.0
2025-11-16T21:00,21,6,320,0,25064.0
2025-11-16T22:00,22,6,320,0,25009.0
2025-11-16T23:00,23,6,320,0,24350.0
2025-11-17T00:00,0,0,321,0,24101.0
2025-11-17T01:00,1,0,321,0,22853.0
2025-11-17T02:00,2,0,321,0,23364.0
2025-11-17T03:00,3,0,321,0,24759.0
2025-11-17T04:00,4,0,321,0,24557.0
2025-11-17T05:00,5,0,321,0,24158.0
2025-11-17T06:00,6,0,321,0,23677.0
2025-11-17T07:00,7,0,321,0,23080.0
2025-11-17T08:00,8,0,321,0,21982.0
2025-11-17T09:00,9,0,321,0,21208.0
2025-11-17T10:00,10,0,321,0,21982.0
2025-11-17T11:00,11,0,321,0,21852.0
2025-11-17T12:00,12,0,321,0,21056.0
2025-11-17T13:00,13,0,321,0,20646.0
2025-11-17T14:00,14,0,321,0,20560.0
2025-11-17T15:00,15,0,321,0,21112.0
2025-11-17T16:00,16,0,321,0,22530.0
2025-11-17T17:00,17,0,321,0,24066.0
2025-11-17T18:00,18,0,321,0,26150.0
2025-11-17T19:00,19,0,321,0,26598.0
2025-11-17T20:00,20,0,321,0,26236.0
2025-11-17T21:00,21,0,321,0,26024.0
2025-11-17T22:00,22,0,321,0,26397.0
2025-11-17T23:00,23,0,321,0,25383.0
2025-11-18T00:00,0,1,322,0,24667.0
2025-11-18T01:00,1,1,322,0,25247.0
2025-11-18T02:00,2,1,322,0,25693.0
2025-11-18T03:00,3,1,322,0,27011.0
2025-11-18T04:00,4,1,322,0,26787.0
2025-11-18T05:00,5,1,322,0,26079.0
2025-11-18T06:00,6,1,322,0,25442.0
2025-11-18T07:00,7,1,322,0,24739.0
2025-11-18T08:00,8,1,322,0,23677.0
2025-11-18T09:00,9,1,322,0,22563.0
2025-11-18T10:00,10,1,322,0,21433.0
2025-11-18T11:00,11,1,322,0,20551.0
2025-11-18T12:00,12,1,322,0,20623.0
2025-11-18T13:00,13,1,322,0,20370.0
2025-11-18T14:00,14,1,322,0,20112.0
2025-11-18T15:00,15,1,322,0,21254.0
2025-11-18T16:00,16,1,322,0,23382.0
2025-11-18T17:00,17,1,322,0,24099.0
2025-11-18T18:00,18,1,322,0,23933.0
2025-11-18T19:00,19,1,322,0,25434.0
2025-11-18T20:00,20,1,322,0,25948.0
2025-11-18T21:00,21,1,322,0,25535.0
2025-11-18T22:00,22,1,322,0,24452.0
2025-11-18T23:00,23,1,322,0,24486.0
2025-11-19T00:00,0,2,323,0,23808.0
2025-11-19T01:00,1,2,323,0,23612.0
2025-11-19T02:00,2,2,323,0,24986.0
2025-11-19T03:00,3,2,323,0,26615.0
2025-11-19T04:00,4,2,323,0,26590.0
2025-11-19T05:00,5,2,323,0,26213.0
2025-11-19T06:00,6,2,323,0,25776.0
2025-11-19T07:00,7,2,323,0,25077.0
2025-11-19T08:00,8,2,323,0,23813.0
2025-11-19T09:00,9,2,323,0,22364.0
2025-11-19T10:00,10,2,323,0,22049.0
2025-11-19T11:00,11,2,323,0,21268.0
2025-11-19T12:00,12,2,323,0,20821.0
2025-11-19T13:00,13,2,323,0,20439.0
2025-11-19T14:00,14,2,323,0,20510.0
2025-11-19T15:00,15,2,323,0,21910.0
2025-11-19T16:00,16,2,323,0,23860.0
2025-11-19T17:00,17,2,323,0,24803.0
2025-11-19T18:00,18,2,323,0,25654.0
2025-11-19T19:00,19,2,323,0,25436.0
2025-11-19T20:00,20,2,323,0,26187.0
2025-11-19T21:00,21,2,323,0,26163.0
2025-11-19T22:00,22,2,323,0,25909.0
2025-11-19T23:00,23,2,323,0,25539.0
2025-11-20T00:00,0,3,324,0,24787.0
2025-11-20T01:00,1,3,324,0,24271.0
2025-11-20T02:00,2,3,324,0,25678.0
2025-11-20T03:00,3,3,324,0,26931.0
2025-11-20T04:00,4,3,324,0,26763.0
2025-11-20T05:00,5,3,324,0,26284.0
2025-11-20T06:00,6,3,324,0,25769.0
2025-11-20T07:00,7,3,324,0,25274.0
2025-11-20T08:00,8,3,324,0,23974.0
2025-11-20T09:00,9,3,324,0,22604.0
2025-11-20T10:00,10,3,324,0,22149.0
2025-11-20T11:00,11,3,324,0,21160.0
2025-11-20T12:00,12,3,324,0,20984.0
2025-11-20T13:00,13,3,324,0,20689.0
2025-11-20T14:00,14,3,324,0,20739.0
2025-11-20T15:00,15,3,324,0,21949.0
2025-11-20T16:00,16,3,324,0,23685.0
2025-11-20T17:00,17,3,324,0,25573.0
2025-11-20T18:00,18,3,324,0,28702.0
2025-11-20T19:00,19,3,324,0,29074.0
2025-11-20T20:00,20,3,324,0,29043.0
2025-11-20T21:00,21,3,324,0,29349.0
2025-11-20T22:00,22,3,324,0,28792.0
2025-11-20T23:00,23,3,324,0,28220.0
2025-11-21T00:00,0,4,325,0,26814.0
2025-11-21T01:00,1,4,325,0,25860.0
2025-11-21T02:00,2,4,325,0,26256.0
2025-11-21T03:00,3,4,325,0,27619.0
2025-11-21T04:00,4,4,325,0,27180.0
2025-11-21T05:00,5,4,325,0,26766.0
2025-11-21T06:00,6,4,325,0,26367.0
2025-11-21T07:00,7,4,325,0,25593.0
2025-11-21T08:00,8,4,325,0,24336.0
2025-11-21T09:00,9,4,325,0,23194.0
2025-11-21T10:00,10,4,325,0,22503.0
2025-11-21T11:00,11,4,325,0,21759.0
2025-11-21T12:00,12,4,325,0,21753.0
2025-11-21T13:00,13,4,325,0,21780.0
2025-11-21T14:00,14,4,325,0,21365.0
2025-11-21T15:00,15,4,325,0,22062.0
2025-11-21T16:00,16,4,325,0,23849.0
2025-11-21T17:00,17,4,325,0,24753.0
2025-11-21T18:00,18,4,325,0,24867.0
2025-11-21T19:00,19,4,325,0,23730.0
2025-11-21T20:00,20,4,325,0,23954.0
2025-11-21T21:00,21,4,325,0,23273.0
2025-11-21T22:00,22,4,325,0,23366.0
2025-11-21T23:00,23,4,325,0,24013.0
2025-11-22T00:00,0,5,326,0,23387.0
2025-11-22T01:00,1,5,326,0,23486.0
2025-11-22T02:00,2,5,326,0,25344.0
2025-11-22T03:00,3,5,326,0,26510.0
2025-11-22T04:00,4,5,326,0,26279.0
2025-11-22T05:00,5,5,326,0,25834.0
2025-11-22T06:00,6,5,326,0,25310.0
2025-11-22T07:00,7,5,326,0,24958.0
2025-11-22T08:00,8,5,326,0,24134.0
2025-11-22T09:00,9,5,326,0,23054.0
2025-11-22T10:00,10,5,326,0,22210.0
2025-11-22T11:00,11,5,326,0,21306.0
2025-11-22T12:00,12,5,326,0,20566.0
2025-11-22T13:00,13,5,326,0,20034.0
2025-11-22T14:00,14,5,326,0,20116.0
2025-11-22T15:00,15,5,326,0,20495.0
2025-11-22T16:00,16,5,326,0,21385.0
2025-11-22T17:00,17,5,326,0,21820.0
2025-11-22T18:00,18,5,326,0,21898.0
2025-11-22T19:00,19,5,326,0,21448.0
2025-11-22T20:00,20,5,326,0,22565.0
2025-11-22T21:00,21,5,326,0,22871.0
2025-11-22T22:00,22,5,326,0,23477.0
2025-11-22T23:00,23,5,326,0,23551.0
2025-11-23T00:00,0,6,327,0,22877.0
2025-11-23T01:00,1,6,327,0,22465.0
2025-11-23T02:00,2,6,327,0,23603.0
2025-11-23T03:00,3,6,327,0,24809.0
2025-11-23T04:00,4,6,327,0,24555.0
2025-11-23T05:00,5,6,327,0,24292.0
2025-11-23T06:00,6,6,327,0,23769.0
2025-11-23T07:00,7,6,327,0,23631.0
2025-11-23T08:00,8,6,327,0,22802.0
2025-11-23T09:00,9,6,327,0,21878.0
2025-11-23T10:00,10,6,327,0,21395.0
2025-11-23T11:00,11,6,327,0,20395.0
2025-11-23T12:00,12,6,327,0,19626.0
2025-11-23T13:00,13,6,327,0,19292.0
2025-11-23T14:00,14,6,327,0,19183.0
2025-11-23T15:00,15,6,327,0,19656.0
2025-11-23T16:00,16,6,327,0,20183.0
2025-11-23T17:00,17,6,327,0,20433.0
2025-11-23T18:00,18,6,327,0,20971.0
2025-11-23T19:00,19,6,327,0,21657.0
2025-11-23T20:00,20,6,327,0,21624.0
2025-11-23T21:00,21,6,327,0,22223.0
2025-11-23T22:00,22,6,327,0,21712.0
2025-11-23T23:00,23,6,327,0,22936.0
2025-11-24T00:00,0,0,328,0,22631.0
2025-11-24T01:00,1,0,328,0,21342.0
2025-11-24T02:00,2,0,328,0,23006.0
2025-11-24T03:00,3,0,328,0,24871.0
2025-11-24T04:00,4,0,328,0,24773.0
2025-11-24T05:00,5,0,328,0,24273.0
2025-11-24T06:00,6,0,328,0,23688.0
2025-11-24T07:00,7,0,328,0,23347.0
2025-11-24T08:00,8,0,328,0,22686.0
2025-11-24T09:00,9,0,328,0,21630.0
2025-11-24T10:00,10,0,328,0,21167.0
2025-11-24T11:00,11,0,328,0,20601.0
2025-11-24T12:00,12,0,328,0,20975.0
2025-11-24T13:00,13,0,328,0,20270.0
2025-11-24T14:00,14,0,328,0,20857.0
2025-11-24T15:00,15,0,328,0,21842.0
2025-11-24T16:00,16,0,328,0,23178.0
2025-11-24T17:00,17,0,328,0,24385.0
2025-11-24T18:00,18,0,328,0,26426.0
2025-11-24T19:00,19,0,328,0,25944.0
2025-11-24T20:00,20,0,328,0,25935.0
2025-11-24T21:00,21,0,328,0,25767.0
2025-11-24T22:00,22,0,328,0,25799.0
2025-11-24T23:00,23,0,328,0,26830.0
2025-11-25T00:00,0,1,329,0,26487.0
2025-11-25T01:00,1,1,329,0,24672.0
2025-11-25T02:00,2,1,329,0,25592.0
2025-11-25T03:00,3,1,329,0,26860.0
2025-11-25T04:00,4,1,329,0,26437.0
2025-11-25T05:00,5,1,329,0,25996.0
2025-11-25T06:00,6,1,329,0,25359.0
2025-11-25T07:00,7,1,329,0,25128.0
2025-11-25T08:00,8,1,329,0,24096.0
2025-11-25T09:00,9,1,329,0,22753.0
2025-11-25T10:00,10,1,329,0,22122.0
2025-11-25T11:00,11,1,329,0,21354.0
2025-11-25T12:00,12,1,329,0,21341.0
2025-11-25T13:00,13,1,329,0,20950.0
2025-11-25T14:00,14,1,329,0,20961.0
2025-11-25T15:00,15,1,329,0,22214.0
2025-11-25T16:00,16,1,329,0,23766.0
2025-11-25T17:00,17,1,329,0,24633.0
2025-11-25T18:00,18,1,329,0,26095.0
2025-11-25T19:00,19,1,329,0,26872.0
2025-11-25T20:00,20,1,329,0,26934.0
2025-11-25T21:00,21,1,329,0,26740.0
2025-11-25T22:00,22,1,329,0,26521.0
2025-11-25T23:00,23,1,329,0,27170.0
2025-11-26T00:00,0,2,330,0,26967.0
2025-11-26T01:00,1,2,330,0,25307.0
2025-11-26T02:00,2,2,330,0,26111.0
2025-11-26T03:00,3,2,330,0,27190.0
2025-11-26T04:00,4,2,330,0,26942.0
2025-11-26T05:00,5,2,330,0,26417.0
2025-11-26T06:00,6,2,330,0,25876.0
2025-11-26T07:00,7,2,330,0,25479.0
2025-11-26T08:00,8,2,330,0,24411.0
2025-11-26T09:00,9,2,330,0,23560.0
2025-11-26T10:00,10,2,330,0,22875.0
2025-11-26T11:00,11,2,330,0,22085.0
2025-11-26T12:00,12,2,330,0,21606.0
2025-11-26T13:00,13,2,330,0,21119.0
2025-11-26T14:00,14,2,330,0,21515.0
2025-11-26T15:00,15,2,330,0,22705.0
2025-11-26T16:00,16,2,330,0,23844.0
2025-11-26T17:00,17,2,330,0,24653.0
2025-11-26T18:00,18,2,330,0,26973.0
2025-11-26T19:00,19,2,330,0,27755.0
2025-11-26T20:00,20,2,330,0,27798.0
2025-11-26T21:00,21,2,330,0,27649.0
2025-11-26T22:00,22,2,330,0,27852.0
2025-11-26T23:00,23,2,330,0,27566.0
2025-11-27T00:00,0,3,331,1,26607.0
2025-11-27T01:00,1,3,331,1,25095.0
2025-11-27T02:00,2,3,331,1,26223.0
2025-11-27T03:00,3,3,331,1,27170.0
2025-11-27T04:00,4,3,331,1,26736.0
2025-11-27T05:00,5,3,331,1,26111.0
2025-11-27T06:00,6,3,331,1,25567.0
2025-11-27T07:00,7,3,331,1,25297.0
2025-11-27T08:00,8,3,331,1,24562.0
2025-11-27T09:00,9,3,331,1,23020.0
2025-11-27T10:00,10,3,331,1,22485.0
2025-11-27T11:00,11,3,331,1,21400.0
2025-11-27T12:00,12,3,331,1,20518.0
2025-11-27T13:00,13,3,331,1,20190.0
2025-11-27T14:00,14,3,331,1,20119.0
2025-11-27T15:00,15,3,331,1,20561.0
2025-11-27T16:00,16,3,331,1,21293.0
2025-11-27T17:00,17,3,331,1,22042.0
2025-11-27T18:00,18,3,331,1,24628.0
2025-11-27T19:00,19,3,331,1,25433.0
2025-11-27T20:00,20,3,331,1,26746.0
2025-11-27T21:00,21,3,331,1,26703.0
2025-11-27T22:00,22,3,331,1,25711.0
2025-11-27T23:00,23,3,331,1,25169.0
2025-11-28T00:00,0,4,332,0,24323.0
2025-11-28T01:00,1,4,332,0,23326.0
2025-11-28T02:00,2,4,332,0,23911.0
2025-11-28T03:00,3,4,332,0,23981.0
2025-11-28T04:00,4,4,332,0,23183.0
2025-11-28T05:00,5,4,332,0,22600.0
2025-11-28T06:00,6,4,332,0,22439.0
2025-11-28T07:00,7,4,332,0,22530.0
2025-11-28T08:00,8,4,332,0,21961.0
2025-11-28T09:00,9,4,332,0,21140.0
2025-11-28T10:00,10,4,332,0,20913.0
2025-11-28T11:00,11,4,332,0,20276.0
2025-11-28T12:00,12,4,332,0,19726.0
2025-11-28T13:00,13,4,332,0,19445.0
2025-11-28T14:00,14,4,332,0,19627.0
2025-11-28T15:00,15,4,332,0,20463.0
2025-11-28T16:00,16,4,332,0,21670.0
2025-11-28T17:00,17,4,332,0,22361.0
2025-11-28T18:00,18,4,332,0,24597.0
2025-11-28T19:00,19,4,332,0,25580.0
2025-11-28T20:00,20,4,332,0,26185.0
2025-11-28T21:00,21,4,332,0,25990.0
2025-11-28T22:00,22,4,332,0,26028.0
2025-11-28T23:00,23,4,332,0,26347.0
2025-11-29T00:00,0,5,333,0,25025.0
2025-11-29T01:00,1,5,333,0,23802.0
2025-11-29T02:00,2,5,333,0,24820.0
2025-11-29T03:00,3,5,333,0,26129.0
2025-11-29T04:00,4,5,333,0,25596.0
2025-11-29T05:00,5,5,333,0,25245.0
2025-11-29T06:00,6,5,333,0,24702.0
2025-11-29T07:00,7,5,333,0,24371.0
2025-11-29T08:00,8,5,333,0,23483.0
2025-11-29T09:00,9,5,333,0,22338.0
2025-11-29T10:00,10,5,333,0,21720.0
2025-11-29T11:00,11,5,333,0,20655.0
2025-11-29T12:00,12,5,333,0,19862.0
2025-11-29T13:00,13,5,333,0,19568.0
2025-11-29T14:00,14,5,333,0,19613.0
2025-11-29T15:00,15,5,333,0,20168.0
2025-11-29T16:00,16,5,333,0,20948.0
2025-11-29T17:00,17,5,333,0,21715.0
2025-11-29T18:00,18,5,333,0,23679.0
2025-11-29T19:00,19,5,333,0,25129.0
2025-11-29T20:00,20,5,333,0,25862.0
2025-11-29T21:00,21,5,333,0,25304.0
2025-11-29T22:00,22,5,333,0,25289.0
2025-11-29T23:00,23,5,333,0,25608.0
2025-11-30T00:00,0,6,334,0,25082.0
2025-11-30T01:00,1,6,334,0,22823.0
2025-11-30T02:00,2,6,334,0,24196.0
2025-11-30T03:00,3,6,334,0,25398.0
2025-11-30T04:00,4,6,334,0,25265.0
2025-11-30T05:00,5,6,334,0,24823.0
2025-11-30T06:00,6,6,334,0,24322.0
2025-11-30T07:00,7,6,334,0,24084.0
2025-11-30T08:00,8,6,334,0,23223.0
2025-11-30T09:00,9,6,334,0,22063.0
2025-11-30T10:00,10,6,334,0,21577.0
2025-11-30T11:00,11,6,334,0,20730.0
2025-11-30T12:00,12,6,334,0,20155.0
2025-11-30T13:00,13,6,334,0,19734.0
2025-11-30T14:00,14,6,334,0,19946.0
2025-11-30T15:00,15,6,334,0,20006.0
2025-11-30T16:00,16,6,334,0,20938.0
2025-11-30T17:00,17,6,334,0,21724.0
2025-11-30T18:00,18,6,334,0,23310.0
2025-11-30T19:00,19,6,334,0,23959.0
2025-11-30T20:00,20,6,334,0,25372.0
2025-11-30T21:00,21,6,334,0,26472.0
2025-11-30T22:00,22,6,334,0,25770.0
2025-11-30T23:00,23,6,334,0,24329.0
2025-12-01T00:00,0,0,335,0,23448.0
2025-12-01T01:00,1,0,335,0,23190.0
2025-12-01T02:00,2,0,335,0,24716.0
2025-12-01T03:00,3,0,335,0,26547.0
2025-12-01T04:00,4,0,335,0,26254.0
2025-12-01T05:00,5,0,335,0,25994.0
2025-12-01T06:00,6,0,335,0,25360.0
2025-12-01T07:00,7,0,335,0,24819.0
2025-12-01T08:00,8,0,335,0,23710.0
2025-12-01T09:00,9,0,335,0,22514.0
2025-12-01T10:00,10,0,335,0,22126.0
2025-12-01T11:00,11,0,335,0,22240.0
2025-12-01T12:00,12,0,335,0,21504.0
2025-12-01T13:00,13,0,335,0,21307.0
2025-12-01T14:00,14,0,335,0,21562.0
2025-12-01T15:00,15,0,335,0,22551.0
2025-12-01T16:00,16,0,335,0,24611.0
2025-12-01T17:00,17,0,335,0,25699.0
2025-12-01T18:00,18,0,335,0,27706.0
2025-12-01T19:00,19,0,335,0,28286.0
2025-12-01T20:00,20,0,335,0,28635.0
2025-12-01T21:00,21,0,335,0,28038.0
2025-12-01T22:00,22,0,335,0,27772.0
2025-12-01T23:00,23,0,335,0,27747.0
2025-12-02T00:00,0,1,336,0,26642.0
2025-12-02T01:00,1,1,336,0,24817.0
2025-12-02T02:00,2,1,336,0,26419.0
2025-12-02T03:00,3,1,336,0,27902.0
2025-12-02T04:00,4,1,336,0,27779.0
2025-12-02T05:00,5,1,336,0,27375.0
2025-12-02T06:00,6,1,336,0,26779.0
2025-12-02T07:00,7,1,336,0,26204.0
2025-12-02T08:00,8,1,336,0,24803.0
2025-12-02T09:00,9,1,336,0,23233.0
2025-12-02T10:00,10,1,336,0,22662.0
2025-12-02T11:00,11,1,336,0,21918.0
2025-12-02T12:00,12,1,336,0,21901.0
2025-12-02T13:00,13,1,336,0,21749.0
2025-12-02T14:00,14,1,336,0,21593.0
2025-12-02T15:00,15,1,336,0,23025.0
2025-12-02T16:00,16,1,336,0,25323.0
2025-12-02T17:00,17,1,336,0,26348.0
2025-12-02T18:00,18,1,336,0,28106.0
2025-12-02T19:00,19,1,336,0,28109.0
2025-12-02T20:00,20,1,336,0,26691.0
2025-12-02T21:00,21,1,336,0,26619.0
2025-12-02T22:00,22,1,336,0,26681.0
2025-12-02T23:00,23,1,336,0,26740.0
2025-12-03T00:00,0,2,337,0,25466.0
2025-12-03T01:00,1,2,337,0,26628.0
2025-12-03T02:00,2,2,337,0,27592.0
2025-12-03T03:00,3,2,337,0,27417.0
2025-12-03T04:00,4,2,337,0,27156.0
2025-12-03T05:00,5,2,337,0,26564.0
2025-12-03T06:00,6,2,337,0,26179.0
2025-12-03T07:00,7,2,337,0,24905.0
2025-12-03T08:00,8,2,337,0,23568.0
2025-12-03T09:00,9,2,337,0,22992.0
2025-12-03T10:00,10,2,337,0,22892.0
2025-12-03T11:00,11,2,337,0,22288.0
2025-12-03T12:00,12,2,337,0,21835.0
2025-12-03T13:00,13,2,337,0,21900.0
2025-12-03T14:00,14,2,337,0,23029.0
2025-12-03T15:00,15,2,337,0,25335.0
2025-12-03T16:00,16,2,337,0,26351.0
2025-12-03T17:00,17,2,337,0,27291.0
2025-12-03T18:00,18,2,337,0,28092.0
2025-12-03T19:00,19,2,337,0,28585.0
2025-12-03T20:00,20,2,337,0,28083.0
2025-12-03T21:00,21,2,337,0,27431.0
2025-12-03T22:00,22,2,337,0,27688.0
2025-12-03T23:00,23,2,337,0,27160.0
2025-12-04T00:00,0,3,338,0,25232.0
2025-12-04T01:00,1,3,338,0,26492.0
2025-12-04T02:00,2,3,338,0,27957.0
2025-12-04T03:00,3,3,338,0,27754.0
2025-12-04T04:00,4,3,338,0,27451.0
2025-12-04T05:00,5,3,338,0,27182.0
2025-12-04T06:00,6,3,338,0,26555.0
2025-12-04T07:00,7,3,338,0,25389.0
2025-12-04T08:00,8,3,338,0,23784.0
2025-12-04T09:00,9,3,338,0,23182.0
2025-12-04T10:00,10,3,338,0,22534.0
2025-12-04T11:00,11,3,338,0,22312.0
2025-12-04T12:00,12,3,338,0,22258.0
2025-12-04T13:00,13,3,338,0,21951.0
2025-12-04T14:00,14,3,338,0,23607.0
2025-12-04T15:00,15,3,338,0,25594.0
2025-12-04T16:00,16,3,338,0,26485.0
2025-12-04T17:00,17,3,338,0,27389.0
2025-12-04T18:00,18,3,338,0,28449.0
2025-12-04T19:00,19,3,338,0,28327.0
2025-12-04T20:00,20,3,338,0,28354.0
2025-12-04T21:00,21,3,338,0,28034.0
2025-12-04T22:00,22,3,338,0,26954.0
2025-12-04T23:00,23,3,338,0,25630.0
2025-12-05T00:00,0,4,339,0,24355.0
2025-12-05T01:00,1,4,339,0,26492.0
2025-12-05T02:00,2,4,339,0,27950.0
2025-12-05T03:00,3,4,339,0,27853.0
2025-12-05T04:00,4,4,339,0,28023.0
2025-12-05T05:00,5,4,339,0,27264.0
2025-12-05T06:00,6,4,339,0,26799.0
2025-12-05T07:00,7,4,339,0,25502.0
2025-12-05T08:00,8,4,339,0,23754.0
2025-12-05T09:00,9,4,339,0,23151.0
2025-12-05T10:00,10,4,339,0,22256.0
2025-12-05T11:00,11,4,339,0,21902.0
2025-12-05T12:00,12,4,339,0,21533.0
2025-12-05T13:00,13,4,339,0,21840.0
2025-12-05T14:00,14,4,339,0,23049.0
2025-12-05T15:00,15,4,339,0,25206.0
2025-12-05T16:00,16,4,339,0,26328.0
2025-12-05T17:00,17,4,339,0,27568.0
2025-12-05T18:00,18,4,339,0,28470.0
2025-12-05T19:00,19,4,339,0,28042.0
2025-12-05T20:00,20,4,339,0,27939.0
2025-12-05T21:00,21,4,339,0,27853.0
2025-12-05T22:00,22,4,339,0,28011.0
2025-12-05T23:00,23,4,339,0,26910.0
2025-12-06T00:00,0,5,340,0,24891.0
2025-12-06T01:00,1,5,340,0,26193.0
2025-12-06T02:00,2,5,340,0,27649.0
2025-12-06T03:00,3,5,340,0,27305.0
2025-12-06T04:00,4,5,340,0,26812.0
2025-12-06T05:00,5,5,340,0,26574.0
2025-12-06T06:00,6,5,340,0,26292.0
2025-12-06T07:00,7,5,340,0,25245.0
2025-12-06T08:00,8,5,340,0,24067.0
2025-12-06T09:00,9,5,340,0,23450.0
2025-12-06T10:00,10,5,340,0,22566.0
2025-12-06T11:00,11,5,340,0,21641.0
2025-12-06T12:00,12,5,340,0,21209.0
2025-12-06T13:00,13,5,340,0,21412.0
2025-12-06T14:00,14,5,340,0,21764.0
2025-12-06T15:00,15,5,340,0,22649.0
2025-12-06T16:00,16,5,340,0,23338.0
2025-12-06T17:00,17,5,340,0,24529.0
2025-12-06T18:00,18,5,340,0,25965.0
2025-12-06T19:00,19,5,340,0,26516.0
2025-12-06T20:00,20,5,340,0,26108.0
2025-12-06T21:00,21,5,340,0,26360.0
2025-12-06T22:00,22,5,340,0,26818.0
2025-12-06T23:00,23,5,340,0,26696.0
2025-12-07T00:00,0,6,341,0,24236.0
2025-12-07T01:00,1,6,341,0,24868.0
2025-12-07T02:00,2,6,341,0,26233.0
2025-12-07T03:00,3,6,341,0,25813.0
2025-12-07T04:00,4,6,341,0,25527.0
2025-12-07T05:00,5,6,341,0,25265.0
2025-12-07T06:00,6,6,341,0,25286.0
2025-12-07T07:00,7,6,341,0,24441.0
2025-12-07T08:00,8,6,341,0,23294.0
2025-12-07T09:00,9,6,341,0,22557.0
2025-12-07T10:00,10,6,341,0,21771.0
2025-12-07T11:00,11,6,341,0,21158.0
2025-12-07T12:00,12,6,341,0,20613.0
2025-12-07T13:00,13,6,341,0,20630.0
2025-12-07T14:00,14,6,341,0,20993.0
2025-12-07T15:00,15,6,341,0,21643.0
2025-12-07T16:00,16,6,341,0,22312.0
2025-12-07T17:00,17,6,341,0,24164.0
2025-12-07T18:00,18,6,341,0,25072.0
2025-12-07T19:00,19,6,341,0,24838.0
2025-12-07T20:00,20,6,341,0,24769.0
2025-12-07T21:00,21,6,341,0,25599.0
2025-12-07T22:00,22,6,341,0,25859.0
2025-12-07T23:00,23,6,341,0,25705.0
2025-12-08T00:00,0,0,342,0,23823.0
2025-12-08T01:00,1,0,342,0,24740.0
2025-12-08T02:00,2,0,342,0,26382.0
2025-12-08T03:00,3,0,342,0,26511.0
2025-12-08T04:00,4,0,342,0,26261.0
2025-12-08T05:00,5,0,342,0,25909.0
2025-12-08T06:00,6,0,342,0,25476.0
2025-12-08T07:00,7,0,342,0,24118.0
2025-12-08T08:00,8,0,342,0,22856.0
2025-12-08T09:00,9,0,342,0,22343.0
2025-12-08T10:00,10,0,342,0,21891.0
2025-12-08T11:00,11,0,342,0,21587.0
2025-12-08T12:00,12,0,342,0,21642.0
2025-12-08T13:00,13,0,342,0,21642.0
2025-12-08T14:00,14,0,342,0,23170.0
2025-12-08T15:00,15,0,342,0,25313.0
2025-12-08T16:00,16,0,342,0,26535.0
2025-12-08T17:00,17,0,342,0,28191.0
2025-12-08T18:00,18,0,342,0,28754.0
2025-12-08T19:00,19,0,342,0,28912.0
2025-12-08T20:00,20,0,342,0,29089.0
2025-12-08T21:00,21,0,342,0,29690.0
2025-12-08T22:00,22,0,342,0,29905.0
2025-12-08T23:00,23,0,342,0,28988.0
2025-12-09T00:00,0,1,343,0,26650.0
2025-12-09T01:00,1,1,343,0,27645.0
2025-12-09T02:00,2,1,343,0,28705.0
2025-12-09T03:00,3,1,343,0,28586.0
2025-12-09T04:00,4,1,343,0,28080.0
2025-12-09T05:00,5,1,343,0,27559.0
2025-12-09T06:00,6,1,343,0,26796.0
2025-12-09T07:00,7,1,343,0,25227.0
2025-12-09T08:00,8,1,343,0,24010.0
2025-12-09T09:00,9,1,343,0,23014.0
2025-12-09T10:00,10,1,343,0,22478.0
2025-12-09T11:00,11,1,343,0,22005.0
2025-12-09T12:00,12,1,343,0,21755.0
2025-12-09T13:00,13,1,343,0,21841.0
2025-12-09T14:00,14,1,343,0,23198.0
2025-12-09T15:00,15,1,343,0,25349.0
2025-12-09T16:00,16,1,343,0,26575.0
2025-12-09T17:00,17,1,343,0,28810.0
2025-12-09T18:00,18,1,343,0,30102.0
2025-12-09T19:00,19,1,343,0,30195.0
2025-12-09T20:00,20,1,343,0,30148.0
2025-12-09T21:00,21,1,343,0,30090.0
2025-12-09T22:00,22,1,343,0,30792.0
2025-12-09T23:00,23,1,343,0,29961.0
2025-12-10T00:00,0,2,344,0,27113.0
2025-12-10T01:00,1,2,344,0,27700.0
2025-12-10T02:00,2,2,344,0,28956.0
2025-12-10T03:00,3,2,344,0,28776.0
2025-12-10T04:00,4,2,344,0,28165.0
2025-12-10T05:00,5,2,344,0,27641.0
2025-12-10T06:00,6,2,344,0,26965.0
2025-12-10T07:00,7,2,344,0,25728.0
2025-12-10T08:00,8,2,344,0,23998.0
2025-12-10T09:00,9,2,344,0,23184.0
2025-12-10T10:00,10,2,344,0,22469.0
2025-12-10T11:00,11,2,344,0,22026.0
2025-12-10T12:00,12,2,344,0,21815.0
2025-12-10T13:00,13,2,344,0,21763.0
2025-12-10T14:00,14,2,344,0,23100.0
2025-12-10T15:00,15,2,344,0,25138.0
2025-12-10T16:00,16,2,344,0,26894.0
2025-12-10T17:00,17,2,344,0,30148.0
2025-12-10T18:00,18,2,344,0,30759.0
2025-12-10T19:00,19,2,344,0,30619.0
2025-12-10T20:00,20,2,344,0,29561.0
2025-12-10T21:00,21,2,344,0,29746.0
2025-12-10T22:00,22,2,344,0,29802.0
2025-12-10T23:00,23,2,344,0,28595.0
2025-12-11T00:00,0,3,345,0,27009.0
2025-12-11T01:00,1,3,345,0,27722.0
2025-12-11T02:00,2,3,345,0,28908.0
2025-12-11T03:00,3,3,345,0,28582.0
2025-12-11T04:00,4,3,345,0,28149.0
2025-12-11T05:00,5,3,345,0,27636.0
2025-12-11T06:00,6,3,345,0,26908.0
2025-12-11T07:00,7,3,345,0,25500.0
2025-12-11T08:00,8,3,345,0,24145.0
2025-12-11T09:00,9,3,345,0,23457.0
2025-12-11T10:00,10,3,345,0,22743.0
2025-12-11T11:00,11,3,345,0,22236.0
2025-12-11T12:00,12,3,345,0,21873.0
2025-12-11T13:00,13,3,345,0,22028.0
2025-12-11T14:00,14,3,345,0,23085.0
2025-12-11T15:00,15,3,345,0,25072.0
2025-12-11T16:00,16,3,345,0,27016.0
2025-12-11T17:00,17,3,345,0,29857.0
2025-12-11T18:00,18,3,345,0,30557.0
2025-12-11T19:00,19,3,345,0,30177.0
2025-12-11T20:00,20,3,345,0,29505.0
2025-12-11T21:00,21,3,345,0,28986.0
2025-12-11T22:00,22,3,345,0,28864.0
2025-12-11T23:00,23,3,345,0,28083.0
2025-12-12T00:00,0,4,346,0,26958.0
2025-12-12T01:00,1,4,346,0,27559.0
2025-12-12T02:00,2,4,346,0,28815.0
2025-12-12T03:00,3,4,346,0,28509.0
2025-12-12T04:00,4,4,346,0,28083.0
2025-12-12T05:00,5,4,346,0,27521.0
2025-12-12T06:00,6,4,346,0,26927.0
2025-12-12T07:00,7,4,346,0,25651.0
2025-12-12T08:00,8,4,346,0,24085.0
2025-12-12T09:00,9,4,346,0,23206.0
2025-12-12T10:00,10,4,346,0,22422.0
2025-12-12T11:00,11,4,346,0,22257.0
2025-12-12T12:00,12,4,346,0,21915.0
2025-12-12T13:00,13,4,346,0,21678.0
2025-12-12T14:00,14,4,346,0,22937.0
2025-12-12T15:00,15,4,346,0,25037.0
2025-12-12T16:00,16,4,346,0,26530.0
2025-12-12T17:00,17,4,346,0,28792.0
2025-12-12T18:00,18,4,346,0,29750.0
2025-12-12T19:00,19,4,346,0,28813.0
2025-12-12T20:00,20,4,346,0,28703.0
2025-12-12T21:00,21,4,346,0,28973.0
2025-12-12T22:00,22,4,346,0,29154.0
2025-12-12T23:00,23,4,346,0,28502.0
2025-12-13T00:00,0,5,347,0,26414.0
2025-12-13T01:00,1,5,347,0,26971.0
2025-12-13T02:00,2,5,347,0,28217.0
2025-12-13T03:00,3,5,347,0,27792.0
2025-12-13T04:00,4,5,347,0,27219.0
2025-12-13T05:00,5,5,347,0,26842.0
2025-12-13T06:00,6,5,347,0,26426.0
2025-12-13T07:00,7,5,347,0,25355.0
2025-12-13T08:00,8,5,347,0,24079.0
2025-12-13T09:00,9,5,347,0,23283.0
2025-12-13T10:00,10,5,347,0,22423.0
2025-12-13T11:00,11,5,347,0,21542.0
2025-12-13T12:00,12,5,347,0,21142.0
2025-12-13T13:00,13,5,347,0,21087.0
2025-12-13T14:00,14,5,347,0,21656.0
2025-12-13T15:00,15,5,347,0,22623.0
2025-12-13T16:00,16,5,347,0,23684.0
2025-12-13T17:00,17,5,347,0,26454.0
2025-12-13T18:00,18,5,347,0,28137.0
2025-12-13T19:00,19,5,347,0,27886.0
2025-12-13T20:00,20,5,347,0,27212.0
2025-12-13T21:00,21,5,347,0,27508.0
2025-12-13T22:00,22,5,347,0,27191.0
2025-12-13T23:00,23,5,347,0,25792.0
2025-12-14T00:00,0,6,348,0,23970.0
2025-12-14T01:00,1,6,348,0,24980.0
2025-12-14T02:00,2,6,348,0,26288.0
2025-12-14T03:00,3,6,348,0,26104.0
2025-12-14T04:00,4,6,348,0,25789.0
2025-12-14T05:00,5,6,348,0,25600.0
2025-12-14T06:00,6,6,348,0,25311.0
2025-12-14T07:00,7,6,348,0,24430.0
2025-12-14T08:00,8,6,348,0,23185.0
2025-12-14T09:00,9,6,348,0,22627.0
2025-12-14T10:00,10,6,348,0,21697.0
2025-12-14T11:00,11,6,348,0,21192.0
2025-12-14T12:00,12,6,348,0,20634.0
2025-12-14T13:00,13,6,348,0,20436.0
2025-12-14T14:00,14,6,348,0,20715.0
2025-12-14T15:00,15,6,348,0,21447.0
2025-12-14T16:00,16,6,348,0,22248.0
2025-12-14T17:00,17,6,348,0,24230.0
2025-12-14T18:00,18,6,348,0,26133.0
2025-12-14T19:00,19,6,348,0,27287.0
2025-12-14T20:00,20,6,348,0,27307.0
2025-12-14T21:00,21,6,348,0,27332.0
2025-12-14T22:00,22,6,348,0,27644.0
2025-12-14T23:00,23,6,348,0,26885.0
2025-12-15T00:00,0,0,349,0,24634.0
2025-12-15T01:00,1,0,349,0,25166.0
2025-12-15T02:00,2,0,349,0,26874.0
2025-12-15T03:00,3,0,349,0,26907.0
2025-12-15T04:00,4,0,349,0,26669.0
2025-12-15T05:00,5,0,349,0,26325.0
2025-12-15T06:00,6,0,349,0,25766.0
2025-12-15T07:00,7,0,349,0,24752.0
2025-12-15T08:00,8,0,349,0,23148.0
2025-12-15T09:00,9,0,349,0,22449.0
2025-12-15T10:00,10,0,349,0,21813.0
2025-12-15T11:00,11,0,349,0,21799.0
2025-12-15T12:00,12,0,349,0,21363.0
2025-12-15T13:00,13,0,349,0,21679.0
2025-12-15T14:00,14,0,349,0,22878.0
2025-12-15T15:00,15,0,349,0,24979.0
2025-12-15T16:00,16,0,349,0,26723.0
2025-12-15T17:00,17,0,349,0,29222.0
2025-12-15T18:00,18,0,349,0,30144.0
2025-12-15T19:00,19,0,349,0,30400.0
2025-12-15T20:00,20,0,349,0,29976.0
2025-12-15T21:00,21,0,349,0,30455.0
2025-12-15T22:00,22,0,349,0,29881.0
2025-12-15T23:00,23,0,349,0,29613.0
2025-12-16T00:00,0,1,350,0,26893.0
2025-12-16T01:00,1,1,350,0,27675.0
2025-12-16T02:00,2,1,350,0,28918.0
2025-12-16T03:00,3,1,350,0,28825.0
2025-12-16T04:00,4,1,350,0,28439.0
2025-12-16T05:00,5,1,350,0,27884.0
2025-12-16T06:00,6,1,350,0,27268.0
2025-12-16T07:00,7,1,350,0,25723.0
2025-12-16T08:00,8,1,350,0,24317.0
2025-12-16T09:00,9,1,350,0,23528.0
2025-12-16T10:00,10,1,350,0,22474.0
2025-12-16T11:00,11,1,350,0,22154.0
2025-12-16T12:00,12,1,350,0,21870.0
2025-12-16T13:00,13,1,350,0,21791.0
2025-12-16T14:00,14,1,350,0,23089.0
2025-12-16T15:00,15,1,350,0,25277.0
2025-12-16T16:00,16,1,350,0,26919.0
2025-12-16T17:00,17,1,350,0,29148.0
2025-12-16T18:00,18,1,350,0,29848.0
2025-12-16T19:00,19,1,350,0,29970.0
2025-12-16T20:00,20,1,350,0,30421.0
2025-12-16T21:00,21,1,350,0,30132.0
2025-12-16T22:00,22,1,350,0,29896.0
2025-12-16T23:00,23,1,350,0,28372.0
2025-12-17T00:00,0,2,351,0,26215.0
2025-12-17T01:00,1,2,351,0,26902.0
2025-12-17T02:00,2,2,351,0,28517.0
2025-12-17T03:00,3,2,351,0,28339.0
2025-12-17T04:00,4,2,351,0,27843.0
2025-12-17T05:00,5,2,351,0,27407.0
2025-12-17T06:00,6,2,351,0,26755.0
2025-12-17T07:00,7,2,351,0,25409.0
2025-12-17T08:00,8,2,351,0,23737.0
2025-12-17T09:00,9,2,351,0,22881.0
2025-12-17T10:00,10,2,351,0,22030.0
2025-12-17T11:00,11,2,351,0,21823.0
2025-12-17T12:00,12,2,351,0,21572.0
2025-12-17T13:00,13,2,351,0,21397.0
2025-12-17T14:00,14,2,351,0,22798.0
2025-12-17T15:00,15,2,351,0,24925.0
2025-12-17T16:00,16,2,351,0,26360.0
2025-12-17T17:00,17,2,351,0,28767.0
2025-12-17T18:00,18,2,351,0,29865.0
2025-12-17T19:00,19,2,351,0,29866.0
2025-12-17T20:00,20,2,351,0,30020.0
2025-12-17T21:00,21,2,351,0,29670.0
2025-12-17T22:00,22,2,351,0,29304.0
2025-12-17T23:00,23,2,351,0,28181.0
2025-12-18T00:00,0,3,352,0,25980.0
2025-12-18T01:00,1,3,352,0,26369.0
2025-12-18T02:00,2,3,352,0,27982.0
2025-12-18T03:00,3,3,352,0,27553.0
2025-12-18T04:00,4,3,352,0,27076.0
2025-12-18T05:00,5,3,352,0,26811.0
2025-12-18T06:00,6,3,352,0,26273.0
2025-12-18T07:00,7,3,352,0,24814.0
2025-12-18T08:00,8,3,352,0,23291.0
2025-12-18T09:00,9,3,352,0,23047.0
2025-12-18T10:00,10,3,352,0,21889.0
2025-12-18T11:00,11,3,352,0,21526.0
2025-12-18T12:00,12,3,352,0,21002.0
2025-12-18T13:00,13,3,352,0,21308.0
2025-12-18T14:00,14,3,352,0,22428.0
2025-12-18T15:00,15,3,352,0,24673.0
2025-12-18T16:00,16,3,352,0,25794.0
2025-12-18T17:00,17,3,352,0,26775.0
2025-12-18T18:00,18,3,352,0,27356.0
2025-12-18T19:00,19,3,352,0,26647.0
2025-12-18T20:00,20,3,352,0,27281.0
2025-12-18T21:00,21,3,352,0,27633.0
2025-12-18T22:00,22,3,352,0,28215.0
2025-12-18T23:00,23,3,352,0,28393.0
2025-12-19T00:00,0,4,353,0,26240.0
2025-12-19T01:00,1,4,353,0,26937.0
2025-12-19T02:00,2,4,353,0,27780.0
2025-12-19T03:00,3,4,353,0,27442.0
2025-12-19T04:00,4,4,353,0,26830.0
2025-12-19T05:00,5,4,353,0,26254.0
2025-12-19T06:00,6,4,353,0,25746.0
2025-12-19T07:00,7,4,353,0,24641.0
2025-12-19T08:00,8,4,353,0,23560.0
2025-12-19T09:00,9,4,353,0,23094.0
2025-12-19T10:00,10,4,353,0,22752.0
2025-12-19T11:00,11,4,353,0,22221.0
2025-12-19T12:00,12,4,353,0,22084.0
2025-12-19T13:00,13,4,353,0,21858.0
2025-12-19T14:00,14,4,353,0,22133.0
2025-12-19T15:00,15,4,353,0,23991.0
2025-12-19T16:00,16,4,353,0,25280.0
2025-12-19T17:00,17,4,353,0,26731.0
2025-12-19T18:00,18,4,353,0,28094.0
2025-12-19T19:00,19,4,353,0,27576.0
2025-12-19T20:00,20,4,353,0,28222.0
2025-12-19T21:00,21,4,353,0,29106.0
2025-12-19T22:00,22,4,353,0,29400.0
2025-12-19T23:00,23,4,353,0,29425.0
2025-12-20T00:00,0,5,354,0,26385.0
2025-12-20T01:00,1,5,354,0,26209.0
2025-12-20T02:00,2,5,354,0,27224.0
2025-12-20T03:00,3,5,354,0,26788.0
2025-12-20T04:00,4,5,354,0,26050.0
2025-12-20T05:00,5,5,354,0,25638.0
2025-12-20T06:00,6,5,354,0,25160.0
2025-12-20T07:00,7,5,354,0,24050.0
2025-12-20T08:00,8,5,354,0,22601.0
2025-12-20T09:00,9,5,354,0,22260.0
2025-12-20T10:00,10,5,354,0,21335.0
2025-12-20T11:00,11,5,354,0,20723.0
2025-12-20T12:00,12,5,354,0,20031.0
2025-12-20T13:00,13,5,354,0,19991.0
2025-12-20T14:00,14,5,354,0,20285.0
2025-12-20T15:00,15,5,354,0,21413.0
2025-12-20T16:00,16,5,354,0,22806.0
2025-12-20T17:00,17,5,354,0,25527.0
2025-12-20T18:00,18,5,354,0,27729.0
2025-12-20T19:00,19,5,354,0,27788.0
2025-12-20T20:00,20,5,354,0,27874.0
2025-12-20T21:00,21,5,354,0,27552.0
2025-12-20T22:00,22,5,354,0,26308.0
2025-12-20T23:00,23,5,354,0,25454.0
2025-12-21T00:00,0,6,355,0,23489.0
2025-12-21T01:00,1,6,355,0,24325.0
2025-12-21T02:00,2,6,355,0,25648.0
2025-12-21T03:00,3,6,355,0,25128.0
2025-12-21T04:00,4,6,355,0,24681.0
2025-12-21T05:00,5,6,355,0,24542.0
2025-12-21T06:00,6,6,355,0,24138.0
2025-12-21T07:00,7,6,355,0,23308.0
2025-12-21T08:00,8,6,355,0,22198.0
2025-12-21T09:00,9,6,355,0,21730.0
2025-12-21T10:00,10,6,355,0,20639.0
2025-12-21T11:00,11,6,355,0,19935.0
2025-12-21T12:00,12,6,355,0,19511.0
2025-12-21T13:00,13,6,355,0,19270.0
2025-12-21T14:00,14,6,355,0,19500.0
2025-12-21T15:00,15,6,355,0,20493.0
2025-12-21T16:00,16,6,355,0,22049.0
2025-12-21T17:00,17,6,355,0,24603.0
2025-12-21T18:00,18,6,355,0,25900.0
2025-12-21T19:00,19,6,355,0,26043.0
2025-12-21T20:00,20,6,355,0,25707.0
2025-12-21T21:00,21,6,355,0,25803.0
2025-12-21T22:00,22,6,355,0,25082.0
2025-12-21T23:00,23,6,355,0,24214.0
2025-12-22T00:00,0,0,356,0,23126.0
2025-12-22T01:00,1,0,356,0,23998.0
2025-12-22T02:00,2,0,356,0,25567.0
2025-12-22T03:00,3,0,356,0,25316.0
2025-12-22T04:00,4,0,356,0,25043.0
2025-12-22T05:00,5,0,356,0,24591.0
2025-12-22T06:00,6,0,356,0,24012.0
2025-12-22T07:00,7,0,356,0,23137.0
2025-12-22T08:00,8,0,356,0,22146.0
2025-12-22T09:00,9,0,356,0,22174.0
2025-12-22T10:00,10,0,356,0,21398.0
2025-12-22T11:00,11,0,356,0,21384.0
2025-12-22T12:00,12,0,356,0,21059.0
2025-12-22T13:00,13,0,356,0,20679.0
2025-12-22T14:00,14,0,356,0,21328.0
2025-12-22T15:00,15,0,356,0,22879.0
2025-12-22T16:00,16,0,356,0,23974.0
2025-12-22T17:00,17,0,356,0,26374.0
2025-12-22T18:00,18,0,356,0,28286.0
2025-12-22T19:00,19,0,356,0,28238.0
2025-12-22T20:00,20,0,356,0,27387.0
2025-12-22T21:00,21,0,356,0,27247.0
2025-12-22T22:00,22,0,356,0,27042.0
2025-12-22T23:00,23,0,356,0,26317.0
2025-12-23T00:00,0,1,357,0,25409.0
2025-12-23T01:00,1,1,357,0,25982.0
2025-12-23T02:00,2,1,357,0,27282.0
2025-12-23T03:00,3,1,357,0,26868.0
2025-12-23T04:00,4,1,357,0,26389.0
2025-12-23T05:00,5,1,357,0,25952.0
2025-12-23T06:00,6,1,357,0,25487.0
2025-12-23T07:00,7,1,357,0,24307.0
2025-12-23T08:00,8,1,357,0,23333.0
2025-12-23T09:00,9,1,357,0,22794.0
2025-12-23T10:00,10,1,357,0,22357.0
2025-12-23T11:00,11,1,357,0,22098.0
2025-12-23T12:00,12,1,357,0,21526.0
2025-12-23T13:00,13,1,357,0,21480.0
2025-12-23T14:00,14,1,357,0,22063.0
2025-12-23T15:00,15,1,357,0,23172.0
2025-12-23T16:00,16,1,357,0,24641.0
2025-12-23T17:00,17,1,357,0,25763.0
2025-12-23T18:00,18,1,357,0,26512.0
2025-12-23T19:00,19,1,357,0,27754.0
2025-12-23T20:00,20,1,357,0,27770.0
2025-12-23T21:00,21,1,357,0,27166.0
2025-12-23T22:00,22,1,357,0,26662.0
2025-12-23T23:00,23,1,357,0,26207.0
2025-12-24T00:00,0,2,358,0,25720.0
2025-12-24T01:00,1,2,358,0,26682.0
2025-12-24T02:00,2,2,358,0,27454.0
2025-12-24T03:00,3,2,358,0,26893.0
2025-12-24T04:00,4,2,358,0,26340.0
2025-12-24T05:00,5,2,358,0,25741.0
2025-12-24T06:00,6,2,358,0,25370.0
2025-12-24T07:00,7,2,358,0,24403.0
2025-12-24T08:00,8,2,358,0,23478.0
2025-12-24T09:00,9,2,358,0,23073.0
2025-12-24T10:00,10,2,358,0,22673.0
2025-12-24T11:00,11,2,358,0,22084.0
2025-12-24T12:00,12,2,358,0,21923.0
2025-12-24T13:00,13,2,358,0,21404.0
2025-12-24T14:00,14,2,358,0,21212.0
2025-12-24T15:00,15,2,358,0,21902.0
2025-12-24T16:00,16,2,358,0,22914.0
2025-12-24T17:00,17,2,358,0,23836.0
2025-12-24T18:00,18,2,358,0,24577.0
2025-12-24T19:00,19,2,358,0,25359.0
2025-12-24T20:00,20,2,358,0,25382.0
2025-12-24T21:00,21,2,358,0,25234.0
2025-12-24T22:00,22,2,358,0,24834.0
2025-12-24T23:00,23,2,358,0,24191.0
2025-12-25T00:00,0,3,359,1,24248.0
2025-12-25T01:00,1,3,359,1,25178.0
2025-12-25T02:00,2,3,359,1,25613.0
2025-12-25T03:00,3,3,359,1,25051.0
2025-12-25T04:00,4,3,359,1,24176.0
2025-12-25T05:00,5,3,359,1,23835.0
2025-12-25T06:00,6,3,359,1,23153.0
2025-12-25T07:00,7,3,359,1,22818.0
2025-12-25T08:00,8,3,359,1,22550.0
2025-12-25T09:00,9,3,359,1,21453.0
2025-12-25T10:00,10,3,359,1,21274.0
2025-12-25T11:00,11,3,359,1,21209.0
2025-12-25T12:00,12,3,359,1,20492.0
2025-12-25T13:00,13,3,359,1,20338.0
2025-12-25T14:00,14,3,359,1,20135.0
2025-12-25T15:00,15,3,359,1,20053.0
2025-12-25T16:00,16,3,359,1,20471.0
2025-12-25T17:00,17,3,359,1,22889.0
2025-12-25T18:00,18,3,359,1,23944.0
2025-12-25T19:00,19,3,359,1,24057.0
2025-12-25T20:00,20,3,359,1,22844.0
2025-12-25T21:00,21,3,359,1,22929.0
2025-12-25T22:00,22,3,359,1,22569.0
2025-12-25T23:00,23,3,359,1,22270.0
2025-12-26T00:00,0,4,360,0,21884.0
2025-12-26T01:00,1,4,360,0,22347.0
2025-12-26T02:00,2,4,360,0,23106.0
2025-12-26T03:00,3,4,360,0,22825.0
2025-12-26T04:00,4,4,360,0,22602.0
2025-12-26T05:00,5,4,360,0,22233.0
2025-12-26T06:00,6,4,360,0,22005.0
2025-12-26T07:00,7,4,360,0,21440.0
2025-12-26T08:00,8,4,360,0,20614.0
2025-12-26T09:00,9,4,360,0,20673.0
2025-12-26T10:00,10,4,360,0,20070.0
2025-12-26T11:00,11,4,360,0,19764.0
2025-12-26T12:00,12,4,360,0,19370.0
2025-12-26T13:00,13,4,360,0,19008.0
2025-12-26T14:00,14,4,360,0,19785.0
2025-12-26T15:00,15,4,360,0,20920.0
2025-12-26T16:00,16,4,360,0,21383.0
2025-12-26T17:00,17,4,360,0,23170.0
2025-12-26T18:00,18,4,360,0,23290.0
2025-12-26T19:00,19,4,360,0,23477.0
2025-12-26T20:00,20,4,360,0,23737.0
2025-12-26T21:00,21,4,360,0,23928.0
2025-12-26T22:00,22,4,360,0,24645.0
2025-12-26T23:00,23,4,360,0,24075.0
2025-12-27T00:00,0,5,361,0,23732.0
2025-12-27T01:00,1,5,361,0,24631.0
2025-12-27T02:00,2,5,361,0,25891.0
2025-12-27T03:00,3,5,361,0,25689.0
2025-12-27T04:00,4,5,361,0,25031.0
2025-12-27T05:00,5,5,361,0,24741.0
2025-12-27T06:00,6,5,361,0,24244.0
2025-12-27T07:00,7,5,361,0,23192.0
2025-12-27T08:00,8,5,361,0,22249.0
2025-12-27T09:00,9,5,361,0,21228.0
2025-12-27T10:00,10,5,361,0,20153.0
2025-12-27T11:00,11,5,361,0,19443.0
2025-12-27T12:00,12,5,361,0,19239.0
2025-12-27T13:00,13,5,361,0,19199.0
2025-12-27T14:00,14,5,361,0,19526.0
2025-12-27T15:00,15,5,361,0,20833.0
2025-12-27T16:00,16,5,361,0,21366.0
2025-12-27T17:00,17,5,361,0,22509.0
2025-12-27T18:00,18,5,361,0,23710.0
2025-12-27T19:00,19,5,361,0,25001.0
2025-12-27T20:00,20,5,361,0,25107.0
2025-12-27T21:00,21,5,361,0,24673.0
2025-12-27T22:00,22,5,361,0,24778.0
2025-12-27T23:00,23,5,361,0,24234.0
2025-12-28T00:00,0,6,362,0,22129.0
2025-12-28T01:00,1,6,362,0,22655.0
2025-12-28T02:00,2,6,362,0,24658.0
2025-12-28T03:00,3,6,362,0,24810.0
2025-12-28T04:00,4,6,362,0,24570.0
2025-12-28T05:00,5,6,362,0,24295.0
2025-12-28T06:00,6,6,362,0,23982.0
2025-12-28T07:00,7,6,362,0,23151.0
2025-12-28T08:00,8,6,362,0,22045.0
2025-12-28T09:00,9,6,362,0,21435.0
2025-12-28T10:00,10,6,362,0,20586.0
2025-12-28T11:00,11,6,362,0,20075.0
2025-12-28T12:00,12,6,362,0,19584.0
2025-12-28T13:00,13,6,362,0,19579.0
2025-12-28T14:00,14,6,362,0,19995.0
2025-12-28T15:00,15,6,362,0,20915.0
2025-12-28T16:00,16,6,362,0,21757.0
2025-12-28T17:00,17,6,362,0,22938.0
2025-12-28T18:00,18,6,362,0,24015.0
2025-12-28T19:00,19,6,362,0,24334.0
2025-12-28T20:00,20,6,362,0,24720.0
2025-12-28T21:00,21,6,362,0,24832.0
2025-12-28T22:00,22,6,362,0,24953.0
2025-12-28T23:00,23,6,362,0,24618.0
2025-12-29T00:00,0,0,363,0,22763.0
2025-12-29T01:00,1,0,363,0,23170.0
2025-12-29T02:00,2,0,363,0,25236.0
2025-12-29T03:00,3,0,363,0,25221.0
2025-12-29T04:00,4,0,363,0,24959.0
2025-12-29T05:00,5,0,363,0,24707.0
2025-12-29T06:00,6,0,363,0,24607.0
2025-12-29T07:00,7,0,363,0,23335.0
2025-12-29T08:00,8,0,363,0,22095.0
2025-12-29T09:00,9,0,363,0,21424.0
2025-12-29T10:00,10,0,363,0,20611.0
2025-12-29T11:00,11,0,363,0,20254.0
2025-12-29T12:00,12,0,363,0,20220.0
2025-12-29T13:00,13,0,363,0,20556.0
2025-12-29T14:00,14,0,363,0,21640.0
2025-12-29T15:00,15,0,363,0,23499.0
2025-12-29T16:00,16,0,363,0,24870.0
2025-12-29T17:00,17,0,363,0,25940.0
2025-12-29T18:00,18,0,363,0,26315.0
2025-12-29T19:00,19,0,363,0,26773.0
2025-12-29T20:00,20,0,363,0,26904.0
2025-12-29T21:00,21,0,363,0,26814.0
2025-12-29T22:00,22,0,363,0,26695.0
2025-12-29T23:00,23,0,363,0,26001.0
2025-12-30T00:00,0,1,364,0,23347.0
2025-12-30T01:00,1,1,364,0,24681.0
2025-12-30T02:00,2,1,364,0,26550.0
2025-12-30T03:00,3,1,364,0,26525.0
2025-12-30T04:00,4,1,364,0,26217.0
2025-12-30T05:00,5,1,364,0,25658.0
2025-12-30T06:00,6,1,364,0,25207.0
2025-12-30T07:00,7,1,364,0,24077.0
2025-12-30T08:00,8,1,364,0,22777.0
2025-12-30T09:00,9,1,364,0,22577.0
2025-12-30T10:00,10,1,364,0,21636.0
2025-12-30T11:00,11,1,364,0,21578.0
2025-12-30T12:00,12,1,364,0,21080.0
2025-12-30T13:00,13,1,364,0,20955.0
2025-12-30T14:00,14,1,364,0,22140.0
2025-12-30T15:00,15,1,364,0,23545.0
2025-12-30T16:00,16,1,364,0,24729.0
2025-12-30T17:00,17,1,364,0,25835.0
2025-12-30T18:00,18,1,364,0,26954.0
2025-12-30T19:00,19,1,364,0,27807.0
2025-12-30T20:00,20,1,364,0,27785.0
2025-12-30T21:00,21,1,364,0,26488.0
2025-12-30T22:00,22,1,364,0,25805.0
2025-12-30T23:00,23,1,364,0,25723.0
2025-12-31T00:00,0,2,365,0,25054.0
