date_hour,hour,day_of_week,day_of_year,demand
2024-01-01T00:00,0,0,1,23126.0
2024-01-01T01:00,1,0,1,23165.0
2024-01-01T02:00,2,0,1,24138.0
2024-01-01T03:00,3,0,1,25999.0
2024-01-01T04:00,4,0,1,25812.0
2024-01-01T05:00,5,0,1,25007.0
2024-01-01T06:00,6,0,1,24317.0
2024-01-01T07:00,7,0,1,23918.0
2024-01-01T08:00,8,0,1,23066.0
2024-01-01T09:00,9,0,1,22365.0
2024-01-01T10:00,10,0,1,21604.0
2024-01-01T11:00,11,0,1,21007.0
2024-01-01T12:00,12,0,1,20402.0
2024-01-01T13:00,13,0,1,20119.0
2024-01-01T14:00,14,0,1,19740.0
2024-01-01T15:00,15,0,1,20059.0
2024-01-01T16:00,16,0,1,20697.0
2024-01-01T17:00,17,0,1,21060.0
2024-01-01T18:00,18,0,1,20827.0
2024-01-01T19:00,19,0,1,20608.0
2024-01-01T20:00,20,0,1,20707.0
2024-01-01T21:00,21,0,1,20191.0
2024-01-01T22:00,22,0,1,19778.0
2024-01-01T23:00,23,0,1,19756.0
2024-01-02T00:00,0,1,2,19820.0
2024-01-02T01:00,1,1,2,20302.0
2024-01-02T02:00,2,1,2,22243.0
2024-01-02T03:00,3,1,2,24523.0
2024-01-02T04:00,4,1,2,24851.0
2024-01-02T05:00,5,1,2,24529.0
2024-01-02T06:00,6,1,2,24327.0
2024-01-02T07:00,7,1,2,24078.0
2024-01-02T08:00,8,1,2,22808.0
2024-01-02T09:00,9,1,2,21576.0
2024-01-02T10:00,10,1,2,20779.0
2024-01-02T11:00,11,1,2,20227.0
2024-01-02T12:00,12,1,2,19834.0
2024-01-02T13:00,13,1,2,19611.0
2024-01-02T14:00,14,1,2,20025.0
2024-01-02T15:00,15,1,2,21422.0
2024-01-02T16:00,16,1,2,23274.0
2024-01-02T17:00,17,1,2,24578.0
2024-01-02T18:00,18,1,2,25319.0
2024-01-02T19:00,19,1,2,25332.0
2024-01-02T20:00,20,1,2,24774.0
2024-01-02T21:00,21,1,2,24306.0
2024-01-02T22:00,22,1,2,23267.0
2024-01-02T23:00,23,1,2,23088.0
2024-01-03T00:00,0,2,3,23720.0
2024-01-03T01:00,1,2,3,24304.0
2024-01-03T02:00,2,2,3,25631.0
2024-01-03T03:00,3,2,3,27425.0
2024-01-03T04:00,4,2,3,27329.0
2024-01-03T05:00,5,2,3,26871.0
2024-01-03T06:00,6,2,3,26561.0
2024-01-03T07:00,7,2,3,25692.0
2024-01-03T08:00,8,2,3,24252.0
2024-01-03T09:00,9,2,3,22981.0
2024-01-03T10:00,10,2,3,22117.0
2024-01-03T11:00,11,2,3,21614.0
2024-01-03T12:00,12,2,3,21392.0
2024-01-03T13:00,13,2,3,21195.0
2024-01-03T14:00,14,2,3,20947.0
2024-01-03T15:00,15,2,3,21893.0
2024-01-03T16:00,16,2,3,23583.0
2024-01-03T17:00,17,2,3,24968.0
2024-01-03T18:00,18,2,3,25498.0
2024-01-03T19:00,19,2,3,25244.0
2024-01-03T20:00,20,2,3,24591.0
2024-01-03T21:00,21,2,3,23535.0
2024-01-03T22:00,22,2,3,23240.0
2024-01-03T23:00,23,2,3,22838.0
2024-01-04T00:00,0,3,4,23562.0
2024-01-04T01:00,1,3,4,24280.0
2024-01-04T02:00,2,3,4,25786.0
2024-01-04T03:00,3,3,4,27524.0
2024-01-04T04:00,4,3,4,27613.0
2024-01-04T05:00,5,3,4,27137.0
2024-01-04T06:00,6,3,4,26620.0
2024-01-04T07:00,7,3,4,25908.0
2024-01-04T08:00,8,3,4,24599.0
2024-01-04T09:00,9,3,4,23340.0
2024-01-04T10:00,10,3,4,22150.0
2024-01-04T11:00,11,3,4,21707.0
2024-01-04T12:00,12,3,4,21499.0
2024-01-04T13:00,13,3,4,21182.0
2024-01-04T14:00,14,3,4,21178.0
2024-01-04T15:00,15,3,4,22424.0
2024-01-04T16:00,16,3,4,24394.0
2024-01-04T17:00,17,3,4,25560.0
2024-01-04T18:00,18,3,4,25655.0
2024-01-04T19:00,19,3,4,24749.0
2024-01-04T20:00,20,3,4,23839.0
2024-01-04T21:00,21,3,4,23412.0
2024-01-04T22:00,22,3,4,23655.0
2024-01-04T23:00,23,3,4,23570.0
2024-01-05T00:00,0,4,5,23519.0
2024-01-05T01:00,1,4,5,23229.0
2024-01-05T02:00,2,4,5,24896.0
2024-01-05T03:00,3,4,5,27069.0
2024-01-05T04:00,4,4,5,27288.0
2024-01-05T05:00,5,4,5,27142.0
2024-01-05T06:00,6,4,5,26536.0
2024-01-05T07:00,7,4,5,25702.0
2024-01-05T08:00,8,4,5,24875.0
2024-01-05T09:00,9,4,5,23809.0
2024-01-05T10:00,10,4,5,22782.0
2024-01-05T11:00,11,4,5,21926.0
2024-01-05T12:00,12,4,5,21340.0
2024-01-05T13:00,13,4,5,21250.0
2024-01-05T14:00,14,4,5,21522.0
2024-01-05T15:00,15,4,5,22574.0
2024-01-05T16:00,16,4,5,24315.0
2024-01-05T17:00,17,4,5,25508.0
2024-01-05T18:00,18,4,5,25581.0
2024-01-05T19:00,19,4,5,24296.0
2024-01-05T20:00,20,4,5,23747.0
2024-01-05T21:00,21,4,5,22297.0
2024-01-05T22:00,22,4,5,22171.0
2024-01-05T23:00,23,4,5,22841.0
2024-01-06T00:00,0,5,6,23741.0
2024-01-06T01:00,1,5,6,23666.0
2024-01-06T02:00,2,5,6,24623.0
2024-01-06T03:00,3,5,6,26595.0
2024-01-06T04:00,4,5,6,26752.0
2024-01-06T05:00,5,5,6,26363.0
2024-01-06T06:00,6,5,6,26007.0
2024-01-06T07:00,7,5,6,25615.0
2024-01-06T08:00,8,5,6,24460.0
2024-01-06T09:00,9,5,6,23211.0
2024-01-06T10:00,10,5,6,22631.0
2024-01-06T11:00,11,5,6,21797.0
2024-01-06T12:00,12,5,6,21259.0
2024-01-06T13:00,13,5,6,21015.0
2024-01-06T14:00,14,5,6,21125.0
2024-01-06T15:00,15,5,6,21691.0
2024-01-06T16:00,16,5,6,22692.0
2024-01-06T17:00,17,5,6,23106.0
2024-01-06T18:00,18,5,6,22751.0
2024-01-06T19:00,19,5,6,22499.0
2024-01-06T20:00,20,5,6,22773.0
2024-01-06T21:00,21,5,6,22832.0
2024-01-06T22:00,22,5,6,22822.0
2024-01-06T23:00,23,5,6,23221.0
2024-01-07T00:00,0,6,7,22580.0
2024-01-07T01:00,1,6,7,22891.0
2024-01-07T02:00,2,6,7,23957.0
2024-01-07T03:00,3,6,7,25939.0
2024-01-07T04:00,4,6,7,26008.0
2024-01-07T05:00,5,6,7,25784.0
2024-01-07T06:00,6,6,7,25197.0
2024-01-07T07:00,7,6,7,24632.0
2024-01-07T08:00,8,6,7,23705.0
2024-01-07T09:00,9,6,7,22824.0
2024-01-07T10:00,10,6,7,22183.0
2024-01-07T11:00,11,6,7,21494.0
2024-01-07T12:00,12,6,7,21113.0
2024-01-07T13:00,13,6,7,20635.0
2024-01-07T14:00,14,6,7,20563.0
2024-01-07T15:00,15,6,7,20776.0
2024-01-07T16:00,16,6,7,21597.0
2024-01-07T17:00,17,6,7,22186.0
2024-01-07T18:00,18,6,7,21518.0
2024-01-07T19:00,19,6,7,20532.0
2024-01-07T20:00,20,6,7,20204.0
2024-01-07T21:00,21,6,7,20479.0
2024-01-07T22:00,22,6,7,20558.0
2024-01-07T23:00,23,6,7,21072.0
2024-01-08T00:00,0,0,8,21096.0
2024-01-08T01:00,1,0,8,21000.0
2024-01-08T02:00,2,0,8,23142.0
2024-01-08T03:00,3,0,8,26032.0
2024-01-08T04:00,4,0,8,26570.0
2024-01-08T05:00,5,0,8,26611.0
2024-01-08T06:00,6,0,8,26336.0
2024-01-08T07:00,7,0,8,25652.0
2024-01-08T08:00,8,0,8,24385.0
2024-01-08T09:00,9,0,8,23262.0
2024-01-08T10:00,10,0,8,22903.0
2024-01-08T11:00,11,0,8,22259.0
2024-01-08T12:00,12,0,8,22426.0
2024-01-08T13:00,13,0,8,22475.0
2024-01-08T14:00,14,0,8,22605.0
2024-01-08T15:00,15,0,8,24095.0
2024-01-08T16:00,16,0,8,26713.0
2024-01-08T17:00,17,0,8,27988.0
2024-01-08T18:00,18,0,8,27600.0
2024-01-08T19:00,19,0,8,26740.0
2024-01-08T20:00,20,0,8,24807.0
2024-01-08T21:00,21,0,8,24499.0
2024-01-08T22:00,22,0,8,23640.0
2024-01-08T23:00,23,0,8,23745.0
2024-01-09T00:00,0,1,9,24514.0
2024-01-09T01:00,1,1,9,24195.0
2024-01-09T02:00,2,1,9,25769.0
2024-01-09T03:00,3,1,9,28345.0
2024-01-09T04:00,4,1,9,28795.0
2024-01-09T05:00,5,1,9,28393.0
2024-01-09T06:00,6,1,9,27873.0
2024-01-09T07:00,7,1,9,26939.0
2024-01-09T08:00,8,1,9,25477.0
2024-01-09T09:00,9,1,9,23860.0
2024-01-09T10:00,10,1,9,23659.0
2024-01-09T11:00,11,1,9,23472.0
2024-01-09T12:00,12,1,9,22895.0
2024-01-09T13:00,13,1,9,22874.0
2024-01-09T14:00,14,1,9,22716.0
2024-01-09T15:00,15,1,9,23876.0
2024-01-09T16:00,16,1,9,25274.0
2024-01-09T17:00,17,1,9,27506.0
2024-01-09T18:00,18,1,9,27720.0
2024-01-09T19:00,19,1,9,27254.0
2024-01-09T20:00,20,1,9,26279.0
2024-01-09T21:00,21,1,9,25455.0
2024-01-09T22:00,22,1,9,24337.0
2024-01-09T23:00,23,1,9,23412.0
2024-01-10T00:00,0,2,10,23545.0
2024-01-10T01:00,1,2,10,23507.0
2024-01-10T02:00,2,2,10,25339.0
2024-01-10T03:00,3,2,10,27559.0
2024-01-10T04:00,4,2,10,28040.0
2024-01-10T05:00,5,2,10,27769.0
2024-01-10T06:00,6,2,10,27493.0
2024-01-10T07:00,7,2,10,26517.0
2024-01-10T08:00,8,2,10,24986.0
2024-01-10T09:00,9,2,10,23515.0
2024-01-10T10:00,10,2,10,22907.0
2024-01-10T11:00,11,2,10,22994.0
2024-01-10T12:00,12,2,10,22309.0
2024-01-10T13:00,13,2,10,21997.0
2024-01-10T14:00,14,2,10,22195.0
2024-01-10T15:00,15,2,10,23232.0
2024-01-10T16:00,16,2,10,25601.0
2024-01-10T17:00,17,2,10,27146.0
2024-01-10T18:00,18,2,10,27313.0
2024-01-10T19:00,19,2,10,26526.0
2024-01-10T20:00,20,2,10,26025.0
2024-01-10T21:00,21,2,10,25710.0
2024-01-10T22:00,22,2,10,25480.0
2024-01-10T23:00,23,2,10,25209.0
2024-01-11T00:00,0,3,11,25170.0
2024-01-11T01:00,1,3,11,25140.0
2024-01-11T02:00,2,3,11,26360.0
2024-01-11T03:00,3,3,11,28408.0
2024-01-11T04:00,4,3,11,28592.0
2024-01-11T05:00,5,3,11,27968.0
2024-01-11T06:00,6,3,11,27359.0
2024-01-11T07:00,7,3,11,26734.0
2024-01-11T08:00,8,3,11,25166.0
2024-01-11T09:00,9,3,11,23721.0
2024-01-11T10:00,10,3,11,22918.0
2024-01-11T11:00,11,3,11,22923.0
2024-01-11T12:00,12,3,11,22802.0
2024-01-11T13:00,13,3,11,22081.0
2024-01-11T14:00,14,3,11,22287.0
2024-01-11T15:00,15,3,11,22977.0
2024-01-11T16:00,16,3,11,25314.0
2024-01-11T17:00,17,3,11,26814.0
2024-01-11T18:00,18,3,11,26513.0
2024-01-11T19:00,19,3,11,24963.0
2024-01-11T20:00,20,3,11,23373.0
2024-01-11T21:00,21,3,11,22544.0
2024-01-11T22:00,22,3,11,22399.0
2024-01-11T23:00,23,3,11,23008.0
2024-01-12T00:00,0,4,12,23059.0
2024-01-12T01:00,1,4,12,23294.0
2024-01-12T02:00,2,4,12,25231.0
2024-01-12T03:00,3,4,12,27711.0
2024-01-12T04:00,4,4,12,28068.0
2024-01-12T05:00,5,4,12,27825.0
2024-01-12T06:00,6,4,12,27351.0
2024-01-12T07:00,7,4,12,26856.0
2024-01-12T08:00,8,4,12,25446.0
2024-01-12T09:00,9,4,12,23965.0
2024-01-12T10:00,10,4,12,23850.0
2024-01-12T11:00,11,4,12,23418.0
2024-01-12T12:00,12,4,12,22694.0
2024-01-12T13:00,13,4,12,22608.0
2024-01-12T14:00,14,4,12,22992.0
2024-01-12T15:00,15,4,12,24165.0
2024-01-12T16:00,16,4,12,26404.0
2024-01-12T17:00,17,4,12,27703.0
2024-01-12T18:00,18,4,12,27276.0
2024-01-12T19:00,19,4,12,25988.0
2024-01-12T20:00,20,4,12,25259.0
2024-01-12T21:00,21,4,12,24489.0
2024-01-12T22:00,22,4,12,24946.0
2024-01-12T23:00,23,4,12,24676.0
2024-01-13T00:00,0,5,13,24534.0
2024-01-13T01:00,1,5,13,24750.0
2024-01-13T02:00,2,5,13,25734.0
2024-01-13T03:00,3,5,13,27538.0
2024-01-13T04:00,4,5,13,27584.0
2024-01-13T05:00,5,5,13,27225.0
2024-01-13T06:00,6,5,13,26849.0
2024-01-13T07:00,7,5,13,26293.0
2024-01-13T08:00,8,5,13,25225.0
2024-01-13T09:00,9,5,13,23885.0
2024-01-13T10:00,10,5,13,22787.0
2024-01-13T11:00,11,5,13,22008.0
2024-01-13T12:00,12,5,13,21658.0
2024-01-13T13:00,13,5,13,21337.0
2024-01-13T14:00,14,5,13,21620.0
2024-01-13T15:00,15,5,13,21863.0
2024-01-13T16:00,16,5,13,22800.0
2024-01-13T17:00,17,5,13,23409.0
2024-01-13T18:00,18,5,13,24473.0
2024-01-13T19:00,19,5,13,24020.0
2024-01-13T20:00,20,5,13,24199.0
2024-01-13T21:00,21,5,13,23842.0
2024-01-13T22:00,22,5,13,23096.0
2024-01-13T23:00,23,5,13,22463.0
2024-01-14T00:00,0,6,14,22568.0
2024-01-14T01:00,1,6,14,22665.0
2024-01-14T02:00,2,6,14,23632.0
2024-01-14T03:00,3,6,14,25794.0
2024-01-14T04:00,4,6,14,26298.0
2024-01-14T05:00,5,6,14,26013.0
2024-01-14T06:00,6,6,14,25436.0
2024-01-14T07:00,7,6,14,24982.0
2024-01-14T08:00,8,6,14,23847.0
2024-01-14T09:00,9,6,14,23192.0
2024-01-14T10:00,10,6,14,22174.0
2024-01-14T11:00,11,6,14,21339.0
2024-01-14T12:00,12,6,14,21001.0
2024-01-14T13:00,13,6,14,20325.0
2024-01-14T14:00,14,6,14,20097.0
2024-01-14T15:00,15,6,14,20410.0
2024-01-14T16:00,16,6,14,21087.0
2024-01-14T17:00,17,6,14,21747.0
2024-01-14T18:00,18,6,14,22412.0
2024-01-14T19:00,19,6,14,22745.0
2024-01-14T20:00,20,6,14,22500.0
2024-01-14T21:00,21,6,14,21564.0
2024-01-14T22:00,22,6,14,20611.0
2024-01-14T23:00,23,6,14,19998.0
2024-01-15T00:00,0,0,15,19754.0
2024-01-15T01:00,1,0,15,19919.0
2024-01-15T02:00,2,0,15,22055.0
2024-01-15T03:00,3,0,15,24381.0
2024-01-15T04:00,4,0,15,24682.0
2024-01-15T05:00,5,0,15,24583.0
2024-01-15T06:00,6,0,15,24146.0
2024-01-15T07:00,7,0,15,23691.0
2024-01-15T08:00,8,0,15,22585.0
2024-01-15T09:00,9,0,15,21614.0
2024-01-15T10:00,10,0,15,20997.0
2024-01-15T11:00,11,0,15,20327.0
2024-01-15T12:00,12,0,15,20313.0
2024-01-15T13:00,13,0,15,20345.0
2024-01-15T14:00,14,0,15,20261.0
2024-01-15T15:00,15,0,15,21451.0
2024-01-15T16:00,16,0,15,23196.0
2024-01-15T17:00,17,0,15,24254.0
2024-01-15T18:00,18,0,15,25195.0
2024-01-15T19:00,19,0,15,24879.0
2024-01-15T20:00,20,0,15,23249.0
2024-01-15T21:00,21,0,15,22744.0
2024-01-15T22:00,22,0,15,22771.0
2024-01-15T23:00,23,0,15,23119.0
2024-01-16T00:00,0,1,16,23891.0
2024-01-16T01:00,1,1,16,24425.0
2024-01-16T02:00,2,1,16,24625.0
2024-01-16T03:00,3,1,16,26800.0
2024-01-16T04:00,4,1,16,27007.0
2024-01-16T05:00,5,1,16,26581.0
2024-01-16T06:00,6,1,16,26104.0
2024-01-16T07:00,7,1,16,25248.0
2024-01-16T08:00,8,1,16,23740.0
2024-01-16T09:00,9,1,16,22853.0
2024-01-16T10:00,10,1,16,21703.0
2024-01-16T11:00,11,1,16,21557.0
2024-01-16T12:00,12,1,16,20845.0
2024-01-16T13:00,13,1,16,20695.0
2024-01-16T14:00,14,1,16,21290.0
2024-01-16T15:00,15,1,16,22629.0
2024-01-16T16:00,16,1,16,24876.0
2024-01-16T17:00,17,1,16,26530.0
2024-01-16T18:00,18,1,16,26777.0
2024-01-16T19:00,19,1,16,26253.0
2024-01-16T20:00,20,1,16,25243.0
2024-01-16T21:00,21,1,16,24895.0
2024-01-16T22:00,22,1,16,24957.0
2024-01-16T23:00,23,1,16,24926.0
2024-01-17T00:00,0,2,17,25237.0
2024-01-17T01:00,1,2,17,24999.0
2024-01-17T02:00,2,2,17,25519.0
2024-01-17T03:00,3,2,17,27388.0
2024-01-17T04:00,4,2,17,27415.0
2024-01-17T05:00,5,2,17,26938.0
2024-01-17T06:00,6,2,17,26562.0
2024-01-17T07:00,7,2,17,25580.0
2024-01-17T08:00,8,2,17,23894.0
2024-01-17T09:00,9,2,17,22880.0
2024-01-17T10:00,10,2,17,22443.0
2024-01-17T11:00,11,2,17,21856.0
2024-01-17T12:00,12,2,17,21500.0
2024-01-17T13:00,13,2,17,21175.0
2024-01-17T14:00,14,2,17,21054.0
2024-01-17T15:00,15,2,17,21797.0
2024-01-17T16:00,16,2,17,24075.0
2024-01-17T17:00,17,2,17,25821.0
2024-01-17T18:00,18,2,17,26205.0
2024-01-17T19:00,19,2,17,26041.0
2024-01-17T20:00,20,2,17,25265.0
2024-01-17T21:00,21,2,17,24924.0
2024-01-17T22:00,22,2,17,24361.0
2024-01-17T23:00,23,2,17,24596.0
2024-01-18T00:00,0,3,18,24072.0
2024-01-18T01:00,1,3,18,24045.0
2024-01-18T02:00,2,3,18,24514.0
2024-01-18T03:00,3,3,18,26742.0
2024-01-18T04:00,4,3,18,27056.0
2024-01-18T05:00,5,3,18,26768.0
2024-01-18T06:00,6,3,18,25925.0
2024-01-18T07:00,7,3,18,25115.0
2024-01-18T08:00,8,3,18,23946.0
2024-01-18T09:00,9,3,18,22829.0
2024-01-18T10:00,10,3,18,22089.0
2024-01-18T11:00,11,3,18,21852.0
2024-01-18T12:00,12,3,18,21396.0
2024-01-18T13:00,13,3,18,21146.0
2024-01-18T14:00,14,3,18,21178.0
2024-01-18T15:00,15,3,18,22591.0
2024-01-18T16:00,16,3,18,24655.0
2024-01-18T17:00,17,3,18,26287.0
2024-01-18T18:00,18,3,18,26380.0
2024-01-18T19:00,19,3,18,25694.0
2024-01-18T20:00,20,3,18,24839.0
2024-01-18T21:00,21,3,18,24535.0
2024-01-18T22:00,22,3,18,24061.0
2024-01-18T23:00,23,3,18,24078.0
2024-01-19T00:00,0,4,19,23904.0
2024-01-19T01:00,1,4,19,23678.0
2024-01-19T02:00,2,4,19,24584.0
2024-01-19T03:00,3,4,19,26920.0
2024-01-19T04:00,4,4,19,26919.0
2024-01-19T05:00,5,4,19,26443.0
2024-01-19T06:00,6,4,19,25823.0
2024-01-19T07:00,7,4,19,25176.0
2024-01-19T08:00,8,4,19,23809.0
2024-01-19T09:00,9,4,19,22524.0
2024-01-19T10:00,10,4,19,22208.0
2024-01-19T11:00,11,4,19,21535.0
2024-01-19T12:00,12,4,19,21409.0
2024-01-19T13:00,13,4,19,21207.0
2024-01-19T14:00,14,4,19,21304.0
2024-01-19T15:00,15,4,19,22434.0
2024-01-19T16:00,16,4,19,24247.0
2024-01-19T17:00,17,4,19,25746.0
2024-01-19T18:00,18,4,19,25664.0
2024-01-19T19:00,19,4,19,25600.0
2024-01-19T20:00,20,4,19,25207.0
2024-01-19T21:00,21,4,19,25395.0
2024-01-19T22:00,22,4,19,25128.0
2024-01-19T23:00,23,4,19,24840.0
2024-01-20T00:00,0,5,20,24390.0
2024-01-20T01:00,1,5,20,24970.0
2024-01-20T02:00,2,5,20,25396.0
2024-01-20T03:00,3,5,20,26717.0
2024-01-20T04:00,4,5,20,26682.0
2024-01-20T05:00,5,5,20,26047.0
2024-01-20T06:00,6,5,20,25332.0
2024-01-20T07:00,7,5,20,24645.0
2024-01-20T08:00,8,5,20,23475.0
2024-01-20T09:00,9,5,20,22294.0
2024-01-20T10:00,10,5,20,21769.0
2024-01-20T11:00,11,5,20,21150.0
2024-01-20T12:00,12,5,20,20847.0
2024-01-20T13:00,13,5,20,20262.0
2024-01-20T14:00,14,5,20,20258.0
2024-01-20T15:00,15,5,20,20542.0
2024-01-20T16:00,16,5,20,21539.0
2024-01-20T17:00,17,5,20,21743.0
2024-01-20T18:00,18,5,20,22339.0
2024-01-20T19:00,19,5,20,22563.0
2024-01-20T20:00,20,5,20,23461.0
2024-01-20T21:00,21,5,20,23563.0
2024-01-20T22:00,22,5,20,23374.0
2024-01-20T23:00,23,5,20,23716.0
2024-01-21T00:00,0,6,21,23973.0
2024-01-21T01:00,1,6,21,24287.0
2024-01-21T02:00,2,6,21,24554.0
2024-01-21T03:00,3,6,21,25542.0
2024-01-21T04:00,4,6,21,25426.0
2024-01-21T05:00,5,6,21,25032.0
2024-01-21T06:00,6,6,21,24304.0
2024-01-21T07:00,7,6,21,23995.0
2024-01-21T08:00,8,6,21,23296.0
2024-01-21T09:00,9,6,21,22461.0
2024-01-21T10:00,10,6,21,21905.0
2024-01-21T11:00,11,6,21,21718.0
2024-01-21T12:00,12,6,21,21394.0
2024-01-21T13:00,13,6,21,21293.0
2024-01-21T14:00,14,6,21,20875.0
2024-01-21T15:00,15,6,21,20519.0
2024-01-21T16:00,16,6,21,21107.0
2024-01-21T17:00,17,6,21,21092.0
2024-01-21T18:00,18,6,21,21464.0
2024-01-21T19:00,19,6,21,21926.0
2024-01-21T20:00,20,6,21,22282.0
2024-01-21T21:00,21,6,21,21901.0
2024-01-21T22:00,22,6,21,22067.0
2024-01-21T23:00,23,6,21,21974.0
2024-01-22T00:00,0,0,22,21967.0
2024-01-22T01:00,1,0,22,21975.0
2024-01-22T02:00,2,0,22,23094.0
2024-01-22T03:00,3,0,22,24931.0
2024-01-22T04:00,4,0,22,24955.0
2024-01-22T05:00,5,0,22,24694.0
2024-01-22T06:00,6,0,22,24000.0
2024-01-22T07:00,7,0,22,23313.0
2024-01-22T08:00,8,0,22,22605.0
2024-01-22T09:00,9,0,22,21825.0
2024-01-22T10:00,10,0,22,22241.0
2024-01-22T11:00,11,0,22,21561.0
2024-01-22T12:00,12,0,22,20840.0
2024-01-22T13:00,13,0,22,20243.0
2024-01-22T14:00,14,0,22,20246.0
2024-01-22T15:00,15,0,22,21453.0
2024-01-22T16:00,16,0,22,23561.0
2024-01-22T17:00,17,0,22,25285.0
2024-01-22T18:00,18,0,22,26327.0
2024-01-22T19:00,19,0,22,26990.0
2024-01-22T20:00,20,0,22,27077.0
2024-01-22T21:00,21,0,22,26257.0
2024-01-22T22:00,22,0,22,25253.0
2024-01-22T23:00,23,0,22,25303.0
2024-01-23T00:00,0,1,23,25432.0
2024-01-23T01:00,1,1,23,25124.0
2024-01-23T02:00,2,1,23,25783.0
2024-01-23T03:00,3,1,23,27042.0
2024-01-23T04:00,4,1,23,27267.0
2024-01-23T05:00,5,1,23,26565.0
2024-01-23T06:00,6,1,23,25829.0
2024-01-23T07:00,7,1,23,24935.0
2024-01-23T08:00,8,1,23,23767.0
2024-01-23T09:00,9,1,23,22468.0
2024-01-23T10:00,10,1,23,21451.0
2024-01-23T11:00,11,1,23,20793.0
2024-01-23T12:00,12,1,23,20876.0
2024-01-23T13:00,13,1,23,20605.0
2024-01-23T14:00,14,1,23,20651.0
2024-01-23T15:00,15,1,23,21304.0
2024-01-23T16:00,16,1,23,23202.0
2024-01-23T17:00,17,1,23,24690.0
2024-01-23T18:00,18,1,23,24419.0
2024-01-23T19:00,19,1,23,23578.0
2024-01-23T20:00,20,1,23,23383.0
2024-01-23T21:00,21,1,23,23075.0
2024-01-23T22:00,22,1,23,22274.0
2024-01-23T23:00,23,1,23,22185.0
2024-01-24T00:00,0,2,24,22496.0
2024-01-24T01:00,1,2,24,22993.0
2024-01-24T02:00,2,2,24,23937.0
2024-01-24T03:00,3,2,24,25921.0
2024-01-24T04:00,4,2,24,26564.0
2024-01-24T05:00,5,2,24,26052.0
2024-01-24T06:00,6,2,24,25318.0
2024-01-24T07:00,7,2,24,24758.0
2024-01-24T08:00,8,2,24,23627.0
2024-01-24T09:00,9,2,24,22276.0
2024-01-24T10:00,10,2,24,21745.0
2024-01-24T11:00,11,2,24,20993.0
2024-01-24T12:00,12,2,24,20922.0
2024-01-24T13:00,13,2,24,20578.0
2024-01-24T14:00,14,2,24,20629.0
2024-01-24T15:00,15,2,24,21700.0
2024-01-24T16:00,16,2,24,23632.0
2024-01-24T17:00,17,2,24,25086.0
2024-01-24T18:00,18,2,24,25590.0
2024-01-24T19:00,19,2,24,25917.0
2024-01-24T20:00,20,2,24,26124.0
2024-01-24T21:00,21,2,24,25969.0
2024-01-24T22:00,22,2,24,26379.0
2024-01-24T23:00,23,2,24,25671.0
2024-01-25T00:00,0,3,25,25093.0
2024-01-25T01:00,1,3,25,25054.0
2024-01-25T02:00,2,3,25,25658.0
2024-01-25T03:00,3,3,25,26909.0
2024-01-25T04:00,4,3,25,27009.0
2024-01-25T05:00,5,3,25,26451.0
2024-01-25T06:00,6,3,25,25869.0
2024-01-25T07:00,7,3,25,25118.0
2024-01-25T08:00,8,3,25,23838.0
2024-01-25T09:00,9,3,25,22845.0
2024-01-25T10:00,10,3,25,21769.0
2024-01-25T11:00,11,3,25,21438.0
2024-01-25T12:00,12,3,25,20950.0
2024-01-25T13:00,13,3,25,21161.0
2024-01-25T14:00,14,3,25,21138.0
2024-01-25T15:00,15,3,25,22041.0
2024-01-25T16:00,16,3,25,23899.0
2024-01-25T17:00,17,3,25,25082.0
2024-01-25T18:00,18,3,25,25158.0
2024-01-25T19:00,19,3,25,24679.0
2024-01-25T20:00,20,3,25,24325.0
2024-01-25T21:00,21,3,25,23316.0
2024-01-25T22:00,22,3,25,22133.0
2024-01-25T23:00,23,3,25,22388.0
2024-01-26T00:00,0,4,26,22263.0
2024-01-26T01:00,1,4,26,21919.0
2024-01-26T02:00,2,4,26,23612.0
2024-01-26T03:00,3,4,26,25764.0
2024-01-26T04:00,4,4,26,26189.0
2024-01-26T05:00,5,4,26,25826.0
2024-01-26T06:00,6,4,26,25585.0
2024-01-26T07:00,7,4,26,24818.0
2024-01-26T08:00,8,4,26,23579.0
2024-01-26T09:00,9,4,26,22294.0
2024-01-26T10:00,10,4,26,21789.0
2024-01-26T11:00,11,4,26,21157.0
2024-01-26T12:00,12,4,26,20514.0
2024-01-26T13:00,13,4,26,20337.0
2024-01-26T14:00,14,4,26,20617.0
2024-01-26T15:00,15,4,26,21661.0
2024-01-26T16:00,16,4,26,23854.0
2024-01-26T17:00,17,4,26,25095.0
2024-01-26T18:00,18,4,26,25039.0
2024-01-26T19:00,19,4,26,24652.0
2024-01-26T20:00,20,4,26,24434.0
2024-01-26T21:00,21,4,26,23426.0
2024-01-26T22:00,22,4,26,22860.0
2024-01-26T23:00,23,4,26,23221.0
2024-01-27T00:00,0,5,27,23206.0
2024-01-27T01:00,1,5,27,22903.0
2024-01-27T02:00,2,5,27,23864.0
2024-01-27T03:00,3,5,27,25638.0
2024-01-27T04:00,4,5,27,25861.0
2024-01-27T05:00,5,5,27,25138.0
2024-01-27T06:00,6,5,27,24404.0
2024-01-27T07:00,7,5,27,23723.0
2024-01-27T08:00,8,5,27,22797.0
2024-01-27T09:00,9,5,27,22086.0
2024-01-27T10:00,10,5,27,21227.0
2024-01-27T11:00,11,5,27,20461.0
2024-01-27T12:00,12,5,27,19970.0
2024-01-27T13:00,13,5,27,19446.0
2024-01-27T14:00,14,5,27,19378.0
2024-01-27T15:00,15,5,27,19831.0
2024-01-27T16:00,16,5,27,20701.0
2024-01-27T17:00,17,5,27,21208.0
2024-01-27T18:00,18,5,27,21929.0
2024-01-27T19:00,19,5,27,21211.0
2024-01-27T20:00,20,5,27,20507.0
2024-01-27T21:00,21,5,27,19987.0
2024-01-27T22:00,22,5,27,19596.0
2024-01-27T23:00,23,5,27,18871.0
2024-01-28T00:00,0,6,28,19307.0
2024-01-28T01:00,1,6,28,20460.0
2024-01-28T02:00,2,6,28,22244.0
2024-01-28T03:00,3,6,28,24047.0
2024-01-28T04:00,4,6,28,24360.0
2024-01-28T05:00,5,6,28,23819.0
2024-01-28T06:00,6,6,28,23286.0
2024-01-28T07:00,7,6,28,22668.0
2024-01-28T08:00,8,6,28,22066.0
2024-01-28T09:00,9,6,28,20683.0
2024-01-28T10:00,10,6,28,20224.0
2024-01-28T11:00,11,6,28,19620.0
2024-01-28T12:00,12,6,28,19065.0
2024-01-28T13:00,13,6,28,18729.0
2024-01-28T14:00,14,6,28,18623.0
2024-01-28T15:00,15,6,28,18972.0
2024-01-28T16:00,16,6,28,19729.0
2024-01-28T17:00,17,6,28,20194.0
2024-01-28T18:00,18,6,28,20716.0
2024-01-28T19:00,19,6,28,21183.0
2024-01-28T20:00,20,6,28,20807.0
2024-01-28T21:00,21,6,28,19492.0
2024-01-28T22:00,22,6,28,18930.0
2024-01-28T23:00,23,6,28,18884.0
2024-01-29T00:00,0,0,29,18506.0
2024-01-29T01:00,1,0,29,19483.0
2024-01-29T02:00,2,0,29,21416.0
2024-01-29T03:00,3,0,29,23637.0
2024-01-29T04:00,4,0,29,23999.0
2024-01-29T05:00,5,0,29,23781.0
2024-01-29T06:00,6,0,29,23246.0
2024-01-29T07:00,7,0,29,22619.0
2024-01-29T08:00,8,0,29,21566.0
2024-01-29T09:00,9,0,29,20460.0
2024-01-29T10:00,10,0,29,20103.0
2024-01-29T11:00,11,0,29,19677.0
2024-01-29T12:00,12,0,29,19132.0
2024-01-29T13:00,13,0,29,19169.0
2024-01-29T14:00,14,0,29,19532.0
2024-01-29T15:00,15,0,29,20892.0
2024-01-29T16:00,16,0,29,22884.0
2024-01-29T17:00,17,0,29,24184.0
2024-01-29T18:00,18,0,29,23571.0
2024-01-29T19:00,19,0,29,22847.0
2024-01-29T20:00,20,0,29,22679.0
2024-01-29T21:00,21,0,29,21568.0
2024-01-29T22:00,22,0,29,21675.0
2024-01-29T23:00,23,0,29,22183.0
2024-01-30T00:00,0,1,30,22291.0
2024-01-30T01:00,1,1,30,22056.0
2024-01-30T02:00,2,1,30,23632.0
2024-01-30T03:00,3,1,30,25684.0
2024-01-30T04:00,4,1,30,26001.0
2024-01-30T05:00,5,1,30,25273.0
2024-01-30T06:00,6,1,30,24459.0
2024-01-30T07:00,7,1,30,23589.0
2024-01-30T08:00,8,1,30,22228.0
2024-01-30T09:00,9,1,30,21195.0
2024-01-30T10:00,10,1,30,20995.0
2024-01-30T11:00,11,1,30,20348.0
2024-01-30T12:00,12,1,30,20093.0
2024-01-30T13:00,13,1,30,20136.0
2024-01-30T14:00,14,1,30,19962.0
2024-01-30T15:00,15,1,30,21098.0
2024-01-30T16:00,16,1,30,23165.0
2024-01-30T17:00,17,1,30,24284.0
2024-01-30T18:00,18,1,30,23814.0
2024-01-30T19:00,19,1,30,22808.0
2024-01-30T20:00,20,1,30,21533.0
2024-01-30T21:00,21,1,30,21363.0
2024-01-30T22:00,22,1,30,21266.0
2024-01-30T23:00,23,1,30,21496.0
2024-01-31T00:00,0,2,31,22143.0
2024-01-31T01:00,1,2,31,22727.0
2024-01-31T02:00,2,2,31,23771.0
2024-01-31T03:00,3,2,31,25613.0
2024-01-31T04:00,4,2,31,26043.0
2024-01-31T05:00,5,2,31,25492.0
2024-01-31T06:00,6,2,31,24769.0
2024-01-31T07:00,7,2,31,23953.0
2024-01-31T08:00,8,2,31,22702.0
2024-01-31T09:00,9,2,31,21680.0
2024-01-31T10:00,10,2,31,21083.0
2024-01-31T11:00,11,2,31,20613.0
2024-01-31T12:00,12,2,31,20122.0
2024-01-31T13:00,13,2,31,20005.0
2024-01-31T14:00,14,2,31,20376.0
2024-01-31T15:00,15,2,31,21276.0
2024-01-31T16:00,16,2,31,23045.0
2024-01-31T17:00,17,2,31,24322.0
2024-01-31T18:00,18,2,31,24863.0
2024-01-31T19:00,19,2,31,24796.0
2024-01-31T20:00,20,2,31,24144.0
2024-01-31T21:00,21,2,31,24047.0
2024-01-31T22:00,22,2,31,23405.0
2024-01-31T23:00,23,2,31,23489.0
2024-02-01T00:00,0,3,32,23353.0
2024-02-01T01:00,1,3,32,23818.0
2024-02-01T02:00,2,3,32,24982.0
2024-02-01T03:00,3,3,32,26332.0
2024-02-01T04:00,4,3,32,26671.0
2024-02-01T05:00,5,3,32,26224.0
2024-02-01T06:00,6,3,32,25364.0
2024-02-01T07:00,7,3,32,24789.0
2024-02-01T08:00,8,3,32,23936.0
2024-02-01T09:00,9,3,32,22751.0
2024-02-01T10:00,10,3,32,22173.0
2024-02-01T11:00,11,3,32,21603.0
2024-02-01T12:00,12,3,32,21279.0
2024-02-01T13:00,13,3,32,20974.0
2024-02-01T14:00,14,3,32,21033.0
2024-02-01T15:00,15,3,32,21672.0
2024-02-01T16:00,16,3,32,23694.0
2024-02-01T17:00,17,3,32,25159.0
2024-02-01T18:00,18,3,32,25785.0
2024-02-01T19:00,19,3,32,25911.0
2024-02-01T20:00,20,3,32,25815.0
2024-02-01T21:00,21,3,32,25303.0
2024-02-01T22:00,22,3,32,25395.0
2024-02-01T23:00,23,3,32,24617.0
2024-02-02T00:00,0,4,33,24109.0
2024-02-02T01:00,1,4,33,23933.0
2024-02-02T02:00,2,4,33,24841.0
2024-02-02T03:00,3,4,33,26593.0
2024-02-02T04:00,4,4,33,27307.0
2024-02-02T05:00,5,4,33,26757.0
2024-02-02T06:00,6,4,33,25747.0
2024-02-02T07:00,7,4,33,24994.0
2024-02-02T08:00,8,4,33,23875.0
2024-02-02T09:00,9,4,33,22595.0
2024-02-02T10:00,10,4,33,22042.0
2024-02-02T11:00,11,4,33,21476.0
2024-02-02T12:00,12,4,33,20927.0
2024-02-02T13:00,13,4,33,20642.0
2024-02-02T14:00,14,4,33,21164.0
2024-02-02T15:00,15,4,33,22091.0
2024-02-02T16:00,16,4,33,23852.0
2024-02-02T17:00,17,4,33,25187.0
2024-02-02T18:00,18,4,33,25477.0
2024-02-02T19:00,19,4,33,24604.0
2024-02-02T20:00,20,4,33,24364.0
2024-02-02T21:00,21,4,33,23628.0
2024-02-02T22:00,22,4,33,23215.0
2024-02-02T23:00,23,4,33,22546.0
2024-02-03T00:00,0,5,34,22410.0
2024-02-03T01:00,1,5,34,22108.0
2024-02-03T02:00,2,5,34,23833.0
2024-02-03T03:00,3,5,34,26106.0
2024-02-03T04:00,4,5,34,26895.0
2024-02-03T05:00,5,5,34,26526.0
2024-02-03T06:00,6,5,34,25862.0
2024-02-03T07:00,7,5,34,25066.0
2024-02-03T08:00,8,5,34,23993.0
2024-02-03T09:00,9,5,34,22749.0
2024-02-03T10:00,10,5,34,22024.0
2024-02-03T11:00,11,5,34,21133.0
2024-02-03T12:00,12,5,34,20779.0
2024-02-03T13:00,13,5,34,20246.0
2024-02-03T14:00,14,5,34,20194.0
2024-02-03T15:00,15,5,34,20726.0
2024-02-03T16:00,16,5,34,21387.0
2024-02-03T17:00,17,5,34,21982.0
2024-02-03T18:00,18,5,34,22858.0
2024-02-03T19:00,19,5,34,22554.0
2024-02-03T20:00,20,5,34,22605.0
2024-02-03T21:00,21,5,34,22136.0
2024-02-03T22:00,22,5,34,21369.0
2024-02-03T23:00,23,5,34,20966.0
2024-02-04T00:00,0,6,35,20879.0
2024-02-04T01:00,1,6,35,21642.0
2024-02-04T02:00,2,6,35,22859.0
2024-02-04T03:00,3,6,35,24802.0
2024-02-04T04:00,4,6,35,25207.0
2024-02-04T05:00,5,6,35,24914.0
2024-02-04T06:00,6,6,35,24422.0
2024-02-04T07:00,7,6,35,24008.0
2024-02-04T08:00,8,6,35,23186.0
2024-02-04T09:00,9,6,35,22036.0
2024-02-04T10:00,10,6,35,21703.0
2024-02-04T11:00,11,6,35,20948.0
2024-02-04T12:00,12,6,35,20502.0
2024-02-04T13:00,13,6,35,20170.0
2024-02-04T14:00,14,6,35,20302.0
2024-02-04T15:00,15,6,35,20536.0
2024-02-04T16:00,16,6,35,20628.0
2024-02-04T17:00,17,6,35,21066.0
2024-02-04T18:00,18,6,35,21846.0
2024-02-04T19:00,19,6,35,22242.0
2024-02-04T20:00,20,6,35,22689.0
2024-02-04T21:00,21,6,35,22704.0
2024-02-04T22:00,22,6,35,22964.0
2024-02-04T23:00,23,6,35,22236.0
2024-02-05T00:00,0,0,36,22536.0
2024-02-05T01:00,1,0,36,22963.0
2024-02-05T02:00,2,0,36,23577.0
2024-02-05T03:00,3,0,36,24926.0
2024-02-05T04:00,4,0,36,25237.0
2024-02-05T05:00,5,0,36,24821.0
2024-02-05T06:00,6,0,36,24238.0
2024-02-05T07:00,7,0,36,23679.0
2024-02-05T08:00,8,0,36,22352.0
2024-02-05T09:00,9,0,36,21370.0
2024-02-05T10:00,10,0,36,21191.0
2024-02-05T11:00,11,0,36,20674.0
2024-02-05T12:00,12,0,36,20764.0
2024-02-05T13:00,13,0,36,20565.0
2024-02-05T14:00,14,0,36,20552.0
2024-02-05T15:00,15,0,36,21061.0
2024-02-05T16:00,16,0,36,22820.0
2024-02-05T17:00,17,0,36,24401.0
2024-02-05T18:00,18,0,36,24654.0
2024-02-05T19:00,19,0,36,24700.0
2024-02-05T20:00,20,0,36,24904.0
2024-02-05T21:00,21,0,36,25403.0
2024-02-05T22:00,22,0,36,25690.0
2024-02-05T23:00,23,0,36,25491.0
2024-02-06T00:00,0,1,37,25180.0
2024-02-06T01:00,1,1,37,25133.0
2024-02-06T02:00,2,1,37,25891.0
2024-02-06T03:00,3,1,37,27099.0
2024-02-06T04:00,4,1,37,27575.0
2024-02-06T05:00,5,1,37,27029.0
2024-02-06T06:00,6,1,37,26331.0
2024-02-06T07:00,7,1,37,25415.0
2024-02-06T08:00,8,1,37,23831.0
2024-02-06T09:00,9,1,37,23099.0
2024-02-06T10:00,10,1,37,21927.0
2024-02-06T11:00,11,1,37,21561.0
2024-02-06T12:00,12,1,37,21596.0
2024-02-06T13:00,13,1,37,21240.0
2024-02-06T14:00,14,1,37,21055.0
2024-02-06T15:00,15,1,37,21943.0
2024-02-06T16:00,16,1,37,24238.0
2024-02-06T17:00,17,1,37,25733.0
2024-02-06T18:00,18,1,37,25925.0
2024-02-06T19:00,19,1,37,25718.0
2024-02-06T20:00,20,1,37,25901.0
2024-02-06T21:00,21,1,37,25985.0
2024-02-06T22:00,22,1,37,25732.0
2024-02-06T23:00,23,1,37,24524.0
2024-02-07T00:00,0,2,38,23990.0
2024-02-07T01:00,1,2,38,24247.0
2024-02-07T02:00,2,2,38,25323.0
2024-02-07T03:00,3,2,38,27117.0
2024-02-07T04:00,4,2,38,27761.0
2024-02-07T05:00,5,2,38,27264.0
2024-02-07T06:00,6,2,38,26642.0
2024-02-07T07:00,7,2,38,25933.0
2024-02-07T08:00,8,2,38,24668.0
2024-02-07T09:00,9,2,38,23871.0
2024-02-07T10:00,10,2,38,22918.0
2024-02-07T11:00,11,2,38,22220.0
2024-02-07T12:00,12,2,38,21610.0
2024-02-07T13:00,13,2,38,21170.0
2024-02-07T14:00,14,2,38,21295.0
2024-02-07T15:00,15,2,38,22556.0
2024-02-07T16:00,16,2,38,24811.0
2024-02-07T17:00,17,2,38,26106.0
2024-02-07T18:00,18,2,38,26220.0
2024-02-07T19:00,19,2,38,26592.0
2024-02-07T20:00,20,2,38,26556.0
2024-02-07T21:00,21,2,38,26813.0
2024-02-07T22:00,22,2,38,26314.0
2024-02-07T23:00,23,2,38,26217.0
2024-02-08T00:00,0,3,39,25719.0
2024-02-08T01:00,1,3,39,25088.0
2024-02-08T02:00,2,3,39,25940.0
2024-02-08T03:00,3,3,39,27692.0
2024-02-08T04:00,4,3,39,28462.0
2024-02-08T05:00,5,3,39,28283.0
2024-02-08T06:00,6,3,39,27617.0
2024-02-08T07:00,7,3,39,26826.0
2024-02-08T08:00,8,3,39,25508.0
2024-02-08T09:00,9,3,39,23853.0
2024-02-08T10:00,10,3,39,23689.0
2024-02-08T11:00,11,3,39,22620.0
2024-02-08T12:00,12,3,39,22102.0
2024-02-08T13:00,13,3,39,21992.0
2024-02-08T14:00,14,3,39,22318.0
2024-02-08T15:00,15,3,39,23129.0
2024-02-08T16:00,16,3,39,25363.0
2024-02-08T17:00,17,3,39,26752.0
2024-02-08T18:00,18,3,39,26327.0
2024-02-08T19:00,19,3,39,24982.0
2024-02-08T20:00,20,3,39,24178.0
2024-02-08T21:00,21,3,39,23684.0
2024-02-08T22:00,22,3,39,24165.0
2024-02-08T23:00,23,3,39,24257.0
2024-02-09T00:00,0,4,40,24423.0
2024-02-09T01:00,1,4,40,23765.0
2024-02-09T02:00,2,4,40,24317.0
2024-02-09T03:00,3,4,40,26891.0
2024-02-09T04:00,4,4,40,27951.0
2024-02-09T05:00,5,4,40,27722.0
2024-02-09T06:00,6,4,40,27301.0
2024-02-09T07:00,7,4,40,26399.0
2024-02-09T08:00,8,4,40,25194.0
2024-02-09T09:00,9,4,40,23967.0
2024-02-09T10:00,10,4,40,22787.0
2024-02-09T11:00,11,4,40,22346.0
2024-02-09T12:00,12,4,40,22118.0
2024-02-09T13:00,13,4,40,22003.0
2024-02-09T14:00,14,4,40,22306.0
2024-02-09T15:00,15,4,40,23135.0
2024-02-09T16:00,16,4,40,25290.0
2024-02-09T17:00,17,4,40,26439.0
2024-02-09T18:00,18,4,40,25982.0
2024-02-09T19:00,19,4,40,25389.0
2024-02-09T20:00,20,4,40,24038.0
2024-02-09T21:00,21,4,40,23181.0
2024-02-09T22:00,22,4,40,22795.0
2024-02-09T23:00,23,4,40,21832.0
2024-02-10T00:00,0,5,41,22230.0
2024-02-10T01:00,1,5,41,22418.0
2024-02-10T02:00,2,5,41,23134.0
2024-02-10T03:00,3,5,41,25634.0
2024-02-10T04:00,4,5,41,26925.0
2024-02-10T05:00,5,5,41,26569.0
2024-02-10T06:00,6,5,41,26260.0
2024-02-10T07:00,7,5,41,25719.0
2024-02-10T08:00,8,5,41,24629.0
2024-02-10T09:00,9,5,41,23446.0
2024-02-10T10:00,10,5,41,22735.0
2024-02-10T11:00,11,5,41,21887.0
2024-02-10T12:00,12,5,41,21295.0
2024-02-10T13:00,13,5,41,21213.0
2024-02-10T14:00,14,5,41,21466.0
2024-02-10T15:00,15,5,41,22290.0
2024-02-10T16:00,16,5,41,22816.0
2024-02-10T17:00,17,5,41,22705.0
2024-02-10T18:00,18,5,41,21335.0
2024-02-10T19:00,19,5,41,19882.0
2024-02-10T20:00,20,5,41,19472.0
2024-02-10T21:00,21,5,41,18772.0
2024-02-10T22:00,22,5,41,19030.0
2024-02-10T23:00,23,5,41,19447.0
2024-02-11T00:00,0,6,42,19098.0
2024-02-11T01:00,1,6,42,18646.0
2024-02-11T02:00,2,6,42,20475.0
2024-02-11T03:00,3,6,42,23485.0
2024-02-11T04:00,4,6,42,24974.0
2024-02-11T05:00,5,6,42,24836.0
2024-02-11T06:00,6,6,42,24694.0
2024-02-11T07:00,7,6,42,24326.0
2024-02-11T08:00,8,6,42,23455.0
2024-02-11T09:00,9,6,42,22336.0
2024-02-11T10:00,10,6,42,22057.0
2024-02-11T11:00,11,6,42,21568.0
2024-02-11T12:00,12,6,42,21266.0
2024-02-11T13:00,13,6,42,21169.0
2024-02-11T14:00,14,6,42,21216.0
2024-02-11T15:00,15,6,42,21485.0
2024-02-11T16:00,16,6,42,22422.0
2024-02-11T17:00,17,6,42,22585.0
2024-02-11T18:00,18,6,42,21925.0
2024-02-11T19:00,19,6,42,20941.0
2024-02-11T20:00,20,6,42,20521.0
2024-02-11T21:00,21,6,42,20071.0
2024-02-11T22:00,22,6,42,19872.0
2024-02-11T23:00,23,6,42,19438.0
2024-02-12T00:00,0,0,43,19067.0
2024-02-12T01:00,1,0,43,18465.0
2024-02-12T02:00,2,0,43,19703.0
2024-02-12T03:00,3,0,43,22105.0
2024-02-12T04:00,4,0,43,23272.0
2024-02-12T05:00,5,0,43,23253.0
2024-02-12T06:00,6,0,43,23874.0
2024-02-12T07:00,7,0,43,23775.0
2024-02-12T08:00,8,0,43,23331.0
2024-02-12T09:00,9,0,43,21828.0
2024-02-12T10:00,10,0,43,21560.0
2024-02-12T11:00,11,0,43,21135.0
2024-02-12T12:00,12,0,43,21144.0
2024-02-12T13:00,13,0,43,21105.0
2024-02-12T14:00,14,0,43,21214.0
2024-02-12T15:00,15,0,43,22452.0
2024-02-12T16:00,16,0,43,24642.0
2024-02-12T17:00,17,0,43,25601.0
2024-02-12T18:00,18,0,43,24566.0
2024-02-12T19:00,19,0,43,23992.0
2024-02-12T20:00,20,0,43,23145.0
2024-02-12T21:00,21,0,43,21538.0
2024-02-12T22:00,22,0,43,21028.0
2024-02-12T23:00,23,0,43,20942.0
2024-02-13T00:00,0,1,44,20539.0
2024-02-13T01:00,1,1,44,20623.0
2024-02-13T02:00,2,1,44,22404.0
2024-02-13T03:00,3,1,44,25686.0
2024-02-13T04:00,4,1,44,27157.0
2024-02-13T05:00,5,1,44,26933.0
2024-02-13T06:00,6,1,44,26241.0
2024-02-13T07:00,7,1,44,25856.0
2024-02-13T08:00,8,1,44,23877.0
2024-02-13T09:00,9,1,44,22469.0
2024-02-13T10:00,10,1,44,21861.0
2024-02-13T11:00,11,1,44,21146.0
2024-02-13T12:00,12,1,44,20664.0
2024-02-13T13:00,13,1,44,20351.0
2024-02-13T14:00,14,1,44,20921.0
2024-02-13T15:00,15,1,44,22724.0
2024-02-13T16:00,16,1,44,24972.0
2024-02-13T17:00,17,1,44,25726.0
2024-02-13T18:00,18,1,44,24930.0
2024-02-13T19:00,19,1,44,23932.0
2024-02-13T20:00,20,1,44,22397.0
2024-02-13T21:00,21,1,44,21055.0
2024-02-13T22:00,22,1,44,21026.0
2024-02-13T23:00,23,1,44,20808.0
2024-02-14T00:00,0,2,45,20963.0
2024-02-14T01:00,1,2,45,20998.0
2024-02-14T02:00,2,2,45,22951.0
2024-02-14T03:00,3,2,45,25517.0
2024-02-14T04:00,4,2,45,26696.0
2024-02-14T05:00,5,2,45,26665.0
2024-02-14T06:00,6,2,45,26196.0
2024-02-14T07:00,7,2,45,25341.0
2024-02-14T08:00,8,2,45,24060.0
2024-02-14T09:00,9,2,45,22813.0
2024-02-14T10:00,10,2,45,22225.0
2024-02-14T11:00,11,2,45,21320.0
2024-02-14T12:00,12,2,45,20821.0
2024-02-14T13:00,13,2,45,20361.0
2024-02-14T14:00,14,2,45,20716.0
2024-02-14T15:00,15,2,45,22047.0
2024-02-14T16:00,16,2,45,24161.0
2024-02-14T17:00,17,2,45,25284.0
2024-02-14T18:00,18,2,45,24531.0
2024-02-14T19:00,19,2,45,23768.0
2024-02-14T20:00,20,2,45,23193.0
2024-02-14T21:00,21,2,45,23024.0
2024-02-14T22:00,22,2,45,22526.0
2024-02-14T23:00,23,2,45,22497.0
2024-02-15T00:00,0,3,46,22624.0
2024-02-15T01:00,1,3,46,22687.0
2024-02-15T02:00,2,3,46,24299.0
2024-02-15T03:00,3,3,46,26488.0
2024-02-15T04:00,4,3,46,27307.0
2024-02-15T05:00,5,3,46,26687.0
2024-02-15T06:00,6,3,46,25860.0
2024-02-15T07:00,7,3,46,24933.0
2024-02-15T08:00,8,3,46,24273.0
2024-02-15T09:00,9,3,46,22510.0
2024-02-15T10:00,10,3,46,22168.0
2024-02-15T11:00,11,3,46,21629.0
2024-02-15T12:00,12,3,46,21571.0
2024-02-15T13:00,13,3,46,21229.0
2024-02-15T14:00,14,3,46,21490.0
2024-02-15T15:00,15,3,46,22515.0
2024-02-15T16:00,16,3,46,24456.0
2024-02-15T17:00,17,3,46,25366.0
2024-02-15T18:00,18,3,46,24102.0
2024-02-15T19:00,19,3,46,22621.0
2024-02-15T20:00,20,3,46,22158.0
2024-02-15T21:00,21,3,46,21802.0
2024-02-15T22:00,22,3,46,21988.0
2024-02-15T23:00,23,3,46,22172.0
2024-02-16T00:00,0,4,47,22345.0
2024-02-16T01:00,1,4,47,21808.0
2024-02-16T02:00,2,4,47,23339.0
2024-02-16T03:00,3,4,47,25621.0
2024-02-16T04:00,4,4,47,26536.0
2024-02-16T05:00,5,4,47,26090.0
2024-02-16T06:00,6,4,47,25439.0
2024-02-16T07:00,7,4,47,24584.0
2024-02-16T08:00,8,4,47,23452.0
2024-02-16T09:00,9,4,47,22140.0
2024-02-16T10:00,10,4,47,21815.0
2024-02-16T11:00,11,4,47,21527.0
2024-02-16T12:00,12,4,47,20941.0
2024-02-16T13:00,13,4,47,20599.0
2024-02-16T14:00,14,4,47,21087.0
2024-02-16T15:00,15,4,47,22287.0
2024-02-16T16:00,16,4,47,24110.0
2024-02-16T17:00,17,4,47,24700.0
2024-02-16T18:00,18,4,47,24050.0
2024-02-16T19:00,19,4,47,23000.0
2024-02-16T20:00,20,4,47,22361.0
2024-02-16T21:00,21,4,47,22241.0
2024-02-16T22:00,22,4,47,21939.0
2024-02-16T23:00,23,4,47,22075.0
2024-02-17T00:00,0,5,48,22400.0
2024-02-17T01:00,1,5,48,22374.0
2024-02-17T02:00,2,5,48,23088.0
2024-02-17T03:00,3,5,48,25013.0
2024-02-17T04:00,4,5,48,25901.0
2024-02-17T05:00,5,5,48,25600.0
2024-02-17T06:00,6,5,48,25118.0
2024-02-17T07:00,7,5,48,24405.0
2024-02-17T08:00,8,5,48,23359.0
2024-02-17T09:00,9,5,48,22339.0
2024-02-17T10:00,10,5,48,21653.0
2024-02-17T11:00,11,5,48,20885.0
2024-02-17T12:00,12,5,48,20480.0
2024-02-17T13:00,13,5,48,20310.0
2024-02-17T14:00,14,5,48,20152.0
2024-02-17T15:00,15,5,48,20434.0
2024-02-17T16:00,16,5,48,20980.0
2024-02-17T17:00,17,5,48,21661.0
2024-02-17T18:00,18,5,48,22037.0
2024-02-17T19:00,19,5,48,22666.0
2024-02-17T20:00,20,5,48,22814.0
2024-02-17T21:00,21,5,48,22803.0
2024-02-17T22:00,22,5,48,22988.0
2024-02-17T23:00,23,5,48,22722.0
2024-02-18T00:00,0,6,49,22302.0
2024-02-18T01:00,1,6,49,22286.0
2024-02-18T02:00,2,6,49,22690.0
2024-02-18T03:00,3,6,49,23906.0
2024-02-18T04:00,4,6,49,24722.0
2024-02-18T05:00,5,6,49,24394.0
2024-02-18T06:00,6,6,49,23733.0
2024-02-18T07:00,7,6,49,23295.0
2024-02-18T08:00,8,6,49,22724.0
2024-02-18T09:00,9,6,49,21243.0
2024-02-18T10:00,10,6,49,20799.0
2024-02-18T11:00,11,6,49,20530.0
2024-02-18T12:00,12,6,49,19707.0
2024-02-18T13:00,13,6,49,19458.0
2024-02-18T14:00,14,6,49,19556.0
2024-02-18T15:00,15,6,49,19913.0
2024-02-18T16:00,16,6,49,20398.0
2024-02-18T17:00,17,6,49,20560.0
2024-02-18T18:00,18,6,49,20722.0
2024-02-18T19:00,19,6,49,20473.0
2024-02-18T20:00,20,6,49,19600.0
2024-02-18T21:00,21,6,49,18640.0
2024-02-18T22:00,22,6,49,18425.0
2024-02-18T23:00,23,6,49,18211.0
2024-02-19T00:00,0,0,50,18871.0
2024-02-19T01:00,1,0,50,19904.0
2024-02-19T02:00,2,0,50,21564.0
2024-02-19T03:00,3,0,50,23474.0
2024-02-19T04:00,4,0,50,24473.0
2024-02-19T05:00,5,0,50,24149.0
2024-02-19T06:00,6,0,50,23546.0
2024-02-19T07:00,7,0,50,22952.0
2024-02-19T08:00,8,0,50,22030.0
2024-02-19T09:00,9,0,50,20812.0
2024-02-19T10:00,10,0,50,20323.0
2024-02-19T11:00,11,0,50,19920.0
2024-02-19T12:00,12,0,50,19809.0
2024-02-19T13:00,13,0,50,19627.0
2024-02-19T14:00,14,0,50,19821.0
2024-02-19T15:00,15,0,50,20493.0
2024-02-19T16:00,16,0,50,21787.0
2024-02-19T17:00,17,0,50,22285.0
2024-02-19T18:00,18,0,50,24029.0
2024-02-19T19:00,19,0,50,23253.0
2024-02-19T20:00,20,0,50,23333.0
2024-02-19T21:00,21,0,50,23544.0
2024-02-19T22:00,22,0,50,23209.0
2024-02-19T23:00,23,0,50,22685.0
2024-02-20T00:00,0,1,51,22518.0
2024-02-20T01:00,1,1,51,22839.0
2024-02-20T02:00,2,1,51,24300.0
2024-02-20T03:00,3,1,51,25923.0
2024-02-20T04:00,4,1,51,26645.0
2024-02-20T05:00,5,1,51,26032.0
2024-02-20T06:00,6,1,51,25169.0
2024-02-20T07:00,7,1,51,24349.0
2024-02-20T08:00,8,1,51,23029.0
2024-02-20T09:00,9,1,51,21714.0
2024-02-20T10:00,10,1,51,21357.0
2024-02-20T11:00,11,1,51,20925.0
2024-02-20T12:00,12,1,51,20327.0
2024-02-20T13:00,13,1,51,20153.0
2024-02-20T14:00,14,1,51,20506.0
2024-02-20T15:00,15,1,51,21440.0
2024-02-20T16:00,16,1,51,23398.0
2024-02-20T17:00,17,1,51,24757.0
2024-02-20T18:00,18,1,51,25867.0
2024-02-20T19:00,19,1,51,25684.0
2024-02-20T20:00,20,1,51,24913.0
2024-02-20T21:00,21,1,51,25046.0
2024-02-20T22:00,22,1,51,25388.0
2024-02-20T23:00,23,1,51,25674.0
2024-02-21T00:00,0,2,52,25743.0
2024-02-21T01:00,1,2,52,25317.0
2024-02-21T02:00,2,2,52,25657.0
2024-02-21T03:00,3,2,52,26699.0
2024-02-21T04:00,4,2,52,27584.0
2024-02-21T05:00,5,2,52,26982.0
2024-02-21T06:00,6,2,52,26230.0
2024-02-21T07:00,7,2,52,25362.0
2024-02-21T08:00,8,2,52,23851.0
2024-02-21T09:00,9,2,52,22538.0
2024-02-21T10:00,10,2,52,21827.0
2024-02-21T11:00,11,2,52,21262.0
2024-02-21T12:00,12,2,52,20922.0
2024-02-21T13:00,13,2,52,20643.0
2024-02-21T14:00,14,2,52,21219.0
2024-02-21T15:00,15,2,52,22463.0
2024-02-21T16:00,16,2,52,24311.0
2024-02-21T17:00,17,2,52,25165.0
2024-02-21T18:00,18,2,52,23977.0
2024-02-21T19:00,19,2,52,23140.0
2024-02-21T20:00,20,2,52,22705.0
2024-02-21T21:00,21,2,52,22643.0
2024-02-21T22:00,22,2,52,21935.0
2024-02-21T23:00,23,2,52,21243.0
2024-02-22T00:00,0,3,53,20988.0
2024-02-22T01:00,1,3,53,21391.0
2024-02-22T02:00,2,3,53,22604.0
2024-02-22T03:00,3,3,53,25523.0
2024-02-22T04:00,4,3,53,26786.0
2024-02-22T05:00,5,3,53,26593.0
2024-02-22T06:00,6,3,53,25845.0
2024-02-22T07:00,7,3,53,24913.0
2024-02-22T08:00,8,3,53,23560.0
2024-02-22T09:00,9,3,53,22258.0
2024-02-22T10:00,10,3,53,21801.0
2024-02-22T11:00,11,3,53,21052.0
2024-02-22T12:00,12,3,53,20763.0
2024-02-22T13:00,13,3,53,20337.0
2024-02-22T14:00,14,3,53,21011.0
2024-02-22T15:00,15,3,53,22481.0
2024-02-22T16:00,16,3,53,24411.0
2024-02-22T17:00,17,3,53,24804.0
2024-02-22T18:00,18,3,53,23613.0
2024-02-22T19:00,19,3,53,21973.0
2024-02-22T20:00,20,3,53,20940.0
2024-02-22T21:00,21,3,53,20367.0
2024-02-22T22:00,22,3,53,20088.0
2024-02-22T23:00,23,3,53,19773.0
2024-02-23T00:00,0,4,54,19526.0
2024-02-23T01:00,1,4,54,20159.0
2024-02-23T02:00,2,4,54,22014.0
2024-02-23T03:00,3,4,54,25029.0
2024-02-23T04:00,4,4,54,26473.0
2024-02-23T05:00,5,4,54,26205.0
2024-02-23T06:00,6,4,54,25397.0
2024-02-23T07:00,7,4,54,24530.0
2024-02-23T08:00,8,4,54,23245.0
2024-02-23T09:00,9,4,54,21938.0
2024-02-23T10:00,10,4,54,21516.0
2024-02-23T11:00,11,4,54,21020.0
2024-02-23T12:00,12,4,54,20681.0
2024-02-23T13:00,13,4,54,20360.0
2024-02-23T14:00,14,4,54,20688.0
2024-02-23T15:00,15,4,54,21932.0
2024-02-23T16:00,16,4,54,23733.0
2024-02-23T17:00,17,4,54,24622.0
2024-02-23T18:00,18,4,54,24113.0
2024-02-23T19:00,19,4,54,22703.0
2024-02-23T20:00,20,4,54,21880.0
2024-02-23T21:00,21,4,54,21863.0
2024-02-23T22:00,22,4,54,22188.0
2024-02-23T23:00,23,4,54,22218.0
2024-02-24T00:00,0,5,55,21438.0
2024-02-24T01:00,1,5,55,20717.0
2024-02-24T02:00,2,5,55,22485.0
2024-02-24T03:00,3,5,55,24821.0
2024-02-24T04:00,4,5,55,25345.0
2024-02-24T05:00,5,5,55,24991.0
2024-02-24T06:00,6,5,55,24244.0
2024-02-24T07:00,7,5,55,23708.0
2024-02-24T08:00,8,5,55,23051.0
2024-02-24T09:00,9,5,55,21772.0
2024-02-24T10:00,10,5,55,21141.0
2024-02-24T11:00,11,5,55,20517.0
2024-02-24T12:00,12,5,55,19923.0
2024-02-24T13:00,13,5,55,19704.0
2024-02-24T14:00,14,5,55,19747.0
2024-02-24T15:00,15,5,55,20223.0
2024-02-24T16:00,16,5,55,21005.0
2024-02-24T17:00,17,5,55,20881.0
2024-02-24T18:00,18,5,55,20606.0
2024-02-24T19:00,19,5,55,19628.0
2024-02-24T20:00,20,5,55,19277.0
2024-02-24T21:00,21,5,55,18395.0
2024-02-24T22:00,22,5,55,17654.0
2024-02-24T23:00,23,5,55,17801.0
2024-02-25T00:00,0,6,56,18280.0
2024-02-25T01:00,1,6,56,18281.0
2024-02-25T02:00,2,6,56,19832.0
2024-02-25T03:00,3,6,56,22514.0
2024-02-25T04:00,4,6,56,23923.0
2024-02-25T05:00,5,6,56,23622.0
2024-02-25T06:00,6,6,56,23178.0
2024-02-25T07:00,7,6,56,22726.0
2024-02-25T08:00,8,6,56,21847.0
2024-02-25T09:00,9,6,56,21017.0
2024-02-25T10:00,10,6,56,20336.0
2024-02-25T11:00,11,6,56,19675.0
2024-02-25T12:00,12,6,56,19169.0
2024-02-25T13:00,13,6,56,18882.0
2024-02-25T14:00,14,6,56,18996.0
2024-02-25T15:00,15,6,56,19475.0
2024-02-25T16:00,16,6,56,19904.0
2024-02-25T17:00,17,6,56,19557.0
2024-02-25T18:00,18,6,56,19084.0
2024-02-25T19:00,19,6,56,18265.0
2024-02-25T20:00,20,6,56,18111.0
2024-02-25T21:00,21,6,56,17427.0
2024-02-25T22:00,22,6,56,17065.0
2024-02-25T23:00,23,6,56,17229.0
2024-02-26T00:00,0,0,57,17033.0
2024-02-26T01:00,1,0,57,18176.0
2024-02-26T02:00,2,0,57,20335.0
2024-02-26T03:00,3,0,57,22656.0
2024-02-26T04:00,4,0,57,24164.0
2024-02-26T05:00,5,0,57,24027.0
2024-02-26T06:00,6,0,57,23480.0
2024-02-26T07:00,7,0,57,22859.0
2024-02-26T08:00,8,0,57,21649.0
2024-02-26T09:00,9,0,57,20593.0
2024-02-26T10:00,10,0,57,20455.0
2024-02-26T11:00,11,0,57,19956.0
2024-02-26T12:00,12,0,57,19388.0
2024-02-26T13:00,13,0,57,19367.0
2024-02-26T14:00,14,0,57,19951.0
2024-02-26T15:00,15,0,57,21172.0
2024-02-26T16:00,16,0,57,23208.0
2024-02-26T17:00,17,0,57,24401.0
2024-02-26T18:00,18,0,57,23975.0
2024-02-26T19:00,19,0,57,23727.0
2024-02-26T20:00,20,0,57,24067.0
2024-02-26T21:00,21,0,57,24824.0
2024-02-26T22:00,22,0,57,24506.0
2024-02-26T23:00,23,0,57,23494.0
2024-02-27T00:00,0,1,58,23663.0
2024-02-27T01:00,1,1,58,23556.0
2024-02-27T02:00,2,1,58,23798.0
2024-02-27T03:00,3,1,58,25133.0
2024-02-27T04:00,4,1,58,26136.0
2024-02-27T05:00,5,1,58,25956.0
2024-02-27T06:00,6,1,58,25367.0
2024-02-27T07:00,7,1,58,24367.0
2024-02-27T08:00,8,1,58,22964.0
2024-02-27T09:00,9,1,58,21973.0
2024-02-27T10:00,10,1,58,21150.0
2024-02-27T11:00,11,1,58,20648.0
2024-02-27T12:00,12,1,58,20076.0
2024-02-27T13:00,13,1,58,19706.0
2024-02-27T14:00,14,1,58,19987.0
2024-02-27T15:00,15,1,58,21411.0
2024-02-27T16:00,16,1,58,23488.0
2024-02-27T17:00,17,1,58,24193.0
2024-02-27T18:00,18,1,58,23547.0
2024-02-27T19:00,19,1,58,23022.0
2024-02-27T20:00,20,1,58,22201.0
2024-02-27T21:00,21,1,58,21172.0
2024-02-27T22:00,22,1,58,20692.0
2024-02-27T23:00,23,1,58,20368.0
2024-02-28T00:00,0,2,59,20303.0
2024-02-28T01:00,1,2,59,20823.0
2024-02-28T02:00,2,2,59,21745.0
2024-02-28T03:00,3,2,59,24100.0
2024-02-28T04:00,4,2,59,25875.0
2024-02-28T05:00,5,2,59,25773.0
2024-02-28T06:00,6,2,59,25230.0
2024-02-28T07:00,7,2,59,24483.0
2024-02-28T08:00,8,2,59,23361.0
2024-02-28T09:00,9,2,59,22108.0
2024-02-28T10:00,10,2,59,21310.0
2024-02-28T11:00,11,2,59,20737.0
2024-02-28T12:00,12,2,59,20374.0
2024-02-28T13:00,13,2,59,20275.0
2024-02-28T14:00,14,2,59,20732.0
2024-02-28T15:00,15,2,59,22021.0
2024-02-28T16:00,16,2,59,24032.0
2024-02-28T17:00,17,2,59,24289.0
2024-02-28T18:00,18,2,59,22852.0
2024-02-28T19:00,19,2,59,21348.0
2024-02-28T20:00,20,2,59,20761.0
2024-02-28T21:00,21,2,59,20054.0
2024-02-28T22:00,22,2,59,19326.0
2024-02-28T23:00,23,2,59,19282.0
2024-02-29T00:00,0,3,60,19513.0
2024-02-29T01:00,1,3,60,20358.0
2024-02-29T02:00,2,3,60,21837.0
2024-02-29T03:00,3,3,60,24376.0
2024-02-29T04:00,4,3,60,25993.0
2024-02-29T05:00,5,3,60,25609.0
2024-02-29T06:00,6,3,60,25065.0
2024-02-29T07:00,7,3,60,24285.0
2024-02-29T08:00,8,3,60,23116.0
2024-02-29T09:00,9,3,60,21783.0
2024-02-29T10:00,10,3,60,21080.0
2024-02-29T11:00,11,3,60,20437.0
2024-02-29T12:00,12,3,60,20114.0
2024-02-29T13:00,13,3,60,20232.0
2024-02-29T14:00,14,3,60,20126.0
2024-02-29T15:00,15,3,60,21454.0
2024-02-29T16:00,16,3,60,23337.0
2024-02-29T17:00,17,3,60,24398.0
2024-02-29T18:00,18,3,60,24594.0
2024-02-29T19:00,19,3,60,24323.0
2024-02-29T20:00,20,3,60,24168.0
2024-02-29T21:00,21,3,60,23717.0
2024-02-29T22:00,22,3,60,23876.0
2024-02-29T23:00,23,3,60,23997.0
2024-03-01T00:00,0,4,61,22689.0
2024-03-01T01:00,1,4,61,22536.0
2024-03-01T02:00,2,4,61,23280.0
2024-03-01T03:00,3,4,61,25220.0
2024-03-01T04:00,4,4,61,26589.0
2024-03-01T05:00,5,4,61,26242.0
2024-03-01T06:00,6,4,61,25585.0
2024-03-01T07:00,7,4,61,24815.0
2024-03-01T08:00,8,4,61,23718.0
2024-03-01T09:00,9,4,61,22091.0
2024-03-01T10:00,10,4,61,21425.0
2024-03-01T11:00,11,4,61,20639.0
2024-03-01T12:00,12,4,61,20124.0
2024-03-01T13:00,13,4,61,19982.0
2024-03-01T14:00,14,4,61,20540.0
2024-03-01T15:00,15,4,61,21590.0
2024-03-01T16:00,16,4,61,23326.0
2024-03-01T17:00,17,4,61,24340.0
2024-03-01T18:00,18,4,61,24809.0
2024-03-01T19:00,19,4,61,24163.0
2024-03-01T20:00,20,4,61,23440.0
2024-03-01T21:00,21,4,61,23466.0
2024-03-01T22:00,22,4,61,22747.0
2024-03-01T23:00,23,4,61,22457.0
2024-03-02T00:00,0,5,62,21952.0
2024-03-02T01:00,1,5,62,22132.0
2024-03-02T02:00,2,5,62,23377.0
2024-03-02T03:00,3,5,62,25161.0
2024-03-02T04:00,4,5,62,26248.0
2024-03-02T05:00,5,5,62,25790.0
2024-03-02T06:00,6,5,62,24922.0
2024-03-02T07:00,7,5,62,24418.0
2024-03-02T08:00,8,5,62,23455.0
2024-03-02T09:00,9,5,62,22220.0
2024-03-02T10:00,10,5,62,21663.0
2024-03-02T11:00,11,5,62,20825.0
2024-03-02T12:00,12,5,62,20101.0
2024-03-02T13:00,13,5,62,19680.0
2024-03-02T14:00,14,5,62,19741.0
2024-03-02T15:00,15,5,62,20120.0
2024-03-02T16:00,16,5,62,21010.0
2024-03-02T17:00,17,5,62,21723.0
2024-03-02T18:00,18,5,62,21552.0
2024-03-02T19:00,19,5,62,21624.0
2024-03-02T20:00,20,5,62,21370.0
2024-03-02T21:00,21,5,62,21563.0
2024-03-02T22:00,22,5,62,21391.0
2024-03-02T23:00,23,5,62,21507.0
2024-03-03T00:00,0,6,63,21867.0
2024-03-03T01:00,1,6,63,21390.0
2024-03-03T02:00,2,6,63,22108.0
2024-03-03T03:00,3,6,63,23860.0
2024-03-03T04:00,4,6,63,25197.0
2024-03-03T05:00,5,6,63,24894.0
2024-03-03T06:00,6,6,63,24394.0
2024-03-03T07:00,7,6,63,23944.0
2024-03-03T08:00,8,6,63,23089.0
2024-03-03T09:00,9,6,63,21986.0
2024-03-03T10:00,10,6,63,21405.0
2024-03-03T11:00,11,6,63,20428.0
2024-03-03T12:00,12,6,63,20010.0
2024-03-03T13:00,13,6,63,19597.0
2024-03-03T14:00,14,6,63,19568.0
2024-03-03T15:00,15,6,63,19974.0
2024-03-03T16:00,16,6,63,20525.0
2024-03-03T17:00,17,6,63,20533.0
2024-03-03T18:00,18,6,63,20695.0
2024-03-03T19:00,19,6,63,20489.0
2024-03-03T20:00,20,6,63,20593.0
2024-03-03T21:00,21,6,63,20207.0
2024-03-03T22:00,22,6,63,19982.0
2024-03-03T23:00,23,6,63,20247.0
2024-03-04T00:00,0,0,64,19905.0
2024-03-04T01:00,1,0,64,19741.0
2024-03-04T02:00,2,0,64,20570.0
2024-03-04T03:00,3,0,64,23146.0
2024-03-04T04:00,4,0,64,25090.0
2024-03-04T05:00,5,0,64,25110.0
2024-03-04T06:00,6,0,64,24565.0
2024-03-04T07:00,7,0,64,23938.0
2024-03-04T08:00,8,0,64,22787.0
2024-03-04T09:00,9,0,64,21613.0
2024-03-04T10:00,10,0,64,21252.0
2024-03-04T11:00,11,0,64,20722.0
2024-03-04T12:00,12,0,64,19896.0
2024-03-04T13:00,13,0,64,19917.0
2024-03-04T14:00,14,0,64,20664.0
2024-03-04T15:00,15,0,64,21924.0
2024-03-04T16:00,16,0,64,23902.0
2024-03-04T17:00,17,0,64,24652.0
2024-03-04T18:00,18,0,64,23233.0
2024-03-04T19:00,19,0,64,22685.0
2024-03-04T20:00,20,0,64,22484.0
2024-03-04T21:00,21,0,64,22419.0
2024-03-04T22:00,22,0,64,21928.0
2024-03-04T23:00,23,0,64,21429.0
2024-03-05T00:00,0,1,65,21307.0
2024-03-05T01:00,1,1,65,21100.0
2024-03-05T02:00,2,1,65,22499.0
2024-03-05T03:00,3,1,65,24889.0
2024-03-05T04:00,4,1,65,26694.0
2024-03-05T05:00,5,1,65,26632.0
2024-03-05T06:00,6,1,65,25970.0
2024-03-05T07:00,7,1,65,25096.0
2024-03-05T08:00,8,1,65,23414.0
2024-03-05T09:00,9,1,65,22239.0
2024-03-05T10:00,10,1,65,21634.0
2024-03-05T11:00,11,1,65,21377.0
2024-03-05T12:00,12,1,65,21158.0
2024-03-05T13:00,13,1,65,21003.0
2024-03-05T14:00,14,1,65,20904.0
2024-03-05T15:00,15,1,65,22458.0
2024-03-05T16:00,16,1,65,24247.0
2024-03-05T17:00,17,1,65,24730.0
2024-03-05T18:00,18,1,65,23399.0
2024-03-05T19:00,19,1,65,22664.0
2024-03-05T20:00,20,1,65,22685.0
2024-03-05T21:00,21,1,65,22562.0
2024-03-05T22:00,22,1,65,22167.0
2024-03-05T23:00,23,1,65,22204.0
2024-03-06T00:00,0,2,66,21655.0
2024-03-06T01:00,1,2,66,21765.0
2024-03-06T02:00,2,2,66,22647.0
2024-03-06T03:00,3,2,66,24763.0
2024-03-06T04:00,4,2,66,26675.0
2024-03-06T05:00,5,2,66,26718.0
2024-03-06T06:00,6,2,66,25623.0
2024-03-06T07:00,7,2,66,24497.0
2024-03-06T08:00,8,2,66,23258.0
2024-03-06T09:00,9,2,66,21809.0
2024-03-06T10:00,10,2,66,21687.0
2024-03-06T11:00,11,2,66,21258.0
2024-03-06T12:00,12,2,66,20400.0
2024-03-06T13:00,13,2,66,20347.0
2024-03-06T14:00,14,2,66,20634.0
2024-03-06T15:00,15,2,66,22000.0
2024-03-06T16:00,16,2,66,23770.0
2024-03-06T17:00,17,2,66,24432.0
2024-03-06T18:00,18,2,66,23913.0
2024-03-06T19:00,19,2,66,23391.0
2024-03-06T20:00,20,2,66,22973.0
2024-03-06T21:00,21,2,66,22368.0
2024-03-06T22:00,22,2,66,22446.0
2024-03-06T23:00,23,2,66,23569.0
2024-03-07T00:00,0,3,67,23489.0
2024-03-07T01:00,1,3,67,24108.0
2024-03-07T02:00,2,3,67,24763.0
2024-03-07T03:00,3,3,67,25930.0
2024-03-07T04:00,4,3,67,26950.0
2024-03-07T05:00,5,3,67,26368.0
2024-03-07T06:00,6,3,67,25440.0
2024-03-07T07:00,7,3,67,24606.0
2024-03-07T08:00,8,3,67,23372.0
2024-03-07T09:00,9,3,67,22264.0
2024-03-07T10:00,10,3,67,22028.0
2024-03-07T11:00,11,3,67,21412.0
2024-03-07T12:00,12,3,67,21351.0
2024-03-07T13:00,13,3,67,21057.0
2024-03-07T14:00,14,3,67,21213.0
2024-03-07T15:00,15,3,67,22349.0
2024-03-07T16:00,16,3,67,24152.0
2024-03-07T17:00,17,3,67,25033.0
2024-03-07T18:00,18,3,67,24373.0
2024-03-07T19:00,19,3,67,23720.0
2024-03-07T20:00,20,3,67,22389.0
2024-03-07T21:00,21,3,67,22351.0
2024-03-07T22:00,22,3,67,22002.0
2024-03-07T23:00,23,3,67,21229.0
2024-03-08T00:00,0,4,68,21188.0
2024-03-08T01:00,1,4,68,20914.0
2024-03-08T02:00,2,4,68,22718.0
2024-03-08T03:00,3,4,68,24772.0
2024-03-08T04:00,4,4,68,26514.0
2024-03-08T05:00,5,4,68,25886.0
2024-03-08T06:00,6,4,68,25052.0
2024-03-08T07:00,7,4,68,24445.0
2024-03-08T08:00,8,4,68,23244.0
2024-03-08T09:00,9,4,68,22061.0
2024-03-08T10:00,10,4,68,22016.0
2024-03-08T11:00,11,4,68,21404.0
2024-03-08T12:00,12,4,68,20830.0
2024-03-08T13:00,13,4,68,20482.0
2024-03-08T14:00,14,4,68,20946.0
2024-03-08T15:00,15,4,68,22251.0
2024-03-08T16:00,16,4,68,23887.0
2024-03-08T17:00,17,4,68,23847.0
2024-03-08T18:00,18,4,68,22176.0
2024-03-08T19:00,19,4,68,20428.0
2024-03-08T20:00,20,4,68,19987.0
2024-03-08T21:00,21,4,68,19460.0
2024-03-08T22:00,22,4,68,19178.0
2024-03-08T23:00,23,4,68,19211.0
2024-03-09T00:00,0,5,69,19222.0
2024-03-09T01:00,1,5,69,19626.0
2024-03-09T02:00,2,5,69,21059.0
2024-03-09T03:00,3,5,69,23278.0
2024-03-09T04:00,4,5,69,24904.0
2024-03-09T05:00,5,5,69,24806.0
2024-03-09T06:00,6,5,69,24307.0
2024-03-09T07:00,7,5,69,23799.0
2024-03-09T08:00,8,5,69,22763.0
2024-03-09T09:00,9,5,69,21729.0
2024-03-09T10:00,10,5,69,21368.0
2024-03-09T11:00,11,5,69,20706.0
2024-03-09T12:00,12,5,69,20130.0
2024-03-09T13:00,13,5,69,19947.0
2024-03-09T14:00,14,5,69,19897.0
2024-03-09T15:00,15,5,69,20352.0
2024-03-09T16:00,16,5,69,20643.0
2024-03-09T17:00,17,5,69,20337.0
2024-03-09T18:00,18,5,69,19445.0
2024-03-09T19:00,19,5,69,19478.0
2024-03-09T20:00,20,5,69,19385.0
2024-03-09T21:00,21,5,69,18866.0
2024-03-09T22:00,22,5,69,18645.0
2024-03-09T23:00,23,5,69,18319.0
2024-03-10T00:00,0,6,70,17596.0
2024-03-10T01:00,1,6,70,17747.0
2024-03-10T02:00,2,6,70,18793.0
2024-03-10T03:00,3,6,70,21422.0
2024-03-10T04:00,4,6,70,23575.0
2024-03-10T05:00,5,6,70,23516.0
2024-03-10T06:00,6,6,70,22983.0
2024-03-10T07:00,7,6,70,22474.0
2024-03-10T08:00,8,6,70,21611.0
2024-03-10T09:00,9,6,70,20720.0
2024-03-10T10:00,10,6,70,20246.0
2024-03-10T11:00,11,6,70,19650.0
2024-03-10T12:00,12,6,70,19452.0
2024-03-10T13:00,13,6,70,19185.0
2024-03-10T14:00,14,6,70,19360.0
2024-03-10T15:00,15,6,70,19963.0
2024-03-10T16:00,16,6,70,20414.0
2024-03-10T17:00,17,6,70,19919.0
2024-03-10T18:00,18,6,70,18758.0
2024-03-10T19:00,19,6,70,17876.0
2024-03-10T20:00,20,6,70,17625.0
2024-03-10T21:00,21,6,70,17040.0
2024-03-10T22:00,22,6,70,16306.0
2024-03-10T23:00,23,6,70,16051.0
2024-03-11T00:00,0,0,71,16332.0
2024-03-11T01:00,1,0,71,18176.0
2024-03-11T02:00,2,0,71,19802.0
2024-03-11T03:00,3,0,71,22013.0
2024-03-11T04:00,4,0,71,23558.0
2024-03-11T05:00,5,0,71,23553.0
2024-03-11T06:00,6,0,71,23017.0
2024-03-11T07:00,7,0,71,21943.0
2024-03-11T08:00,8,0,71,20688.0
2024-03-11T09:00,9,0,71,20418.0
2024-03-11T10:00,10,0,71,19766.0
2024-03-11T11:00,11,0,71,19379.0
2024-03-11T12:00,12,0,71,19333.0
2024-03-11T13:00,13,0,71,19629.0
2024-03-11T14:00,14,0,71,20766.0
2024-03-11T15:00,15,0,71,23130.0
2024-03-11T16:00,16,0,71,25032.0
2024-03-11T17:00,17,0,71,24575.0
2024-03-11T18:00,18,0,71,22876.0
2024-03-11T19:00,19,0,71,21939.0
2024-03-11T20:00,20,0,71,20707.0
2024-03-11T21:00,21,0,71,20405.0
2024-03-11T22:00,22,0,71,20021.0
2024-03-11T23:00,23,0,71,19982.0
2024-03-12T00:00,0,1,72,20052.0
2024-03-12T01:00,1,1,72,20700.0
2024-03-12T02:00,2,1,72,22221.0
2024-03-12T03:00,3,1,72,24298.0
2024-03-12T04:00,4,1,72,25749.0
2024-03-12T05:00,5,1,72,25469.0
2024-03-12T06:00,6,1,72,24724.0
2024-03-12T07:00,7,1,72,23282.0
2024-03-12T08:00,8,1,72,22128.0
2024-03-12T09:00,9,1,72,21064.0
2024-03-12T10:00,10,1,72,20301.0
2024-03-12T11:00,11,1,72,20151.0
2024-03-12T12:00,12,1,72,20151.0
2024-03-12T13:00,13,1,72,20257.0
2024-03-12T14:00,14,1,72,21327.0
2024-03-12T15:00,15,1,72,23451.0
2024-03-12T16:00,16,1,72,24920.0
2024-03-12T17:00,17,1,72,25313.0
2024-03-12T18:00,18,1,72,24706.0
2024-03-12T19:00,19,1,72,23373.0
2024-03-12T20:00,20,1,72,23309.0
2024-03-12T21:00,21,1,72,23836.0
2024-03-12T22:00,22,1,72,23995.0
2024-03-12T23:00,23,1,72,22964.0
2024-03-13T00:00,0,2,73,22140.0
2024-03-13T01:00,1,2,73,21575.0
2024-03-13T02:00,2,2,73,22453.0
2024-03-13T03:00,3,2,73,24003.0
2024-03-13T04:00,4,2,73,25439.0
2024-03-13T05:00,5,2,73,25359.0
2024-03-13T06:00,6,2,73,24766.0
2024-03-13T07:00,7,2,73,23424.0
2024-03-13T08:00,8,2,73,22115.0
2024-03-13T09:00,9,2,73,21678.0
2024-03-13T10:00,10,2,73,20824.0
2024-03-13T11:00,11,2,73,20472.0
2024-03-13T12:00,12,2,73,20022.0
2024-03-13T13:00,13,2,73,20407.0
2024-03-13T14:00,14,2,73,21818.0
2024-03-13T15:00,15,2,73,24042.0
2024-03-13T16:00,16,2,73,25344.0
2024-03-13T17:00,17,2,73,25098.0
2024-03-13T18:00,18,2,73,23591.0
2024-03-13T19:00,19,2,73,21678.0
2024-03-13T20:00,20,2,73,21028.0
2024-03-13T21:00,21,2,73,20307.0
2024-03-13T22:00,22,2,73,19940.0
2024-03-13T23:00,23,2,73,20035.0
2024-03-14T00:00,0,3,74,20265.0
2024-03-14T01:00,1,3,74,19966.0
2024-03-14T02:00,2,3,74,21565.0
2024-03-14T03:00,3,3,74,23509.0
2024-03-14T04:00,4,3,74,25457.0
2024-03-14T05:00,5,3,74,25432.0
2024-03-14T06:00,6,3,74,24826.0
2024-03-14T07:00,7,3,74,23490.0
2024-03-14T08:00,8,3,74,22243.0
2024-03-14T09:00,9,3,74,21300.0
2024-03-14T10:00,10,3,74,20405.0
2024-03-14T11:00,11,3,74,20231.0
2024-03-14T12:00,12,3,74,20248.0
2024-03-14T13:00,13,3,74,20405.0
2024-03-14T14:00,14,3,74,21569.0
2024-03-14T15:00,15,3,74,23594.0
2024-03-14T16:00,16,3,74,24751.0
2024-03-14T17:00,17,3,74,24605.0
2024-03-14T18:00,18,3,74,22369.0
2024-03-14T19:00,19,3,74,21203.0
2024-03-14T20:00,20,3,74,19664.0
2024-03-14T21:00,21,3,74,19396.0
2024-03-14T22:00,22,3,74,19235.0
2024-03-14T23:00,23,3,74,18805.0
2024-03-15T00:00,0,4,75,18830.0
2024-03-15T01:00,1,4,75,19214.0
2024-03-15T02:00,2,4,75,21340.0
2024-03-15T03:00,3,4,75,23382.0
2024-03-15T04:00,4,4,75,25270.0
2024-03-15T05:00,5,4,75,25368.0
2024-03-15T06:00,6,4,75,24818.0
2024-03-15T07:00,7,4,75,23463.0
2024-03-15T08:00,8,4,75,22502.0
2024-03-15T09:00,9,4,75,21507.0
2024-03-15T10:00,10,4,75,20743.0
2024-03-15T11:00,11,4,75,20291.0
2024-03-15T12:00,12,4,75,20286.0
2024-03-15T13:00,13,4,75,20407.0
2024-03-15T14:00,14,4,75,21438.0
2024-03-15T15:00,15,4,75,23417.0
2024-03-15T16:00,16,4,75,24641.0
2024-03-15T17:00,17,4,75,24137.0
2024-03-15T18:00,18,4,75,22199.0
2024-03-15T19:00,19,4,75,19749.0
2024-03-15T20:00,20,4,75,19196.0
2024-03-15T21:00,21,4,75,19207.0
2024-03-15T22:00,22,4,75,19783.0
2024-03-15T23:00,23,4,75,19560.0
2024-03-16T00:00,0,5,76,19142.0
2024-03-16T01:00,1,5,76,19770.0
2024-03-16T02:00,2,5,76,21597.0
2024-03-16T03:00,3,5,76,23259.0
2024-03-16T04:00,4,5,76,24796.0
2024-03-16T05:00,5,5,76,24552.0
2024-03-16T06:00,6,5,76,24054.0
2024-03-16T07:00,7,5,76,22949.0
2024-03-16T08:00,8,5,76,21871.0
2024-03-16T09:00,9,5,76,21014.0
2024-03-16T10:00,10,5,76,20150.0
2024-03-16T11:00,11,5,76,19492.0
2024-03-16T12:00,12,5,76,19420.0
2024-03-16T13:00,13,5,76,19216.0
2024-03-16T14:00,14,5,76,19761.0
2024-03-16T15:00,15,5,76,20764.0
2024-03-16T16:00,16,5,76,21433.0
2024-03-16T17:00,17,5,76,21161.0
2024-03-16T18:00,18,5,76,20103.0
2024-03-16T19:00,19,5,76,18627.0
2024-03-16T20:00,20,5,76,17735.0
2024-03-16T21:00,21,5,76,16619.0
2024-03-16T22:00,22,5,76,16545.0
2024-03-16T23:00,23,5,76,16523.0
2024-03-17T00:00,0,6,77,16734.0
2024-03-17T01:00,1,6,77,17427.0
2024-03-17T02:00,2,6,77,19263.0
2024-03-17T03:00,3,6,77,21459.0
2024-03-17T04:00,4,6,77,23060.0
2024-03-17T05:00,5,6,77,23072.0
2024-03-17T06:00,6,6,77,22734.0
2024-03-17T07:00,7,6,77,21862.0
2024-03-17T08:00,8,6,77,20751.0
2024-03-17T09:00,9,6,77,20396.0
2024-03-17T10:00,10,6,77,19474.0
2024-03-17T11:00,11,6,77,18925.0
2024-03-17T12:00,12,6,77,18587.0
2024-03-17T13:00,13,6,77,18542.0
2024-03-17T14:00,14,6,77,18829.0
2024-03-17T15:00,15,6,77,19699.0
2024-03-17T16:00,16,6,77,20134.0
2024-03-17T17:00,17,6,77,19746.0
2024-03-17T18:00,18,6,77,18091.0
2024-03-17T19:00,19,6,77,17916.0
2024-03-17T20:00,20,6,77,17531.0
2024-03-17T21:00,21,6,77,17224.0
2024-03-17T22:00,22,6,77,17215.0
2024-03-17T23:00,23,6,77,16333.0
2024-03-18T00:00,0,0,78,15424.0
2024-03-18T01:00,1,0,78,16926.0
2024-03-18T02:00,2,0,78,18632.0
2024-03-18T03:00,3,0,78,21298.0
2024-03-18T04:00,4,0,78,23346.0
2024-03-18T05:00,5,0,78,23380.0
2024-03-18T06:00,6,0,78,22581.0
2024-03-18T07:00,7,0,78,21503.0
2024-03-18T08:00,8,0,78,20481.0
2024-03-18T09:00,9,0,78,20094.0
2024-03-18T10:00,10,0,78,19738.0
2024-03-18T11:00,11,0,78,19235.0
2024-03-18T12:00,12,0,78,18975.0
2024-03-18T13:00,13,0,78,19459.0
2024-03-18T14:00,14,0,78,20811.0
2024-03-18T15:00,15,0,78,22871.0
2024-03-18T16:00,16,0,78,24374.0
2024-03-18T17:00,17,0,78,24289.0
2024-03-18T18:00,18,0,78,22692.0
2024-03-18T19:00,19,0,78,22123.0
2024-03-18T20:00,20,0,78,21052.0
2024-03-18T21:00,21,0,78,20295.0
2024-03-18T22:00,22,0,78,20081.0
2024-03-18T23:00,23,0,78,20476.0
2024-03-19T00:00,0,1,79,21121.0
2024-03-19T01:00,1,1,79,21841.0
2024-03-19T02:00,2,1,79,22932.0
2024-03-19T03:00,3,1,79,24003.0
2024-03-19T04:00,4,1,79,25451.0
2024-03-19T05:00,5,1,79,25344.0
2024-03-19T06:00,6,1,79,24636.0
2024-03-19T07:00,7,1,79,23023.0
2024-03-19T08:00,8,1,79,21649.0
2024-03-19T09:00,9,1,79,21328.0
2024-03-19T10:00,10,1,79,20619.0
2024-03-19T11:00,11,1,79,20597.0
2024-03-19T12:00,12,1,79,20219.0
2024-03-19T13:00,13,1,79,20020.0
2024-03-19T14:00,14,1,79,20854.0
2024-03-19T15:00,15,1,79,22676.0
2024-03-19T16:00,16,1,79,23813.0
2024-03-19T17:00,17,1,79,23682.0
2024-03-19T18:00,18,1,79,22523.0
2024-03-19T19:00,19,1,79,21173.0
2024-03-19T20:00,20,1,79,20444.0
2024-03-19T21:00,21,1,79,19707.0
2024-03-19T22:00,22,1,79,19069.0
2024-03-19T23:00,23,1,79,18234.0
2024-03-20T00:00,0,2,80,17987.0
2024-03-20T01:00,1,2,80,19463.0
2024-03-20T02:00,2,2,80,21580.0
2024-03-20T03:00,3,2,80,23980.0
2024-03-20T04:00,4,2,80,25597.0
2024-03-20T05:00,5,2,80,25368.0
2024-03-20T06:00,6,2,80,24507.0
2024-03-20T07:00,7,2,80,22847.0
2024-03-20T08:00,8,2,80,21487.0
2024-03-20T09:00,9,2,80,20945.0
2024-03-20T10:00,10,2,80,20475.0
2024-03-20T11:00,11,2,80,19838.0
2024-03-20T12:00,12,2,80,19491.0
2024-03-20T13:00,13,2,80,19731.0
2024-03-20T14:00,14,2,80,20841.0
2024-03-20T15:00,15,2,80,22623.0
2024-03-20T16:00,16,2,80,24019.0
2024-03-20T17:00,17,2,80,24012.0
2024-03-20T18:00,18,2,80,22529.0
2024-03-20T19:00,19,2,80,21871.0
2024-03-20T20:00,20,2,80,20628.0
2024-03-20T21:00,21,2,80,19877.0
2024-03-20T22:00,22,2,80,19405.0
2024-03-20T23:00,23,2,80,18443.0
2024-03-21T00:00,0,3,81,18458.0
2024-03-21T01:00,1,3,81,19526.0
2024-03-21T02:00,2,3,81,21849.0
2024-03-21T03:00,3,3,81,23990.0
2024-03-21T04:00,4,3,81,25440.0
2024-03-21T05:00,5,3,81,25245.0
2024-03-21T06:00,6,3,81,24557.0
2024-03-21T07:00,7,3,81,23012.0
2024-03-21T08:00,8,3,81,21875.0
2024-03-21T09:00,9,3,81,20999.0
2024-03-21T10:00,10,3,81,20234.0
2024-03-21T11:00,11,3,81,19700.0
2024-03-21T12:00,12,3,81,19531.0
2024-03-21T13:00,13,3,81,19695.0
2024-03-21T14:00,14,3,81,20758.0
2024-03-21T15:00,15,3,81,22727.0
2024-03-21T16:00,16,3,81,23783.0
2024-03-21T17:00,17,3,81,23582.0
2024-03-21T18:00,18,3,81,22566.0
2024-03-21T19:00,19,3,81,21291.0
2024-03-21T20:00,20,3,81,19625.0
2024-03-21T21:00,21,3,81,18830.0
2024-03-21T22:00,22,3,81,18360.0
2024-03-21T23:00,23,3,81,18481.0
2024-03-22T00:00,0,4,82,19122.0
2024-03-22T01:00,1,4,82,20242.0
2024-03-22T02:00,2,4,82,22212.0
2024-03-22T03:00,3,4,82,23776.0
2024-03-22T04:00,4,4,82,25411.0
2024-03-22T05:00,5,4,82,25481.0
2024-03-22T06:00,6,4,82,24735.0
2024-03-22T07:00,7,4,82,23133.0
2024-03-22T08:00,8,4,82,21762.0
2024-03-22T09:00,9,4,82,20948.0
2024-03-22T10:00,10,4,82,20406.0
2024-03-22T11:00,11,4,82,19922.0
2024-03-22T12:00,12,4,82,19688.0
2024-03-22T13:00,13,4,82,19599.0
2024-03-22T14:00,14,4,82,20787.0
2024-03-22T15:00,15,4,82,22909.0
2024-03-22T16:00,16,4,82,23990.0
2024-03-22T17:00,17,4,82,23477.0
2024-03-22T18:00,18,4,82,22135.0
2024-03-22T19:00,19,4,82,21584.0
2024-03-22T20:00,20,4,82,20735.0
2024-03-22T21:00,21,4,82,20603.0
2024-03-22T22:00,22,4,82,21171.0
2024-03-22T23:00,23,4,82,21691.0
2024-03-23T00:00,0,5,83,21612.0
2024-03-23T01:00,1,5,83,21532.0
2024-03-23T02:00,2,5,83,22597.0
2024-03-23T03:00,3,5,83,23685.0
2024-03-23T04:00,4,5,83,24838.0
2024-03-23T05:00,5,5,83,24639.0
2024-03-23T06:00,6,5,83,23953.0
2024-03-23T07:00,7,5,83,22791.0
2024-03-23T08:00,8,5,83,21618.0
2024-03-23T09:00,9,5,83,20958.0
2024-03-23T10:00,10,5,83,20230.0
2024-03-23T11:00,11,5,83,19685.0
2024-03-23T12:00,12,5,83,19359.0
2024-03-23T13:00,13,5,83,19155.0
2024-03-23T14:00,14,5,83,19504.0
2024-03-23T15:00,15,5,83,20368.0
2024-03-23T16:00,16,5,83,20708.0
2024-03-23T17:00,17,5,83,20801.0
2024-03-23T18:00,18,5,83,20634.0
2024-03-23T19:00,19,5,83,20474.0
2024-03-23T20:00,20,5,83,20598.0
2024-03-23T21:00,21,5,83,20378.0
2024-03-23T22:00,22,5,83,20163.0
2024-03-23T23:00,23,5,83,19238.0
2024-03-24T00:00,0,6,84,19485.0
2024-03-24T01:00,1,6,84,19158.0
2024-03-24T02:00,2,6,84,20573.0
2024-03-24T03:00,3,6,84,21570.0
2024-03-24T04:00,4,6,84,23307.0
2024-03-24T05:00,5,6,84,23377.0
2024-03-24T06:00,6,6,84,22982.0
2024-03-24T07:00,7,6,84,22035.0
2024-03-24T08:00,8,6,84,21207.0
2024-03-24T09:00,9,6,84,20654.0
2024-03-24T10:00,10,6,84,20255.0
2024-03-24T11:00,11,6,84,19450.0
2024-03-24T12:00,12,6,84,19335.0
2024-03-24T13:00,13,6,84,19226.0
2024-03-24T14:00,14,6,84,19253.0
2024-03-24T15:00,15,6,84,19748.0
2024-03-24T16:00,16,6,84,20013.0
2024-03-24T17:00,17,6,84,20098.0
2024-03-24T18:00,18,6,84,19258.0
2024-03-24T19:00,19,6,84,18803.0
2024-03-24T20:00,20,6,84,17912.0
2024-03-24T21:00,21,6,84,16613.0
2024-03-24T22:00,22,6,84,16997.0
2024-03-24T23:00,23,6,84,16980.0
2024-03-25T00:00,0,0,85,17262.0
2024-03-25T01:00,1,0,85,18548.0
2024-03-25T02:00,2,0,85,20041.0
2024-03-25T03:00,3,0,85,21595.0
2024-03-25T04:00,4,0,85,23515.0
2024-03-25T05:00,5,0,85,23659.0
2024-03-25T06:00,6,0,85,23252.0
2024-03-25T07:00,7,0,85,22081.0
2024-03-25T08:00,8,0,85,21018.0
2024-03-25T09:00,9,0,85,20241.0
2024-03-25T10:00,10,0,85,19824.0
2024-03-25T11:00,11,0,85,19759.0
2024-03-25T12:00,12,0,85,19664.0
2024-03-25T13:00,13,0,85,19940.0
2024-03-25T14:00,14,0,85,21138.0
2024-03-25T15:00,15,0,85,23236.0
2024-03-25T16:00,16,0,85,24472.0
2024-03-25T17:00,17,0,85,24283.0
2024-03-25T18:00,18,0,85,22720.0
2024-03-25T19:00,19,0,85,21821.0
2024-03-25T20:00,20,0,85,20589.0
2024-03-25T21:00,21,0,85,20064.0
2024-03-25T22:00,22,0,85,19425.0
2024-03-25T23:00,23,0,85,18762.0
2024-03-26T00:00,0,1,86,19315.0
2024-03-26T01:00,1,1,86,20126.0
2024-03-26T02:00,2,1,86,21731.0
2024-03-26T03:00,3,1,86,23259.0
2024-03-26T04:00,4,1,86,25007.0
2024-03-26T05:00,5,1,86,24981.0
2024-03-26T06:00,6,1,86,24286.0
2024-03-26T07:00,7,1,86,22996.0
2024-03-26T08:00,8,1,86,21604.0
2024-03-26T09:00,9,1,86,21039.0
2024-03-26T10:00,10,1,86,20323.0
2024-03-26T11:00,11,1,86,20244.0
2024-03-26T12:00,12,1,86,20056.0
2024-03-26T13:00,13,1,86,20079.0
2024-03-26T14:00,14,1,86,21167.0
2024-03-26T15:00,15,1,86,23155.0
2024-03-26T16:00,16,1,86,24453.0
2024-03-26T17:00,17,1,86,23834.0
2024-03-26T18:00,18,1,86,22689.0
2024-03-26T19:00,19,1,86,22182.0
2024-03-26T20:00,20,1,86,21180.0
2024-03-26T21:00,21,1,86,20106.0
2024-03-26T22:00,22,1,86,19849.0
2024-03-26T23:00,23,1,86,19172.0
2024-03-27T00:00,0,2,87,18283.0
2024-03-27T01:00,1,2,87,18533.0
2024-03-27T02:00,2,2,87,20286.0
2024-03-27T03:00,3,2,87,22680.0
2024-03-27T04:00,4,2,87,24796.0
2024-03-27T05:00,5,2,87,25056.0
2024-03-27T06:00,6,2,87,24299.0
2024-03-27T07:00,7,2,87,23015.0
2024-03-27T08:00,8,2,87,21639.0
2024-03-27T09:00,9,2,87,20889.0
2024-03-27T10:00,10,2,87,20553.0
2024-03-27T11:00,11,2,87,20129.0
2024-03-27T12:00,12,2,87,20101.0
2024-03-27T13:00,13,2,87,20498.0
2024-03-27T14:00,14,2,87,21840.0
2024-03-27T15:00,15,2,87,23600.0
2024-03-27T16:00,16,2,87,24604.0
2024-03-27T17:00,17,2,87,24842.0
2024-03-27T18:00,18,2,87,23525.0
2024-03-27T19:00,19,2,87,22922.0
2024-03-27T20:00,20,2,87,22518.0
2024-03-27T21:00,21,2,87,22139.0
2024-03-27T22:00,22,2,87,21989.0
2024-03-27T23:00,23,2,87,21171.0
2024-03-28T00:00,0,3,88,21206.0
2024-03-28T01:00,1,3,88,21714.0
2024-03-28T02:00,2,3,88,23028.0
2024-03-28T03:00,3,3,88,24091.0
2024-03-28T04:00,4,3,88,25491.0
2024-03-28T05:00,5,3,88,25420.0
2024-03-28T06:00,6,3,88,24545.0
2024-03-28T07:00,7,3,88,23295.0
2024-03-28T08:00,8,3,88,22199.0
2024-03-28T09:00,9,3,88,21520.0
2024-03-28T10:00,10,3,88,20690.0
2024-03-28T11:00,11,3,88,20101.0
2024-03-28T12:00,12,3,88,19704.0
2024-03-28T13:00,13,3,88,20141.0
2024-03-28T14:00,14,3,88,21380.0
2024-03-28T15:00,15,3,88,23225.0
2024-03-28T16:00,16,3,88,24412.0
2024-03-28T17:00,17,3,88,24671.0
2024-03-28T18:00,18,3,88,23728.0
2024-03-28T19:00,19,3,88,22788.0
2024-03-28T20:00,20,3,88,21950.0
2024-03-28T21:00,21,3,88,20885.0
2024-03-28T22:00,22,3,88,19990.0
2024-03-28T23:00,23,3,88,19962.0
2024-03-29T00:00,0,4,89,19562.0
2024-03-29T01:00,1,4,89,20176.0
2024-03-29T02:00,2,4,89,21457.0
2024-03-29T03:00,3,4,89,23233.0
2024-03-29T04:00,4,4,89,24946.0
2024-03-29T05:00,5,4,89,24830.0
2024-03-29T06:00,6,4,89,24172.0
2024-03-29T07:00,7,4,89,22916.0
2024-03-29T08:00,8,4,89,22015.0
2024-03-29T09:00,9,4,89,21019.0
2024-03-29T10:00,10,4,89,20431.0
2024-03-29T11:00,11,4,89,19796.0
2024-03-29T12:00,12,4,89,19648.0
2024-03-29T13:00,13,4,89,19965.0
2024-03-29T14:00,14,4,89,20860.0
2024-03-29T15:00,15,4,89,22542.0
2024-03-29T16:00,16,4,89,23883.0
2024-03-29T17:00,17,4,89,24919.0
2024-03-29T18:00,18,4,89,24452.0
2024-03-29T19:00,19,4,89,23274.0
2024-03-29T20:00,20,4,89,22519.0
2024-03-29T21:00,21,4,89,22214.0
2024-03-29T22:00,22,4,89,22043.0
2024-03-29T23:00,23,4,89,21332.0
2024-03-30T00:00,0,5,90,20842.0
2024-03-30T01:00,1,5,90,21111.0
2024-03-30T02:00,2,5,90,22054.0
2024-03-30T03:00,3,5,90,23639.0
2024-03-30T04:00,4,5,90,24980.0
2024-03-30T05:00,5,5,90,24991.0
2024-03-30T06:00,6,5,90,24314.0
2024-03-30T07:00,7,5,90,23136.0
2024-03-30T08:00,8,5,90,22156.0
2024-03-30T09:00,9,5,90,21239.0
2024-03-30T10:00,10,5,90,20523.0
2024-03-30T11:00,11,5,90,19850.0
2024-03-30T12:00,12,5,90,19792.0
2024-03-30T13:00,13,5,90,19591.0
2024-03-30T14:00,14,5,90,19858.0
2024-03-30T15:00,15,5,90,20522.0
2024-03-30T16:00,16,5,90,21179.0
2024-03-30T17:00,17,5,90,22129.0
2024-03-30T18:00,18,5,90,22031.0
2024-03-30T19:00,19,5,90,21755.0
2024-03-30T20:00,20,5,90,21515.0
2024-03-30T21:00,21,5,90,21227.0
2024-03-30T22:00,22,5,90,20630.0
2024-03-30T23:00,23,5,90,19558.0
2024-03-31T00:00,0,6,91,19492.0
2024-03-31T01:00,1,6,91,19350.0
2024-03-31T02:00,2,6,91,21216.0
2024-03-31T03:00,3,6,91,22729.0
2024-03-31T04:00,4,6,91,23814.0
2024-03-31T05:00,5,6,91,24063.0
2024-03-31T06:00,6,6,91,23676.0
2024-03-31T07:00,7,6,91,22743.0
2024-03-31T08:00,8,6,91,21637.0
2024-03-31T09:00,9,6,91,20978.0
2024-03-31T10:00,10,6,91,20382.0
2024-03-31T11:00,11,6,91,19874.0
2024-03-31T12:00,12,6,91,19464.0
2024-03-31T13:00,13,6,91,19368.0
2024-03-31T14:00,14,6,91,19484.0
2024-03-31T15:00,15,6,91,19965.0
2024-03-31T16:00,16,6,91,20300.0
2024-03-31T17:00,17,6,91,20949.0
2024-03-31T18:00,18,6,91,20334.0
2024-03-31T19:00,19,6,91,19276.0
2024-03-31T20:00,20,6,91,18380.0
2024-03-31T21:00,21,6,91,18256.0
2024-03-31T22:00,22,6,91,17639.0
2024-03-31T23:00,23,6,91,17641.0
2024-04-01T00:00,0,0,92,17971.0
2024-04-01T01:00,1,0,92,17716.0
2024-04-01T02:00,2,0,92,18816.0
2024-04-01T03:00,3,0,92,20554.0
2024-04-01T04:00,4,0,92,22641.0
2024-04-01T05:00,5,0,92,23131.0
2024-04-01T06:00,6,0,92,22697.0
2024-04-01T07:00,7,0,92,21592.0
2024-04-01T08:00,8,0,92,20331.0
2024-04-01T09:00,9,0,92,19914.0
2024-04-01T10:00,10,0,92,19389.0
2024-04-01T11:00,11,0,92,19310.0
2024-04-01T12:00,12,0,92,19343.0
2024-04-01T13:00,13,0,92,19727.0
2024-04-01T14:00,14,0,92,20898.0
2024-04-01T15:00,15,0,92,22817.0
2024-04-01T16:00,16,0,92,23849.0
2024-04-01T17:00,17,0,92,23002.0
2024-04-01T18:00,18,0,92,21046.0
2024-04-01T19:00,19,0,92,19333.0
2024-04-01T20:00,20,0,92,19102.0
2024-04-01T21:00,21,0,92,18443.0
2024-04-01T22:00,22,0,92,18659.0
2024-04-01T23:00,23,0,92,18391.0
2024-04-02T00:00,0,1,93,18590.0
2024-04-02T01:00,1,1,93,18629.0
2024-04-02T02:00,2,1,93,20507.0
2024-04-02T03:00,3,1,93,22862.0
2024-04-02T04:00,4,1,93,24627.0
2024-04-02T05:00,5,1,93,24500.0
2024-04-02T06:00,6,1,93,23643.0
2024-04-02T07:00,7,1,93,22204.0
2024-04-02T08:00,8,1,93,20955.0
2024-04-02T09:00,9,1,93,20702.0
2024-04-02T10:00,10,1,93,20404.0
2024-04-02T11:00,11,1,93,19834.0
2024-04-02T12:00,12,1,93,19633.0
2024-04-02T13:00,13,1,93,20081.0
2024-04-02T14:00,14,1,93,21330.0
2024-04-02T15:00,15,1,93,23094.0
2024-04-02T16:00,16,1,93,23634.0
2024-04-02T17:00,17,1,93,23160.0
2024-04-02T18:00,18,1,93,22435.0
2024-04-02T19:00,19,1,93,20786.0
2024-04-02T20:00,20,1,93,20360.0
2024-04-02T21:00,21,1,93,20295.0
2024-04-02T22:00,22,1,93,20060.0
2024-04-02T23:00,23,1,93,19252.0
2024-04-03T00:00,0,2,94,18077.0
2024-04-03T01:00,1,2,94,18880.0
2024-04-03T02:00,2,2,94,21090.0
2024-04-03T03:00,3,2,94,23369.0
2024-04-03T04:00,4,2,94,24996.0
2024-04-03T05:00,5,2,94,25155.0
2024-04-03T06:00,6,2,94,23741.0
2024-04-03T07:00,7,2,94,22570.0
2024-04-03T08:00,8,2,94,21771.0
2024-04-03T09:00,9,2,94,20968.0
2024-04-03T10:00,10,2,94,20528.0
2024-04-03T11:00,11,2,94,19996.0
2024-04-03T12:00,12,2,94,19988.0
2024-04-03T13:00,13,2,94,19797.0
2024-04-03T14:00,14,2,94,20821.0
2024-04-03T15:00,15,2,94,22733.0
2024-04-03T16:00,16,2,94,23733.0
2024-04-03T17:00,17,2,94,23605.0
2024-04-03T18:00,18,2,94,22464.0
2024-04-03T19:00,19,2,94,21666.0
2024-04-03T20:00,20,2,94,21328.0
2024-04-03T21:00,21,2,94,20798.0
2024-04-03T22:00,22,2,94,20303.0
2024-04-03T23:00,23,2,94,19769.0
2024-04-04T00:00,0,3,95,19964.0
2024-04-04T01:00,1,3,95,20547.0
2024-04-04T02:00,2,3,95,22425.0
2024-04-04T03:00,3,3,95,24227.0
2024-04-04T04:00,4,3,95,25734.0
2024-04-04T05:00,5,3,95,25539.0
2024-04-04T06:00,6,3,95,24697.0
2024-04-04T07:00,7,3,95,23285.0
2024-04-04T08:00,8,3,95,21912.0
2024-04-04T09:00,9,3,95,21196.0
2024-04-04T10:00,10,3,95,20604.0
2024-04-04T11:00,11,3,95,20058.0
2024-04-04T12:00,12,3,95,19855.0
2024-04-04T13:00,13,3,95,20228.0
2024-04-04T14:00,14,3,95,21136.0
2024-04-04T15:00,15,3,95,23091.0
2024-04-04T16:00,16,3,95,24537.0
2024-04-04T17:00,17,3,95,25673.0
2024-04-04T18:00,18,3,95,25583.0
2024-04-04T19:00,19,3,95,26097.0
2024-04-04T20:00,20,3,95,25470.0
2024-04-04T21:00,21,3,95,24787.0
2024-04-04T22:00,22,3,95,23819.0
2024-04-04T23:00,23,3,95,23171.0
2024-04-05T00:00,0,4,96,22478.0
2024-04-05T01:00,1,4,96,22897.0
2024-04-05T02:00,2,4,96,23765.0
2024-04-05T03:00,3,4,96,24429.0
2024-04-05T04:00,4,4,96,26040.0
2024-04-05T05:00,5,4,96,25952.0
2024-04-05T06:00,6,4,96,25436.0
2024-04-05T07:00,7,4,96,24097.0
2024-04-05T08:00,8,4,96,22856.0
2024-04-05T09:00,9,4,96,22326.0
2024-04-05T10:00,10,4,96,21472.0
2024-04-05T11:00,11,4,96,21164.0
2024-04-05T12:00,12,4,96,21072.0
2024-04-05T13:00,13,4,96,21252.0
2024-04-05T14:00,14,4,96,22382.0
2024-04-05T15:00,15,4,96,24097.0
2024-04-05T16:00,16,4,96,25147.0
2024-04-05T17:00,17,4,96,25967.0
2024-04-05T18:00,18,4,96,24679.0
2024-04-05T19:00,19,4,96,24276.0
2024-04-05T20:00,20,4,96,23612.0
2024-04-05T21:00,21,4,96,23652.0
2024-04-05T22:00,22,4,96,23420.0
2024-04-05T23:00,23,4,96,21794.0
2024-04-06T00:00,0,5,97,20204.0
2024-04-06T01:00,1,5,97,20477.0
2024-04-06T02:00,2,5,97,21415.0
2024-04-06T03:00,3,5,97,23093.0
2024-04-06T04:00,4,5,97,25047.0
2024-04-06T05:00,5,5,97,25476.0
2024-04-06T06:00,6,5,97,25148.0
2024-04-06T07:00,7,5,97,24063.0
2024-04-06T08:00,8,5,97,23159.0
2024-04-06T09:00,9,5,97,22302.0
2024-04-06T10:00,10,5,97,21522.0
2024-04-06T11:00,11,5,97,21142.0
2024-04-06T12:00,12,5,97,21061.0
2024-04-06T13:00,13,5,97,21148.0
2024-04-06T14:00,14,5,97,21655.0
2024-04-06T15:00,15,5,97,22449.0
2024-04-06T16:00,16,5,97,22393.0
2024-04-06T17:00,17,5,97,21769.0
2024-04-06T18:00,18,5,97,19759.0
2024-04-06T19:00,19,5,97,18547.0
2024-04-06T20:00,20,5,97,17973.0
2024-04-06T21:00,21,5,97,17891.0
2024-04-06T22:00,22,5,97,17802.0
2024-04-06T23:00,23,5,97,17090.0
2024-04-07T00:00,0,6,98,16445.0
2024-04-07T01:00,1,6,98,16718.0
2024-04-07T02:00,2,6,98,18336.0
2024-04-07T03:00,3,6,98,20127.0
2024-04-07T04:00,4,6,98,22413.0
2024-04-07T05:00,5,6,98,23015.0
2024-04-07T06:00,6,6,98,22869.0
2024-04-07T07:00,7,6,98,22231.0
2024-04-07T08:00,8,6,98,21084.0
2024-04-07T09:00,9,6,98,20626.0
2024-04-07T10:00,10,6,98,19902.0
2024-04-07T11:00,11,6,98,19546.0
2024-04-07T12:00,12,6,98,19447.0
2024-04-07T13:00,13,6,98,19262.0
2024-04-07T14:00,14,6,98,19573.0
2024-04-07T15:00,15,6,98,20060.0
2024-04-07T16:00,16,6,98,20054.0
2024-04-07T17:00,17,6,98,20046.0
2024-04-07T18:00,18,6,98,19037.0
2024-04-07T19:00,19,6,98,18326.0
2024-04-07T20:00,20,6,98,17559.0
2024-04-07T21:00,21,6,98,16988.0
2024-04-07T22:00,22,6,98,16971.0
2024-04-07T23:00,23,6,98,16627.0
2024-04-08T00:00,0,0,99,15764.0
2024-04-08T01:00,1,0,99,16513.0
2024-04-08T02:00,2,0,99,18396.0
2024-04-08T03:00,3,0,99,20217.0
2024-04-08T04:00,4,0,99,22505.0
2024-04-08T05:00,5,0,99,23154.0
2024-04-08T06:00,6,0,99,22712.0
2024-04-08T07:00,7,0,99,21630.0
2024-04-08T08:00,8,0,99,20414.0
2024-04-08T09:00,9,0,99,19818.0
2024-04-08T10:00,10,0,99,19281.0
2024-04-08T11:00,11,0,99,18904.0
2024-04-08T12:00,12,0,99,19236.0
2024-04-08T13:00,13,0,99,20422.0
2024-04-08T14:00,14,0,99,22899.0
2024-04-08T15:00,15,0,99,25269.0
2024-04-08T16:00,16,0,99,25719.0
2024-04-08T17:00,17,0,99,24259.0
2024-04-08T18:00,18,0,99,21724.0
2024-04-08T19:00,19,0,99,20982.0
2024-04-08T20:00,20,0,99,20613.0
2024-04-08T21:00,21,0,99,18859.0
2024-04-08T22:00,22,0,99,18346.0
2024-04-08T23:00,23,0,99,18202.0
2024-04-09T00:00,0,1,100,18570.0
2024-04-09T01:00,1,1,100,19376.0
2024-04-09T02:00,2,1,100,20805.0
2024-04-09T03:00,3,1,100,22606.0
2024-04-09T04:00,4,1,100,24311.0
2024-04-09T05:00,5,1,100,24504.0
2024-04-09T06:00,6,1,100,23865.0
2024-04-09T07:00,7,1,100,22458.0
2024-04-09T08:00,8,1,100,21107.0
2024-04-09T09:00,9,1,100,20746.0
2024-04-09T10:00,10,1,100,20378.0
2024-04-09T11:00,11,1,100,20083.0
2024-04-09T12:00,12,1,100,20076.0
2024-04-09T13:00,13,1,100,20354.0
2024-04-09T14:00,14,1,100,21425.0
2024-04-09T15:00,15,1,100,23295.0
2024-04-09T16:00,16,1,100,23749.0
2024-04-09T17:00,17,1,100,23062.0
2024-04-09T18:00,18,1,100,21234.0
2024-04-09T19:00,19,1,100,20836.0
2024-04-09T20:00,20,1,100,19967.0
2024-04-09T21:00,21,1,100,19821.0
2024-04-09T22:00,22,1,100,19559.0
2024-04-09T23:00,23,1,100,19346.0
2024-04-10T00:00,0,2,101,19059.0
2024-04-10T01:00,1,2,101,20088.0
2024-04-10T02:00,2,2,101,22185.0
2024-04-10T03:00,3,2,101,23507.0
2024-04-10T04:00,4,2,101,24814.0
2024-04-10T05:00,5,2,101,25052.0
2024-04-10T06:00,6,2,101,24099.0
2024-04-10T07:00,7,2,101,22607.0
2024-04-10T08:00,8,2,101,21188.0
2024-04-10T09:00,9,2,101,20457.0
2024-04-10T10:00,10,2,101,19869.0
2024-04-10T11:00,11,2,101,19585.0
2024-04-10T12:00,12,2,101,19525.0
2024-04-10T13:00,13,2,101,19718.0
2024-04-10T14:00,14,2,101,20749.0
2024-04-10T15:00,15,2,101,22385.0
2024-04-10T16:00,16,2,101,22954.0
2024-04-10T17:00,17,2,101,22834.0
2024-04-10T18:00,18,2,101,21867.0
2024-04-10T19:00,19,2,101,20881.0
2024-04-10T20:00,20,2,101,20310.0
2024-04-10T21:00,21,2,101,20111.0
2024-04-10T22:00,22,2,101,20052.0
2024-04-10T23:00,23,2,101,20331.0
2024-04-11T00:00,0,3,102,21026.0
2024-04-11T01:00,1,3,102,22041.0
2024-04-11T02:00,2,3,102,23633.0
2024-04-11T03:00,3,3,102,24818.0
2024-04-11T04:00,4,3,102,25691.0
2024-04-11T05:00,5,3,102,25793.0
2024-04-11T06:00,6,3,102,25122.0
2024-04-11T07:00,7,3,102,23425.0
2024-04-11T08:00,8,3,102,21931.0
2024-04-11T09:00,9,3,102,20946.0
2024-04-11T10:00,10,3,102,20223.0
2024-04-11T11:00,11,3,102,19758.0
2024-04-11T12:00,12,3,102,19377.0
2024-04-11T13:00,13,3,102,19423.0
2024-04-11T14:00,14,3,102,20611.0
2024-04-11T15:00,15,3,102,22242.0
2024-04-11T16:00,16,3,102,23415.0
2024-04-11T17:00,17,3,102,23067.0
2024-04-11T18:00,18,3,102,21869.0
2024-04-11T19:00,19,3,102,21215.0
2024-04-11T20:00,20,3,102,20473.0
2024-04-11T21:00,21,3,102,20347.0
2024-04-11T22:00,22,3,102,20596.0
2024-04-11T23:00,23,3,102,21013.0
2024-04-12T00:00,0,4,103,21738.0
2024-04-12T01:00,1,4,103,23133.0
2024-04-12T02:00,2,4,103,24601.0
2024-04-12T03:00,3,4,103,25405.0
2024-04-12T04:00,4,4,103,26562.0
2024-04-12T05:00,5,4,103,26395.0
2024-04-12T06:00,6,4,103,25328.0
2024-04-12T07:00,7,4,103,23734.0
2024-04-12T08:00,8,4,103,22494.0
2024-04-12T09:00,9,4,103,21445.0
2024-04-12T10:00,10,4,103,20595.0
2024-04-12T11:00,11,4,103,20316.0
2024-04-12T12:00,12,4,103,20181.0
2024-04-12T13:00,13,4,103,20094.0
2024-04-12T14:00,14,4,103,21016.0
2024-04-12T15:00,15,4,103,22653.0
2024-04-12T16:00,16,4,103,23504.0
2024-04-12T17:00,17,4,103,23403.0
2024-04-12T18:00,18,4,103,22724.0
2024-04-12T19:00,19,4,103,22493.0
2024-04-12T20:00,20,4,103,22262.0
2024-04-12T21:00,21,4,103,22564.0
2024-04-12T22:00,22,4,103,22267.0
2024-04-12T23:00,23,4,103,22440.0
2024-04-13T00:00,0,5,104,21750.0
2024-04-13T01:00,1,5,104,21027.0
2024-04-13T02:00,2,5,104,21889.0
2024-04-13T03:00,3,5,104,22865.0
2024-04-13T04:00,4,5,104,24320.0
2024-04-13T05:00,5,5,104,24659.0
2024-04-13T06:00,6,5,104,24231.0
2024-04-13T07:00,7,5,104,22859.0
2024-04-13T08:00,8,5,104,21538.0
2024-04-13T09:00,9,5,104,20834.0
2024-04-13T10:00,10,5,104,19800.0
2024-04-13T11:00,11,5,104,19590.0
2024-04-13T12:00,12,5,104,19294.0
2024-04-13T13:00,13,5,104,19209.0
2024-04-13T14:00,14,5,104,19447.0
2024-04-13T15:00,15,5,104,20162.0
2024-04-13T16:00,16,5,104,20659.0
2024-04-13T17:00,17,5,104,22029.0
2024-04-13T18:00,18,5,104,22246.0
2024-04-13T19:00,19,5,104,22175.0
2024-04-13T20:00,20,5,104,22302.0
2024-04-13T21:00,21,5,104,21958.0
2024-04-13T22:00,22,5,104,22248.0
2024-04-13T23:00,23,5,104,21831.0
2024-04-14T00:00,0,6,105,21379.0
2024-04-14T01:00,1,6,105,21387.0
2024-04-14T02:00,2,6,105,21537.0
2024-04-14T03:00,3,6,105,22691.0
2024-04-14T04:00,4,6,105,23362.0
2024-04-14T05:00,5,6,105,23632.0
2024-04-14T06:00,6,6,105,23432.0
2024-04-14T07:00,7,6,105,22471.0
2024-04-14T08:00,8,6,105,21118.0
2024-04-14T09:00,9,6,105,20671.0
2024-04-14T10:00,10,6,105,20168.0
2024-04-14T11:00,11,6,105,19659.0
2024-04-14T12:00,12,6,105,19330.0
2024-04-14T13:00,13,6,105,19244.0
2024-04-14T14:00,14,6,105,19669.0
2024-04-14T15:00,15,6,105,19999.0
2024-04-14T16:00,16,6,105,20349.0
2024-04-14T17:00,17,6,105,20217.0
2024-04-14T18:00,18,6,105,19978.0
2024-04-14T19:00,19,6,105,19957.0
2024-04-14T20:00,20,6,105,20392.0
2024-04-14T21:00,21,6,105,19948.0
2024-04-14T22:00,22,6,105,19729.0
2024-04-14T23:00,23,6,105,18996.0
2024-04-15T00:00,0,0,106,18720.0
2024-04-15T01:00,1,0,106,18778.0
2024-04-15T02:00,2,0,106,20071.0
2024-04-15T03:00,3,0,106,21792.0
2024-04-15T04:00,4,0,106,23441.0
2024-04-15T05:00,5,0,106,24094.0
2024-04-15T06:00,6,0,106,23638.0
2024-04-15T07:00,7,0,106,22015.0
2024-04-15T08:00,8,0,106,20843.0
2024-04-15T09:00,9,0,106,20320.0
2024-04-15T10:00,10,0,106,20087.0
2024-04-15T11:00,11,0,106,19614.0
2024-04-15T12:00,12,0,106,19470.0
2024-04-15T13:00,13,0,106,20114.0
2024-04-15T14:00,14,0,106,21388.0
2024-04-15T15:00,15,0,106,23078.0
2024-04-15T16:00,16,0,106,23200.0
2024-04-15T17:00,17,0,106,23217.0
2024-04-15T18:00,18,0,106,22645.0
2024-04-15T19:00,19,0,106,21917.0
2024-04-15T20:00,20,0,106,21785.0
2024-04-15T21:00,21,0,106,21106.0
2024-04-15T22:00,22,0,106,20320.0
2024-04-15T23:00,23,0,106,19610.0
2024-04-16T00:00,0,1,107,18617.0
2024-04-16T01:00,1,1,107,18828.0
2024-04-16T02:00,2,1,107,20408.0
2024-04-16T03:00,3,1,107,22303.0
2024-04-16T04:00,4,1,107,24289.0
2024-04-16T05:00,5,1,107,24779.0
2024-04-16T06:00,6,1,107,24283.0
2024-04-16T07:00,7,1,107,22859.0
2024-04-16T08:00,8,1,107,21601.0
2024-04-16T09:00,9,1,107,21035.0
2024-04-16T10:00,10,1,107,20350.0
2024-04-16T11:00,11,1,107,20132.0
2024-04-16T12:00,12,1,107,19984.0
2024-04-16T13:00,13,1,107,20053.0
2024-04-16T14:00,14,1,107,21107.0
2024-04-16T15:00,15,1,107,22740.0
2024-04-16T16:00,16,1,107,23214.0
2024-04-16T17:00,17,1,107,23200.0
2024-04-16T18:00,18,1,107,22560.0
2024-04-16T19:00,19,1,107,21744.0
2024-04-16T20:00,20,1,107,20925.0
2024-04-16T21:00,21,1,107,20394.0
2024-04-16T22:00,22,1,107,20022.0
2024-04-16T23:00,23,1,107,19144.0
2024-04-17T00:00,0,2,108,19292.0
2024-04-17T01:00,1,2,108,20153.0
2024-04-17T02:00,2,2,108,22078.0
2024-04-17T03:00,3,2,108,23184.0
2024-04-17T04:00,4,2,108,24760.0
2024-04-17T05:00,5,2,108,25119.0
2024-04-17T06:00,6,2,108,24213.0
2024-04-17T07:00,7,2,108,22854.0
2024-04-17T08:00,8,2,108,21460.0
2024-04-17T09:00,9,2,108,20639.0
2024-04-17T10:00,10,2,108,20197.0
2024-04-17T11:00,11,2,108,19930.0
2024-04-17T12:00,12,2,108,19482.0
2024-04-17T13:00,13,2,108,19617.0
2024-04-17T14:00,14,2,108,20758.0
2024-04-17T15:00,15,2,108,22168.0
2024-04-17T16:00,16,2,108,22794.0
2024-04-17T17:00,17,2,108,22493.0
2024-04-17T18:00,18,2,108,21519.0
2024-04-17T19:00,19,2,108,21486.0
2024-04-17T20:00,20,2,108,21264.0
2024-04-17T21:00,21,2,108,21443.0
2024-04-17T22:00,22,2,108,20511.0
2024-04-17T23:00,23,2,108,21540.0
2024-04-18T00:00,0,3,109,21259.0
2024-04-18T01:00,1,3,109,22703.0
2024-04-18T02:00,2,3,109,23596.0
2024-04-18T03:00,3,3,109,24636.0
2024-04-18T04:00,4,3,109,25989.0
2024-04-18T05:00,5,3,109,26240.0
2024-04-18T06:00,6,3,109,25527.0
2024-04-18T07:00,7,3,109,23914.0
2024-04-18T08:00,8,3,109,22276.0
2024-04-18T09:00,9,3,109,21326.0
2024-04-18T10:00,10,3,109,20320.0
2024-04-18T11:00,11,3,109,20032.0
2024-04-18T12:00,12,3,109,19866.0
2024-04-18T13:00,13,3,109,20019.0
2024-04-18T14:00,14,3,109,20844.0
2024-04-18T15:00,15,3,109,22226.0
2024-04-18T16:00,16,3,109,22772.0
2024-04-18T17:00,17,3,109,22541.0
2024-04-18T18:00,18,3,109,22197.0
2024-04-18T19:00,19,3,109,21769.0
2024-04-18T20:00,20,3,109,21899.0
2024-04-18T21:00,21,3,109,21868.0
2024-04-18T22:00,22,3,109,21393.0
2024-04-18T23:00,23,3,109,21347.0
2024-04-19T00:00,0,4,110,21194.0
2024-04-19T01:00,1,4,110,21450.0
2024-04-19T02:00,2,4,110,23333.0
2024-04-19T03:00,3,4,110,24557.0
2024-04-19T04:00,4,4,110,25887.0
2024-04-19T05:00,5,4,110,26221.0
2024-04-19T06:00,6,4,110,25318.0
2024-04-19T07:00,7,4,110,23310.0
2024-04-19T08:00,8,4,110,21764.0
2024-04-19T09:00,9,4,110,20790.0
2024-04-19T10:00,10,4,110,19868.0
2024-04-19T11:00,11,4,110,19671.0
2024-04-19T12:00,12,4,110,19623.0
2024-04-19T13:00,13,4,110,19776.0
2024-04-19T14:00,14,4,110,20728.0
2024-04-19T15:00,15,4,110,21880.0
2024-04-19T16:00,16,4,110,23427.0
2024-04-19T17:00,17,4,110,23688.0
2024-04-19T18:00,18,4,110,22877.0
2024-04-19T19:00,19,4,110,21928.0
2024-04-19T20:00,20,4,110,21478.0
2024-04-19T21:00,21,4,110,20791.0
2024-04-19T22:00,22,4,110,20740.0
2024-04-19T23:00,23,4,110,20694.0
2024-04-20T00:00,0,5,111,20763.0
2024-04-20T01:00,1,5,111,21046.0
2024-04-20T02:00,2,5,111,22005.0
2024-04-20T03:00,3,5,111,23493.0
2024-04-20T04:00,4,5,111,24818.0
2024-04-20T05:00,5,5,111,24573.0
2024-04-20T06:00,6,5,111,23950.0
2024-04-20T07:00,7,5,111,22971.0
2024-04-20T08:00,8,5,111,21588.0
2024-04-20T09:00,9,5,111,20935.0
2024-04-20T10:00,10,5,111,20022.0
2024-04-20T11:00,11,5,111,19363.0
2024-04-20T12:00,12,5,111,19077.0
2024-04-20T13:00,13,5,111,18836.0
2024-04-20T14:00,14,5,111,19174.0
2024-04-20T15:00,15,5,111,19794.0
2024-04-20T16:00,16,5,111,20212.0
2024-04-20T17:00,17,5,111,20972.0
2024-04-20T18:00,18,5,111,20782.0
2024-04-20T19:00,19,5,111,19861.0
2024-04-20T20:00,20,5,111,18686.0
2024-04-20T21:00,21,5,111,17366.0
2024-04-20T22:00,22,5,111,17020.0
2024-04-20T23:00,23,5,111,16720.0
2024-04-21T00:00,0,6,112,17196.0
2024-04-21T01:00,1,6,112,18037.0
2024-04-21T02:00,2,6,112,19410.0
2024-04-21T03:00,3,6,112,21687.0
2024-04-21T04:00,4,6,112,23426.0
2024-04-21T05:00,5,6,112,23774.0
2024-04-21T06:00,6,6,112,23417.0
2024-04-21T07:00,7,6,112,22292.0
2024-04-21T08:00,8,6,112,21260.0
2024-04-21T09:00,9,6,112,20468.0
2024-04-21T10:00,10,6,112,19509.0
2024-04-21T11:00,11,6,112,18931.0
2024-04-21T12:00,12,6,112,18462.0
2024-04-21T13:00,13,6,112,18294.0
2024-04-21T14:00,14,6,112,18503.0
2024-04-21T15:00,15,6,112,18611.0
2024-04-21T16:00,16,6,112,18848.0
2024-04-21T17:00,17,6,112,18983.0
2024-04-21T18:00,18,6,112,19260.0
2024-04-21T19:00,19,6,112,18787.0
2024-04-21T20:00,20,6,112,18005.0
2024-04-21T21:00,21,6,112,17563.0
2024-04-21T22:00,22,6,112,17216.0
2024-04-21T23:00,23,6,112,16711.0
2024-04-22T00:00,0,0,113,17565.0
2024-04-22T01:00,1,0,113,19312.0
2024-04-22T02:00,2,0,113,21723.0
2024-04-22T03:00,3,0,113,23576.0
2024-04-22T04:00,4,0,113,24882.0
2024-04-22T05:00,5,0,113,25080.0
2024-04-22T06:00,6,0,113,24381.0
2024-04-22T07:00,7,0,113,23056.0
2024-04-22T08:00,8,0,113,21602.0
2024-04-22T09:00,9,0,113,20613.0
2024-04-22T10:00,10,0,113,19816.0
2024-04-22T11:00,11,0,113,19226.0
2024-04-22T12:00,12,0,113,19059.0
2024-04-22T13:00,13,0,113,19347.0
2024-04-22T14:00,14,0,113,20464.0
2024-04-22T15:00,15,0,113,21766.0
2024-04-22T16:00,16,0,113,22972.0
2024-04-22T17:00,17,0,113,23351.0
2024-04-22T18:00,18,0,113,23074.0
2024-04-22T19:00,19,0,113,23855.0
2024-04-22T20:00,20,0,113,23732.0
2024-04-22T21:00,21,0,113,23256.0
2024-04-22T22:00,22,0,113,23541.0
2024-04-22T23:00,23,0,113,23410.0
2024-04-23T00:00,0,1,114,22991.0
2024-04-23T01:00,1,1,114,23615.0
2024-04-23T02:00,2,1,114,24540.0
2024-04-23T03:00,3,1,114,25718.0
2024-04-23T04:00,4,1,114,26524.0
2024-04-23T05:00,5,1,114,26625.0
2024-04-23T06:00,6,1,114,25706.0
2024-04-23T07:00,7,1,114,23858.0
2024-04-23T08:00,8,1,114,22215.0
2024-04-23T09:00,9,1,114,21465.0
2024-04-23T10:00,10,1,114,20523.0
2024-04-23T11:00,11,1,114,19952.0
2024-04-23T12:00,12,1,114,19686.0
2024-04-23T13:00,13,1,114,19766.0
2024-04-23T14:00,14,1,114,20830.0
2024-04-23T15:00,15,1,114,22262.0
2024-04-23T16:00,16,1,114,23516.0
2024-04-23T17:00,17,1,114,24049.0
2024-04-23T18:00,18,1,114,23426.0
2024-04-23T19:00,19,1,114,23302.0
2024-04-23T20:00,20,1,114,23479.0
2024-04-23T21:00,21,1,114,22488.0
2024-04-23T22:00,22,1,114,22408.0
2024-04-23T23:00,23,1,114,21621.0
2024-04-24T00:00,0,2,115,21944.0
2024-04-24T01:00,1,2,115,21984.0
2024-04-24T02:00,2,2,115,22585.0
2024-04-24T03:00,3,2,115,23341.0
2024-04-24T04:00,4,2,115,24820.0
2024-04-24T05:00,5,2,115,25244.0
2024-04-24T06:00,6,2,115,24744.0
2024-04-24T07:00,7,2,115,23258.0
2024-04-24T08:00,8,2,115,21673.0
2024-04-24T09:00,9,2,115,21021.0
2024-04-24T10:00,10,2,115,20122.0
2024-04-24T11:00,11,2,115,19609.0
2024-04-24T12:00,12,2,115,19350.0
2024-04-24T13:00,13,2,115,19583.0
2024-04-24T14:00,14,2,115,20724.0
2024-04-24T15:00,15,2,115,22120.0
2024-04-24T16:00,16,2,115,23189.0
2024-04-24T17:00,17,2,115,23734.0
2024-04-24T18:00,18,2,115,23583.0
2024-04-24T19:00,19,2,115,23009.0
2024-04-24T20:00,20,2,115,23298.0
2024-04-24T21:00,21,2,115,22539.0
2024-04-24T22:00,22,2,115,22176.0
2024-04-24T23:00,23,2,115,22233.0
2024-04-25T00:00,0,3,116,22072.0
2024-04-25T01:00,1,3,116,22300.0
2024-04-25T02:00,2,3,116,23120.0
2024-04-25T03:00,3,3,116,23607.0
2024-04-25T04:00,4,3,116,25019.0
2024-04-25T05:00,5,3,116,25559.0
2024-04-25T06:00,6,3,116,25151.0
2024-04-25T07:00,7,3,116,23533.0
2024-04-25T08:00,8,3,116,22100.0
2024-04-25T09:00,9,3,116,21217.0
2024-04-25T10:00,10,3,116,20355.0
2024-04-25T11:00,11,3,116,20109.0
2024-04-25T12:00,12,3,116,19942.0
2024-04-25T13:00,13,3,116,19846.0
2024-04-25T14:00,14,3,116,20969.0
2024-04-25T15:00,15,3,116,22640.0
2024-04-25T16:00,16,3,116,23792.0
2024-04-25T17:00,17,3,116,23832.0
2024-04-25T18:00,18,3,116,23556.0
2024-04-25T19:00,19,3,116,22410.0
2024-04-25T20:00,20,3,116,22029.0
2024-04-25T21:00,21,3,116,21943.0
2024-04-25T22:00,22,3,116,22032.0
2024-04-25T23:00,23,3,116,22174.0
2024-04-26T00:00,0,4,117,22213.0
2024-04-26T01:00,1,4,117,22002.0
2024-04-26T02:00,2,4,117,22844.0
2024-04-26T03:00,3,4,117,23728.0
2024-04-26T04:00,4,4,117,25023.0
2024-04-26T05:00,5,4,117,25463.0
2024-04-26T06:00,6,4,117,25015.0
2024-04-26T07:00,7,4,117,23519.0
2024-04-26T08:00,8,4,117,22082.0
2024-04-26T09:00,9,4,117,21468.0
2024-04-26T10:00,10,4,117,20526.0
2024-04-26T11:00,11,4,117,19955.0
2024-04-26T12:00,12,4,117,19737.0
2024-04-26T13:00,13,4,117,20107.0
2024-04-26T14:00,14,4,117,21131.0
2024-04-26T15:00,15,4,117,22416.0
2024-04-26T16:00,16,4,117,23561.0
2024-04-26T17:00,17,4,117,23661.0
2024-04-26T18:00,18,4,117,23083.0
2024-04-26T19:00,19,4,117,22030.0
2024-04-26T20:00,20,4,117,21969.0
2024-04-26T21:00,21,4,117,21733.0
2024-04-26T22:00,22,4,117,21495.0
2024-04-26T23:00,23,4,117,21458.0
2024-04-27T00:00,0,5,118,20878.0
2024-04-27T01:00,1,5,118,21174.0
2024-04-27T02:00,2,5,118,22409.0
2024-04-27T03:00,3,5,118,22698.0
2024-04-27T04:00,4,5,118,23783.0
2024-04-27T05:00,5,5,118,24367.0
2024-04-27T06:00,6,5,118,24141.0
2024-04-27T07:00,7,5,118,22966.0
2024-04-27T08:00,8,5,118,21740.0
2024-04-27T09:00,9,5,118,21022.0
2024-04-27T10:00,10,5,118,20415.0
2024-04-27T11:00,11,5,118,19802.0
2024-04-27T12:00,12,5,118,19475.0
2024-04-27T13:00,13,5,118,19415.0
2024-04-27T14:00,14,5,118,19628.0
2024-04-27T15:00,15,5,118,20066.0
2024-04-27T16:00,16,5,118,20521.0
2024-04-27T17:00,17,5,118,20547.0
2024-04-27T18:00,18,5,118,19565.0
2024-04-27T19:00,19,5,118,19288.0
2024-04-27T20:00,20,5,118,18493.0
2024-04-27T21:00,21,5,118,18192.0
2024-04-27T22:00,22,5,118,17556.0
2024-04-27T23:00,23,5,118,17304.0
2024-04-28T00:00,0,6,119,17150.0
2024-04-28T01:00,1,6,119,17051.0
2024-04-28T02:00,2,6,119,18938.0
2024-04-28T03:00,3,6,119,20679.0
2024-04-28T04:00,4,6,119,22395.0
2024-04-28T05:00,5,6,119,23106.0
2024-04-28T06:00,6,6,119,22892.0
2024-04-28T07:00,7,6,119,21811.0
2024-04-28T08:00,8,6,119,20981.0
2024-04-28T09:00,9,6,119,20455.0
2024-04-28T10:00,10,6,119,20050.0
2024-04-28T11:00,11,6,119,19523.0
2024-04-28T12:00,12,6,119,19410.0
2024-04-28T13:00,13,6,119,19247.0
2024-04-28T14:00,14,6,119,19171.0
2024-04-28T15:00,15,6,119,19250.0
2024-04-28T16:00,16,6,119,19212.0
2024-04-28T17:00,17,6,119,18949.0
2024-04-28T18:00,18,6,119,18026.0
2024-04-28T19:00,19,6,119,17233.0
2024-04-28T20:00,20,6,119,16379.0
2024-04-28T21:00,21,6,119,16453.0
2024-04-28T22:00,22,6,119,15936.0
2024-04-28T23:00,23,6,119,15503.0
2024-04-29T00:00,0,0,120,15937.0
2024-04-29T01:00,1,0,120,16912.0
2024-04-29T02:00,2,0,120,19433.0
2024-04-29T03:00,3,0,120,21303.0
2024-04-29T04:00,4,0,120,23058.0
2024-04-29T05:00,5,0,120,23752.0
2024-04-29T06:00,6,0,120,23243.0
2024-04-29T07:00,7,0,120,21828.0
2024-04-29T08:00,8,0,120,20578.0
2024-04-29T09:00,9,0,120,19891.0
2024-04-29T10:00,10,0,120,19243.0
2024-04-29T11:00,11,0,120,18769.0
2024-04-29T12:00,12,0,120,18735.0
2024-04-29T13:00,13,0,120,18927.0
2024-04-29T14:00,14,0,120,20365.0
2024-04-29T15:00,15,0,120,21605.0
2024-04-29T16:00,16,0,120,22594.0
2024-04-29T17:00,17,0,120,23171.0
2024-04-29T18:00,18,0,120,22198.0
2024-04-29T19:00,19,0,120,21651.0
2024-04-29T20:00,20,0,120,21259.0
2024-04-29T21:00,21,0,120,20621.0
2024-04-29T22:00,22,0,120,20379.0
2024-04-29T23:00,23,0,120,20096.0
2024-04-30T00:00,0,1,121,20375.0
2024-04-30T01:00,1,1,121,21329.0
2024-04-30T02:00,2,1,121,23080.0
2024-04-30T03:00,3,1,121,24356.0
2024-04-30T04:00,4,1,121,25639.0
2024-04-30T05:00,5,1,121,26135.0
2024-04-30T06:00,6,1,121,25470.0
2024-04-30T07:00,7,1,121,23669.0
2024-04-30T08:00,8,1,121,22338.0
2024-04-30T09:00,9,1,121,21400.0
2024-04-30T10:00,10,1,121,20630.0
2024-04-30T11:00,11,1,121,20131.0
2024-04-30T12:00,12,1,121,19575.0
2024-04-30T13:00,13,1,121,19915.0
2024-04-30T14:00,14,1,121,21151.0
2024-04-30T15:00,15,1,121,22497.0
2024-04-30T16:00,16,1,121,23582.0
2024-04-30T17:00,17,1,121,24185.0
2024-04-30T18:00,18,1,121,23419.0
2024-04-30T19:00,19,1,121,22424.0
2024-04-30T20:00,20,1,121,21785.0
2024-04-30T21:00,21,1,121,21599.0
2024-04-30T22:00,22,1,121,21533.0
2024-04-30T23:00,23,1,121,20993.0
2024-05-01T00:00,0,2,122,21521.0
2024-05-01T01:00,1,2,122,22169.0
2024-05-01T02:00,2,2,122,23974.0
2024-05-01T03:00,3,2,122,24456.0
2024-05-01T04:00,4,2,122,25727.0
2024-05-01T05:00,5,2,122,26307.0
2024-05-01T06:00,6,2,122,25564.0
2024-05-01T07:00,7,2,122,24035.0
2024-05-01T08:00,8,2,122,22738.0
2024-05-01T09:00,9,2,122,21925.0
2024-05-01T10:00,10,2,122,21106.0
2024-05-01T11:00,11,2,122,20711.0
2024-05-01T12:00,12,2,122,20409.0
2024-05-01T13:00,13,2,122,20711.0
2024-05-01T14:00,14,2,122,21817.0
2024-05-01T15:00,15,2,122,23294.0
2024-05-01T16:00,16,2,122,24272.0
2024-05-01T17:00,17,2,122,24313.0
2024-05-01T18:00,18,2,122,23264.0
2024-05-01T19:00,19,2,122,22655.0
2024-05-01T20:00,20,2,122,22169.0
2024-05-01T21:00,21,2,122,21814.0
2024-05-01T22:00,22,2,122,21841.0
2024-05-01T23:00,23,2,122,22061.0
2024-05-02T00:00,0,3,123,21642.0
2024-05-02T01:00,1,3,123,22632.0
2024-05-02T02:00,2,3,123,23885.0
2024-05-02T03:00,3,3,123,24618.0
2024-05-02T04:00,4,3,123,25842.0
2024-05-02T05:00,5,3,123,26546.0
2024-05-02T06:00,6,3,123,25885.0
2024-05-02T07:00,7,3,123,24251.0
2024-05-02T08:00,8,3,123,22911.0
2024-05-02T09:00,9,3,123,22325.0
2024-05-02T10:00,10,3,123,21120.0
2024-05-02T11:00,11,3,123,20467.0
2024-05-02T12:00,12,3,123,20242.0
2024-05-02T13:00,13,3,123,20524.0
2024-05-02T14:00,14,3,123,21694.0
2024-05-02T15:00,15,3,123,23253.0
2024-05-02T16:00,16,3,123,23790.0
2024-05-02T17:00,17,3,123,24338.0
2024-05-02T18:00,18,3,123,24491.0
2024-05-02T19:00,19,3,123,23680.0
2024-05-02T20:00,20,3,123,23450.0
2024-05-02T21:00,21,3,123,22399.0
2024-05-02T22:00,22,3,123,22837.0
2024-05-02T23:00,23,3,123,22521.0
2024-05-03T00:00,0,4,124,22778.0
2024-05-03T01:00,1,4,124,22620.0
2024-05-03T02:00,2,4,124,23985.0
2024-05-03T03:00,3,4,124,24794.0
2024-05-03T04:00,4,4,124,25761.0
2024-05-03T05:00,5,4,124,26112.0
2024-05-03T06:00,6,4,124,25653.0
2024-05-03T07:00,7,4,124,24226.0
2024-05-03T08:00,8,4,124,22896.0
2024-05-03T09:00,9,4,124,22267.0
2024-05-03T10:00,10,4,124,21574.0
2024-05-03T11:00,11,4,124,21068.0
2024-05-03T12:00,12,4,124,20778.0
2024-05-03T13:00,13,4,124,20912.0
2024-05-03T14:00,14,4,124,22068.0
2024-05-03T15:00,15,4,124,23137.0
2024-05-03T16:00,16,4,124,24237.0
2024-05-03T17:00,17,4,124,24720.0
2024-05-03T18:00,18,4,124,24548.0
2024-05-03T19:00,19,4,124,23957.0
2024-05-03T20:00,20,4,124,23185.0
2024-05-03T21:00,21,4,124,22938.0
2024-05-03T22:00,22,4,124,22793.0
2024-05-03T23:00,23,4,124,21488.0
2024-05-04T00:00,0,5,125,21270.0
2024-05-04T01:00,1,5,125,21969.0
2024-05-04T02:00,2,5,125,23190.0
2024-05-04T03:00,3,5,125,24107.0
2024-05-04T04:00,4,5,125,25260.0
2024-05-04T05:00,5,5,125,25920.0
2024-05-04T06:00,6,5,125,25285.0
2024-05-04T07:00,7,5,125,24015.0
2024-05-04T08:00,8,5,125,22751.0
2024-05-04T09:00,9,5,125,21922.0
2024-05-04T10:00,10,5,125,21070.0
2024-05-04T11:00,11,5,125,20396.0
2024-05-04T12:00,12,5,125,19882.0
2024-05-04T13:00,13,5,125,19762.0
2024-05-04T14:00,14,5,125,19889.0
2024-05-04T15:00,15,5,125,20363.0
2024-05-04T16:00,16,5,125,21962.0
2024-05-04T17:00,17,5,125,23136.0
2024-05-04T18:00,18,5,125,23476.0
2024-05-04T19:00,19,5,125,24108.0
2024-05-04T20:00,20,5,125,24503.0
2024-05-04T21:00,21,5,125,24783.0
2024-05-04T22:00,22,5,125,23141.0
2024-05-04T23:00,23,5,125,22028.0
2024-05-05T00:00,0,6,126,20770.0
2024-05-05T01:00,1,6,126,20790.0
2024-05-05T02:00,2,6,126,21023.0
2024-05-05T03:00,3,6,126,21547.0
2024-05-05T04:00,4,6,126,22636.0
2024-05-05T05:00,5,6,126,23455.0
2024-05-05T06:00,6,6,126,23135.0
2024-05-05T07:00,7,6,126,22326.0
2024-05-05T08:00,8,6,126,21392.0
2024-05-05T09:00,9,6,126,20705.0
2024-05-05T10:00,10,6,126,20425.0
2024-05-05T11:00,11,6,126,19952.0
2024-05-05T12:00,12,6,126,19741.0
2024-05-05T13:00,13,6,126,19729.0
2024-05-05T14:00,14,6,126,19803.0
2024-05-05T15:00,15,6,126,20408.0
2024-05-05T16:00,16,6,126,20098.0
2024-05-05T17:00,17,6,126,19452.0
2024-05-05T18:00,18,6,126,18118.0
2024-05-05T19:00,19,6,126,18227.0
2024-05-05T20:00,20,6,126,17617.0
2024-05-05T21:00,21,6,126,17247.0
2024-05-05T22:00,22,6,126,17074.0
2024-05-05T23:00,23,6,126,15746.0
2024-05-06T00:00,0,0,127,14794.0
2024-05-06T01:00,1,0,127,15556.0
2024-05-06T02:00,2,0,127,18110.0
2024-05-06T03:00,3,0,127,20328.0
2024-05-06T04:00,4,0,127,21986.0
2024-05-06T05:00,5,0,127,23318.0
2024-05-06T06:00,6,0,127,23126.0
2024-05-06T07:00,7,0,127,21950.0
2024-05-06T08:00,8,0,127,20714.0
2024-05-06T09:00,9,0,127,20389.0
2024-05-06T10:00,10,0,127,20098.0
2024-05-06T11:00,11,0,127,19746.0
2024-05-06T12:00,12,0,127,19301.0
2024-05-06T13:00,13,0,127,19535.0
2024-05-06T14:00,14,0,127,20746.0
2024-05-06T15:00,15,0,127,22249.0
2024-05-06T16:00,16,0,127,23395.0
2024-05-06T17:00,17,0,127,23478.0
2024-05-06T18:00,18,0,127,21686.0
2024-05-06T19:00,19,0,127,21370.0
2024-05-06T20:00,20,0,127,20621.0
2024-05-06T21:00,21,0,127,19851.0
2024-05-06T22:00,22,0,127,19175.0
2024-05-06T23:00,23,0,127,19106.0
2024-05-07T00:00,0,1,128,18721.0
2024-05-07T01:00,1,1,128,19236.0
2024-05-07T02:00,2,1,128,21151.0
2024-05-07T03:00,3,1,128,23029.0
2024-05-07T04:00,4,1,128,24713.0
2024-05-07T05:00,5,1,128,25513.0
2024-05-07T06:00,6,1,128,24995.0
2024-05-07T07:00,7,1,128,23507.0
2024-05-07T08:00,8,1,128,22002.0
2024-05-07T09:00,9,1,128,21440.0
2024-05-07T10:00,10,1,128,20644.0
2024-05-07T11:00,11,1,128,20244.0
2024-05-07T12:00,12,1,128,20333.0
2024-05-07T13:00,13,1,128,20391.0
2024-05-07T14:00,14,1,128,21187.0
2024-05-07T15:00,15,1,128,22608.0
2024-05-07T16:00,16,1,128,23856.0
2024-05-07T17:00,17,1,128,23805.0
2024-05-07T18:00,18,1,128,22812.0
2024-05-07T19:00,19,1,128,22111.0
2024-05-07T20:00,20,1,128,21702.0
2024-05-07T21:00,21,1,128,20519.0
2024-05-07T22:00,22,1,128,19322.0
2024-05-07T23:00,23,1,128,18906.0
2024-05-08T00:00,0,2,129,18990.0
2024-05-08T01:00,1,2,129,20050.0
2024-05-08T02:00,2,2,129,21818.0
2024-05-08T03:00,3,2,129,23810.0
2024-05-08T04:00,4,2,129,25474.0
2024-05-08T05:00,5,2,129,26030.0
2024-05-08T06:00,6,2,129,25463.0
2024-05-08T07:00,7,2,129,23883.0
2024-05-08T08:00,8,2,129,22445.0
2024-05-08T09:00,9,2,129,21757.0
2024-05-08T10:00,10,2,129,21071.0
2024-05-08T11:00,11,2,129,20456.0
2024-05-08T12:00,12,2,129,20017.0
2024-05-08T13:00,13,2,129,20241.0
2024-05-08T14:00,14,2,129,21133.0
2024-05-08T15:00,15,2,129,22486.0
2024-05-08T16:00,16,2,129,23378.0
2024-05-08T17:00,17,2,129,23883.0
2024-05-08T18:00,18,2,129,22762.0
2024-05-08T19:00,19,2,129,22337.0
2024-05-08T20:00,20,2,129,21629.0
2024-05-08T21:00,21,2,129,20830.0
2024-05-08T22:00,22,2,129,20252.0
2024-05-08T23:00,23,2,129,19414.0
2024-05-09T00:00,0,3,130,19420.0
2024-05-09T01:00,1,3,130,20717.0
2024-05-09T02:00,2,3,130,23234.0
2024-05-09T03:00,3,3,130,24598.0
2024-05-09T04:00,4,3,130,26050.0
2024-05-09T05:00,5,3,130,26738.0
2024-05-09T06:00,6,3,130,25969.0
2024-05-09T07:00,7,3,130,24365.0
2024-05-09T08:00,8,3,130,22691.0
2024-05-09T09:00,9,3,130,22025.0
2024-05-09T10:00,10,3,130,20918.0
2024-05-09T11:00,11,3,130,20509.0
2024-05-09T12:00,12,3,130,20355.0
2024-05-09T13:00,13,3,130,20497.0
2024-05-09T14:00,14,3,130,21395.0
2024-05-09T15:00,15,3,130,22609.0
2024-05-09T16:00,16,3,130,23785.0
2024-05-09T17:00,17,3,130,23890.0
2024-05-09T18:00,18,3,130,23886.0
2024-05-09T19:00,19,3,130,23745.0
2024-05-09T20:00,20,3,130,22531.0
2024-05-09T21:00,21,3,130,22229.0
2024-05-09T22:00,22,3,130,21582.0
2024-05-09T23:00,23,3,130,21644.0
2024-05-10T00:00,0,4,131,21636.0
2024-05-10T01:00,1,4,131,23095.0
2024-05-10T02:00,2,4,131,25104.0
2024-05-10T03:00,3,4,131,26024.0
2024-05-10T04:00,4,4,131,26998.0
2024-05-10T05:00,5,4,131,27354.0
2024-05-10T06:00,6,4,131,26541.0
2024-05-10T07:00,7,4,131,24898.0
2024-05-10T08:00,8,4,131,23339.0
2024-05-10T09:00,9,4,131,22337.0
2024-05-10T10:00,10,4,131,21323.0
2024-05-10T11:00,11,4,131,20753.0
2024-05-10T12:00,12,4,131,20346.0
2024-05-10T13:00,13,4,131,20683.0
2024-05-10T14:00,14,4,131,21607.0
2024-05-10T15:00,15,4,131,22672.0
2024-05-10T16:00,16,4,131,23497.0
2024-05-10T17:00,17,4,131,23751.0
2024-05-10T18:00,18,4,131,23517.0
2024-05-10T19:00,19,4,131,23391.0
2024-05-10T20:00,20,4,131,22874.0
2024-05-10T21:00,21,4,131,22498.0
2024-05-10T22:00,22,4,131,21720.0
2024-05-10T23:00,23,4,131,22051.0
2024-05-11T00:00,0,5,132,22839.0
2024-05-11T01:00,1,5,132,24123.0
2024-05-11T02:00,2,5,132,25238.0
2024-05-11T03:00,3,5,132,26533.0
2024-05-11T04:00,4,5,132,27411.0
2024-05-11T05:00,5,5,132,27254.0
2024-05-11T06:00,6,5,132,26606.0
2024-05-11T07:00,7,5,132,25126.0
2024-05-11T08:00,8,5,132,23713.0
2024-05-11T09:00,9,5,132,22696.0
2024-05-11T10:00,10,5,132,21552.0
2024-05-11T11:00,11,5,132,20612.0
2024-05-11T12:00,12,5,132,20180.0
2024-05-11T13:00,13,5,132,20197.0
2024-05-11T14:00,14,5,132,20180.0
2024-05-11T15:00,15,5,132,20371.0
2024-05-11T16:00,16,5,132,20984.0
2024-05-11T17:00,17,5,132,21595.0
2024-05-11T18:00,18,5,132,20283.0
2024-05-11T19:00,19,5,132,20278.0
2024-05-11T20:00,20,5,132,20239.0
2024-05-11T21:00,21,5,132,19623.0
2024-05-11T22:00,22,5,132,19539.0
2024-05-11T23:00,23,5,132,19446.0
2024-05-12T00:00,0,6,133,19921.0
2024-05-12T01:00,1,6,133,21732.0
2024-05-12T02:00,2,6,133,23496.0
2024-05-12T03:00,3,6,133,25131.0
2024-05-12T04:00,4,6,133,26272.0
2024-05-12T05:00,5,6,133,26323.0
2024-05-12T06:00,6,6,133,25650.0
2024-05-12T07:00,7,6,133,24272.0
2024-05-12T08:00,8,6,133,22795.0
2024-05-12T09:00,9,6,133,22003.0
2024-05-12T10:00,10,6,133,20932.0
2024-05-12T11:00,11,6,133,20174.0
2024-05-12T12:00,12,6,133,19788.0
2024-05-12T13:00,13,6,133,19475.0
2024-05-12T14:00,14,6,133,19577.0
2024-05-12T15:00,15,6,133,19344.0
2024-05-12T16:00,16,6,133,19982.0
2024-05-12T17:00,17,6,133,21168.0
2024-05-12T18:00,18,6,133,20877.0
2024-05-12T19:00,19,6,133,20328.0
2024-05-12T20:00,20,6,133,19525.0
2024-05-12T21:00,21,6,133,18878.0
2024-05-12T22:00,22,6,133,18376.0
2024-05-12T23:00,23,6,133,17698.0
2024-05-13T00:00,0,0,134,18535.0
2024-05-13T01:00,1,0,134,20435.0
2024-05-13T02:00,2,0,134,23051.0
2024-05-13T03:00,3,0,134,24773.0
2024-05-13T04:00,4,0,134,25977.0
2024-05-13T05:00,5,0,134,26310.0
2024-05-13T06:00,6,0,134,25639.0
2024-05-13T07:00,7,0,134,24065.0
2024-05-13T08:00,8,0,134,22388.0
2024-05-13T09:00,9,0,134,21521.0
2024-05-13T10:00,10,0,134,20684.0
2024-05-13T11:00,11,0,134,20148.0
2024-05-13T12:00,12,0,134,19911.0
2024-05-13T13:00,13,0,134,20296.0
2024-05-13T14:00,14,0,134,21139.0
2024-05-13T15:00,15,0,134,22535.0
2024-05-13T16:00,16,0,134,23872.0
2024-05-13T17:00,17,0,134,24545.0
2024-05-13T18:00,18,0,134,24493.0
2024-05-13T19:00,19,0,134,23976.0
2024-05-13T20:00,20,0,134,23117.0
2024-05-13T21:00,21,0,134,22621.0
2024-05-13T22:00,22,0,134,22005.0
2024-05-13T23:00,23,0,134,21986.0
2024-05-14T00:00,0,1,135,23120.0
2024-05-14T01:00,1,1,135,24063.0
2024-05-14T02:00,2,1,135,25169.0
2024-05-14T03:00,3,1,135,26462.0
2024-05-14T04:00,4,1,135,27521.0
2024-05-14T05:00,5,1,135,27952.0
2024-05-14T06:00,6,1,135,27072.0
2024-05-14T07:00,7,1,135,25306.0
2024-05-14T08:00,8,1,135,23743.0
2024-05-14T09:00,9,1,135,22579.0
2024-05-14T10:00,10,1,135,21546.0
2024-05-14T11:00,11,1,135,20924.0
2024-05-14T12:00,12,1,135,20780.0
2024-05-14T13:00,13,1,135,20805.0
2024-05-14T14:00,14,1,135,21816.0
2024-05-14T15:00,15,1,135,23144.0
2024-05-14T16:00,16,1,135,24505.0
2024-05-14T17:00,17,1,135,25443.0
2024-05-14T18:00,18,1,135,25216.0
2024-05-14T19:00,19,1,135,24253.0
2024-05-14T20:00,20,1,135,22675.0
2024-05-14T21:00,21,1,135,22640.0
2024-05-14T22:00,22,1,135,21838.0
2024-05-14T23:00,23,1,135,21980.0
2024-05-15T00:00,0,2,136,22858.0
2024-05-15T01:00,1,2,136,24615.0
2024-05-15T02:00,2,2,136,25754.0
2024-05-15T03:00,3,2,136,27400.0
2024-05-15T04:00,4,2,136,27959.0
2024-05-15T05:00,5,2,136,28174.0
2024-05-15T06:00,6,2,136,27379.0
2024-05-15T07:00,7,2,136,25522.0
2024-05-15T08:00,8,2,136,23838.0
2024-05-15T09:00,9,2,136,22947.0
2024-05-15T10:00,10,2,136,21948.0
2024-05-15T11:00,11,2,136,21390.0
2024-05-15T12:00,12,2,136,21217.0
2024-05-15T13:00,13,2,136,21281.0
2024-05-15T14:00,14,2,136,22147.0
2024-05-15T15:00,15,2,136,23414.0
2024-05-15T16:00,16,2,136,24573.0
2024-05-15T17:00,17,2,136,25332.0
2024-05-15T18:00,18,2,136,25422.0
2024-05-15T19:00,19,2,136,25786.0
2024-05-15T20:00,20,2,136,24844.0
2024-05-15T21:00,21,2,136,24130.0
2024-05-15T22:00,22,2,136,24427.0
2024-05-15T23:00,23,2,136,24717.0
2024-05-16T00:00,0,3,137,24820.0
2024-05-16T01:00,1,3,137,25648.0
2024-05-16T02:00,2,3,137,27118.0
2024-05-16T03:00,3,3,137,27568.0
2024-05-16T04:00,4,3,137,28282.0
2024-05-16T05:00,5,3,137,28433.0
2024-05-16T06:00,6,3,137,27673.0
2024-05-16T07:00,7,3,137,25921.0
2024-05-16T08:00,8,3,137,24324.0
2024-05-16T09:00,9,3,137,23266.0
2024-05-16T10:00,10,3,137,22177.0
2024-05-16T11:00,11,3,137,21680.0
2024-05-16T12:00,12,3,137,21343.0
2024-05-16T13:00,13,3,137,21404.0
2024-05-16T14:00,14,3,137,22348.0
2024-05-16T15:00,15,3,137,23833.0
2024-05-16T16:00,16,3,137,24900.0
2024-05-16T17:00,17,3,137,26162.0
2024-05-16T18:00,18,3,137,26282.0
2024-05-16T19:00,19,3,137,26577.0
2024-05-16T20:00,20,3,137,26127.0
2024-05-16T21:00,21,3,137,25785.0
2024-05-16T22:00,22,3,137,25570.0
2024-05-16T23:00,23,3,137,25079.0
2024-05-17T00:00,0,4,138,24916.0
2024-05-17T01:00,1,4,138,24868.0
2024-05-17T02:00,2,4,138,25918.0
2024-05-17T03:00,3,4,138,26583.0
2024-05-17T04:00,4,4,138,27647.0
2024-05-17T05:00,5,4,138,28173.0
2024-05-17T06:00,6,4,138,27240.0
2024-05-17T07:00,7,4,138,25496.0
2024-05-17T08:00,8,4,138,23937.0
2024-05-17T09:00,9,4,138,22875.0
2024-05-17T10:00,10,4,138,22063.0
2024-05-17T11:00,11,4,138,21508.0
2024-05-17T12:00,12,4,138,21560.0
2024-05-17T13:00,13,4,138,21659.0
2024-05-17T14:00,14,4,138,22625.0
2024-05-17T15:00,15,4,138,23812.0
2024-05-17T16:00,16,4,138,26014.0
2024-05-17T17:00,17,4,138,26835.0
2024-05-17T18:00,18,4,138,26744.0
2024-05-17T19:00,19,4,138,26442.0
2024-05-17T20:00,20,4,138,26903.0
2024-05-17T21:00,21,4,138,25189.0
2024-05-17T22:00,22,4,138,24319.0
2024-05-17T23:00,23,4,138,23097.0
2024-05-18T00:00,0,5,139,22941.0
2024-05-18T01:00,1,5,139,23161.0
2024-05-18T02:00,2,5,139,24686.0
2024-05-18T03:00,3,5,139,26116.0
2024-05-18T04:00,4,5,139,27060.0
2024-05-18T05:00,5,5,139,27602.0
2024-05-18T06:00,6,5,139,27111.0
2024-05-18T07:00,7,5,139,25675.0
2024-05-18T08:00,8,5,139,23928.0
2024-05-18T09:00,9,5,139,23181.0
2024-05-18T10:00,10,5,139,22533.0
2024-05-18T11:00,11,5,139,21782.0
2024-05-18T12:00,12,5,139,21430.0
2024-05-18T13:00,13,5,139,21168.0
2024-05-18T14:00,14,5,139,21214.0
2024-05-18T15:00,15,5,139,21177.0
2024-05-18T16:00,16,5,139,21947.0
2024-05-18T17:00,17,5,139,21500.0
2024-05-18T18:00,18,5,139,21581.0
2024-05-18T19:00,19,5,139,21155.0
2024-05-18T20:00,20,5,139,21029.0
2024-05-18T21:00,21,5,139,20487.0
2024-05-18T22:00,22,5,139,20078.0
2024-05-18T23:00,23,5,139,19083.0
2024-05-19T00:00,0,6,140,18997.0
2024-05-19T01:00,1,6,140,20101.0
2024-05-19T02:00,2,6,140,22390.0
2024-05-19T03:00,3,6,140,24454.0
2024-05-19T04:00,4,6,140,25123.0
2024-05-19T05:00,5,6,140,25648.0
2024-05-19T06:00,6,6,140,25163.0
2024-05-19T07:00,7,6,140,23953.0
2024-05-19T08:00,8,6,140,22572.0
2024-05-19T09:00,9,6,140,22336.0
2024-05-19T10:00,10,6,140,21508.0
2024-05-19T11:00,11,6,140,20721.0
2024-05-19T12:00,12,6,140,20397.0
2024-05-19T13:00,13,6,140,20097.0
2024-05-19T14:00,14,6,140,20139.0
2024-05-19T15:00,15,6,140,20136.0
2024-05-19T16:00,16,6,140,20561.0
2024-05-19T17:00,17,6,140,21300.0
2024-05-19T18:00,18,6,140,19757.0
2024-05-19T19:00,19,6,140,18724.0
2024-05-19T20:00,20,6,140,18359.0
2024-05-19T21:00,21,6,140,18001.0
2024-05-19T22:00,22,6,140,17642.0
2024-05-19T23:00,23,6,140,17336.0
2024-05-20T00:00,0,0,141,17828.0
2024-05-20T01:00,1,0,141,19357.0
2024-05-20T02:00,2,0,141,21504.0
2024-05-20T03:00,3,0,141,23764.0
2024-05-20T04:00,4,0,141,25173.0
2024-05-20T05:00,5,0,141,25898.0
2024-05-20T06:00,6,0,141,25427.0
2024-05-20T07:00,7,0,141,24030.0
2024-05-20T08:00,8,0,141,22450.0
2024-05-20T09:00,9,0,141,21600.0
2024-05-20T10:00,10,0,141,20804.0
2024-05-20T11:00,11,0,141,20454.0
2024-05-20T12:00,12,0,141,20215.0
2024-05-20T13:00,13,0,141,20400.0
2024-05-20T14:00,14,0,141,21539.0
2024-05-20T15:00,15,0,141,22822.0
2024-05-20T16:00,16,0,141,23550.0
2024-05-20T17:00,17,0,141,23740.0
2024-05-20T18:00,18,0,141,22896.0
2024-05-20T19:00,19,0,141,21952.0
2024-05-20T20:00,20,0,141,22269.0
2024-05-20T21:00,21,0,141,22211.0
2024-05-20T22:00,22,0,141,22667.0
2024-05-20T23:00,23,0,141,22823.0
2024-05-21T00:00,0,1,142,22768.0
2024-05-21T01:00,1,1,142,23575.0
2024-05-21T02:00,2,1,142,24053.0
2024-05-21T03:00,3,1,142,25047.0
2024-05-21T04:00,4,1,142,26378.0
2024-05-21T05:00,5,1,142,27043.0
2024-05-21T06:00,6,1,142,26432.0
2024-05-21T07:00,7,1,142,24834.0
2024-05-21T08:00,8,1,142,23189.0
2024-05-21T09:00,9,1,142,22473.0
2024-05-21T10:00,10,1,142,21545.0
2024-05-21T11:00,11,1,142,21050.0
2024-05-21T12:00,12,1,142,21015.0
2024-05-21T13:00,13,1,142,21134.0
2024-05-21T14:00,14,1,142,21970.0
2024-05-21T15:00,15,1,142,22941.0
2024-05-21T16:00,16,1,142,23496.0
2024-05-21T17:00,17,1,142,24285.0
2024-05-21T18:00,18,1,142,23977.0
2024-05-21T19:00,19,1,142,23519.0
2024-05-21T20:00,20,1,142,23411.0
2024-05-21T21:00,21,1,142,22332.0
2024-05-21T22:00,22,1,142,22260.0
2024-05-21T23:00,23,1,142,21910.0
2024-05-22T00:00,0,2,143,22216.0
2024-05-22T01:00,1,2,143,23224.0
2024-05-22T02:00,2,2,143,24794.0
2024-05-22T03:00,3,2,143,26154.0
2024-05-22T04:00,4,2,143,27372.0
2024-05-22T05:00,5,2,143,27878.0
2024-05-22T06:00,6,2,143,27093.0
2024-05-22T07:00,7,2,143,25293.0
2024-05-22T08:00,8,2,143,23440.0
2024-05-22T09:00,9,2,143,22630.0
2024-05-22T10:00,10,2,143,21897.0
2024-05-22T11:00,11,2,143,21712.0
2024-05-22T12:00,12,2,143,21743.0
2024-05-22T13:00,13,2,143,21845.0
2024-05-22T14:00,14,2,143,22153.0
2024-05-22T15:00,15,2,143,23027.0
2024-05-22T16:00,16,2,143,24423.0
2024-05-22T17:00,17,2,143,24722.0
2024-05-22T18:00,18,2,143,24790.0
2024-05-22T19:00,19,2,143,24065.0
2024-05-22T20:00,20,2,143,23089.0
2024-05-22T21:00,21,2,143,22838.0
2024-05-22T22:00,22,2,143,23187.0
2024-05-22T23:00,23,2,143,23011.0
2024-05-23T00:00,0,3,144,23699.0
2024-05-23T01:00,1,3,144,24486.0
2024-05-23T02:00,2,3,144,25425.0
2024-05-23T03:00,3,3,144,26674.0
2024-05-23T04:00,4,3,144,27710.0
2024-05-23T05:00,5,3,144,27837.0
2024-05-23T06:00,6,3,144,27181.0
2024-05-23T07:00,7,3,144,25435.0
2024-05-23T08:00,8,3,144,23708.0
2024-05-23T09:00,9,3,144,22834.0
2024-05-23T10:00,10,3,144,22100.0
2024-05-23T11:00,11,3,144,21416.0
2024-05-23T12:00,12,3,144,21055.0
2024-05-23T13:00,13,3,144,21119.0
2024-05-23T14:00,14,3,144,22211.0
2024-05-23T15:00,15,3,144,23051.0
2024-05-23T16:00,16,3,144,25330.0
2024-05-23T17:00,17,3,144,25867.0
2024-05-23T18:00,18,3,144,25031.0
2024-05-23T19:00,19,3,144,24696.0
2024-05-23T20:00,20,3,144,24069.0
2024-05-23T21:00,21,3,144,23131.0
2024-05-23T22:00,22,3,144,22773.0
2024-05-23T23:00,23,3,144,22387.0
2024-05-24T00:00,0,4,145,22462.0
2024-05-24T01:00,1,4,145,22985.0
2024-05-24T02:00,2,4,145,23946.0
2024-05-24T03:00,3,4,145,25679.0
2024-05-24T04:00,4,4,145,26605.0
2024-05-24T05:00,5,4,145,27265.0
2024-05-24T06:00,6,4,145,26763.0
2024-05-24T07:00,7,4,145,25318.0
2024-05-24T08:00,8,4,145,23588.0
2024-05-24T09:00,9,4,145,22768.0
2024-05-24T10:00,10,4,145,21907.0
2024-05-24T11:00,11,4,145,21195.0
2024-05-24T12:00,12,4,145,20874.0
2024-05-24T13:00,13,4,145,20951.0
2024-05-24T14:00,14,4,145,21802.0
2024-05-24T15:00,15,4,145,22780.0
2024-05-24T16:00,16,4,145,23584.0
2024-05-24T17:00,17,4,145,24333.0
2024-05-24T18:00,18,4,145,23543.0
2024-05-24T19:00,19,4,145,23119.0
2024-05-24T20:00,20,4,145,22943.0
2024-05-24T21:00,21,4,145,22737.0
2024-05-24T22:00,22,4,145,23203.0
2024-05-24T23:00,23,4,145,22977.0
2024-05-25T00:00,0,5,146,22205.0
2024-05-25T01:00,1,5,146,22621.0
2024-05-25T02:00,2,5,146,22921.0
2024-05-25T03:00,3,5,146,24111.0
2024-05-25T04:00,4,5,146,25273.0
2024-05-25T05:00,5,5,146,25788.0
2024-05-25T06:00,6,5,146,25522.0
2024-05-25T07:00,7,5,146,24390.0
2024-05-25T08:00,8,5,146,23205.0
2024-05-25T09:00,9,5,146,22329.0
2024-05-25T10:00,10,5,146,21442.0
2024-05-25T11:00,11,5,146,20714.0
2024-05-25T12:00,12,5,146,20444.0
2024-05-25T13:00,13,5,146,20301.0
2024-05-25T14:00,14,5,146,20507.0
2024-05-25T15:00,15,5,146,20152.0
2024-05-25T16:00,16,5,146,20708.0
2024-05-25T17:00,17,5,146,21410.0
2024-05-25T18:00,18,5,146,21301.0
2024-05-25T19:00,19,5,146,20425.0
2024-05-25T20:00,20,5,146,19999.0
2024-05-25T21:00,21,5,146,19555.0
2024-05-25T22:00,22,5,146,19343.0
2024-05-25T23:00,23,5,146,18835.0
2024-05-26T00:00,0,6,147,18455.0
2024-05-26T01:00,1,6,147,18720.0
2024-05-26T02:00,2,6,147,19964.0
2024-05-26T03:00,3,6,147,21590.0
2024-05-26T04:00,4,6,147,23162.0
2024-05-26T05:00,5,6,147,24187.0
2024-05-26T06:00,6,6,147,24109.0
2024-05-26T07:00,7,6,147,23184.0
2024-05-26T08:00,8,6,147,21827.0
2024-05-26T09:00,9,6,147,21540.0
2024-05-26T10:00,10,6,147,20867.0
2024-05-26T11:00,11,6,147,20207.0
2024-05-26T12:00,12,6,147,19581.0
2024-05-26T13:00,13,6,147,19305.0
2024-05-26T14:00,14,6,147,19261.0
2024-05-26T15:00,15,6,147,19254.0
2024-05-26T16:00,16,6,147,20004.0
2024-05-26T17:00,17,6,147,20467.0
2024-05-26T18:00,18,6,147,19494.0
2024-05-26T19:00,19,6,147,18673.0
2024-05-26T20:00,20,6,147,18184.0
2024-05-26T21:00,21,6,147,17231.0
2024-05-26T22:00,22,6,147,16785.0
2024-05-26T23:00,23,6,147,16549.0
2024-05-27T00:00,0,0,148,16801.0
2024-05-27T01:00,1,0,148,18124.0
2024-05-27T02:00,2,0,148,20213.0
2024-05-27T03:00,3,0,148,22254.0
2024-05-27T04:00,4,0,148,23839.0
2024-05-27T05:00,5,0,148,24646.0
2024-05-27T06:00,6,0,148,24398.0
2024-05-27T07:00,7,0,148,23279.0
2024-05-27T08:00,8,0,148,21960.0
2024-05-27T09:00,9,0,148,21131.0
2024-05-27T10:00,10,0,148,20159.0
2024-05-27T11:00,11,0,148,19504.0
2024-05-27T12:00,12,0,148,19088.0
2024-05-27T13:00,13,0,148,19124.0
2024-05-27T14:00,14,0,148,19491.0
2024-05-27T15:00,15,0,148,19284.0
2024-05-27T16:00,16,0,148,19752.0
2024-05-27T17:00,17,0,148,20147.0
2024-05-27T18:00,18,0,148,19528.0
2024-05-27T19:00,19,0,148,19500.0
2024-05-27T20:00,20,0,148,19199.0
2024-05-27T21:00,21,0,148,18586.0
2024-05-27T22:00,22,0,148,18644.0
2024-05-27T23:00,23,0,148,19246.0
2024-05-28T00:00,0,1,149,19855.0
2024-05-28T01:00,1,1,149,21191.0
2024-05-28T02:00,2,1,149,23287.0
2024-05-28T03:00,3,1,149,24862.0
2024-05-28T04:00,4,1,149,26351.0
2024-05-28T05:00,5,1,149,26793.0
2024-05-28T06:00,6,1,149,26322.0
2024-05-28T07:00,7,1,149,24662.0
2024-05-28T08:00,8,1,149,23083.0
2024-05-28T09:00,9,1,149,22156.0
2024-05-28T10:00,10,1,149,21054.0
2024-05-28T11:00,11,1,149,20367.0
2024-05-28T12:00,12,1,149,20195.0
2024-05-28T13:00,13,1,149,20388.0
2024-05-28T14:00,14,1,149,21077.0
2024-05-28T15:00,15,1,149,21935.0
2024-05-28T16:00,16,1,149,23324.0
2024-05-28T17:00,17,1,149,24009.0
2024-05-28T18:00,18,1,149,22961.0
2024-05-28T19:00,19,1,149,22235.0
2024-05-28T20:00,20,1,149,22474.0
2024-05-28T21:00,21,1,149,22346.0
2024-05-28T22:00,22,1,149,21968.0
2024-05-28T23:00,23,1,149,22428.0
2024-05-29T00:00,0,2,150,23177.0
2024-05-29T01:00,1,2,150,24161.0
2024-05-29T02:00,2,2,150,25824.0
2024-05-29T03:00,3,2,150,27273.0
2024-05-29T04:00,4,2,150,28313.0
2024-05-29T05:00,5,2,150,28738.0
2024-05-29T06:00,6,2,150,28235.0
2024-05-29T07:00,7,2,150,26476.0
2024-05-29T08:00,8,2,150,24637.0
2024-05-29T09:00,9,2,150,23640.0
2024-05-29T10:00,10,2,150,22521.0
2024-05-29T11:00,11,2,150,22019.0
2024-05-29T12:00,12,2,150,21622.0
2024-05-29T13:00,13,2,150,21598.0
2024-05-29T14:00,14,2,150,22608.0
2024-05-29T15:00,15,2,150,23610.0
2024-05-29T16:00,16,2,150,24888.0
2024-05-29T17:00,17,2,150,25715.0
2024-05-29T18:00,18,2,150,24598.0
2024-05-29T19:00,19,2,150,23819.0
2024-05-29T20:00,20,2,150,23631.0
2024-05-29T21:00,21,2,150,22960.0
2024-05-29T22:00,22,2,150,23193.0
2024-05-29T23:00,23,2,150,23500.0
2024-05-30T00:00,0,3,151,23762.0
2024-05-30T01:00,1,3,151,24954.0
2024-05-30T02:00,2,3,151,26292.0
2024-05-30T03:00,3,3,151,27701.0
2024-05-30T04:00,4,3,151,28453.0
2024-05-30T05:00,5,3,151,28766.0
2024-05-30T06:00,6,3,151,28200.0
2024-05-30T07:00,7,3,151,26478.0
2024-05-30T08:00,8,3,151,24723.0
2024-05-30T09:00,9,3,151,23735.0
2024-05-30T10:00,10,3,151,22734.0
2024-05-30T11:00,11,3,151,21931.0
2024-05-30T12:00,12,3,151,21476.0
2024-05-30T13:00,13,3,151,21723.0
2024-05-30T14:00,14,3,151,22381.0
2024-05-30T15:00,15,3,151,23240.0
2024-05-30T16:00,16,3,151,24021.0
2024-05-30T17:00,17,3,151,24952.0
2024-05-30T18:00,18,3,151,24253.0
2024-05-30T19:00,19,3,151,24068.0
2024-05-30T20:00,20,3,151,23482.0
2024-05-30T21:00,21,3,151,23249.0
2024-05-30T22:00,22,3,151,22916.0
2024-05-30T23:00,23,3,151,23733.0
2024-05-31T00:00,0,4,152,25482.0
2024-05-31T01:00,1,4,152,26955.0
2024-05-31T02:00,2,4,152,28408.0
2024-05-31T03:00,3,4,152,29579.0
2024-05-31T04:00,4,4,152,30191.0
2024-05-31T05:00,5,4,152,30332.0
2024-05-31T06:00,6,4,152,29516.0
2024-05-31T07:00,7,4,152,27541.0
2024-05-31T08:00,8,4,152,25758.0
2024-05-31T09:00,9,4,152,24589.0
2024-05-31T10:00,10,4,152,23317.0
2024-05-31T11:00,11,4,152,22414.0
2024-05-31T12:00,12,4,152,21978.0
2024-05-31T13:00,13,4,152,22015.0
2024-05-31T14:00,14,4,152,22625.0
2024-05-31T15:00,15,4,152,23696.0
2024-05-31T16:00,16,4,152,25118.0
2024-05-31T17:00,17,4,152,25683.0
2024-05-31T18:00,18,4,152,25308.0
2024-05-31T19:00,19,4,152,24678.0
2024-05-31T20:00,20,4,152,24116.0
2024-05-31T21:00,21,4,152,23461.0
2024-05-31T22:00,22,4,152,24600.0
2024-05-31T23:00,23,4,152,25270.0
2024-06-01T00:00,0,5,153,26474.0
2024-06-01T01:00,1,5,153,27749.0
2024-06-01T02:00,2,5,153,28771.0
2024-06-01T03:00,3,5,153,29429.0
2024-06-01T04:00,4,5,153,29783.0
2024-06-01T05:00,5,5,153,29595.0
2024-06-01T06:00,6,5,153,28851.0
2024-06-01T07:00,7,5,153,27100.0
2024-06-01T08:00,8,5,153,25316.0
2024-06-01T09:00,9,5,153,24152.0
2024-06-01T10:00,10,5,153,23340.0
2024-06-01T11:00,11,5,153,22496.0
2024-06-01T12:00,12,5,153,21792.0
2024-06-01T13:00,13,5,153,21630.0
2024-06-01T14:00,14,5,153,21798.0
2024-06-01T15:00,15,5,153,21452.0
2024-06-01T16:00,16,5,153,23268.0
2024-06-01T17:00,17,5,153,23790.0
2024-06-01T18:00,18,5,153,23160.0
2024-06-01T19:00,19,5,153,22937.0
2024-06-01T20:00,20,5,153,22208.0
2024-06-01T21:00,21,5,153,21401.0
2024-06-01T22:00,22,5,153,21041.0
2024-06-01T23:00,23,5,153,20925.0
2024-06-02T00:00,0,6,154,21549.0
2024-06-02T01:00,1,6,154,22738.0
2024-06-02T02:00,2,6,154,23956.0
2024-06-02T03:00,3,6,154,25549.0
2024-06-02T04:00,4,6,154,26532.0
2024-06-02T05:00,5,6,154,27010.0
2024-06-02T06:00,6,6,154,26395.0
2024-06-02T07:00,7,6,154,25448.0
2024-06-02T08:00,8,6,154,24013.0
2024-06-02T09:00,9,6,154,22587.0
2024-06-02T10:00,10,6,154,21554.0
2024-06-02T11:00,11,6,154,20820.0
2024-06-02T12:00,12,6,154,20761.0
2024-06-02T13:00,13,6,154,20593.0
2024-06-02T14:00,14,6,154,20922.0
2024-06-02T15:00,15,6,154,20707.0
2024-06-02T16:00,16,6,154,21054.0
2024-06-02T17:00,17,6,154,21598.0
2024-06-02T18:00,18,6,154,21592.0
2024-06-02T19:00,19,6,154,20735.0
2024-06-02T20:00,20,6,154,20322.0
2024-06-02T21:00,21,6,154,20040.0
2024-06-02T22:00,22,6,154,20454.0
2024-06-02T23:00,23,6,154,20124.0
2024-06-03T00:00,0,0,155,19895.0
2024-06-03T01:00,1,0,155,20408.0
2024-06-03T02:00,2,0,155,22289.0
2024-06-03T03:00,3,0,155,24595.0
2024-06-03T04:00,4,0,155,25975.0
2024-06-03T05:00,5,0,155,26660.0
2024-06-03T06:00,6,0,155,26505.0
2024-06-03T07:00,7,0,155,24852.0
2024-06-03T08:00,8,0,155,23301.0
2024-06-03T09:00,9,0,155,22308.0
2024-06-03T10:00,10,0,155,21350.0
2024-06-03T11:00,11,0,155,20755.0
2024-06-03T12:00,12,0,155,20682.0
2024-06-03T13:00,13,0,155,21008.0
2024-06-03T14:00,14,0,155,21943.0
2024-06-03T15:00,15,0,155,23408.0
2024-06-03T16:00,16,0,155,25357.0
2024-06-03T17:00,17,0,155,25753.0
2024-06-03T18:00,18,0,155,25691.0
2024-06-03T19:00,19,0,155,25577.0
2024-06-03T20:00,20,0,155,24965.0
2024-06-03T21:00,21,0,155,24809.0
2024-06-03T22:00,22,0,155,24641.0
2024-06-03T23:00,23,0,155,24296.0
2024-06-04T00:00,0,1,156,24462.0
2024-06-04T01:00,1,1,156,25377.0
2024-06-04T02:00,2,1,156,26531.0
2024-06-04T03:00,3,1,156,27217.0
2024-06-04T04:00,4,1,156,27779.0
2024-06-04T05:00,5,1,156,28309.0
2024-06-04T06:00,6,1,156,27812.0
2024-06-04T07:00,7,1,156,26089.0
2024-06-04T08:00,8,1,156,24397.0
2024-06-04T09:00,9,1,156,23827.0
2024-06-04T10:00,10,1,156,22982.0
2024-06-04T11:00,11,1,156,22426.0
2024-06-04T12:00,12,1,156,22054.0
2024-06-04T13:00,13,1,156,22218.0
2024-06-04T14:00,14,1,156,22670.0
2024-06-04T15:00,15,1,156,23895.0
2024-06-04T16:00,16,1,156,25131.0
2024-06-04T17:00,17,1,156,26533.0
2024-06-04T18:00,18,1,156,26438.0
2024-06-04T19:00,19,1,156,26896.0
2024-06-04T20:00,20,1,156,26401.0
2024-06-04T21:00,21,1,156,26047.0
2024-06-04T22:00,22,1,156,25376.0
2024-06-04T23:00,23,1,156,25638.0
2024-06-05T00:00,0,2,157,27252.0
2024-06-05T01:00,1,2,157,28602.0
2024-06-05T02:00,2,2,157,30456.0
2024-06-05T03:00,3,2,157,31941.0
2024-06-05T04:00,4,2,157,32648.0
2024-06-05T05:00,5,2,157,32621.0
2024-06-05T06:00,6,2,157,31736.0
2024-06-05T07:00,7,2,157,29492.0
2024-06-05T08:00,8,2,157,27296.0
2024-06-05T09:00,9,2,157,25859.0
2024-06-05T10:00,10,2,157,24511.0
2024-06-05T11:00,11,2,157,23540.0
2024-06-05T12:00,12,2,157,23095.0
2024-06-05T13:00,13,2,157,22932.0
2024-06-05T14:00,14,2,157,23713.0
2024-06-05T15:00,15,2,157,25192.0
2024-06-05T16:00,16,2,157,27221.0
2024-06-05T17:00,17,2,157,29160.0
2024-06-05T18:00,18,2,157,29075.0
2024-06-05T19:00,19,2,157,29100.0
2024-06-05T20:00,20,2,157,29198.0
2024-06-05T21:00,21,2,157,30013.0
2024-06-05T22:00,22,2,157,29849.0
2024-06-05T23:00,23,2,157,30456.0
2024-06-06T00:00,0,3,158,31929.0
2024-06-06T01:00,1,3,158,32950.0
2024-06-06T02:00,2,3,158,34769.0
2024-06-06T03:00,3,3,158,35698.0
2024-06-06T04:00,4,3,158,35522.0
2024-06-06T05:00,5,3,158,34904.0
2024-06-06T06:00,6,3,158,33718.0
2024-06-06T07:00,7,3,158,31240.0
2024-06-06T08:00,8,3,158,29103.0
2024-06-06T09:00,9,3,158,27213.0
2024-06-06T10:00,10,3,158,25429.0
2024-06-06T11:00,11,3,158,24559.0
2024-06-06T12:00,12,3,158,23860.0
2024-06-06T13:00,13,3,158,23618.0
2024-06-06T14:00,14,3,158,24057.0
2024-06-06T15:00,15,3,158,25030.0
2024-06-06T16:00,16,3,158,26662.0
2024-06-06T17:00,17,3,158,28395.0
2024-06-06T18:00,18,3,158,28362.0
2024-06-06T19:00,19,3,158,28332.0
2024-06-06T20:00,20,3,158,28478.0
2024-06-06T21:00,21,3,158,29008.0
2024-06-06T22:00,22,3,158,28892.0
2024-06-06T23:00,23,3,158,30338.0
2024-06-07T00:00,0,4,159,31123.0
2024-06-07T01:00,1,4,159,32777.0
2024-06-07T02:00,2,4,159,34171.0
2024-06-07T03:00,3,4,159,34457.0
2024-06-07T04:00,4,4,159,34440.0
2024-06-07T05:00,5,4,159,33750.0
2024-06-07T06:00,6,4,159,32709.0
2024-06-07T07:00,7,4,159,30492.0
2024-06-07T08:00,8,4,159,28423.0
2024-06-07T09:00,9,4,159,26911.0
2024-06-07T10:00,10,4,159,25227.0
2024-06-07T11:00,11,4,159,23760.0
2024-06-07T12:00,12,4,159,23318.0
2024-06-07T13:00,13,4,159,23222.0
2024-06-07T14:00,14,4,159,23730.0
2024-06-07T15:00,15,4,159,24818.0
2024-06-07T16:00,16,4,159,26695.0
2024-06-07T17:00,17,4,159,28392.0
2024-06-07T18:00,18,4,159,28723.0
2024-06-07T19:00,19,4,159,28348.0
2024-06-07T20:00,20,4,159,28125.0
2024-06-07T21:00,21,4,159,28009.0
2024-06-07T22:00,22,4,159,27415.0
2024-06-07T23:00,23,4,159,28082.0
2024-06-08T00:00,0,5,160,28569.0
2024-06-08T01:00,1,5,160,28676.0
2024-06-08T02:00,2,5,160,29995.0
2024-06-08T03:00,3,5,160,30803.0
2024-06-08T04:00,4,5,160,30926.0
2024-06-08T05:00,5,5,160,30513.0
2024-06-08T06:00,6,5,160,29783.0
2024-06-08T07:00,7,5,160,28071.0
2024-06-08T08:00,8,5,160,26371.0
2024-06-08T09:00,9,5,160,24894.0
2024-06-08T10:00,10,5,160,23630.0
2024-06-08T11:00,11,5,160,22652.0
2024-06-08T12:00,12,5,160,22122.0
2024-06-08T13:00,13,5,160,21900.0
2024-06-08T14:00,14,5,160,21769.0
2024-06-08T15:00,15,5,160,21863.0
2024-06-08T16:00,16,5,160,23136.0
2024-06-08T17:00,17,5,160,23794.0
2024-06-08T18:00,18,5,160,23691.0
2024-06-08T19:00,19,5,160,22918.0
2024-06-08T20:00,20,5,160,22731.0
2024-06-08T21:00,21,5,160,22208.0
2024-06-08T22:00,22,5,160,21884.0
2024-06-08T23:00,23,5,160,22056.0
2024-06-09T00:00,0,6,161,22676.0
2024-06-09T01:00,1,6,161,23706.0
2024-06-09T02:00,2,6,161,25325.0
2024-06-09T03:00,3,6,161,26772.0
2024-06-09T04:00,4,6,161,27545.0
2024-06-09T05:00,5,6,161,27710.0
2024-06-09T06:00,6,6,161,27222.0
2024-06-09T07:00,7,6,161,25888.0
2024-06-09T08:00,8,6,161,24320.0
2024-06-09T09:00,9,6,161,23172.0
2024-06-09T10:00,10,6,161,22130.0
2024-06-09T11:00,11,6,161,21399.0
2024-06-09T12:00,12,6,161,20841.0
2024-06-09T13:00,13,6,161,20355.0
2024-06-09T14:00,14,6,161,20195.0
2024-06-09T15:00,15,6,161,20151.0
2024-06-09T16:00,16,6,161,21080.0
2024-06-09T17:00,17,6,161,22632.0
2024-06-09T18:00,18,6,161,22112.0
2024-06-09T19:00,19,6,161,21514.0
2024-06-09T20:00,20,6,161,21353.0
2024-06-09T21:00,21,6,161,20709.0
2024-06-09T22:00,22,6,161,20143.0
2024-06-09T23:00,23,6,161,19930.0
2024-06-10T00:00,0,0,162,20757.0
2024-06-10T01:00,1,0,162,22189.0
2024-06-10T02:00,2,0,162,24454.0
2024-06-10T03:00,3,0,162,26394.0
2024-06-10T04:00,4,0,162,27293.0
2024-06-10T05:00,5,0,162,27503.0
2024-06-10T06:00,6,0,162,27082.0
2024-06-10T07:00,7,0,162,25422.0
2024-06-10T08:00,8,0,162,23580.0
2024-06-10T09:00,9,0,162,22526.0
2024-06-10T10:00,10,0,162,21612.0
2024-06-10T11:00,11,0,162,20904.0
2024-06-10T12:00,12,0,162,20514.0
2024-06-10T13:00,13,0,162,20730.0
2024-06-10T14:00,14,0,162,21528.0
2024-06-10T15:00,15,0,162,23021.0
2024-06-10T16:00,16,0,162,25463.0
2024-06-10T17:00,17,0,162,26777.0
2024-06-10T18:00,18,0,162,27604.0
2024-06-10T19:00,19,0,162,27270.0
2024-06-10T20:00,20,0,162,26629.0
2024-06-10T21:00,21,0,162,25867.0
2024-06-10T22:00,22,0,162,25081.0
2024-06-10T23:00,23,0,162,25600.0
2024-06-11T00:00,0,1,163,26587.0
2024-06-11T01:00,1,1,163,27697.0
2024-06-11T02:00,2,1,163,29634.0
2024-06-11T03:00,3,1,163,31072.0
2024-06-11T04:00,4,1,163,31489.0
2024-06-11T05:00,5,1,163,31237.0
2024-06-11T06:00,6,1,163,30421.0
2024-06-11T07:00,7,1,163,28332.0
2024-06-11T08:00,8,1,163,26058.0
2024-06-11T09:00,9,1,163,24803.0
2024-06-11T10:00,10,1,163,23683.0
2024-06-11T11:00,11,1,163,22734.0
2024-06-11T12:00,12,1,163,22086.0
2024-06-11T13:00,13,1,163,22229.0
2024-06-11T14:00,14,1,163,22838.0
2024-06-11T15:00,15,1,163,24094.0
2024-06-11T16:00,16,1,163,26061.0
2024-06-11T17:00,17,1,163,27356.0
2024-06-11T18:00,18,1,163,28306.0
2024-06-11T19:00,19,1,163,27582.0
2024-06-11T20:00,20,1,163,27610.0
2024-06-11T21:00,21,1,163,27414.0
2024-06-11T22:00,22,1,163,28587.0
2024-06-11T23:00,23,1,163,29454.0
2024-06-12T00:00,0,2,164,30679.0
2024-06-12T01:00,1,2,164,31844.0
2024-06-12T02:00,2,2,164,33345.0
2024-06-12T03:00,3,2,164,34216.0
2024-06-12T04:00,4,2,164,34352.0
2024-06-12T05:00,5,2,164,33864.0
2024-06-12T06:00,6,2,164,32649.0
2024-06-12T07:00,7,2,164,30314.0
2024-06-12T08:00,8,2,164,28131.0
2024-06-12T09:00,9,2,164,26376.0
2024-06-12T10:00,10,2,164,25127.0
2024-06-12T11:00,11,2,164,24078.0
2024-06-12T12:00,12,2,164,23427.0
2024-06-12T13:00,13,2,164,23361.0
2024-06-12T14:00,14,2,164,23997.0
2024-06-12T15:00,15,2,164,25201.0
2024-06-12T16:00,16,2,164,27489.0
2024-06-12T17:00,17,2,164,29136.0
2024-06-12T18:00,18,2,164,29353.0
2024-06-12T19:00,19,2,164,28779.0
2024-06-12T20:00,20,2,164,28132.0
2024-06-12T21:00,21,2,164,28690.0
2024-06-12T22:00,22,2,164,28495.0
2024-06-12T23:00,23,2,164,28008.0
2024-06-13T00:00,0,3,165,29024.0
2024-06-13T01:00,1,3,165,30220.0
2024-06-13T02:00,2,3,165,31917.0
2024-06-13T03:00,3,3,165,33121.0
2024-06-13T04:00,4,3,165,33140.0
2024-06-13T05:00,5,3,165,32409.0
2024-06-13T06:00,6,3,165,31313.0
2024-06-13T07:00,7,3,165,29221.0
2024-06-13T08:00,8,3,165,27174.0
2024-06-13T09:00,9,3,165,25590.0
2024-06-13T10:00,10,3,165,24270.0
2024-06-13T11:00,11,3,165,23061.0
2024-06-13T12:00,12,3,165,22517.0
2024-06-13T13:00,13,3,165,22536.0
2024-06-13T14:00,14,3,165,23239.0
2024-06-13T15:00,15,3,165,24427.0
2024-06-13T16:00,16,3,165,25862.0
2024-06-13T17:00,17,3,165,27017.0
2024-06-13T18:00,18,3,165,26713.0
2024-06-13T19:00,19,3,165,25679.0
2024-06-13T20:00,20,3,165,24960.0
2024-06-13T21:00,21,3,165,24579.0
2024-06-13T22:00,22,3,165,24669.0
2024-06-13T23:00,23,3,165,25054.0
2024-06-14T00:00,0,4,166,25890.0
2024-06-14T01:00,1,4,166,27396.0
2024-06-14T02:00,2,4,166,29104.0
2024-06-14T03:00,3,4,166,30391.0
2024-06-14T04:00,4,4,166,30842.0
2024-06-14T05:00,5,4,166,30449.0
2024-06-14T06:00,6,4,166,29964.0
2024-06-14T07:00,7,4,166,28216.0
2024-06-14T08:00,8,4,166,26555.0
2024-06-14T09:00,9,4,166,24996.0
2024-06-14T10:00,10,4,166,23623.0
2024-06-14T11:00,11,4,166,22668.0
2024-06-14T12:00,12,4,166,22324.0
2024-06-14T13:00,13,4,166,22305.0
2024-06-14T14:00,14,4,166,22676.0
2024-06-14T15:00,15,4,166,23897.0
2024-06-14T16:00,16,4,166,25956.0
2024-06-14T17:00,17,4,166,26609.0
2024-06-14T18:00,18,4,166,26146.0
2024-06-14T19:00,19,4,166,25696.0
2024-06-14T20:00,20,4,166,25119.0
2024-06-14T21:00,21,4,166,24917.0
2024-06-14T22:00,22,4,166,25217.0
2024-06-14T23:00,23,4,166,25648.0
2024-06-15T00:00,0,5,167,26775.0
2024-06-15T01:00,1,5,167,28413.0
2024-06-15T02:00,2,5,167,30232.0
2024-06-15T03:00,3,5,167,31140.0
2024-06-15T04:00,4,5,167,31391.0
2024-06-15T05:00,5,5,167,30958.0
2024-06-15T06:00,6,5,167,30361.0
2024-06-15T07:00,7,5,167,28374.0
2024-06-15T08:00,8,5,167,26926.0
2024-06-15T09:00,9,5,167,25237.0
2024-06-15T10:00,10,5,167,23839.0
2024-06-15T11:00,11,5,167,22853.0
2024-06-15T12:00,12,5,167,22107.0
2024-06-15T13:00,13,5,167,21796.0
2024-06-15T14:00,14,5,167,21864.0
2024-06-15T15:00,15,5,167,22051.0
2024-06-15T16:00,16,5,167,23202.0
2024-06-15T17:00,17,5,167,24194.0
2024-06-15T18:00,18,5,167,24312.0
2024-06-15T19:00,19,5,167,24150.0
2024-06-15T20:00,20,5,167,23479.0
2024-06-15T21:00,21,5,167,23183.0
2024-06-15T22:00,22,5,167,22741.0
2024-06-15T23:00,23,5,167,23178.0
2024-06-16T00:00,0,6,168,24263.0
2024-06-16T01:00,1,6,168,25963.0
2024-06-16T02:00,2,6,168,28058.0
2024-06-16T03:00,3,6,168,29380.0
2024-06-16T04:00,4,6,168,29780.0
2024-06-16T05:00,5,6,168,29418.0
2024-06-16T06:00,6,6,168,28895.0
2024-06-16T07:00,7,6,168,27152.0
2024-06-16T08:00,8,6,168,25320.0
2024-06-16T09:00,9,6,168,24242.0
2024-06-16T10:00,10,6,168,22803.0
2024-06-16T11:00,11,6,168,21773.0
2024-06-16T12:00,12,6,168,21038.0
2024-06-16T13:00,13,6,168,20677.0
2024-06-16T14:00,14,6,168,20593.0
2024-06-16T15:00,15,6,168,20734.0
2024-06-16T16:00,16,6,168,21208.0
2024-06-16T17:00,17,6,168,22218.0
2024-06-16T18:00,18,6,168,21927.0
2024-06-16T19:00,19,6,168,21891.0
2024-06-16T20:00,20,6,168,21646.0
2024-06-16T21:00,21,6,168,20918.0
2024-06-16T22:00,22,6,168,20658.0
2024-06-16T23:00,23,6,168,21228.0
2024-06-17T00:00,0,0,169,22031.0
2024-06-17T01:00,1,0,169,23830.0
2024-06-17T02:00,2,0,169,25660.0
2024-06-17T03:00,3,0,169,27316.0
2024-06-17T04:00,4,0,169,28067.0
2024-06-17T05:00,5,0,169,28151.0
2024-06-17T06:00,6,0,169,27863.0
2024-06-17T07:00,7,0,169,26262.0
2024-06-17T08:00,8,0,169,24504.0
2024-06-17T09:00,9,0,169,23428.0
2024-06-17T10:00,10,0,169,22124.0
2024-06-17T11:00,11,0,169,21356.0
2024-06-17T12:00,12,0,169,21093.0
2024-06-17T13:00,13,0,169,21171.0
2024-06-17T14:00,14,0,169,21982.0
2024-06-17T15:00,15,0,169,23059.0
2024-06-17T16:00,16,0,169,24236.0
2024-06-17T17:00,17,0,169,25671.0
2024-06-17T18:00,18,0,169,26213.0
2024-06-17T19:00,19,0,169,26456.0
2024-06-17T20:00,20,0,169,26231.0
2024-06-17T21:00,21,0,169,26006.0
2024-06-17T22:00,22,0,169,25141.0
2024-06-17T23:00,23,0,169,24250.0
2024-06-18T00:00,0,1,170,24238.0
2024-06-18T01:00,1,1,170,25420.0
2024-06-18T02:00,2,1,170,27354.0
2024-06-18T03:00,3,1,170,28353.0
2024-06-18T04:00,4,1,170,28937.0
2024-06-18T05:00,5,1,170,29331.0
2024-06-18T06:00,6,1,170,28758.0
2024-06-18T07:00,7,1,170,27140.0
2024-06-18T08:00,8,1,170,25320.0
2024-06-18T09:00,9,1,170,24333.0
2024-06-18T10:00,10,1,170,23174.0
2024-06-18T11:00,11,1,170,22204.0
2024-06-18T12:00,12,1,170,22015.0
2024-06-18T13:00,13,1,170,21995.0
2024-06-18T14:00,14,1,170,22750.0
2024-06-18T15:00,15,1,170,23992.0
2024-06-18T16:00,16,1,170,25956.0
2024-06-18T17:00,17,1,170,27250.0
2024-06-18T18:00,18,1,170,26869.0
2024-06-18T19:00,19,1,170,26634.0
2024-06-18T20:00,20,1,170,25911.0
2024-06-18T21:00,21,1,170,25819.0
2024-06-18T22:00,22,1,170,25292.0
2024-06-18T23:00,23,1,170,26098.0
2024-06-19T00:00,0,2,171,27067.0
2024-06-19T01:00,1,2,171,27783.0
2024-06-19T02:00,2,2,171,28617.0
2024-06-19T03:00,3,2,171,29922.0
2024-06-19T04:00,4,2,171,30149.0
2024-06-19T05:00,5,2,171,30203.0
2024-06-19T06:00,6,2,171,29542.0
2024-06-19T07:00,7,2,171,27644.0
2024-06-19T08:00,8,2,171,26206.0
2024-06-19T09:00,9,2,171,24513.0
2024-06-19T10:00,10,2,171,23263.0
2024-06-19T11:00,11,2,171,22457.0
2024-06-19T12:00,12,2,171,21891.0
2024-06-19T13:00,13,2,171,22056.0
2024-06-19T14:00,14,2,171,22627.0
2024-06-19T15:00,15,2,171,23703.0
2024-06-19T16:00,16,2,171,25162.0
2024-06-19T17:00,17,2,171,25707.0
2024-06-19T18:00,18,2,171,25846.0
2024-06-19T19:00,19,2,171,25542.0
2024-06-19T20:00,20,2,171,25045.0
2024-06-19T21:00,21,2,171,25028.0
2024-06-19T22:00,22,2,171,24168.0
2024-06-19T23:00,23,2,171,24539.0
2024-06-20T00:00,0,3,172,25025.0
2024-06-20T01:00,1,3,172,26868.0
2024-06-20T02:00,2,3,172,28166.0
2024-06-20T03:00,3,3,172,29221.0
2024-06-20T04:00,4,3,172,29816.0
2024-06-20T05:00,5,3,172,29867.0
2024-06-20T06:00,6,3,172,29353.0
2024-06-20T07:00,7,3,172,27642.0
2024-06-20T08:00,8,3,172,26063.0
2024-06-20T09:00,9,3,172,24721.0
2024-06-20T10:00,10,3,172,23538.0
2024-06-20T11:00,11,3,172,22753.0
2024-06-20T12:00,12,3,172,22017.0
2024-06-20T13:00,13,3,172,22167.0
2024-06-20T14:00,14,3,172,22848.0
2024-06-20T15:00,15,3,172,24074.0
2024-06-20T16:00,16,3,172,25867.0
2024-06-20T17:00,17,3,172,26647.0
2024-06-20T18:00,18,3,172,26195.0
2024-06-20T19:00,19,3,172,25636.0
2024-06-20T20:00,20,3,172,25266.0
2024-06-20T21:00,21,3,172,25144.0
2024-06-20T22:00,22,3,172,25526.0
2024-06-20T23:00,23,3,172,25794.0
2024-06-21T00:00,0,4,173,27019.0
2024-06-21T01:00,1,4,173,28309.0
2024-06-21T02:00,2,4,173,29758.0
2024-06-21T03:00,3,4,173,30500.0
2024-06-21T04:00,4,4,173,30863.0
2024-06-21T05:00,5,4,173,30734.0
2024-06-21T06:00,6,4,173,30279.0
2024-06-21T07:00,7,4,173,28350.0
2024-06-21T08:00,8,4,173,26395.0
2024-06-21T09:00,9,4,173,25023.0
2024-06-21T10:00,10,4,173,23591.0
2024-06-21T11:00,11,4,173,22590.0
2024-06-21T12:00,12,4,173,22244.0
2024-06-21T13:00,13,4,173,22096.0
2024-06-21T14:00,14,4,173,22814.0
2024-06-21T15:00,15,4,173,23981.0
2024-06-21T16:00,16,4,173,25886.0
2024-06-21T17:00,17,4,173,27847.0
2024-06-21T18:00,18,4,173,27202.0
2024-06-21T19:00,19,4,173,26792.0
2024-06-21T20:00,20,4,173,26398.0
2024-06-21T21:00,21,4,173,26635.0
2024-06-21T22:00,22,4,173,26081.0
2024-06-21T23:00,23,4,173,26636.0
2024-06-22T00:00,0,5,174,28246.0
2024-06-22T01:00,1,5,174,29983.0
2024-06-22T02:00,2,5,174,32002.0
2024-06-22T03:00,3,5,174,33271.0
2024-06-22T04:00,4,5,174,33291.0
2024-06-22T05:00,5,5,174,32624.0
2024-06-22T06:00,6,5,174,31780.0
2024-06-22T07:00,7,5,174,29720.0
2024-06-22T08:00,8,5,174,27621.0
2024-06-22T09:00,9,5,174,26032.0
2024-06-22T10:00,10,5,174,24692.0
2024-06-22T11:00,11,5,174,23543.0
2024-06-22T12:00,12,5,174,22917.0
2024-06-22T13:00,13,5,174,22410.0
2024-06-22T14:00,14,5,174,22354.0
2024-06-22T15:00,15,5,174,23042.0
2024-06-22T16:00,16,5,174,24729.0
2024-06-22T17:00,17,5,174,27254.0
2024-06-22T18:00,18,5,174,27336.0
2024-06-22T19:00,19,5,174,27095.0
2024-06-22T20:00,20,5,174,27215.0
2024-06-22T21:00,21,5,174,26969.0
2024-06-22T22:00,22,5,174,27353.0
2024-06-22T23:00,23,5,174,28657.0
2024-06-23T00:00,0,6,175,30489.0
2024-06-23T01:00,1,6,175,32534.0
2024-06-23T02:00,2,6,175,34868.0
2024-06-23T03:00,3,6,175,36525.0
2024-06-23T04:00,4,6,175,36569.0
2024-06-23T05:00,5,6,175,35379.0
2024-06-23T06:00,6,6,175,34183.0
2024-06-23T07:00,7,6,175,31885.0
2024-06-23T08:00,8,6,175,29634.0
2024-06-23T09:00,9,6,175,27790.0
2024-06-23T10:00,10,6,175,26069.0
2024-06-23T11:00,11,6,175,24669.0
2024-06-23T12:00,12,6,175,23731.0
2024-06-23T13:00,13,6,175,22873.0
2024-06-23T14:00,14,6,175,22655.0
2024-06-23T15:00,15,6,175,22824.0
2024-06-23T16:00,16,6,175,24206.0
2024-06-23T17:00,17,6,175,27123.0
2024-06-23T18:00,18,6,175,28241.0
2024-06-23T19:00,19,6,175,28374.0
2024-06-23T20:00,20,6,175,28928.0
2024-06-23T21:00,21,6,175,29313.0
2024-06-23T22:00,22,6,175,29390.0
2024-06-23T23:00,23,6,175,30732.0
2024-06-24T00:00,0,0,176,32352.0
2024-06-24T01:00,1,0,176,33909.0
2024-06-24T02:00,2,0,176,36048.0
2024-06-24T03:00,3,0,176,37484.0
2024-06-24T04:00,4,0,176,36954.0
2024-06-24T05:00,5,0,176,35896.0
2024-06-24T06:00,6,0,176,34765.0
2024-06-24T07:00,7,0,176,32438.0
2024-06-24T08:00,8,0,176,29846.0
2024-06-24T09:00,9,0,176,27813.0
2024-06-24T10:00,10,0,176,26185.0
2024-06-24T11:00,11,0,176,24933.0
2024-06-24T12:00,12,0,176,24015.0
2024-06-24T13:00,13,0,176,24177.0
2024-06-24T14:00,14,0,176,24722.0
2024-06-24T15:00,15,0,176,26103.0
2024-06-24T16:00,16,0,176,29272.0
2024-06-24T17:00,17,0,176,31805.0
2024-06-24T18:00,18,0,176,32197.0
2024-06-24T19:00,19,0,176,32265.0
2024-06-24T20:00,20,0,176,32412.0
2024-06-24T21:00,21,0,176,33467.0
2024-06-24T22:00,22,0,176,34271.0
2024-06-24T23:00,23,0,176,35576.0
2024-06-25T00:00,0,1,177,37243.0
2024-06-25T01:00,1,1,177,37600.0
2024-06-25T02:00,2,1,177,38117.0
2024-06-25T03:00,3,1,177,38678.0
2024-06-25T04:00,4,1,177,37933.0
2024-06-25T05:00,5,1,177,36772.0
2024-06-25T06:00,6,1,177,35545.0
2024-06-25T07:00,7,1,177,33115.0
2024-06-25T08:00,8,1,177,30571.0
2024-06-25T09:00,9,1,177,28759.0
2024-06-25T10:00,10,1,177,27116.0
2024-06-25T11:00,11,1,177,25801.0
2024-06-25T12:00,12,1,177,25239.0
2024-06-25T13:00,13,1,177,25105.0
2024-06-25T14:00,14,1,177,25639.0
2024-06-25T15:00,15,1,177,27299.0
2024-06-25T16:00,16,1,177,29686.0
2024-06-25T17:00,17,1,177,31757.0
2024-06-25T18:00,18,1,177,31667.0
2024-06-25T19:00,19,1,177,32207.0
2024-06-25T20:00,20,1,177,32497.0
2024-06-25T21:00,21,1,177,32569.0
2024-06-25T22:00,22,1,177,33166.0
2024-06-25T23:00,23,1,177,34218.0
2024-06-26T00:00,0,2,178,35701.0
2024-06-26T01:00,1,2,178,36814.0
2024-06-26T02:00,2,2,178,37620.0
2024-06-26T03:00,3,2,178,37762.0
2024-06-26T04:00,4,2,178,37249.0
2024-06-26T05:00,5,2,178,36197.0
2024-06-26T06:00,6,2,178,34966.0
2024-06-26T07:00,7,2,178,32544.0
2024-06-26T08:00,8,2,178,30230.0
2024-06-26T09:00,9,2,178,28289.0
2024-06-26T10:00,10,2,178,26450.0
2024-06-26T11:00,11,2,178,25401.0
2024-06-26T12:00,12,2,178,24659.0
2024-06-26T13:00,13,2,178,24483.0
2024-06-26T14:00,14,2,178,24993.0
2024-06-26T15:00,15,2,178,26248.0
2024-06-26T16:00,16,2,178,28921.0
2024-06-26T17:00,17,2,178,30470.0
2024-06-26T18:00,18,2,178,30719.0
2024-06-26T19:00,19,2,178,30442.0
2024-06-26T20:00,20,2,178,30113.0
2024-06-26T21:00,21,2,178,29773.0
2024-06-26T22:00,22,2,178,30002.0
2024-06-26T23:00,23,2,178,30490.0
2024-06-27T00:00,0,3,179,31764.0
2024-06-27T01:00,1,3,179,33088.0
2024-06-27T02:00,2,3,179,34945.0
2024-06-27T03:00,3,3,179,35785.0
2024-06-27T04:00,4,3,179,35419.0
2024-06-27T05:00,5,3,179,34519.0
2024-06-27T06:00,6,3,179,33666.0
2024-06-27T07:00,7,3,179,31333.0
2024-06-27T08:00,8,3,179,29166.0
2024-06-27T09:00,9,3,179,27441.0
2024-06-27T10:00,10,3,179,25932.0
2024-06-27T11:00,11,3,179,25170.0
2024-06-27T12:00,12,3,179,24360.0
2024-06-27T13:00,13,3,179,24298.0
2024-06-27T14:00,14,3,179,24863.0
2024-06-27T15:00,15,3,179,25893.0
2024-06-27T16:00,16,3,179,28496.0
2024-06-27T17:00,17,3,179,30290.0
2024-06-27T18:00,18,3,179,30205.0
2024-06-27T19:00,19,3,179,29489.0
2024-06-27T20:00,20,3,179,29351.0
2024-06-27T21:00,21,3,179,29617.0
2024-06-27T22:00,22,3,179,29576.0
2024-06-27T23:00,23,3,179,30705.0
2024-06-28T00:00,0,4,180,31848.0
2024-06-28T01:00,1,4,180,32698.0
2024-06-28T02:00,2,4,180,34393.0
2024-06-28T03:00,3,4,180,35411.0
2024-06-28T04:00,4,4,180,35126.0
2024-06-28T05:00,5,4,180,34306.0
2024-06-28T06:00,6,4,180,33461.0
2024-06-28T07:00,7,4,180,31198.0
2024-06-28T08:00,8,4,180,28857.0
2024-06-28T09:00,9,4,180,27394.0
2024-06-28T10:00,10,4,180,25840.0
2024-06-28T11:00,11,4,180,25016.0
2024-06-28T12:00,12,4,180,24405.0
2024-06-28T13:00,13,4,180,24016.0
2024-06-28T14:00,14,4,180,24472.0
2024-06-28T15:00,15,4,180,25617.0
2024-06-28T16:00,16,4,180,28209.0
2024-06-28T17:00,17,4,180,30270.0
2024-06-28T18:00,18,4,180,30117.0
2024-06-28T19:00,19,4,180,29390.0
2024-06-28T20:00,20,4,180,28915.0
2024-06-28T21:00,21,4,180,28638.0
2024-06-28T22:00,22,4,180,28997.0
2024-06-28T23:00,23,4,180,29769.0
2024-06-29T00:00,0,5,181,30762.0
2024-06-29T01:00,1,5,181,32261.0
2024-06-29T02:00,2,5,181,34003.0
2024-06-29T03:00,3,5,181,34862.0
2024-06-29T04:00,4,5,181,34656.0
2024-06-29T05:00,5,5,181,33814.0
2024-06-29T06:00,6,5,181,32858.0
2024-06-29T07:00,7,5,181,30671.0
2024-06-29T08:00,8,5,181,28808.0
2024-06-29T09:00,9,5,181,26986.0
2024-06-29T10:00,10,5,181,25325.0
2024-06-29T11:00,11,5,181,24159.0
2024-06-29T12:00,12,5,181,23381.0
2024-06-29T13:00,13,5,181,23068.0
2024-06-29T14:00,14,5,181,23060.0
2024-06-29T15:00,15,5,181,23373.0
2024-06-29T16:00,16,5,181,25371.0
2024-06-29T17:00,17,5,181,26976.0
2024-06-29T18:00,18,5,181,26590.0
2024-06-29T19:00,19,5,181,25766.0
2024-06-29T20:00,20,5,181,25499.0
2024-06-29T21:00,21,5,181,25816.0
2024-06-29T22:00,22,5,181,26756.0
2024-06-29T23:00,23,5,181,27279.0
2024-06-30T00:00,0,6,182,28521.0
2024-06-30T01:00,1,6,182,30467.0
2024-06-30T02:00,2,6,182,32670.0
2024-06-30T03:00,3,6,182,34162.0
2024-06-30T04:00,4,6,182,34173.0
2024-06-30T05:00,5,6,182,33335.0
2024-06-30T06:00,6,6,182,32249.0
2024-06-30T07:00,7,6,182,30233.0
2024-06-30T08:00,8,6,182,28441.0
2024-06-30T09:00,9,6,182,26540.0
2024-06-30T10:00,10,6,182,25174.0
2024-06-30T11:00,11,6,182,24074.0
2024-06-30T12:00,12,6,182,23468.0
2024-06-30T13:00,13,6,182,23013.0
2024-06-30T14:00,14,6,182,22661.0
2024-06-30T15:00,15,6,182,23194.0
2024-06-30T16:00,16,6,182,25342.0
2024-06-30T17:00,17,6,182,27135.0
2024-06-30T18:00,18,6,182,26867.0
2024-06-30T19:00,19,6,182,26115.0
2024-06-30T20:00,20,6,182,25319.0
2024-06-30T21:00,21,6,182,25129.0
2024-06-30T22:00,22,6,182,25439.0
2024-06-30T23:00,23,6,182,27155.0
2024-07-01T00:00,0,0,183,29408.0
2024-07-01T01:00,1,0,183,31482.0
2024-07-01T02:00,2,0,183,33579.0
2024-07-01T03:00,3,0,183,35137.0
2024-07-01T04:00,4,0,183,35172.0
2024-07-01T05:00,5,0,183,34059.0
2024-07-01T06:00,6,0,183,32978.0
2024-07-01T07:00,7,0,183,30736.0
2024-07-01T08:00,8,0,183,28251.0
2024-07-01T09:00,9,0,183,26610.0
2024-07-01T10:00,10,0,183,25130.0
2024-07-01T11:00,11,0,183,23940.0
2024-07-01T12:00,12,0,183,23774.0
2024-07-01T13:00,13,0,183,23568.0
2024-07-01T14:00,14,0,183,24108.0
2024-07-01T15:00,15,0,183,25946.0
2024-07-01T16:00,16,0,183,28696.0
2024-07-01T17:00,17,0,183,31281.0
2024-07-01T18:00,18,0,183,31293.0
2024-07-01T19:00,19,0,183,30731.0
2024-07-01T20:00,20,0,183,30119.0
2024-07-01T21:00,21,0,183,30427.0
2024-07-01T22:00,22,0,183,30748.0
2024-07-01T23:00,23,0,183,32163.0
2024-07-02T00:00,0,1,184,34240.0
2024-07-02T01:00,1,1,184,36113.0
2024-07-02T02:00,2,1,184,38024.0
2024-07-02T03:00,3,1,184,38956.0
2024-07-02T04:00,4,1,184,38457.0
2024-07-02T05:00,5,1,184,37259.0
2024-07-02T06:00,6,1,184,35781.0
2024-07-02T07:00,7,1,184,33014.0
2024-07-02T08:00,8,1,184,30269.0
2024-07-02T09:00,9,1,184,28633.0
2024-07-02T10:00,10,1,184,27675.0
2024-07-02T11:00,11,1,184,27000.0
2024-07-02T12:00,12,1,184,26215.0
2024-07-02T13:00,13,1,184,25908.0
2024-07-02T14:00,14,1,184,26162.0
2024-07-02T15:00,15,1,184,27437.0
2024-07-02T16:00,16,1,184,29734.0
2024-07-02T17:00,17,1,184,31254.0
2024-07-02T18:00,18,1,184,30825.0
2024-07-02T19:00,19,1,184,30340.0
2024-07-02T20:00,20,1,184,30842.0
2024-07-02T21:00,21,1,184,31571.0
2024-07-02T22:00,22,1,184,32835.0
2024-07-02T23:00,23,1,184,34832.0
2024-07-03T00:00,0,2,185,36844.0
2024-07-03T01:00,1,2,185,38509.0
2024-07-03T02:00,2,2,185,40599.0
2024-07-03T03:00,3,2,185,41428.0
2024-07-03T04:00,4,2,185,41063.0
2024-07-03T05:00,5,2,185,39776.0
2024-07-03T06:00,6,2,185,38217.0
2024-07-03T07:00,7,2,185,35339.0
2024-07-03T08:00,8,2,185,32546.0
2024-07-03T09:00,9,2,185,30593.0
2024-07-03T10:00,10,2,185,28728.0
2024-07-03T11:00,11,2,185,27650.0
2024-07-03T12:00,12,2,185,27250.0
2024-07-03T13:00,13,2,185,26972.0
2024-07-03T14:00,14,2,185,27200.0
2024-07-03T15:00,15,2,185,28137.0
2024-07-03T16:00,16,2,185,30484.0
2024-07-03T17:00,17,2,185,32275.0
2024-07-03T18:00,18,2,185,32564.0
2024-07-03T19:00,19,2,185,32433.0
2024-07-03T20:00,20,2,185,33401.0
2024-07-03T21:00,21,2,185,34237.0
2024-07-03T22:00,22,2,185,35745.0
2024-07-03T23:00,23,2,185,37628.0
2024-07-04T00:00,0,3,186,39555.0
2024-07-04T01:00,1,3,186,40991.0
2024-07-04T02:00,2,3,186,42141.0
2024-07-04T03:00,3,3,186,42598.0
2024-07-04T04:00,4,3,186,41684.0
2024-07-04T05:00,5,3,186,40144.0
2024-07-04T06:00,6,3,186,38435.0
2024-07-04T07:00,7,3,186,35678.0
2024-07-04T08:00,8,3,186,33127.0
2024-07-04T09:00,9,3,186,30701.0
2024-07-04T10:00,10,3,186,28724.0
2024-07-04T11:00,11,3,186,27193.0
2024-07-04T12:00,12,3,186,26025.0
2024-07-04T13:00,13,3,186,25484.0
2024-07-04T14:00,14,3,186,25355.0
2024-07-04T15:00,15,3,186,25890.0
2024-07-04T16:00,16,3,186,29003.0
2024-07-04T17:00,17,3,186,29992.0
2024-07-04T18:00,18,3,186,29852.0
2024-07-04T19:00,19,3,186,29974.0
2024-07-04T20:00,20,3,186,29862.0
2024-07-04T21:00,21,3,186,30292.0
2024-07-04T22:00,22,3,186,31883.0
2024-07-04T23:00,23,3,186,33076.0
2024-07-05T00:00,0,4,187,34618.0
2024-07-05T01:00,1,4,187,36111.0
2024-07-05T02:00,2,4,187,37406.0
2024-07-05T03:00,3,4,187,38211.0
2024-07-05T04:00,4,4,187,37733.0
2024-07-05T05:00,5,4,187,36228.0
2024-07-05T06:00,6,4,187,34660.0
2024-07-05T07:00,7,4,187,33114.0
2024-07-05T08:00,8,4,187,31122.0
2024-07-05T09:00,9,4,187,30633.0
2024-07-05T10:00,10,4,187,29020.0
2024-07-05T11:00,11,4,187,27253.0
2024-07-05T12:00,12,4,187,25943.0
2024-07-05T13:00,13,4,187,25130.0
2024-07-05T14:00,14,4,187,25514.0
2024-07-05T15:00,15,4,187,26374.0
2024-07-05T16:00,16,4,187,29234.0
2024-07-05T17:00,17,4,187,30313.0
2024-07-05T18:00,18,4,187,30408.0
2024-07-05T19:00,19,4,187,30528.0
2024-07-05T20:00,20,4,187,31495.0
2024-07-05T21:00,21,4,187,32823.0
2024-07-05T22:00,22,4,187,34332.0
2024-07-05T23:00,23,4,187,36406.0
2024-07-06T00:00,0,5,188,38531.0
2024-07-06T01:00,1,5,188,40225.0
2024-07-06T02:00,2,5,188,41565.0
2024-07-06T03:00,3,5,188,42126.0
2024-07-06T04:00,4,5,188,41502.0
2024-07-06T05:00,5,5,188,40100.0
2024-07-06T06:00,6,5,188,38511.0
2024-07-06T07:00,7,5,188,35841.0
2024-07-06T08:00,8,5,188,33623.0
2024-07-06T09:00,9,5,188,31050.0
2024-07-06T10:00,10,5,188,28933.0
2024-07-06T11:00,11,5,188,27229.0
2024-07-06T12:00,12,5,188,26306.0
2024-07-06T13:00,13,5,188,25514.0
2024-07-06T14:00,14,5,188,25301.0
2024-07-06T15:00,15,5,188,25598.0
2024-07-06T16:00,16,5,188,28184.0
2024-07-06T17:00,17,5,188,29581.0
2024-07-06T18:00,18,5,188,29713.0
2024-07-06T19:00,19,5,188,30195.0
2024-07-06T20:00,20,5,188,29654.0
2024-07-06T21:00,21,5,188,30162.0
2024-07-06T22:00,22,5,188,31813.0
2024-07-06T23:00,23,5,188,34005.0
2024-07-07T00:00,0,6,189,35975.0
2024-07-07T01:00,1,6,189,37930.0
2024-07-07T02:00,2,6,189,39678.0
2024-07-07T03:00,3,6,189,40642.0
2024-07-07T04:00,4,6,189,40419.0
2024-07-07T05:00,5,6,189,39102.0
2024-07-07T06:00,6,6,189,37565.0
2024-07-07T07:00,7,6,189,34965.0
2024-07-07T08:00,8,6,189,32659.0
2024-07-07T09:00,9,6,189,30353.0
2024-07-07T10:00,10,6,189,28426.0
2024-07-07T11:00,11,6,189,26799.0
2024-07-07T12:00,12,6,189,25909.0
2024-07-07T13:00,13,6,189,25247.0
2024-07-07T14:00,14,6,189,24784.0
2024-07-07T15:00,15,6,189,24737.0
2024-07-07T16:00,16,6,189,27047.0
2024-07-07T17:00,17,6,189,29097.0
2024-07-07T18:00,18,6,189,29046.0
2024-07-07T19:00,19,6,189,28734.0
2024-07-07T20:00,20,6,189,29304.0
2024-07-07T21:00,21,6,189,29752.0
2024-07-07T22:00,22,6,189,30807.0
2024-07-07T23:00,23,6,189,32146.0
2024-07-08T00:00,0,0,190,33932.0
2024-07-08T01:00,1,0,190,35830.0
2024-07-08T02:00,2,0,190,37861.0
2024-07-08T03:00,3,0,190,39261.0
2024-07-08T04:00,4,0,190,38988.0
2024-07-08T05:00,5,0,190,37854.0
2024-07-08T06:00,6,0,190,36537.0
2024-07-08T07:00,7,0,190,34062.0
2024-07-08T08:00,8,0,190,31440.0
2024-07-08T09:00,9,0,190,29759.0
2024-07-08T10:00,10,0,190,28179.0
2024-07-08T11:00,11,0,190,27652.0
2024-07-08T12:00,12,0,190,26824.0
2024-07-08T13:00,13,0,190,26806.0
2024-07-08T14:00,14,0,190,26616.0
2024-07-08T15:00,15,0,190,27686.0
2024-07-08T16:00,16,0,190,30815.0
2024-07-08T17:00,17,0,190,32928.0
2024-07-08T18:00,18,0,190,32810.0
2024-07-08T19:00,19,0,190,33140.0
2024-07-08T20:00,20,0,190,32228.0
2024-07-08T21:00,21,0,190,32678.0
2024-07-08T22:00,22,0,190,33811.0
2024-07-08T23:00,23,0,190,35556.0
2024-07-09T00:00,0,1,191,37186.0
2024-07-09T01:00,1,1,191,38939.0
2024-07-09T02:00,2,1,191,40603.0
2024-07-09T03:00,3,1,191,41249.0
2024-07-09T04:00,4,1,191,40453.0
2024-07-09T05:00,5,1,191,38954.0
2024-07-09T06:00,6,1,191,37329.0
2024-07-09T07:00,7,1,191,34654.0
2024-07-09T08:00,8,1,191,32048.0
2024-07-09T09:00,9,1,191,29915.0
2024-07-09T10:00,10,1,191,28436.0
2024-07-09T11:00,11,1,191,26968.0
2024-07-09T12:00,12,1,191,26271.0
2024-07-09T13:00,13,1,191,25970.0
2024-07-09T14:00,14,1,191,26713.0
2024-07-09T15:00,15,1,191,28275.0
2024-07-09T16:00,16,1,191,31441.0
2024-07-09T17:00,17,1,191,33612.0
2024-07-09T18:00,18,1,191,33351.0
2024-07-09T19:00,19,1,191,33158.0
2024-07-09T20:00,20,1,191,32329.0
2024-07-09T21:00,21,1,191,32545.0
2024-07-09T22:00,22,1,191,33809.0
2024-07-09T23:00,23,1,191,35271.0
2024-07-10T00:00,0,2,192,37098.0
2024-07-10T01:00,1,2,192,38950.0
2024-07-10T02:00,2,2,192,40165.0
2024-07-10T03:00,3,2,192,40913.0
2024-07-10T04:00,4,2,192,40085.0
2024-07-10T05:00,5,2,192,38942.0
2024-07-10T06:00,6,2,192,37530.0
2024-07-10T07:00,7,2,192,34831.0
2024-07-10T08:00,8,2,192,31959.0
2024-07-10T09:00,9,2,192,30559.0
2024-07-10T10:00,10,2,192,28712.0
2024-07-10T11:00,11,2,192,27191.0
2024-07-10T12:00,12,2,192,26410.0
2024-07-10T13:00,13,2,192,26254.0
2024-07-10T14:00,14,2,192,26625.0
2024-07-10T15:00,15,2,192,28474.0
2024-07-10T16:00,16,2,192,31952.0
2024-07-10T17:00,17,2,192,33769.0
2024-07-10T18:00,18,2,192,34139.0
2024-07-10T19:00,19,2,192,33866.0
2024-07-10T20:00,20,2,192,33277.0
2024-07-10T21:00,21,2,192,33203.0
2024-07-10T22:00,22,2,192,34687.0
2024-07-10T23:00,23,2,192,36565.0
2024-07-11T00:00,0,3,193,39054.0
2024-07-11T01:00,1,3,193,40959.0
2024-07-11T02:00,2,3,193,42926.0
2024-07-11T03:00,3,3,193,43417.0
2024-07-11T04:00,4,3,193,42939.0
2024-07-11T05:00,5,3,193,41564.0
2024-07-11T06:00,6,3,193,40112.0
2024-07-11T07:00,7,3,193,37046.0
2024-07-11T08:00,8,3,193,33624.0
2024-07-11T09:00,9,3,193,31396.0
2024-07-11T10:00,10,3,193,30039.0
2024-07-11T11:00,11,3,193,28436.0
2024-07-11T12:00,12,3,193,27936.0
2024-07-11T13:00,13,3,193,27924.0
2024-07-11T14:00,14,3,193,28127.0
2024-07-11T15:00,15,3,193,28604.0
2024-07-11T16:00,16,3,193,31455.0
2024-07-11T17:00,17,3,193,33303.0
2024-07-11T18:00,18,3,193,33770.0
2024-07-11T19:00,19,3,193,34030.0
2024-07-11T20:00,20,3,193,34373.0
2024-07-11T21:00,21,3,193,34829.0
2024-07-11T22:00,22,3,193,36149.0
2024-07-11T23:00,23,3,193,38317.0
2024-07-12T00:00,0,4,194,40450.0
2024-07-12T01:00,1,4,194,42089.0
2024-07-12T02:00,2,4,194,43058.0
2024-07-12T03:00,3,4,194,43602.0
2024-07-12T04:00,4,4,194,43002.0
2024-07-12T05:00,5,4,194,41740.0
2024-07-12T06:00,6,4,194,40166.0
2024-07-12T07:00,7,4,194,37129.0
2024-07-12T08:00,8,4,194,34143.0
2024-07-12T09:00,9,4,194,31839.0
2024-07-12T10:00,10,4,194,30031.0
2024-07-12T11:00,11,4,194,28473.0
2024-07-12T12:00,12,4,194,28020.0
2024-07-12T13:00,13,4,194,28313.0
2024-07-12T14:00,14,4,194,27813.0
2024-07-12T15:00,15,4,194,29125.0
2024-07-12T16:00,16,4,194,31308.0
2024-07-12T17:00,17,4,194,33412.0
2024-07-12T18:00,18,4,194,33804.0
2024-07-12T19:00,19,4,194,33947.0
2024-07-12T20:00,20,4,194,33927.0
2024-07-12T21:00,21,4,194,34364.0
2024-07-12T22:00,22,4,194,34761.0
2024-07-12T23:00,23,4,194,36267.0
2024-07-13T00:00,0,5,195,37803.0
2024-07-13T01:00,1,5,195,38509.0
2024-07-13T02:00,2,5,195,39705.0
2024-07-13T03:00,3,5,195,39709.0
2024-07-13T04:00,4,5,195,38901.0
2024-07-13T05:00,5,5,195,38197.0
2024-07-13T06:00,6,5,195,37087.0
2024-07-13T07:00,7,5,195,34716.0
2024-07-13T08:00,8,5,195,32209.0
2024-07-13T09:00,9,5,195,30367.0
2024-07-13T10:00,10,5,195,28500.0
2024-07-13T11:00,11,5,195,27235.0
2024-07-13T12:00,12,5,195,26162.0
2024-07-13T13:00,13,5,195,25703.0
2024-07-13T14:00,14,5,195,25466.0
2024-07-13T15:00,15,5,195,25602.0
2024-07-13T16:00,16,5,195,26542.0
2024-07-13T17:00,17,5,195,28886.0
2024-07-13T18:00,18,5,195,29376.0
2024-07-13T19:00,19,5,195,29615.0
2024-07-13T20:00,20,5,195,29559.0
2024-07-13T21:00,21,5,195,29410.0
2024-07-13T22:00,22,5,195,30154.0
2024-07-13T23:00,23,5,195,30988.0
2024-07-14T00:00,0,6,196,32629.0
2024-07-14T01:00,1,6,196,33206.0
2024-07-14T02:00,2,6,196,34666.0
2024-07-14T03:00,3,6,196,35833.0
2024-07-14T04:00,4,6,196,35585.0
2024-07-14T05:00,5,6,196,34806.0
2024-07-14T06:00,6,6,196,33875.0
2024-07-14T07:00,7,6,196,31995.0
2024-07-14T08:00,8,6,196,29721.0
2024-07-14T09:00,9,6,196,28223.0
2024-07-14T10:00,10,6,196,26637.0
2024-07-14T11:00,11,6,196,25384.0
2024-07-14T12:00,12,6,196,24581.0
2024-07-14T13:00,13,6,196,24073.0
2024-07-14T14:00,14,6,196,23805.0
2024-07-14T15:00,15,6,196,23827.0
2024-07-14T16:00,16,6,196,24597.0
2024-07-14T17:00,17,6,196,25553.0
2024-07-14T18:00,18,6,196,26201.0
2024-07-14T19:00,19,6,196,26172.0
2024-07-14T20:00,20,6,196,25680.0
2024-07-14T21:00,21,6,196,26513.0
2024-07-14T22:00,22,6,196,27596.0
2024-07-14T23:00,23,6,196,28775.0
2024-07-15T00:00,0,0,197,29846.0
2024-07-15T01:00,1,0,197,31671.0
2024-07-15T02:00,2,0,197,33795.0
2024-07-15T03:00,3,0,197,35290.0
2024-07-15T04:00,4,0,197,35303.0
2024-07-15T05:00,5,0,197,34761.0
2024-07-15T06:00,6,0,197,33708.0
2024-07-15T07:00,7,0,197,31664.0
2024-07-15T08:00,8,0,197,29322.0
2024-07-15T09:00,9,0,197,27457.0
2024-07-15T10:00,10,0,197,26085.0
2024-07-15T11:00,11,0,197,24937.0
2024-07-15T12:00,12,0,197,24061.0
2024-07-15T13:00,13,0,197,24088.0
2024-07-15T14:00,14,0,197,24893.0
2024-07-15T15:00,15,0,197,25966.0
2024-07-15T16:00,16,0,197,28073.0
2024-07-15T17:00,17,0,197,30312.0
2024-07-15T18:00,18,0,197,30982.0
2024-07-15T19:00,19,0,197,31597.0
2024-07-15T20:00,20,0,197,31573.0
2024-07-15T21:00,21,0,197,31119.0
2024-07-15T22:00,22,0,197,31334.0
2024-07-15T23:00,23,0,197,31359.0
2024-07-16T00:00,0,1,198,33036.0
2024-07-16T01:00,1,1,198,34455.0
2024-07-16T02:00,2,1,198,36016.0
2024-07-16T03:00,3,1,198,37290.0
2024-07-16T04:00,4,1,198,37333.0
2024-07-16T05:00,5,1,198,36699.0
2024-07-16T06:00,6,1,198,35205.0
2024-07-16T07:00,7,1,198,32913.0
2024-07-16T08:00,8,1,198,30538.0
2024-07-16T09:00,9,1,198,28628.0
2024-07-16T10:00,10,1,198,26899.0
2024-07-16T11:00,11,1,198,25830.0
2024-07-16T12:00,12,1,198,25202.0
2024-07-16T13:00,13,1,198,24981.0
2024-07-16T14:00,14,1,198,25668.0
2024-07-16T15:00,15,1,198,26641.0
2024-07-16T16:00,16,1,198,28991.0
2024-07-16T17:00,17,1,198,30586.0
2024-07-16T18:00,18,1,198,31129.0
2024-07-16T19:00,19,1,198,30845.0
2024-07-16T20:00,20,1,198,30377.0
2024-07-16T21:00,21,1,198,30076.0
2024-07-16T22:00,22,1,198,30146.0
2024-07-16T23:00,23,1,198,30742.0
2024-07-17T00:00,0,2,199,32332.0
2024-07-17T01:00,1,2,199,34010.0
2024-07-17T02:00,2,2,199,35606.0
2024-07-17T03:00,3,2,199,36665.0
2024-07-17T04:00,4,2,199,36824.0
2024-07-17T05:00,5,2,199,35620.0
2024-07-17T06:00,6,2,199,34441.0
2024-07-17T07:00,7,2,199,32292.0
2024-07-17T08:00,8,2,199,29614.0
2024-07-17T09:00,9,2,199,27998.0
2024-07-17T10:00,10,2,199,26611.0
2024-07-17T11:00,11,2,199,25399.0
2024-07-17T12:00,12,2,199,25033.0
2024-07-17T13:00,13,2,199,24859.0
2024-07-17T14:00,14,2,199,25317.0
2024-07-17T15:00,15,2,199,26575.0
2024-07-17T16:00,16,2,199,28099.0
2024-07-17T17:00,17,2,199,29656.0
2024-07-17T18:00,18,2,199,29621.0
2024-07-17T19:00,19,2,199,29801.0
2024-07-17T20:00,20,2,199,29363.0
2024-07-17T21:00,21,2,199,29335.0
2024-07-17T22:00,22,2,199,29458.0
2024-07-17T23:00,23,2,199,29707.0
2024-07-18T00:00,0,3,200,31962.0
2024-07-18T01:00,1,3,200,33989.0
2024-07-18T02:00,2,3,200,35886.0
2024-07-18T03:00,3,3,200,37114.0
2024-07-18T04:00,4,3,200,37026.0
2024-07-18T05:00,5,3,200,36231.0
2024-07-18T06:00,6,3,200,35099.0
2024-07-18T07:00,7,3,200,32783.0
2024-07-18T08:00,8,3,200,30387.0
2024-07-18T09:00,9,3,200,28763.0
2024-07-18T10:00,10,3,200,27387.0
2024-07-18T11:00,11,3,200,26195.0
2024-07-18T12:00,12,3,200,25740.0
2024-07-18T13:00,13,3,200,25397.0
2024-07-18T14:00,14,3,200,25888.0
2024-07-18T15:00,15,3,200,27166.0
2024-07-18T16:00,16,3,200,28886.0
2024-07-18T17:00,17,3,200,30933.0
2024-07-18T18:00,18,3,200,30696.0
2024-07-18T19:00,19,3,200,31873.0
2024-07-18T20:00,20,3,200,31745.0
2024-07-18T21:00,21,3,200,31371.0
2024-07-18T22:00,22,3,200,32200.0
2024-07-18T23:00,23,3,200,33657.0
2024-07-19T00:00,0,4,201,35156.0
2024-07-19T01:00,1,4,201,37009.0
2024-07-19T02:00,2,4,201,38363.0
2024-07-19T03:00,3,4,201,39279.0
2024-07-19T04:00,4,4,201,39015.0
2024-07-19T05:00,5,4,201,37949.0
2024-07-19T06:00,6,4,201,36733.0
2024-07-19T07:00,7,4,201,33835.0
2024-07-19T08:00,8,4,201,31249.0
2024-07-19T09:00,9,4,201,29930.0
2024-07-19T10:00,10,4,201,28833.0
2024-07-19T11:00,11,4,201,27856.0
2024-07-19T12:00,12,4,201,27001.0
2024-07-19T13:00,13,4,201,26714.0
2024-07-19T14:00,14,4,201,26285.0
2024-07-19T15:00,15,4,201,27007.0
2024-07-19T16:00,16,4,201,29427.0
2024-07-19T17:00,17,4,201,31236.0
2024-07-19T18:00,18,4,201,31562.0
2024-07-19T19:00,19,4,201,31557.0
2024-07-19T20:00,20,4,201,32129.0
2024-07-19T21:00,21,4,201,32600.0
2024-07-19T22:00,22,4,201,33989.0
2024-07-19T23:00,23,4,201,35790.0
2024-07-20T00:00,0,5,202,37950.0
2024-07-20T01:00,1,5,202,39304.0
2024-07-20T02:00,2,5,202,40674.0
2024-07-20T03:00,3,5,202,41418.0
2024-07-20T04:00,4,5,202,40882.0
2024-07-20T05:00,5,5,202,39544.0
2024-07-20T06:00,6,5,202,37905.0
2024-07-20T07:00,7,5,202,35218.0
2024-07-20T08:00,8,5,202,32498.0
2024-07-20T09:00,9,5,202,30523.0
2024-07-20T10:00,10,5,202,28501.0
2024-07-20T11:00,11,5,202,27145.0
2024-07-20T12:00,12,5,202,26017.0
2024-07-20T13:00,13,5,202,25443.0
2024-07-20T14:00,14,5,202,25301.0
2024-07-20T15:00,15,5,202,25713.0
2024-07-20T16:00,16,5,202,27666.0
2024-07-20T17:00,17,5,202,30052.0
2024-07-20T18:00,18,5,202,30616.0
2024-07-20T19:00,19,5,202,30809.0
2024-07-20T20:00,20,5,202,30591.0
2024-07-20T21:00,21,5,202,30918.0
2024-07-20T22:00,22,5,202,31503.0
2024-07-20T23:00,23,5,202,32918.0
2024-07-21T00:00,0,6,203,34691.0
2024-07-21T01:00,1,6,203,36118.0
2024-07-21T02:00,2,6,203,37905.0
2024-07-21T03:00,3,6,203,39059.0
2024-07-21T04:00,4,6,203,38872.0
2024-07-21T05:00,5,6,203,37658.0
2024-07-21T06:00,6,6,203,36140.0
2024-07-21T07:00,7,6,203,33694.0
2024-07-21T08:00,8,6,203,31424.0
2024-07-21T09:00,9,6,203,29536.0
2024-07-21T10:00,10,6,203,27579.0
2024-07-21T11:00,11,6,203,26169.0
2024-07-21T12:00,12,6,203,25224.0
2024-07-21T13:00,13,6,203,24442.0
2024-07-21T14:00,14,6,203,24555.0
2024-07-21T15:00,15,6,203,24223.0
2024-07-21T16:00,16,6,203,25648.0
2024-07-21T17:00,17,6,203,27891.0
2024-07-21T18:00,18,6,203,28336.0
2024-07-21T19:00,19,6,203,28442.0
2024-07-21T20:00,20,6,203,28047.0
2024-07-21T21:00,21,6,203,28345.0
2024-07-21T22:00,22,6,203,28935.0
2024-07-21T23:00,23,6,203,29778.0
2024-07-22T00:00,0,0,204,31366.0
2024-07-22T01:00,1,0,204,33241.0
2024-07-22T02:00,2,0,204,34999.0
2024-07-22T03:00,3,0,204,36651.0
2024-07-22T04:00,4,0,204,36766.0
2024-07-22T05:00,5,0,204,36006.0
2024-07-22T06:00,6,0,204,34840.0
2024-07-22T07:00,7,0,204,32550.0
2024-07-22T08:00,8,0,204,30043.0
2024-07-22T09:00,9,0,204,28486.0
2024-07-22T10:00,10,0,204,26721.0
2024-07-22T11:00,11,0,204,25751.0
2024-07-22T12:00,12,0,204,25279.0
2024-07-22T13:00,13,0,204,25183.0
2024-07-22T14:00,14,0,204,25963.0
2024-07-22T15:00,15,0,204,27354.0
2024-07-22T16:00,16,0,204,30360.0
2024-07-22T17:00,17,0,204,32403.0
2024-07-22T18:00,18,0,204,33363.0
2024-07-22T19:00,19,0,204,33926.0
2024-07-22T20:00,20,0,204,34038.0
2024-07-22T21:00,21,0,204,34801.0
2024-07-22T22:00,22,0,204,35972.0
2024-07-22T23:00,23,0,204,37332.0
2024-07-23T00:00,0,1,205,39587.0
2024-07-23T01:00,1,1,205,40955.0
2024-07-23T02:00,2,1,205,42682.0
2024-07-23T03:00,3,1,205,43010.0
2024-07-23T04:00,4,1,205,42390.0
2024-07-23T05:00,5,1,205,40959.0
2024-07-23T06:00,6,1,205,39303.0
2024-07-23T07:00,7,1,205,36070.0
2024-07-23T08:00,8,1,205,33092.0
2024-07-23T09:00,9,1,205,31061.0
2024-07-23T10:00,10,1,205,29275.0
2024-07-23T11:00,11,1,205,28447.0
2024-07-23T12:00,12,1,205,27780.0
2024-07-23T13:00,13,1,205,27642.0
2024-07-23T14:00,14,1,205,28122.0
2024-07-23T15:00,15,1,205,29217.0
2024-07-23T16:00,16,1,205,32532.0
2024-07-23T17:00,17,1,205,34989.0
2024-07-23T18:00,18,1,205,35634.0
2024-07-23T19:00,19,1,205,36423.0
2024-07-23T20:00,20,1,205,36591.0
2024-07-23T21:00,21,1,205,37308.0
2024-07-23T22:00,22,1,205,38298.0
2024-07-23T23:00,23,1,205,39856.0
2024-07-24T00:00,0,2,206,41576.0
2024-07-24T01:00,1,2,206,42877.0
2024-07-24T02:00,2,2,206,44094.0
2024-07-24T03:00,3,2,206,44561.0
2024-07-24T04:00,4,2,206,43536.0
2024-07-24T05:00,5,2,206,42297.0
2024-07-24T06:00,6,2,206,40730.0
2024-07-24T07:00,7,2,206,37838.0
2024-07-24T08:00,8,2,206,34868.0
2024-07-24T09:00,9,2,206,32523.0
2024-07-24T10:00,10,2,206,30917.0
2024-07-24T11:00,11,2,206,29491.0
2024-07-24T12:00,12,2,206,28872.0
2024-07-24T13:00,13,2,206,28124.0
2024-07-24T14:00,14,2,206,28298.0
2024-07-24T15:00,15,2,206,29679.0
2024-07-24T16:00,16,2,206,32690.0
2024-07-24T17:00,17,2,206,35053.0
2024-07-24T18:00,18,2,206,35893.0
2024-07-24T19:00,19,2,206,36956.0
2024-07-24T20:00,20,2,206,37353.0
2024-07-24T21:00,21,2,206,38129.0
2024-07-24T22:00,22,2,206,39951.0
2024-07-24T23:00,23,2,206,40638.0
2024-07-25T00:00,0,3,207,42275.0
2024-07-25T01:00,1,3,207,43091.0
2024-07-25T02:00,2,3,207,44152.0
2024-07-25T03:00,3,3,207,44673.0
2024-07-25T04:00,4,3,207,43425.0
2024-07-25T05:00,5,3,207,42231.0
2024-07-25T06:00,6,3,207,40692.0
2024-07-25T07:00,7,3,207,37649.0
2024-07-25T08:00,8,3,207,34544.0
2024-07-25T09:00,9,3,207,32314.0
2024-07-25T10:00,10,3,207,30520.0
2024-07-25T11:00,11,3,207,29399.0
2024-07-25T12:00,12,3,207,28561.0
2024-07-25T13:00,13,3,207,27947.0
2024-07-25T14:00,14,3,207,28381.0
2024-07-25T15:00,15,3,207,29029.0
2024-07-25T16:00,16,3,207,31963.0
2024-07-25T17:00,17,3,207,35150.0
2024-07-25T18:00,18,3,207,36118.0
2024-07-25T19:00,19,3,207,37766.0
2024-07-25T20:00,20,3,207,38122.0
2024-07-25T21:00,21,3,207,38301.0
2024-07-25T22:00,22,3,207,38800.0
2024-07-25T23:00,23,3,207,40058.0
2024-07-26T00:00,0,4,208,41505.0
2024-07-26T01:00,1,4,208,43126.0
2024-07-26T02:00,2,4,208,44232.0
2024-07-26T03:00,3,4,208,44727.0
2024-07-26T04:00,4,4,208,43584.0
2024-07-26T05:00,5,4,208,41832.0
2024-07-26T06:00,6,4,208,40094.0
2024-07-26T07:00,7,4,208,37021.0
2024-07-26T08:00,8,4,208,34021.0
2024-07-26T09:00,9,4,208,31875.0
2024-07-26T10:00,10,4,208,30125.0
2024-07-26T11:00,11,4,208,29034.0
2024-07-26T12:00,12,4,208,28297.0
2024-07-26T13:00,13,4,208,28006.0
2024-07-26T14:00,14,4,208,27832.0
2024-07-26T15:00,15,4,208,28618.0
2024-07-26T16:00,16,4,208,30760.0
2024-07-26T17:00,17,4,208,33417.0
2024-07-26T18:00,18,4,208,33760.0
2024-07-26T19:00,19,4,208,34246.0
2024-07-26T20:00,20,4,208,34357.0
2024-07-26T21:00,21,4,208,35002.0
2024-07-26T22:00,22,4,208,35949.0
2024-07-26T23:00,23,4,208,36899.0
2024-07-27T00:00,0,5,209,38140.0
2024-07-27T01:00,1,5,209,39031.0
2024-07-27T02:00,2,5,209,39733.0
2024-07-27T03:00,3,5,209,40013.0
2024-07-27T04:00,4,5,209,38959.0
2024-07-27T05:00,5,5,209,37374.0
2024-07-27T06:00,6,5,209,35814.0
2024-07-27T07:00,7,5,209,33363.0
2024-07-27T08:00,8,5,209,30733.0
2024-07-27T09:00,9,5,209,29011.0
2024-07-27T10:00,10,5,209,27318.0
2024-07-27T11:00,11,5,209,26006.0
2024-07-27T12:00,12,5,209,25021.0
2024-07-27T13:00,13,5,209,24381.0
2024-07-27T14:00,14,5,209,24275.0
2024-07-27T15:00,15,5,209,24117.0
2024-07-27T16:00,16,5,209,25244.0
2024-07-27T17:00,17,5,209,27949.0
2024-07-27T18:00,18,5,209,28490.0
2024-07-27T19:00,19,5,209,27965.0
2024-07-27T20:00,20,5,209,28197.0
2024-07-27T21:00,21,5,209,27121.0
2024-07-27T22:00,22,5,209,26795.0
2024-07-27T23:00,23,5,209,26738.0
2024-07-28T00:00,0,6,210,28062.0
2024-07-28T01:00,1,6,210,29448.0
2024-07-28T02:00,2,6,210,31182.0
2024-07-28T03:00,3,6,210,32202.0
2024-07-28T04:00,4,6,210,32220.0
2024-07-28T05:00,5,6,210,31722.0
2024-07-28T06:00,6,6,210,30898.0
2024-07-28T07:00,7,6,210,29076.0
2024-07-28T08:00,8,6,210,27367.0
2024-07-28T09:00,9,6,210,25944.0
2024-07-28T10:00,10,6,210,24731.0
2024-07-28T11:00,11,6,210,23692.0
2024-07-28T12:00,12,6,210,22843.0
2024-07-28T13:00,13,6,210,22760.0
2024-07-28T14:00,14,6,210,22837.0
2024-07-28T15:00,15,6,210,22692.0
2024-07-28T16:00,16,6,210,24195.0
2024-07-28T17:00,17,6,210,25632.0
2024-07-28T18:00,18,6,210,25496.0
2024-07-28T19:00,19,6,210,25210.0
2024-07-28T20:00,20,6,210,24588.0
2024-07-28T21:00,21,6,210,24298.0
2024-07-28T22:00,22,6,210,24091.0
2024-07-28T23:00,23,6,210,24489.0
2024-07-29T00:00,0,0,211,25962.0
2024-07-29T01:00,1,0,211,28167.0
2024-07-29T02:00,2,0,211,30634.0
2024-07-29T03:00,3,0,211,32182.0
2024-07-29T04:00,4,0,211,32379.0
2024-07-29T05:00,5,0,211,31927.0
2024-07-29T06:00,6,0,211,30892.0
2024-07-29T07:00,7,0,211,28927.0
2024-07-29T08:00,8,0,211,27064.0
2024-07-29T09:00,9,0,211,25781.0
2024-07-29T10:00,10,0,211,24525.0
2024-07-29T11:00,11,0,211,23575.0
2024-07-29T12:00,12,0,211,22853.0
2024-07-29T13:00,13,0,211,23039.0
2024-07-29T14:00,14,0,211,24027.0
2024-07-29T15:00,15,0,211,25044.0
2024-07-29T16:00,16,0,211,26986.0
2024-07-29T17:00,17,0,211,29438.0
2024-07-29T18:00,18,0,211,29703.0
2024-07-29T19:00,19,0,211,29658.0
2024-07-29T20:00,20,0,211,29107.0
2024-07-29T21:00,21,0,211,28805.0
2024-07-29T22:00,22,0,211,28562.0
2024-07-29T23:00,23,0,211,29291.0
2024-07-30T00:00,0,1,212,31086.0
2024-07-30T01:00,1,1,212,32615.0
2024-07-30T02:00,2,1,212,34260.0
2024-07-30T03:00,3,1,212,35321.0
2024-07-30T04:00,4,1,212,35111.0
2024-07-30T05:00,5,1,212,34274.0
2024-07-30T06:00,6,1,212,33199.0
2024-07-30T07:00,7,1,212,31168.0
2024-07-30T08:00,8,1,212,29077.0
2024-07-30T09:00,9,1,212,27000.0
2024-07-30T10:00,10,1,212,25736.0
2024-07-30T11:00,11,1,212,24607.0
2024-07-30T12:00,12,1,212,24061.0
2024-07-30T13:00,13,1,212,24072.0
2024-07-30T14:00,14,1,212,24945.0
2024-07-30T15:00,15,1,212,25861.0
2024-07-30T16:00,16,1,212,27301.0
2024-07-30T17:00,17,1,212,29958.0
2024-07-30T18:00,18,1,212,30525.0
2024-07-30T19:00,19,1,212,30040.0
2024-07-30T20:00,20,1,212,30212.0
2024-07-30T21:00,21,1,212,29756.0
2024-07-30T22:00,22,1,212,29495.0
2024-07-30T23:00,23,1,212,30457.0
2024-07-31T00:00,0,2,213,31940.0
2024-07-31T01:00,1,2,213,33681.0
2024-07-31T02:00,2,2,213,35067.0
2024-07-31T03:00,3,2,213,36115.0
2024-07-31T04:00,4,2,213,35781.0
2024-07-31T05:00,5,2,213,34902.0
2024-07-31T06:00,6,2,213,33738.0
2024-07-31T07:00,7,2,213,31424.0
2024-07-31T08:00,8,2,213,29325.0
2024-07-31T09:00,9,2,213,27670.0
2024-07-31T10:00,10,2,213,26085.0
2024-07-31T11:00,11,2,213,25115.0
2024-07-31T12:00,12,2,213,24415.0
2024-07-31T13:00,13,2,213,24327.0
2024-07-31T14:00,14,2,213,24976.0
2024-07-31T15:00,15,2,213,25923.0
2024-07-31T16:00,16,2,213,28319.0
2024-07-31T17:00,17,2,213,30879.0
2024-07-31T18:00,18,2,213,31278.0
2024-07-31T19:00,19,2,213,31098.0
2024-07-31T20:00,20,2,213,30985.0
2024-07-31T21:00,21,2,213,30847.0
2024-07-31T22:00,22,2,213,31444.0
2024-07-31T23:00,23,2,213,32104.0
2024-08-01T00:00,0,3,214,33920.0
2024-08-01T01:00,1,3,214,35329.0
2024-08-01T02:00,2,3,214,37120.0
2024-08-01T03:00,3,3,214,38344.0
2024-08-01T04:00,4,3,214,38019.0
2024-08-01T05:00,5,3,214,36967.0
2024-08-01T06:00,6,3,214,35172.0
2024-08-01T07:00,7,3,214,32727.0
2024-08-01T08:00,8,3,214,30202.0
2024-08-01T09:00,9,3,214,28604.0
2024-08-01T10:00,10,3,214,27121.0
2024-08-01T11:00,11,3,214,25970.0
2024-08-01T12:00,12,3,214,25381.0
2024-08-01T13:00,13,3,214,25402.0
2024-08-01T14:00,14,3,214,25882.0
2024-08-01T15:00,15,3,214,26600.0
2024-08-01T16:00,16,3,214,28533.0
2024-08-01T17:00,17,3,214,31290.0
2024-08-01T18:00,18,3,214,32088.0
2024-08-01T19:00,19,3,214,31746.0
2024-08-01T20:00,20,3,214,32252.0
2024-08-01T21:00,21,3,214,31925.0
2024-08-01T22:00,22,3,214,32303.0
2024-08-01T23:00,23,3,214,33141.0
2024-08-02T00:00,0,4,215,35581.0
2024-08-02T01:00,1,4,215,37351.0
2024-08-02T02:00,2,4,215,38690.0
2024-08-02T03:00,3,4,215,39147.0
2024-08-02T04:00,4,4,215,38409.0
2024-08-02T05:00,5,4,215,37488.0
2024-08-02T06:00,6,4,215,36104.0
2024-08-02T07:00,7,4,215,33586.0
2024-08-02T08:00,8,4,215,31024.0
2024-08-02T09:00,9,4,215,29101.0
2024-08-02T10:00,10,4,215,27615.0
2024-08-02T11:00,11,4,215,26980.0
2024-08-02T12:00,12,4,215,26456.0
2024-08-02T13:00,13,4,215,25923.0
2024-08-02T14:00,14,4,215,26249.0
2024-08-02T15:00,15,4,215,27292.0
2024-08-02T16:00,16,4,215,29023.0
2024-08-02T17:00,17,4,215,31346.0
2024-08-02T18:00,18,4,215,31791.0
2024-08-02T19:00,19,4,215,33033.0
2024-08-02T20:00,20,4,215,34074.0
2024-08-02T21:00,21,4,215,35720.0
2024-08-02T22:00,22,4,215,36608.0
2024-08-02T23:00,23,4,215,37881.0
2024-08-03T00:00,0,5,216,39628.0
2024-08-03T01:00,1,5,216,40560.0
2024-08-03T02:00,2,5,216,40473.0
2024-08-03T03:00,3,5,216,39852.0
2024-08-03T04:00,4,5,216,38255.0
2024-08-03T05:00,5,5,216,37510.0
2024-08-03T06:00,6,5,216,36262.0
2024-08-03T07:00,7,5,216,33793.0
2024-08-03T08:00,8,5,216,31572.0
2024-08-03T09:00,9,5,216,29541.0
2024-08-03T10:00,10,5,216,27996.0
2024-08-03T11:00,11,5,216,26593.0
2024-08-03T12:00,12,5,216,25992.0
2024-08-03T13:00,13,5,216,25228.0
2024-08-03T14:00,14,5,216,25064.0
2024-08-03T15:00,15,5,216,25232.0
2024-08-03T16:00,16,5,216,27850.0
2024-08-03T17:00,17,5,216,30075.0
2024-08-03T18:00,18,5,216,30583.0
2024-08-03T19:00,19,5,216,31161.0
2024-08-03T20:00,20,5,216,31103.0
2024-08-03T21:00,21,5,216,31196.0
2024-08-03T22:00,22,5,216,32126.0
2024-08-03T23:00,23,5,216,33361.0
2024-08-04T00:00,0,6,217,35807.0
2024-08-04T01:00,1,6,217,37281.0
2024-08-04T02:00,2,6,217,38807.0
2024-08-04T03:00,3,6,217,39811.0
2024-08-04T04:00,4,6,217,39023.0
2024-08-04T05:00,5,6,217,37649.0
2024-08-04T06:00,6,6,217,35947.0
2024-08-04T07:00,7,6,217,33449.0
2024-08-04T08:00,8,6,217,31004.0
2024-08-04T09:00,9,6,217,28701.0
2024-08-04T10:00,10,6,217,27121.0
2024-08-04T11:00,11,6,217,25549.0
2024-08-04T12:00,12,6,217,24412.0
2024-08-04T13:00,13,6,217,24032.0
2024-08-04T14:00,14,6,217,24122.0
2024-08-04T15:00,15,6,217,23679.0
2024-08-04T16:00,16,6,217,26283.0
2024-08-04T17:00,17,6,217,28252.0
2024-08-04T18:00,18,6,217,27858.0
2024-08-04T19:00,19,6,217,27593.0
2024-08-04T20:00,20,6,217,27499.0
2024-08-04T21:00,21,6,217,28481.0
2024-08-04T22:00,22,6,217,29522.0
2024-08-04T23:00,23,6,217,31699.0
2024-08-05T00:00,0,0,218,34086.0
2024-08-05T01:00,1,0,218,36125.0
2024-08-05T02:00,2,0,218,38096.0
2024-08-05T03:00,3,0,218,39125.0
2024-08-05T04:00,4,0,218,38589.0
2024-08-05T05:00,5,0,218,37345.0
2024-08-05T06:00,6,0,218,35900.0
2024-08-05T07:00,7,0,218,33310.0
2024-08-05T08:00,8,0,218,30708.0
2024-08-05T09:00,9,0,218,29076.0
2024-08-05T10:00,10,0,218,27675.0
2024-08-05T11:00,11,0,218,27036.0
2024-08-05T12:00,12,0,218,26538.0
2024-08-05T13:00,13,0,218,25935.0
2024-08-05T14:00,14,0,218,25707.0
2024-08-05T15:00,15,0,218,27042.0
2024-08-05T16:00,16,0,218,30465.0
2024-08-05T17:00,17,0,218,33589.0
2024-08-05T18:00,18,0,218,33504.0
2024-08-05T19:00,19,0,218,33910.0
2024-08-05T20:00,20,0,218,33955.0
2024-08-05T21:00,21,0,218,34368.0
2024-08-05T22:00,22,0,218,35743.0
2024-08-05T23:00,23,0,218,37038.0
2024-08-06T00:00,0,1,219,39279.0
2024-08-06T01:00,1,1,219,40299.0
2024-08-06T02:00,2,1,219,41888.0
2024-08-06T03:00,3,1,219,42281.0
2024-08-06T04:00,4,1,219,41181.0
2024-08-06T05:00,5,1,219,39787.0
2024-08-06T06:00,6,1,219,37878.0
2024-08-06T07:00,7,1,219,34986.0
2024-08-06T08:00,8,1,219,32194.0
2024-08-06T09:00,9,1,219,30262.0
2024-08-06T10:00,10,1,219,29359.0
2024-08-06T11:00,11,1,219,28294.0
2024-08-06T12:00,12,1,219,27180.0
2024-08-06T13:00,13,1,219,26809.0
2024-08-06T14:00,14,1,219,27099.0
2024-08-06T15:00,15,1,219,27681.0
2024-08-06T16:00,16,1,219,30412.0
2024-08-06T17:00,17,1,219,32070.0
2024-08-06T18:00,18,1,219,32703.0
2024-08-06T19:00,19,1,219,33391.0
2024-08-06T20:00,20,1,219,33811.0
2024-08-06T21:00,21,1,219,34729.0
2024-08-06T22:00,22,1,219,35588.0
2024-08-06T23:00,23,1,219,37467.0
2024-08-07T00:00,0,2,220,39691.0
2024-08-07T01:00,1,2,220,41350.0
2024-08-07T02:00,2,2,220,42701.0
2024-08-07T03:00,3,2,220,43106.0
2024-08-07T04:00,4,2,220,42142.0
2024-08-07T05:00,5,2,220,40948.0
2024-08-07T06:00,6,2,220,38973.0
2024-08-07T07:00,7,2,220,35938.0
2024-08-07T08:00,8,2,220,33071.0
2024-08-07T09:00,9,2,220,30913.0
2024-08-07T10:00,10,2,220,28889.0
2024-08-07T11:00,11,2,220,27383.0
2024-08-07T12:00,12,2,220,26816.0
2024-08-07T13:00,13,2,220,27065.0
2024-08-07T14:00,14,2,220,27851.0
2024-08-07T15:00,15,2,220,28203.0
2024-08-07T16:00,16,2,220,30400.0
2024-08-07T17:00,17,2,220,33409.0
2024-08-07T18:00,18,2,220,34386.0
2024-08-07T19:00,19,2,220,34945.0
2024-08-07T20:00,20,2,220,35342.0
2024-08-07T21:00,21,2,220,35797.0
2024-08-07T22:00,22,2,220,36482.0
2024-08-07T23:00,23,2,220,37480.0
2024-08-08T00:00,0,3,221,39268.0
2024-08-08T01:00,1,3,221,39851.0
2024-08-08T02:00,2,3,221,40460.0
2024-08-08T03:00,3,3,221,40645.0
2024-08-08T04:00,4,3,221,39814.0
2024-08-08T05:00,5,3,221,38728.0
2024-08-08T06:00,6,3,221,37072.0
2024-08-08T07:00,7,3,221,34363.0
2024-08-08T08:00,8,3,221,31702.0
2024-08-08T09:00,9,3,221,29518.0
2024-08-08T10:00,10,3,221,27824.0
2024-08-08T11:00,11,3,221,26510.0
2024-08-08T12:00,12,3,221,25762.0
2024-08-08T13:00,13,3,221,25652.0
2024-08-08T14:00,14,3,221,26143.0
2024-08-08T15:00,15,3,221,27288.0
2024-08-08T16:00,16,3,221,29174.0
2024-08-08T17:00,17,3,221,31183.0
2024-08-08T18:00,18,3,221,31714.0
2024-08-08T19:00,19,3,221,32100.0
2024-08-08T20:00,20,3,221,32364.0
2024-08-08T21:00,21,3,221,32369.0
2024-08-08T22:00,22,3,221,32230.0
2024-08-08T23:00,23,3,221,33492.0
2024-08-09T00:00,0,4,222,35008.0
2024-08-09T01:00,1,4,222,36423.0
2024-08-09T02:00,2,4,222,38158.0
2024-08-09T03:00,3,4,222,39153.0
2024-08-09T04:00,4,4,222,38584.0
2024-08-09T05:00,5,4,222,37613.0
2024-08-09T06:00,6,4,222,36031.0
2024-08-09T07:00,7,4,222,33581.0
2024-08-09T08:00,8,4,222,30966.0
2024-08-09T09:00,9,4,222,29242.0
2024-08-09T10:00,10,4,222,27612.0
2024-08-09T11:00,11,4,222,26354.0
2024-08-09T12:00,12,4,222,25734.0
2024-08-09T13:00,13,4,222,25271.0
2024-08-09T14:00,14,4,222,25810.0
2024-08-09T15:00,15,4,222,26809.0
2024-08-09T16:00,16,4,222,28561.0
2024-08-09T17:00,17,4,222,30531.0
2024-08-09T18:00,18,4,222,31639.0
2024-08-09T19:00,19,4,222,32034.0
2024-08-09T20:00,20,4,222,32535.0
2024-08-09T21:00,21,4,222,32979.0
2024-08-09T22:00,22,4,222,33611.0
2024-08-09T23:00,23,4,222,34783.0
2024-08-10T00:00,0,5,223,36414.0
2024-08-10T01:00,1,5,223,38201.0
2024-08-10T02:00,2,5,223,39416.0
2024-08-10T03:00,3,5,223,39492.0
2024-08-10T04:00,4,5,223,38437.0
2024-08-10T05:00,5,5,223,37172.0
2024-08-10T06:00,6,5,223,35480.0
2024-08-10T07:00,7,5,223,33115.0
2024-08-10T08:00,8,5,223,30930.0
2024-08-10T09:00,9,5,223,28975.0
2024-08-10T10:00,10,5,223,27231.0
2024-08-10T11:00,11,5,223,25725.0
2024-08-10T12:00,12,5,223,24791.0
2024-08-10T13:00,13,5,223,24275.0
2024-08-10T14:00,14,5,223,24353.0
2024-08-10T15:00,15,5,223,24532.0
2024-08-10T16:00,16,5,223,26135.0
2024-08-10T17:00,17,5,223,28482.0
2024-08-10T18:00,18,5,223,28841.0
2024-08-10T19:00,19,5,223,28723.0
2024-08-10T20:00,20,5,223,28374.0
2024-08-10T21:00,21,5,223,28800.0
2024-08-10T22:00,22,5,223,29718.0
2024-08-10T23:00,23,5,223,31405.0
2024-08-11T00:00,0,6,224,33897.0
2024-08-11T01:00,1,6,224,35761.0
2024-08-11T02:00,2,6,224,37309.0
2024-08-11T03:00,3,6,224,38175.0
2024-08-11T04:00,4,6,224,37569.0
2024-08-11T05:00,5,6,224,36395.0
2024-08-11T06:00,6,6,224,34985.0
2024-08-11T07:00,7,6,224,32675.0
2024-08-11T08:00,8,6,224,30733.0
2024-08-11T09:00,9,6,224,28898.0
2024-08-11T10:00,10,6,224,27195.0
2024-08-11T11:00,11,6,224,25775.0
2024-08-11T12:00,12,6,224,25021.0
2024-08-11T13:00,13,6,224,24369.0
2024-08-11T14:00,14,6,224,24051.0
2024-08-11T15:00,15,6,224,24038.0
2024-08-11T16:00,16,6,224,25132.0
2024-08-11T17:00,17,6,224,28421.0
2024-08-11T18:00,18,6,224,29069.0
2024-08-11T19:00,19,6,224,29266.0
2024-08-11T20:00,20,6,224,29592.0
2024-08-11T21:00,21,6,224,29460.0
2024-08-11T22:00,22,6,224,29949.0
2024-08-11T23:00,23,6,224,31348.0
2024-08-12T00:00,0,0,225,33582.0
2024-08-12T01:00,1,0,225,34927.0
2024-08-12T02:00,2,0,225,36205.0
2024-08-12T03:00,3,0,225,36678.0
2024-08-12T04:00,4,0,225,36548.0
2024-08-12T05:00,5,0,225,35907.0
2024-08-12T06:00,6,0,225,34695.0
2024-08-12T07:00,7,0,225,32411.0
2024-08-12T08:00,8,0,225,30328.0
2024-08-12T09:00,9,0,225,28582.0
2024-08-12T10:00,10,0,225,26795.0
2024-08-12T11:00,11,0,225,25703.0
2024-08-12T12:00,12,0,225,25121.0
2024-08-12T13:00,13,0,225,25051.0
2024-08-12T14:00,14,0,225,25691.0
2024-08-12T15:00,15,0,225,27059.0
2024-08-12T16:00,16,0,225,29529.0
2024-08-12T17:00,17,0,225,32502.0
2024-08-12T18:00,18,0,225,33915.0
2024-08-12T19:00,19,0,225,33452.0
2024-08-12T20:00,20,0,225,33788.0
2024-08-12T21:00,21,0,225,34010.0
2024-08-12T22:00,22,0,225,34661.0
2024-08-12T23:00,23,0,225,35685.0
2024-08-13T00:00,0,1,226,36784.0
2024-08-13T01:00,1,1,226,38719.0
2024-08-13T02:00,2,1,226,39249.0
2024-08-13T03:00,3,1,226,39109.0
2024-08-13T04:00,4,1,226,38466.0
2024-08-13T05:00,5,1,226,37311.0
2024-08-13T06:00,6,1,226,35623.0
2024-08-13T07:00,7,1,226,32871.0
2024-08-13T08:00,8,1,226,30594.0
2024-08-13T09:00,9,1,226,28331.0
2024-08-13T10:00,10,1,226,26797.0
2024-08-13T11:00,11,1,226,25777.0
2024-08-13T12:00,12,1,226,25145.0
2024-08-13T13:00,13,1,226,25010.0
2024-08-13T14:00,14,1,226,25717.0
2024-08-13T15:00,15,1,226,26950.0
2024-08-13T16:00,16,1,226,29227.0
2024-08-13T17:00,17,1,226,31568.0
2024-08-13T18:00,18,1,226,32421.0
2024-08-13T19:00,19,1,226,32211.0
2024-08-13T20:00,20,1,226,32458.0
2024-08-13T21:00,21,1,226,32654.0
2024-08-13T22:00,22,1,226,32917.0
2024-08-13T23:00,23,1,226,33277.0
2024-08-14T00:00,0,2,227,35209.0
2024-08-14T01:00,1,2,227,36639.0
2024-08-14T02:00,2,2,227,38136.0
2024-08-14T03:00,3,2,227,38677.0
2024-08-14T04:00,4,2,227,38033.0
2024-08-14T05:00,5,2,227,36874.0
2024-08-14T06:00,6,2,227,35233.0
2024-08-14T07:00,7,2,227,32539.0
2024-08-14T08:00,8,2,227,30234.0
2024-08-14T09:00,9,2,227,28558.0
2024-08-14T10:00,10,2,227,26640.0
2024-08-14T11:00,11,2,227,25692.0
2024-08-14T12:00,12,2,227,25095.0
2024-08-14T13:00,13,2,227,24831.0
2024-08-14T14:00,14,2,227,25304.0
2024-08-14T15:00,15,2,227,26691.0
2024-08-14T16:00,16,2,227,28803.0
2024-08-14T17:00,17,2,227,31783.0
2024-08-14T18:00,18,2,227,32029.0
2024-08-14T19:00,19,2,227,31765.0
2024-08-14T20:00,20,2,227,32085.0
2024-08-14T21:00,21,2,227,32026.0
2024-08-14T22:00,22,2,227,32362.0
2024-08-14T23:00,23,2,227,33057.0
2024-08-15T00:00,0,3,228,35288.0
2024-08-15T01:00,1,3,228,37104.0
2024-08-15T02:00,2,3,228,38615.0
2024-08-15T03:00,3,3,228,39009.0
2024-08-15T04:00,4,3,228,38224.0
2024-08-15T05:00,5,3,228,37204.0
2024-08-15T06:00,6,3,228,35520.0
2024-08-15T07:00,7,3,228,32775.0
2024-08-15T08:00,8,3,228,30223.0
2024-08-15T09:00,9,3,228,28662.0
2024-08-15T10:00,10,3,228,27068.0
2024-08-15T11:00,11,3,228,26003.0
2024-08-15T12:00,12,3,228,25480.0
2024-08-15T13:00,13,3,228,25263.0
2024-08-15T14:00,14,3,228,25770.0
2024-08-15T15:00,15,3,228,27115.0
2024-08-15T16:00,16,3,228,29572.0
2024-08-15T17:00,17,3,228,32394.0
2024-08-15T18:00,18,3,228,32825.0
2024-08-15T19:00,19,3,228,32330.0
2024-08-15T20:00,20,3,228,32209.0
2024-08-15T21:00,21,3,228,31968.0
2024-08-15T22:00,22,3,228,32500.0
2024-08-15T23:00,23,3,228,33229.0
2024-08-16T00:00,0,4,229,35237.0
2024-08-16T01:00,1,4,229,37451.0
2024-08-16T02:00,2,4,229,39056.0
2024-08-16T03:00,3,4,229,39628.0
2024-08-16T04:00,4,4,229,38853.0
2024-08-16T05:00,5,4,229,37635.0
2024-08-16T06:00,6,4,229,36009.0
2024-08-16T07:00,7,4,229,33381.0
2024-08-16T08:00,8,4,229,30851.0
2024-08-16T09:00,9,4,229,28874.0
2024-08-16T10:00,10,4,229,27077.0
2024-08-16T11:00,11,4,229,25453.0
2024-08-16T12:00,12,4,229,25008.0
2024-08-16T13:00,13,4,229,25182.0
2024-08-16T14:00,14,4,229,25322.0
2024-08-16T15:00,15,4,229,26658.0
2024-08-16T16:00,16,4,229,29094.0
2024-08-16T17:00,17,4,229,32238.0
2024-08-16T18:00,18,4,229,33133.0
2024-08-16T19:00,19,4,229,33322.0
2024-08-16T20:00,20,4,229,32410.0
2024-08-16T21:00,21,4,229,32361.0
2024-08-16T22:00,22,4,229,32849.0
2024-08-16T23:00,23,4,229,33799.0
2024-08-17T00:00,0,5,230,35864.0
2024-08-17T01:00,1,5,230,37901.0
2024-08-17T02:00,2,5,230,39105.0
2024-08-17T03:00,3,5,230,38920.0
2024-08-17T04:00,4,5,230,37900.0
2024-08-17T05:00,5,5,230,36687.0
2024-08-17T06:00,6,5,230,35042.0
2024-08-17T07:00,7,5,230,32704.0
2024-08-17T08:00,8,5,230,30359.0
2024-08-17T09:00,9,5,230,28880.0
2024-08-17T10:00,10,5,230,27223.0
2024-08-17T11:00,11,5,230,25861.0
2024-08-17T12:00,12,5,230,25043.0
2024-08-17T13:00,13,5,230,24664.0
2024-08-17T14:00,14,5,230,24533.0
2024-08-17T15:00,15,5,230,24812.0
2024-08-17T16:00,16,5,230,26219.0
2024-08-17T17:00,17,5,230,28096.0
2024-08-17T18:00,18,5,230,28581.0
2024-08-17T19:00,19,5,230,28780.0
2024-08-17T20:00,20,5,230,28864.0
2024-08-17T21:00,21,5,230,28859.0
2024-08-17T22:00,22,5,230,27993.0
2024-08-17T23:00,23,5,230,28261.0
2024-08-18T00:00,0,6,231,29694.0
2024-08-18T01:00,1,6,231,31365.0
2024-08-18T02:00,2,6,231,32567.0
2024-08-18T03:00,3,6,231,33347.0
2024-08-18T04:00,4,6,231,32999.0
2024-08-18T05:00,5,6,231,32434.0
2024-08-18T06:00,6,6,231,31333.0
2024-08-18T07:00,7,6,231,29503.0
2024-08-18T08:00,8,6,231,27563.0
2024-08-18T09:00,9,6,231,26257.0
2024-08-18T10:00,10,6,231,24913.0
2024-08-18T11:00,11,6,231,23863.0
2024-08-18T12:00,12,6,231,23314.0
2024-08-18T13:00,13,6,231,23047.0
2024-08-18T14:00,14,6,231,23181.0
2024-08-18T15:00,15,6,231,23025.0
2024-08-18T16:00,16,6,231,23711.0
2024-08-18T17:00,17,6,231,26215.0
2024-08-18T18:00,18,6,231,26090.0
2024-08-18T19:00,19,6,231,25711.0
2024-08-18T20:00,20,6,231,25464.0
2024-08-18T21:00,21,6,231,25678.0
2024-08-18T22:00,22,6,231,25367.0
2024-08-18T23:00,23,6,231,26291.0
2024-08-19T00:00,0,0,232,28991.0
2024-08-19T01:00,1,0,232,30725.0
2024-08-19T02:00,2,0,232,32808.0
2024-08-19T03:00,3,0,232,34125.0
2024-08-19T04:00,4,0,232,33820.0
2024-08-19T05:00,5,0,232,33219.0
2024-08-19T06:00,6,0,232,32063.0
2024-08-19T07:00,7,0,232,29915.0
2024-08-19T08:00,8,0,232,27637.0
2024-08-19T09:00,9,0,232,26302.0
2024-08-19T10:00,10,0,232,25150.0
2024-08-19T11:00,11,0,232,24517.0
2024-08-19T12:00,12,0,232,23815.0
2024-08-19T13:00,13,0,232,24083.0
2024-08-19T14:00,14,0,232,24838.0
2024-08-19T15:00,15,0,232,26411.0
2024-08-19T16:00,16,0,232,28122.0
2024-08-19T17:00,17,0,232,30892.0
2024-08-19T18:00,18,0,232,31428.0
2024-08-19T19:00,19,0,232,31316.0
2024-08-19T20:00,20,0,232,30928.0
2024-08-19T21:00,21,0,232,30858.0
2024-08-19T22:00,22,0,232,31865.0
2024-08-19T23:00,23,0,232,33291.0
2024-08-20T00:00,0,1,233,34995.0
2024-08-20T01:00,1,1,233,36987.0
2024-08-20T02:00,2,1,233,38485.0
2024-08-20T03:00,3,1,233,39298.0
2024-08-20T04:00,4,1,233,38252.0
2024-08-20T05:00,5,1,233,36967.0
2024-08-20T06:00,6,1,233,35093.0
2024-08-20T07:00,7,1,233,32413.0
2024-08-20T08:00,8,1,233,29836.0
2024-08-20T09:00,9,1,233,28247.0
2024-08-20T10:00,10,1,233,26702.0
2024-08-20T11:00,11,1,233,25658.0
2024-08-20T12:00,12,1,233,24893.0
2024-08-20T13:00,13,1,233,24379.0
2024-08-20T14:00,14,1,233,24639.0
2024-08-20T15:00,15,1,233,25441.0
2024-08-20T16:00,16,1,233,27628.0
2024-08-20T17:00,17,1,233,30709.0
2024-08-20T18:00,18,1,233,30937.0
2024-08-20T19:00,19,1,233,30919.0
2024-08-20T20:00,20,1,233,30472.0
2024-08-20T21:00,21,1,233,30669.0
2024-08-20T22:00,22,1,233,32079.0
2024-08-20T23:00,23,1,233,33447.0
2024-08-21T00:00,0,2,234,35822.0
2024-08-21T01:00,1,2,234,37731.0
2024-08-21T02:00,2,2,234,39651.0
2024-08-21T03:00,3,2,234,40120.0
2024-08-21T04:00,4,2,234,38965.0
2024-08-21T05:00,5,2,234,37434.0
2024-08-21T06:00,6,2,234,35407.0
2024-08-21T07:00,7,2,234,32360.0
2024-08-21T08:00,8,2,234,29808.0
2024-08-21T09:00,9,2,234,27926.0
2024-08-21T10:00,10,2,234,26407.0
2024-08-21T11:00,11,2,234,25317.0
2024-08-21T12:00,12,2,234,24829.0
2024-08-21T13:00,13,2,234,24559.0
2024-08-21T14:00,14,2,234,25203.0
2024-08-21T15:00,15,2,234,26760.0
2024-08-21T16:00,16,2,234,28804.0
2024-08-21T17:00,17,2,234,31290.0
2024-08-21T18:00,18,2,234,31987.0
2024-08-21T19:00,19,2,234,31811.0
2024-08-21T20:00,20,2,234,31763.0
2024-08-21T21:00,21,2,234,32266.0
2024-08-21T22:00,22,2,234,32608.0
2024-08-21T23:00,23,2,234,34413.0
2024-08-22T00:00,0,3,235,36730.0
2024-08-22T01:00,1,3,235,37762.0
2024-08-22T02:00,2,3,235,38939.0
2024-08-22T03:00,3,3,235,39140.0
2024-08-22T04:00,4,3,235,38238.0
2024-08-22T05:00,5,3,235,36982.0
2024-08-22T06:00,6,3,235,35226.0
2024-08-22T07:00,7,3,235,32477.0
2024-08-22T08:00,8,3,235,30002.0
2024-08-22T09:00,9,3,235,28265.0
2024-08-22T10:00,10,3,235,26750.0
2024-08-22T11:00,11,3,235,25692.0
2024-08-22T12:00,12,3,235,24991.0
2024-08-22T13:00,13,3,235,24892.0
2024-08-22T14:00,14,3,235,25596.0
2024-08-22T15:00,15,3,235,27014.0
2024-08-22T16:00,16,3,235,28721.0
2024-08-22T17:00,17,3,235,30520.0
2024-08-22T18:00,18,3,235,31430.0
2024-08-22T19:00,19,3,235,31227.0
2024-08-22T20:00,20,3,235,30976.0
2024-08-22T21:00,21,3,235,30830.0
2024-08-22T22:00,22,3,235,30178.0
2024-08-22T23:00,23,3,235,30642.0
2024-08-23T00:00,0,4,236,32415.0
2024-08-23T01:00,1,4,236,34276.0
2024-08-23T02:00,2,4,236,35427.0
2024-08-23T03:00,3,4,236,35426.0
2024-08-23T04:00,4,4,236,34653.0
2024-08-23T05:00,5,4,236,33875.0
2024-08-23T06:00,6,4,236,32726.0
2024-08-23T07:00,7,4,236,30482.0
2024-08-23T08:00,8,4,236,28349.0
2024-08-23T09:00,9,4,236,26846.0
2024-08-23T10:00,10,4,236,25377.0
2024-08-23T11:00,11,4,236,24583.0
2024-08-23T12:00,12,4,236,24053.0
2024-08-23T13:00,13,4,236,23897.0
2024-08-23T14:00,14,4,236,24686.0
2024-08-23T15:00,15,4,236,25683.0
2024-08-23T16:00,16,4,236,27479.0
2024-08-23T17:00,17,4,236,29750.0
2024-08-23T18:00,18,4,236,30154.0
2024-08-23T19:00,19,4,236,30055.0
2024-08-23T20:00,20,4,236,29959.0
2024-08-23T21:00,21,4,236,29419.0
2024-08-23T22:00,22,4,236,28503.0
2024-08-23T23:00,23,4,236,28439.0
2024-08-24T00:00,0,5,237,29737.0
2024-08-24T01:00,1,5,237,30588.0
2024-08-24T02:00,2,5,237,31418.0
2024-08-24T03:00,3,5,237,31432.0
2024-08-24T04:00,4,5,237,31020.0
2024-08-24T05:00,5,5,237,30807.0
2024-08-24T06:00,6,5,237,30005.0
2024-08-24T07:00,7,5,237,28403.0
2024-08-24T08:00,8,5,237,26746.0
2024-08-24T09:00,9,5,237,25619.0
2024-08-24T10:00,10,5,237,24422.0
2024-08-24T11:00,11,5,237,23371.0
2024-08-24T12:00,12,5,237,22970.0
2024-08-24T13:00,13,5,237,22843.0
2024-08-24T14:00,14,5,237,23168.0
2024-08-24T15:00,15,5,237,23115.0
2024-08-24T16:00,16,5,237,23941.0
2024-08-24T17:00,17,5,237,25785.0
2024-08-24T18:00,18,5,237,25579.0
2024-08-24T19:00,19,5,237,25152.0
2024-08-24T20:00,20,5,237,24695.0
2024-08-24T21:00,21,5,237,25480.0
2024-08-24T22:00,22,5,237,26226.0
2024-08-24T23:00,23,5,237,26666.0
2024-08-25T00:00,0,6,238,26516.0
2024-08-25T01:00,1,6,238,26842.0
2024-08-25T02:00,2,6,238,27932.0
2024-08-25T03:00,3,6,238,29179.0
2024-08-25T04:00,4,6,238,29360.0
2024-08-25T05:00,5,6,238,29270.0
2024-08-25T06:00,6,6,238,28398.0
2024-08-25T07:00,7,6,238,26869.0
2024-08-25T08:00,8,6,238,25320.0
2024-08-25T09:00,9,6,238,24427.0
2024-08-25T10:00,10,6,238,23415.0
2024-08-25T11:00,11,6,238,22463.0
2024-08-25T12:00,12,6,238,21893.0
2024-08-25T13:00,13,6,238,21736.0
2024-08-25T14:00,14,6,238,21686.0
2024-08-25T15:00,15,6,238,21608.0
2024-08-25T16:00,16,6,238,22706.0
2024-08-25T17:00,17,6,238,24466.0
2024-08-25T18:00,18,6,238,24292.0
2024-08-25T19:00,19,6,238,24004.0
2024-08-25T20:00,20,6,238,23921.0
2024-08-25T21:00,21,6,238,23890.0
2024-08-25T22:00,22,6,238,22939.0
2024-08-25T23:00,23,6,238,23486.0
2024-08-26T00:00,0,0,239,25533.0
2024-08-26T01:00,1,0,239,27770.0
2024-08-26T02:00,2,0,239,29923.0
2024-08-26T03:00,3,0,239,31236.0
2024-08-26T04:00,4,0,239,31451.0
2024-08-26T05:00,5,0,239,31272.0
2024-08-26T06:00,6,0,239,29991.0
2024-08-26T07:00,7,0,239,27941.0
2024-08-26T08:00,8,0,239,26108.0
2024-08-26T09:00,9,0,239,24883.0
2024-08-26T10:00,10,0,239,23706.0
2024-08-26T11:00,11,0,239,22838.0
2024-08-26T12:00,12,0,239,22227.0
2024-08-26T13:00,13,0,239,22649.0
2024-08-26T14:00,14,0,239,23337.0
2024-08-26T15:00,15,0,239,25053.0
2024-08-26T16:00,16,0,239,27056.0
2024-08-26T17:00,17,0,239,29907.0
2024-08-26T18:00,18,0,239,30836.0
2024-08-26T19:00,19,0,239,30631.0
2024-08-26T20:00,20,0,239,30341.0
2024-08-26T21:00,21,0,239,30419.0
2024-08-26T22:00,22,0,239,30467.0
2024-08-26T23:00,23,0,239,31445.0
2024-08-27T00:00,0,1,240,33814.0
2024-08-27T01:00,1,1,240,35905.0
2024-08-27T02:00,2,1,240,37259.0
2024-08-27T03:00,3,1,240,37869.0
2024-08-27T04:00,4,1,240,37030.0
2024-08-27T05:00,5,1,240,35767.0
2024-08-27T06:00,6,1,240,33953.0
2024-08-27T07:00,7,1,240,31220.0
2024-08-27T08:00,8,1,240,28749.0
2024-08-27T09:00,9,1,240,27169.0
2024-08-27T10:00,10,1,240,25588.0
2024-08-27T11:00,11,1,240,24524.0
2024-08-27T12:00,12,1,240,24068.0
2024-08-27T13:00,13,1,240,24140.0
2024-08-27T14:00,14,1,240,25108.0
2024-08-27T15:00,15,1,240,26364.0
2024-08-27T16:00,16,1,240,28267.0
2024-08-27T17:00,17,1,240,31688.0
2024-08-27T18:00,18,1,240,31939.0
2024-08-27T19:00,19,1,240,31706.0
2024-08-27T20:00,20,1,240,31434.0
2024-08-27T21:00,21,1,240,31232.0
2024-08-27T22:00,22,1,240,31984.0
2024-08-27T23:00,23,1,240,33000.0
2024-08-28T00:00,0,2,241,35506.0
2024-08-28T01:00,1,2,241,37248.0
2024-08-28T02:00,2,2,241,38868.0
2024-08-28T03:00,3,2,241,39222.0
2024-08-28T04:00,4,2,241,38152.0
2024-08-28T05:00,5,2,241,36732.0
2024-08-28T06:00,6,2,241,34861.0
2024-08-28T07:00,7,2,241,32048.0
2024-08-28T08:00,8,2,241,29552.0
2024-08-28T09:00,9,2,241,27793.0
2024-08-28T10:00,10,2,241,26112.0
2024-08-28T11:00,11,2,241,24971.0
2024-08-28T12:00,12,2,241,24451.0
2024-08-28T13:00,13,2,241,24356.0
2024-08-28T14:00,14,2,241,25206.0
2024-08-28T15:00,15,2,241,26723.0
2024-08-28T16:00,16,2,241,28650.0
2024-08-28T17:00,17,2,241,31590.0
2024-08-28T18:00,18,2,241,32246.0
2024-08-28T19:00,19,2,241,32151.0
2024-08-28T20:00,20,2,241,31597.0
2024-08-28T21:00,21,2,241,31152.0
2024-08-28T22:00,22,2,241,31113.0
2024-08-28T23:00,23,2,241,32340.0
2024-08-29T00:00,0,3,242,34370.0
2024-08-29T01:00,1,3,242,36587.0
2024-08-29T02:00,2,3,242,37587.0
2024-08-29T03:00,3,3,242,37732.0
2024-08-29T04:00,4,3,242,36593.0
2024-08-29T05:00,5,3,242,35314.0
2024-08-29T06:00,6,3,242,33514.0
2024-08-29T07:00,7,3,242,30821.0
2024-08-29T08:00,8,3,242,28563.0
2024-08-29T09:00,9,3,242,26919.0
2024-08-29T10:00,10,3,242,26263.0
2024-08-29T11:00,11,3,242,25028.0
2024-08-29T12:00,12,3,242,24078.0
2024-08-29T13:00,13,3,242,24103.0
2024-08-29T14:00,14,3,242,24858.0
2024-08-29T15:00,15,3,242,26634.0
2024-08-29T16:00,16,3,242,28243.0
2024-08-29T17:00,17,3,242,31089.0
2024-08-29T18:00,18,3,242,31467.0
2024-08-29T19:00,19,3,242,30485.0
2024-08-29T20:00,20,3,242,29743.0
2024-08-29T21:00,21,3,242,29411.0
2024-08-29T22:00,22,3,242,29252.0
2024-08-29T23:00,23,3,242,29870.0
2024-08-30T00:00,0,4,243,31726.0
2024-08-30T01:00,1,4,243,33804.0
2024-08-30T02:00,2,4,243,35544.0
2024-08-30T03:00,3,4,243,35787.0
2024-08-30T04:00,4,4,243,35009.0
2024-08-30T05:00,5,4,243,34076.0
2024-08-30T06:00,6,4,243,32576.0
2024-08-30T07:00,7,4,243,30303.0
2024-08-30T08:00,8,4,243,28111.0
2024-08-30T09:00,9,4,243,26506.0
2024-08-30T10:00,10,4,243,25158.0
2024-08-30T11:00,11,4,243,24333.0
2024-08-30T12:00,12,4,243,23760.0
2024-08-30T13:00,13,4,243,23733.0
2024-08-30T14:00,14,4,243,24412.0
2024-08-30T15:00,15,4,243,25933.0
2024-08-30T16:00,16,4,243,27838.0
2024-08-30T17:00,17,4,243,29936.0
2024-08-30T18:00,18,4,243,31197.0
2024-08-30T19:00,19,4,243,30628.0
2024-08-30T20:00,20,4,243,29595.0
2024-08-30T21:00,21,4,243,29618.0
2024-08-30T22:00,22,4,243,29055.0
2024-08-30T23:00,23,4,243,29402.0
2024-08-31T00:00,0,5,244,31313.0
2024-08-31T01:00,1,5,244,33574.0
2024-08-31T02:00,2,5,244,34870.0
2024-08-31T03:00,3,5,244,35154.0
2024-08-31T04:00,4,5,244,34200.0
2024-08-31T05:00,5,5,244,33258.0
2024-08-31T06:00,6,5,244,32040.0
2024-08-31T07:00,7,5,244,29927.0
2024-08-31T08:00,8,5,244,28026.0
2024-08-31T09:00,9,5,244,26638.0
2024-08-31T10:00,10,5,244,25238.0
2024-08-31T11:00,11,5,244,24034.0
2024-08-31T12:00,12,5,244,23570.0
2024-08-31T13:00,13,5,244,22953.0
2024-08-31T14:00,14,5,244,22922.0
2024-08-31T15:00,15,5,244,23433.0
2024-08-31T16:00,16,5,244,24332.0
2024-08-31T17:00,17,5,244,26656.0
2024-08-31T18:00,18,5,244,27721.0
2024-08-31T19:00,19,5,244,27289.0
2024-08-31T20:00,20,5,244,26650.0
2024-08-31T21:00,21,5,244,27058.0
2024-08-31T22:00,22,5,244,27283.0
2024-08-31T23:00,23,5,244,28467.0
2024-09-01T00:00,0,6,245,30269.0
2024-09-01T01:00,1,6,245,32357.0
2024-09-01T02:00,2,6,245,34255.0
2024-09-01T03:00,3,6,245,35033.0
2024-09-01T04:00,4,6,245,34316.0
2024-09-01T05:00,5,6,245,33461.0
2024-09-01T06:00,6,6,245,31878.0
2024-09-01T07:00,7,6,245,29787.0
2024-09-01T08:00,8,6,245,27917.0
2024-09-01T09:00,9,6,245,26322.0
2024-09-01T10:00,10,6,245,24840.0
2024-09-01T11:00,11,6,245,23710.0
2024-09-01T12:00,12,6,245,23244.0
2024-09-01T13:00,13,6,245,22664.0
2024-09-01T14:00,14,6,245,22534.0
2024-09-01T15:00,15,6,245,22616.0
2024-09-01T16:00,16,6,245,23923.0
2024-09-01T17:00,17,6,245,27071.0
2024-09-01T18:00,18,6,245,28309.0
2024-09-01T19:00,19,6,245,28089.0
2024-09-01T20:00,20,6,245,27261.0
2024-09-01T21:00,21,6,245,27108.0
2024-09-01T22:00,22,6,245,27472.0
2024-09-01T23:00,23,6,245,28295.0
2024-09-02T00:00,0,0,246,30161.0
2024-09-02T01:00,1,0,246,32407.0
2024-09-02T02:00,2,0,246,33979.0
2024-09-02T03:00,3,0,246,34618.0
2024-09-02T04:00,4,0,246,33936.0
2024-09-02T05:00,5,0,246,32856.0
2024-09-02T06:00,6,0,246,31422.0
2024-09-02T07:00,7,0,246,29332.0
2024-09-02T08:00,8,0,246,27525.0
2024-09-02T09:00,9,0,246,26083.0
2024-09-02T10:00,10,0,246,24506.0
2024-09-02T11:00,11,0,246,23485.0
2024-09-02T12:00,12,0,246,22870.0
2024-09-02T13:00,13,0,246,22650.0
2024-09-02T14:00,14,0,246,22825.0
2024-09-02T15:00,15,0,246,23317.0
2024-09-02T16:00,16,0,246,24489.0
2024-09-02T17:00,17,0,246,28046.0
2024-09-02T18:00,18,0,246,28971.0
2024-09-02T19:00,19,0,246,28282.0
2024-09-02T20:00,20,0,246,28336.0
2024-09-02T21:00,21,0,246,28864.0
2024-09-02T22:00,22,0,246,29735.0
2024-09-02T23:00,23,0,246,30659.0
2024-09-03T00:00,0,1,247,32662.0
2024-09-03T01:00,1,1,247,34744.0
2024-09-03T02:00,2,1,247,36076.0
2024-09-03T03:00,3,1,247,36592.0
2024-09-03T04:00,4,1,247,35780.0
2024-09-03T05:00,5,1,247,34672.0
2024-09-03T06:00,6,1,247,32890.0
2024-09-03T07:00,7,1,247,30387.0
2024-09-03T08:00,8,1,247,27973.0
2024-09-03T09:00,9,1,247,26547.0
2024-09-03T10:00,10,1,247,25006.0
2024-09-03T11:00,11,1,247,24380.0
2024-09-03T12:00,12,1,247,24144.0
2024-09-03T13:00,13,1,247,23783.0
2024-09-03T14:00,14,1,247,24637.0
2024-09-03T15:00,15,1,247,26333.0
2024-09-03T16:00,16,1,247,28429.0
2024-09-03T17:00,17,1,247,32309.0
2024-09-03T18:00,18,1,247,33771.0
2024-09-03T19:00,19,1,247,34086.0
2024-09-03T20:00,20,1,247,34303.0
2024-09-03T21:00,21,1,247,34780.0
2024-09-03T22:00,22,1,247,34855.0
2024-09-03T23:00,23,1,247,36259.0
2024-09-04T00:00,0,2,248,38442.0
2024-09-04T01:00,1,2,248,40325.0
2024-09-04T02:00,2,2,248,41773.0
2024-09-04T03:00,3,2,248,41881.0
2024-09-04T04:00,4,2,248,40362.0
2024-09-04T05:00,5,2,248,38580.0
2024-09-04T06:00,6,2,248,36499.0
2024-09-04T07:00,7,2,248,33370.0
2024-09-04T08:00,8,2,248,30574.0
2024-09-04T09:00,9,2,248,29236.0
2024-09-04T10:00,10,2,248,27583.0
2024-09-04T11:00,11,2,248,26828.0
2024-09-04T12:00,12,2,248,25826.0
2024-09-04T13:00,13,2,248,25637.0
2024-09-04T14:00,14,2,248,26086.0
2024-09-04T15:00,15,2,248,27659.0
2024-09-04T16:00,16,2,248,30693.0
2024-09-04T17:00,17,2,248,34568.0
2024-09-04T18:00,18,2,248,35635.0
2024-09-04T19:00,19,2,248,35648.0
2024-09-04T20:00,20,2,248,35714.0
2024-09-04T21:00,21,2,248,36245.0
2024-09-04T22:00,22,2,248,37694.0
2024-09-04T23:00,23,2,248,39171.0
2024-09-05T00:00,0,3,249,41638.0
2024-09-05T01:00,1,3,249,43550.0
2024-09-05T02:00,2,3,249,44418.0
2024-09-05T03:00,3,3,249,44022.0
2024-09-05T04:00,4,3,249,42584.0
2024-09-05T05:00,5,3,249,40958.0
2024-09-05T06:00,6,3,249,38570.0
2024-09-05T07:00,7,3,249,35298.0
2024-09-05T08:00,8,3,249,32364.0
2024-09-05T09:00,9,3,249,30540.0
2024-09-05T10:00,10,3,249,29686.0
2024-09-05T11:00,11,3,249,28934.0
2024-09-05T12:00,12,3,249,28439.0
2024-09-05T13:00,13,3,249,27540.0
2024-09-05T14:00,14,3,249,27449.0
2024-09-05T15:00,15,3,249,28321.0
2024-09-05T16:00,16,3,249,30790.0
2024-09-05T17:00,17,3,249,34421.0
2024-09-05T18:00,18,3,249,35066.0
2024-09-05T19:00,19,3,249,35389.0
2024-09-05T20:00,20,3,249,36422.0
2024-09-05T21:00,21,3,249,37808.0
2024-09-05T22:00,22,3,249,39892.0
2024-09-05T23:00,23,3,249,42582.0
2024-09-06T00:00,0,4,250,45395.0
2024-09-06T01:00,1,4,250,47025.0
2024-09-06T02:00,2,4,250,47571.0
2024-09-06T03:00,3,4,250,46891.0
2024-09-06T04:00,4,4,250,45108.0
2024-09-06T05:00,5,4,250,43523.0
2024-09-06T06:00,6,4,250,41189.0
2024-09-06T07:00,7,4,250,37803.0
2024-09-06T08:00,8,4,250,34854.0
2024-09-06T09:00,9,4,250,32577.0
2024-09-06T10:00,10,4,250,30799.0
2024-09-06T11:00,11,4,250,30112.0
2024-09-06T12:00,12,4,250,29256.0
2024-09-06T13:00,13,4,250,28784.0
2024-09-06T14:00,14,4,250,28545.0
2024-09-06T15:00,15,4,250,30021.0
2024-09-06T16:00,16,4,250,31608.0
2024-09-06T17:00,17,4,250,34806.0
2024-09-06T18:00,18,4,250,37015.0
2024-09-06T19:00,19,4,250,37563.0
2024-09-06T20:00,20,4,250,38962.0
2024-09-06T21:00,21,4,250,40700.0
2024-09-06T22:00,22,4,250,41941.0
2024-09-06T23:00,23,4,250,43679.0
2024-09-07T00:00,0,5,251,45633.0
2024-09-07T01:00,1,5,251,46804.0
2024-09-07T02:00,2,5,251,46776.0
2024-09-07T03:00,3,5,251,45517.0
2024-09-07T04:00,4,5,251,43837.0
2024-09-07T05:00,5,5,251,42095.0
2024-09-07T06:00,6,5,251,39937.0
2024-09-07T07:00,7,5,251,37080.0
2024-09-07T08:00,8,5,251,34241.0
2024-09-07T09:00,9,5,251,32097.0
2024-09-07T10:00,10,5,251,30366.0
2024-09-07T11:00,11,5,251,28733.0
2024-09-07T12:00,12,5,251,27484.0
2024-09-07T13:00,13,5,251,26695.0
2024-09-07T14:00,14,5,251,26493.0
2024-09-07T15:00,15,5,251,26985.0
2024-09-07T16:00,16,5,251,28548.0
2024-09-07T17:00,17,5,251,31814.0
2024-09-07T18:00,18,5,251,32979.0
2024-09-07T19:00,19,5,251,34047.0
2024-09-07T20:00,20,5,251,35347.0
2024-09-07T21:00,21,5,251,36468.0
2024-09-07T22:00,22,5,251,37192.0
2024-09-07T23:00,23,5,251,38956.0
2024-09-08T00:00,0,6,252,40339.0
2024-09-08T01:00,1,6,252,41667.0
2024-09-08T02:00,2,6,252,42567.0
2024-09-08T03:00,3,6,252,42471.0
2024-09-08T04:00,4,6,252,41126.0
2024-09-08T05:00,5,6,252,39659.0
2024-09-08T06:00,6,6,252,37766.0
2024-09-08T07:00,7,6,252,35025.0
2024-09-08T08:00,8,6,252,32541.0
2024-09-08T09:00,9,6,252,30692.0
2024-09-08T10:00,10,6,252,29392.0
2024-09-08T11:00,11,6,252,27260.0
2024-09-08T12:00,12,6,252,26711.0
2024-09-08T13:00,13,6,252,26225.0
2024-09-08T14:00,14,6,252,26088.0
2024-09-08T15:00,15,6,252,26351.0
2024-09-08T16:00,16,6,252,27606.0
2024-09-08T17:00,17,6,252,30845.0
2024-09-08T18:00,18,6,252,32321.0
2024-09-08T19:00,19,6,252,33547.0
2024-09-08T20:00,20,6,252,34117.0
2024-09-08T21:00,21,6,252,35782.0
2024-09-08T22:00,22,6,252,37944.0
2024-09-08T23:00,23,6,252,39112.0
2024-09-09T00:00,0,0,253,40235.0
2024-09-09T01:00,1,0,253,41229.0
2024-09-09T02:00,2,0,253,42410.0
2024-09-09T03:00,3,0,253,42998.0
2024-09-09T04:00,4,0,253,42139.0
2024-09-09T05:00,5,0,253,40310.0
2024-09-09T06:00,6,0,253,38270.0
2024-09-09T07:00,7,0,253,35194.0
2024-09-09T08:00,8,0,253,32116.0
2024-09-09T09:00,9,0,253,30467.0
2024-09-09T10:00,10,0,253,29249.0
2024-09-09T11:00,11,0,253,28347.0
2024-09-09T12:00,12,0,253,27482.0
2024-09-09T13:00,13,0,253,27845.0
2024-09-09T14:00,14,0,253,27934.0
2024-09-09T15:00,15,0,253,29446.0
2024-09-09T16:00,16,0,253,31870.0
2024-09-09T17:00,17,0,253,36006.0
2024-09-09T18:00,18,0,253,37441.0
2024-09-09T19:00,19,0,253,38262.0
2024-09-09T20:00,20,0,253,38887.0
2024-09-09T21:00,21,0,253,39477.0
2024-09-09T22:00,22,0,253,40250.0
2024-09-09T23:00,23,0,253,41703.0
2024-09-10T00:00,0,1,254,43479.0
2024-09-10T01:00,1,1,254,44504.0
2024-09-10T02:00,2,1,254,45112.0
2024-09-10T03:00,3,1,254,44420.0
2024-09-10T04:00,4,1,254,42834.0
2024-09-10T05:00,5,1,254,41028.0
2024-09-10T06:00,6,1,254,38875.0
2024-09-10T07:00,7,1,254,35376.0
2024-09-10T08:00,8,1,254,32364.0
2024-09-10T09:00,9,1,254,30653.0
2024-09-10T10:00,10,1,254,28938.0
2024-09-10T11:00,11,1,254,27385.0
2024-09-10T12:00,12,1,254,26581.0
2024-09-10T13:00,13,1,254,26630.0
2024-09-10T14:00,14,1,254,26873.0
2024-09-10T15:00,15,1,254,28258.0
2024-09-10T16:00,16,1,254,29983.0
2024-09-10T17:00,17,1,254,33248.0
2024-09-10T18:00,18,1,254,34417.0
2024-09-10T19:00,19,1,254,34461.0
2024-09-10T20:00,20,1,254,34275.0
2024-09-10T21:00,21,1,254,33449.0
2024-09-10T22:00,22,1,254,34074.0
2024-09-10T23:00,23,1,254,35087.0
2024-09-11T00:00,0,2,255,36092.0
2024-09-11T01:00,1,2,255,37314.0
2024-09-11T02:00,2,2,255,38179.0
2024-09-11T03:00,3,2,255,37909.0
2024-09-11T04:00,4,2,255,36688.0
2024-09-11T05:00,5,2,255,35223.0
2024-09-11T06:00,6,2,255,33639.0
2024-09-11T07:00,7,2,255,31240.0
2024-09-11T08:00,8,2,255,29150.0
2024-09-11T09:00,9,2,255,27019.0
2024-09-11T10:00,10,2,255,26109.0
2024-09-11T11:00,11,2,255,24633.0
2024-09-11T12:00,12,2,255,23895.0
2024-09-11T13:00,13,2,255,23926.0
2024-09-11T14:00,14,2,255,24745.0
2024-09-11T15:00,15,2,255,26253.0
2024-09-11T16:00,16,2,255,27508.0
2024-09-11T17:00,17,2,255,28576.0
2024-09-11T18:00,18,2,255,29736.0
2024-09-11T19:00,19,2,255,29816.0
2024-09-11T20:00,20,2,255,30208.0
2024-09-11T21:00,21,2,255,30022.0
2024-09-11T22:00,22,2,255,30227.0
2024-09-11T23:00,23,2,255,29897.0
2024-09-12T00:00,0,3,256,30380.0
2024-09-12T01:00,1,3,256,31634.0
2024-09-12T02:00,2,3,256,32706.0
2024-09-12T03:00,3,3,256,32839.0
2024-09-12T04:00,4,3,256,32478.0
2024-09-12T05:00,5,3,256,31778.0
2024-09-12T06:00,6,3,256,30689.0
2024-09-12T07:00,7,3,256,28649.0
2024-09-12T08:00,8,3,256,26930.0
2024-09-12T09:00,9,3,256,25750.0
2024-09-12T10:00,10,3,256,24943.0
2024-09-12T11:00,11,3,256,23742.0
2024-09-12T12:00,12,3,256,23094.0
2024-09-12T13:00,13,3,256,23254.0
2024-09-12T14:00,14,3,256,24196.0
2024-09-12T15:00,15,3,256,25745.0
2024-09-12T16:00,16,3,256,27030.0
2024-09-12T17:00,17,3,256,29464.0
2024-09-12T18:00,18,3,256,30985.0
2024-09-12T19:00,19,3,256,29679.0
2024-09-12T20:00,20,3,256,28845.0
2024-09-12T21:00,21,3,256,28204.0
2024-09-12T22:00,22,3,256,26967.0
2024-09-12T23:00,23,3,256,26884.0
2024-09-13T00:00,0,4,257,28335.0
2024-09-13T01:00,1,4,257,29881.0
2024-09-13T02:00,2,4,257,31262.0
2024-09-13T03:00,3,4,257,31672.0
2024-09-13T04:00,4,4,257,31627.0
2024-09-13T05:00,5,4,257,30977.0
2024-09-13T06:00,6,4,257,29963.0
2024-09-13T07:00,7,4,257,28100.0
2024-09-13T08:00,8,4,257,26359.0
2024-09-13T09:00,9,4,257,25216.0
2024-09-13T10:00,10,4,257,24503.0
2024-09-13T11:00,11,4,257,23276.0
2024-09-13T12:00,12,4,257,22532.0
2024-09-13T13:00,13,4,257,22630.0
2024-09-13T14:00,14,4,257,23219.0
2024-09-13T15:00,15,4,257,24681.0
2024-09-13T16:00,16,4,257,26142.0
2024-09-13T17:00,17,4,257,28666.0
2024-09-13T18:00,18,4,257,29556.0
2024-09-13T19:00,19,4,257,29528.0
2024-09-13T20:00,20,4,257,29143.0
2024-09-13T21:00,21,4,257,28761.0
2024-09-13T22:00,22,4,257,27882.0
2024-09-13T23:00,23,4,257,28489.0
2024-09-14T00:00,0,5,258,29835.0
2024-09-14T01:00,1,5,258,31450.0
2024-09-14T02:00,2,5,258,32145.0
2024-09-14T03:00,3,5,258,32060.0
2024-09-14T04:00,4,5,258,31544.0
2024-09-14T05:00,5,5,258,30653.0
2024-09-14T06:00,6,5,258,29595.0
2024-09-14T07:00,7,5,258,28094.0
2024-09-14T08:00,8,5,258,26803.0
2024-09-14T09:00,9,5,258,25505.0
2024-09-14T10:00,10,5,258,24387.0
2024-09-14T11:00,11,5,258,22997.0
2024-09-14T12:00,12,5,258,22401.0
2024-09-14T13:00,13,5,258,22215.0
2024-09-14T14:00,14,5,258,22498.0
2024-09-14T15:00,15,5,258,23249.0
2024-09-14T16:00,16,5,258,24342.0
2024-09-14T17:00,17,5,258,25885.0
2024-09-14T18:00,18,5,258,26872.0
2024-09-14T19:00,19,5,258,26816.0
2024-09-14T20:00,20,5,258,26297.0
2024-09-14T21:00,21,5,258,25514.0
2024-09-14T22:00,22,5,258,25433.0
2024-09-14T23:00,23,5,258,25815.0
2024-09-15T00:00,0,6,259,26742.0
2024-09-15T01:00,1,6,259,28206.0
2024-09-15T02:00,2,6,259,29976.0
2024-09-15T03:00,3,6,259,30649.0
2024-09-15T04:00,4,6,259,30069.0
2024-09-15T05:00,5,6,259,29531.0
2024-09-15T06:00,6,6,259,28321.0
2024-09-15T07:00,7,6,259,26658.0
2024-09-15T08:00,8,6,259,25888.0
2024-09-15T09:00,9,6,259,24472.0
2024-09-15T10:00,10,6,259,23633.0
2024-09-15T11:00,11,6,259,22460.0
2024-09-15T12:00,12,6,259,21715.0
2024-09-15T13:00,13,6,259,21367.0
2024-09-15T14:00,14,6,259,21387.0
2024-09-15T15:00,15,6,259,21937.0
2024-09-15T16:00,16,6,259,22477.0
2024-09-15T17:00,17,6,259,23866.0
2024-09-15T18:00,18,6,259,25395.0
2024-09-15T19:00,19,6,259,25016.0
2024-09-15T20:00,20,6,259,24742.0
2024-09-15T21:00,21,6,259,24765.0
2024-09-15T22:00,22,6,259,24366.0
2024-09-15T23:00,23,6,259,23995.0
2024-09-16T00:00,0,0,260,24632.0
2024-09-16T01:00,1,0,260,25743.0
2024-09-16T02:00,2,0,260,26196.0
2024-09-16T03:00,3,0,260,27295.0
2024-09-16T04:00,4,0,260,27704.0
2024-09-16T05:00,5,0,260,27190.0
2024-09-16T06:00,6,0,260,26445.0
2024-09-16T07:00,7,0,260,25044.0
2024-09-16T08:00,8,0,260,23836.0
2024-09-16T09:00,9,0,260,23033.0
2024-09-16T10:00,10,0,260,22439.0
2024-09-16T11:00,11,0,260,21682.0
2024-09-16T12:00,12,0,260,21343.0
2024-09-16T13:00,13,0,260,21539.0
2024-09-16T14:00,14,0,260,22715.0
2024-09-16T15:00,15,0,260,24466.0
2024-09-16T16:00,16,0,260,25952.0
2024-09-16T17:00,17,0,260,27745.0
2024-09-16T18:00,18,0,260,28590.0
2024-09-16T19:00,19,0,260,28290.0
2024-09-16T20:00,20,0,260,28769.0
2024-09-16T21:00,21,0,260,27595.0
2024-09-16T22:00,22,0,260,26938.0
2024-09-16T23:00,23,0,260,25782.0
2024-09-17T00:00,0,1,261,24926.0
2024-09-17T01:00,1,1,261,25407.0
2024-09-17T02:00,2,1,261,26596.0
2024-09-17T03:00,3,1,261,27635.0
2024-09-17T04:00,4,1,261,28599.0
2024-09-17T05:00,5,1,261,27849.0
2024-09-17T06:00,6,1,261,27042.0
2024-09-17T07:00,7,1,261,25620.0
2024-09-17T08:00,8,1,261,24233.0
2024-09-17T09:00,9,1,261,23434.0
2024-09-17T10:00,10,1,261,22705.0
2024-09-17T11:00,11,1,261,21980.0
2024-09-17T12:00,12,1,261,21743.0
2024-09-17T13:00,13,1,261,21658.0
2024-09-17T14:00,14,1,261,22737.0
2024-09-17T15:00,15,1,261,24145.0
2024-09-17T16:00,16,1,261,26041.0
2024-09-17T17:00,17,1,261,27991.0
2024-09-17T18:00,18,1,261,29092.0
2024-09-17T19:00,19,1,261,28645.0
2024-09-17T20:00,20,1,261,27641.0
2024-09-17T21:00,21,1,261,26487.0
2024-09-17T22:00,22,1,261,25207.0
2024-09-17T23:00,23,1,261,24670.0
2024-09-18T00:00,0,2,262,25066.0
2024-09-18T01:00,1,2,262,26245.0
2024-09-18T02:00,2,2,262,27190.0
2024-09-18T03:00,3,2,262,27981.0
2024-09-18T04:00,4,2,262,28421.0
2024-09-18T05:00,5,2,262,27905.0
2024-09-18T06:00,6,2,262,27094.0
2024-09-18T07:00,7,2,262,25768.0
2024-09-18T08:00,8,2,262,24402.0
2024-09-18T09:00,9,2,262,23490.0
2024-09-18T10:00,10,2,262,23025.0
2024-09-18T11:00,11,2,262,22201.0
2024-09-18T12:00,12,2,262,21725.0
2024-09-18T13:00,13,2,262,21649.0
2024-09-18T14:00,14,2,262,22627.0
2024-09-18T15:00,15,2,262,24348.0
2024-09-18T16:00,16,2,262,25783.0
2024-09-18T17:00,17,2,262,27127.0
2024-09-18T18:00,18,2,262,28126.0
2024-09-18T19:00,19,2,262,27753.0
2024-09-18T20:00,20,2,262,27284.0
2024-09-18T21:00,21,2,262,26154.0
2024-09-18T22:00,22,2,262,26346.0
2024-09-18T23:00,23,2,262,25465.0
2024-09-19T00:00,0,3,263,25823.0
2024-09-19T01:00,1,3,263,26810.0
2024-09-19T02:00,2,3,263,28047.0
2024-09-19T03:00,3,3,263,28720.0
2024-09-19T04:00,4,3,263,28988.0
2024-09-19T05:00,5,3,263,28410.0
2024-09-19T06:00,6,3,263,27553.0
2024-09-19T07:00,7,3,263,26173.0
2024-09-19T08:00,8,3,263,24674.0
2024-09-19T09:00,9,3,263,23758.0
2024-09-19T10:00,10,3,263,22928.0
2024-09-19T11:00,11,3,263,22200.0
2024-09-19T12:00,12,3,263,21827.0
2024-09-19T13:00,13,3,263,22372.0
2024-09-19T14:00,14,3,263,23487.0
2024-09-19T15:00,15,3,263,25387.0
2024-09-19T16:00,16,3,263,26103.0
2024-09-19T17:00,17,3,263,26811.0
2024-09-19T18:00,18,3,263,27293.0
2024-09-19T19:00,19,3,263,27158.0
2024-09-19T20:00,20,3,263,26147.0
2024-09-19T21:00,21,3,263,25305.0
2024-09-19T22:00,22,3,263,25961.0
2024-09-19T23:00,23,3,263,25682.0
2024-09-20T00:00,0,4,264,25994.0
2024-09-20T01:00,1,4,264,26682.0
2024-09-20T02:00,2,4,264,27925.0
2024-09-20T03:00,3,4,264,28817.0
2024-09-20T04:00,4,4,264,29433.0
2024-09-20T05:00,5,4,264,28674.0
2024-09-20T06:00,6,4,264,27902.0
2024-09-20T07:00,7,4,264,26400.0
2024-09-20T08:00,8,4,264,25080.0
2024-09-20T09:00,9,4,264,24139.0
2024-09-20T10:00,10,4,264,23692.0
2024-09-20T11:00,11,4,264,23129.0
2024-09-20T12:00,12,4,264,22846.0
2024-09-20T13:00,13,4,264,22616.0
2024-09-20T14:00,14,4,264,22942.0
2024-09-20T15:00,15,4,264,24679.0
2024-09-20T16:00,16,4,264,25776.0
2024-09-20T17:00,17,4,264,26406.0
2024-09-20T18:00,18,4,264,26393.0
2024-09-20T19:00,19,4,264,25835.0
2024-09-20T20:00,20,4,264,25233.0
2024-09-20T21:00,21,4,264,25330.0
2024-09-20T22:00,22,4,264,26006.0
2024-09-20T23:00,23,4,264,25726.0
2024-09-21T00:00,0,5,265,26213.0
2024-09-21T01:00,1,5,265,27286.0
2024-09-21T02:00,2,5,265,27851.0
2024-09-21T03:00,3,5,265,28658.0
2024-09-21T04:00,4,5,265,28665.0
2024-09-21T05:00,5,5,265,28126.0
2024-09-21T06:00,6,5,265,27365.0
2024-09-21T07:00,7,5,265,26096.0
2024-09-21T08:00,8,5,265,25188.0
2024-09-21T09:00,9,5,265,23811.0
2024-09-21T10:00,10,5,265,23005.0
2024-09-21T11:00,11,5,265,22101.0
2024-09-21T12:00,12,5,265,21579.0
2024-09-21T13:00,13,5,265,21397.0
2024-09-21T14:00,14,5,265,21750.0
2024-09-21T15:00,15,5,265,22332.0
2024-09-21T16:00,16,5,265,22881.0
2024-09-21T17:00,17,5,265,24682.0
2024-09-21T18:00,18,5,265,25557.0
2024-09-21T19:00,19,5,265,24747.0
2024-09-21T20:00,20,5,265,23640.0
2024-09-21T21:00,21,5,265,23060.0
2024-09-21T22:00,22,5,265,22871.0
2024-09-21T23:00,23,5,265,23362.0
2024-09-22T00:00,0,6,266,25336.0
2024-09-22T01:00,1,6,266,26510.0
2024-09-22T02:00,2,6,266,27855.0
2024-09-22T03:00,3,6,266,28512.0
2024-09-22T04:00,4,6,266,28281.0
2024-09-22T05:00,5,6,266,27475.0
2024-09-22T06:00,6,6,266,26733.0
2024-09-22T07:00,7,6,266,25370.0
2024-09-22T08:00,8,6,266,24158.0
2024-09-22T09:00,9,6,266,23758.0
2024-09-22T10:00,10,6,266,22904.0
2024-09-22T11:00,11,6,266,21921.0
2024-09-22T12:00,12,6,266,21390.0
2024-09-22T13:00,13,6,266,21307.0
2024-09-22T14:00,14,6,266,21266.0
2024-09-22T15:00,15,6,266,21457.0
2024-09-22T16:00,16,6,266,22597.0
2024-09-22T17:00,17,6,266,24848.0
2024-09-22T18:00,18,6,266,25524.0
2024-09-22T19:00,19,6,266,24528.0
2024-09-22T20:00,20,6,266,23578.0
2024-09-22T21:00,21,6,266,22749.0
2024-09-22T22:00,22,6,266,22592.0
2024-09-22T23:00,23,6,266,23314.0
2024-09-23T00:00,0,0,267,25641.0
2024-09-23T01:00,1,0,267,27665.0
2024-09-23T02:00,2,0,267,29811.0
2024-09-23T03:00,3,0,267,30705.0
2024-09-23T04:00,4,0,267,30497.0
2024-09-23T05:00,5,0,267,29282.0
2024-09-23T06:00,6,0,267,28120.0
2024-09-23T07:00,7,0,267,26427.0
2024-09-23T08:00,8,0,267,24544.0
2024-09-23T09:00,9,0,267,23700.0
2024-09-23T10:00,10,0,267,22688.0
2024-09-23T11:00,11,0,267,22151.0
2024-09-23T12:00,12,0,267,21536.0
2024-09-23T13:00,13,0,267,21674.0
2024-09-23T14:00,14,0,267,22678.0
2024-09-23T15:00,15,0,267,24568.0
2024-09-23T16:00,16,0,267,26503.0
2024-09-23T17:00,17,0,267,28889.0
2024-09-23T18:00,18,0,267,30003.0
2024-09-23T19:00,19,0,267,29611.0
2024-09-23T20:00,20,0,267,29097.0
2024-09-23T21:00,21,0,267,28711.0
2024-09-23T22:00,22,0,267,29380.0
2024-09-23T23:00,23,0,267,30501.0
2024-09-24T00:00,0,1,268,33059.0
2024-09-24T01:00,1,1,268,34610.0
2024-09-24T02:00,2,1,268,35747.0
2024-09-24T03:00,3,1,268,35928.0
2024-09-24T04:00,4,1,268,34910.0
2024-09-24T05:00,5,1,268,33224.0
2024-09-24T06:00,6,1,268,31596.0
2024-09-24T07:00,7,1,268,29046.0
2024-09-24T08:00,8,1,268,27172.0
2024-09-24T09:00,9,1,268,25784.0
2024-09-24T10:00,10,1,268,24697.0
2024-09-24T11:00,11,1,268,23789.0
2024-09-24T12:00,12,1,268,23073.0
2024-09-24T13:00,13,1,268,23247.0
2024-09-24T14:00,14,1,268,23848.0
2024-09-24T15:00,15,1,268,25599.0
2024-09-24T16:00,16,1,268,27383.0
2024-09-24T17:00,17,1,268,29870.0
2024-09-24T18:00,18,1,268,30239.0
2024-09-24T19:00,19,1,268,29675.0
2024-09-24T20:00,20,1,268,29567.0
2024-09-24T21:00,21,1,268,29586.0
2024-09-24T22:00,22,1,268,30294.0
2024-09-24T23:00,23,1,268,31390.0
2024-09-25T00:00,0,2,269,33803.0
2024-09-25T01:00,1,2,269,34694.0
2024-09-25T02:00,2,2,269,35404.0
2024-09-25T03:00,3,2,269,34743.0
2024-09-25T04:00,4,2,269,34213.0
2024-09-25T05:00,5,2,269,32642.0
2024-09-25T06:00,6,2,269,30875.0
2024-09-25T07:00,7,2,269,28571.0
2024-09-25T08:00,8,2,269,26543.0
2024-09-25T09:00,9,2,269,25293.0
2024-09-25T10:00,10,2,269,24376.0
2024-09-25T11:00,11,2,269,23487.0
2024-09-25T12:00,12,2,269,23028.0
2024-09-25T13:00,13,2,269,23049.0
2024-09-25T14:00,14,2,269,24030.0
2024-09-25T15:00,15,2,269,25543.0
2024-09-25T16:00,16,2,269,27304.0
2024-09-25T17:00,17,2,269,29228.0
2024-09-25T18:00,18,2,269,31468.0
2024-09-25T19:00,19,2,269,29200.0
2024-09-25T20:00,20,2,269,28041.0
2024-09-25T21:00,21,2,269,26751.0
2024-09-25T22:00,22,2,269,27416.0
2024-09-25T23:00,23,2,269,27743.0
2024-09-26T00:00,0,3,270,28787.0
2024-09-26T01:00,1,3,270,30731.0
2024-09-26T02:00,2,3,270,31174.0
2024-09-26T03:00,3,3,270,31402.0
2024-09-26T04:00,4,3,270,31181.0
2024-09-26T05:00,5,3,270,29965.0
2024-09-26T06:00,6,3,270,28676.0
2024-09-26T07:00,7,3,270,26905.0
2024-09-26T08:00,8,3,270,25050.0
2024-09-26T09:00,9,3,270,24200.0
2024-09-26T10:00,10,3,270,23268.0
2024-09-26T11:00,11,3,270,22360.0
2024-09-26T12:00,12,3,270,21883.0
2024-09-26T13:00,13,3,270,22019.0
2024-09-26T14:00,14,3,270,22993.0
2024-09-26T15:00,15,3,270,24594.0
2024-09-26T16:00,16,3,270,26049.0
2024-09-26T17:00,17,3,270,28303.0
2024-09-26T18:00,18,3,270,28961.0
2024-09-26T19:00,19,3,270,27633.0
2024-09-26T20:00,20,3,270,26425.0
2024-09-26T21:00,21,3,270,25997.0
2024-09-26T22:00,22,3,270,25768.0
2024-09-26T23:00,23,3,270,26736.0
2024-09-27T00:00,0,4,271,27631.0
2024-09-27T01:00,1,4,271,29576.0
2024-09-27T02:00,2,4,271,31139.0
2024-09-27T03:00,3,4,271,31597.0
2024-09-27T04:00,4,4,271,31351.0
2024-09-27T05:00,5,4,271,30187.0
2024-09-27T06:00,6,4,271,29179.0
2024-09-27T07:00,7,4,271,27119.0
2024-09-27T08:00,8,4,271,25432.0
2024-09-27T09:00,9,4,271,24594.0
2024-09-27T10:00,10,4,271,23321.0
2024-09-27T11:00,11,4,271,22338.0
2024-09-27T12:00,12,4,271,21939.0
2024-09-27T13:00,13,4,271,21842.0
2024-09-27T14:00,14,4,271,22669.0
2024-09-27T15:00,15,4,271,24390.0
2024-09-27T16:00,16,4,271,25877.0
2024-09-27T17:00,17,4,271,27977.0
2024-09-27T18:00,18,4,271,29256.0
2024-09-27T19:00,19,4,271,29028.0
2024-09-27T20:00,20,4,271,27874.0
2024-09-27T21:00,21,4,271,27071.0
2024-09-27T22:00,22,4,271,27066.0
2024-09-27T23:00,23,4,271,27441.0
2024-09-28T00:00,0,5,272,29031.0
2024-09-28T01:00,1,5,272,31383.0
2024-09-28T02:00,2,5,272,32743.0
2024-09-28T03:00,3,5,272,32634.0
2024-09-28T04:00,4,5,272,31902.0
2024-09-28T05:00,5,5,272,30427.0
2024-09-28T06:00,6,5,272,29316.0
2024-09-28T07:00,7,5,272,27464.0
2024-09-28T08:00,8,5,272,25833.0
2024-09-28T09:00,9,5,272,24348.0
2024-09-28T10:00,10,5,272,23253.0
2024-09-28T11:00,11,5,272,22164.0
2024-09-28T12:00,12,5,272,21346.0
2024-09-28T13:00,13,5,272,21178.0
2024-09-28T14:00,14,5,272,21241.0
2024-09-28T15:00,15,5,272,21895.0
2024-09-28T16:00,16,5,272,22931.0
2024-09-28T17:00,17,5,272,25376.0
2024-09-28T18:00,18,5,272,26095.0
2024-09-28T19:00,19,5,272,25707.0
2024-09-28T20:00,20,5,272,24775.0
2024-09-28T21:00,21,5,272,23631.0
2024-09-28T22:00,22,5,272,23591.0
2024-09-28T23:00,23,5,272,24162.0
2024-09-29T00:00,0,6,273,25738.0
2024-09-29T01:00,1,6,273,27652.0
2024-09-29T02:00,2,6,273,29227.0
2024-09-29T03:00,3,6,273,29673.0
2024-09-29T04:00,4,6,273,29163.0
2024-09-29T05:00,5,6,273,28134.0
2024-09-29T06:00,6,6,273,27103.0
2024-09-29T07:00,7,6,273,25490.0
2024-09-29T08:00,8,6,273,24423.0
2024-09-29T09:00,9,6,273,23653.0
2024-09-29T10:00,10,6,273,22713.0
2024-09-29T11:00,11,6,273,21757.0
2024-09-29T12:00,12,6,273,20759.0
2024-09-29T13:00,13,6,273,20396.0
2024-09-29T14:00,14,6,273,20540.0
2024-09-29T15:00,15,6,273,20779.0
2024-09-29T16:00,16,6,273,21357.0
2024-09-29T17:00,17,6,273,23568.0
2024-09-29T18:00,18,6,273,24126.0
2024-09-29T19:00,19,6,273,24179.0
2024-09-29T20:00,20,6,273,22726.0
2024-09-29T21:00,21,6,273,21500.0
2024-09-29T22:00,22,6,273,21364.0
2024-09-29T23:00,23,6,273,22237.0
2024-09-30T00:00,0,0,274,24196.0
2024-09-30T01:00,1,0,274,26267.0
2024-09-30T02:00,2,0,274,28764.0
2024-09-30T03:00,3,0,274,29497.0
2024-09-30T04:00,4,0,274,29246.0
2024-09-30T05:00,5,0,274,28146.0
2024-09-30T06:00,6,0,274,27103.0
2024-09-30T07:00,7,0,274,25524.0
2024-09-30T08:00,8,0,274,23637.0
2024-09-30T09:00,9,0,274,23533.0
2024-09-30T10:00,10,0,274,22478.0
2024-09-30T11:00,11,0,274,21816.0
2024-09-30T12:00,12,0,274,21250.0
2024-09-30T13:00,13,0,274,21159.0
2024-09-30T14:00,14,0,274,22154.0
2024-09-30T15:00,15,0,274,23797.0
2024-09-30T16:00,16,0,274,25409.0
2024-09-30T17:00,17,0,274,27820.0
2024-09-30T18:00,18,0,274,29156.0
2024-09-30T19:00,19,0,274,28799.0
2024-09-30T20:00,20,0,274,28218.0
2024-09-30T21:00,21,0,274,27853.0
2024-09-30T22:00,22,0,274,27753.0
2024-09-30T23:00,23,0,274,28895.0
2024-10-01T00:00,0,1,275,31342.0
2024-10-01T01:00,1,1,275,33411.0
2024-10-01T02:00,2,1,275,34947.0
2024-10-01T03:00,3,1,275,34930.0
2024-10-01T04:00,4,1,275,33938.0
2024-10-01T05:00,5,1,275,32418.0
2024-10-01T06:00,6,1,275,30963.0
2024-10-01T07:00,7,1,275,28570.0
2024-10-01T08:00,8,1,275,26721.0
2024-10-01T09:00,9,1,275,25609.0
2024-10-01T10:00,10,1,275,24735.0
2024-10-01T11:00,11,1,275,24100.0
2024-10-01T12:00,12,1,275,23545.0
2024-10-01T13:00,13,1,275,23129.0
2024-10-01T14:00,14,1,275,23456.0
2024-10-01T15:00,15,1,275,25318.0
2024-10-01T16:00,16,1,275,27165.0
2024-10-01T17:00,17,1,275,29955.0
2024-10-01T18:00,18,1,275,31725.0
2024-10-01T19:00,19,1,275,31561.0
2024-10-01T20:00,20,1,275,31072.0
2024-10-01T21:00,21,1,275,30824.0
2024-10-01T22:00,22,1,275,32000.0
2024-10-01T23:00,23,1,275,33789.0
2024-10-02T00:00,0,2,276,36028.0
2024-10-02T01:00,1,2,276,37904.0
2024-10-02T02:00,2,2,276,38984.0
2024-10-02T03:00,3,2,276,38358.0
2024-10-02T04:00,4,2,276,36944.0
2024-10-02T05:00,5,2,276,34899.0
2024-10-02T06:00,6,2,276,33160.0
2024-10-02T07:00,7,2,276,30442.0
2024-10-02T08:00,8,2,276,28263.0
2024-10-02T09:00,9,2,276,26717.0
2024-10-02T10:00,10,2,276,26303.0
2024-10-02T11:00,11,2,276,25244.0
2024-10-02T12:00,12,2,276,24765.0
2024-10-02T13:00,13,2,276,24576.0
2024-10-02T14:00,14,2,276,24374.0
2024-10-02T15:00,15,2,276,25822.0
2024-10-02T16:00,16,2,276,27519.0
2024-10-02T17:00,17,2,276,30198.0
2024-10-02T18:00,18,2,276,32061.0
2024-10-02T19:00,19,2,276,31712.0
2024-10-02T20:00,20,2,276,32019.0
2024-10-02T21:00,21,2,276,32730.0
2024-10-02T22:00,22,2,276,34279.0
2024-10-02T23:00,23,2,276,36303.0
2024-10-03T00:00,0,3,277,38881.0
2024-10-03T01:00,1,3,277,40519.0
2024-10-03T02:00,2,3,277,41205.0
2024-10-03T03:00,3,3,277,40315.0
2024-10-03T04:00,4,3,277,38729.0
2024-10-03T05:00,5,3,277,36458.0
2024-10-03T06:00,6,3,277,34506.0
2024-10-03T07:00,7,3,277,31740.0
2024-10-03T08:00,8,3,277,29251.0
2024-10-03T09:00,9,3,277,27596.0
2024-10-03T10:00,10,3,277,26166.0
2024-10-03T11:00,11,3,277,25462.0
2024-10-03T12:00,12,3,277,24770.0
2024-10-03T13:00,13,3,277,24412.0
2024-10-03T14:00,14,3,277,24886.0
2024-10-03T15:00,15,3,277,26093.0
2024-10-03T16:00,16,3,277,27872.0
2024-10-03T17:00,17,3,277,31040.0
2024-10-03T18:00,18,3,277,32474.0
2024-10-03T19:00,19,3,277,32518.0
2024-10-03T20:00,20,3,277,32401.0
2024-10-03T21:00,21,3,277,32318.0
2024-10-03T22:00,22,3,277,33478.0
2024-10-03T23:00,23,3,277,35623.0
2024-10-04T00:00,0,4,278,37842.0
2024-10-04T01:00,1,4,278,39522.0
2024-10-04T02:00,2,4,278,39827.0
2024-10-04T03:00,3,4,278,38828.0
2024-10-04T04:00,4,4,278,37152.0
2024-10-04T05:00,5,4,278,35005.0
2024-10-04T06:00,6,4,278,32983.0
2024-10-04T07:00,7,4,278,30496.0
2024-10-04T08:00,8,4,278,28342.0
2024-10-04T09:00,9,4,278,27013.0
2024-10-04T10:00,10,4,278,26692.0
2024-10-04T11:00,11,4,278,25992.0
2024-10-04T12:00,12,4,278,25177.0
2024-10-04T13:00,13,4,278,24518.0
2024-10-04T14:00,14,4,278,24683.0
2024-10-04T15:00,15,4,278,25997.0
2024-10-04T16:00,16,4,278,27595.0
2024-10-04T17:00,17,4,278,29533.0
2024-10-04T18:00,18,4,278,31327.0
2024-10-04T19:00,19,4,278,31743.0
2024-10-04T20:00,20,4,278,32785.0
2024-10-04T21:00,21,4,278,33287.0
2024-10-04T22:00,22,4,278,33649.0
2024-10-04T23:00,23,4,278,34723.0
2024-10-05T00:00,0,5,279,35992.0
2024-10-05T01:00,1,5,279,37490.0
2024-10-05T02:00,2,5,279,37668.0
2024-10-05T03:00,3,5,279,36548.0
2024-10-05T04:00,4,5,279,35158.0
2024-10-05T05:00,5,5,279,33350.0
2024-10-05T06:00,6,5,279,31885.0
2024-10-05T07:00,7,5,279,29857.0
2024-10-05T08:00,8,5,279,28110.0
2024-10-05T09:00,9,5,279,26646.0
2024-10-05T10:00,10,5,279,25465.0
2024-10-05T11:00,11,5,279,24168.0
2024-10-05T12:00,12,5,279,23523.0
2024-10-05T13:00,13,5,279,23214.0
2024-10-05T14:00,14,5,279,23182.0
2024-10-05T15:00,15,5,279,23601.0
2024-10-05T16:00,16,5,279,24363.0
2024-10-05T17:00,17,5,279,28120.0
2024-10-05T18:00,18,5,279,29749.0
2024-10-05T19:00,19,5,279,29681.0
2024-10-05T20:00,20,5,279,28803.0
2024-10-05T21:00,21,5,279,29583.0
2024-10-05T22:00,22,5,279,30400.0
2024-10-05T23:00,23,5,279,31855.0
2024-10-06T00:00,0,6,280,33713.0
2024-10-06T01:00,1,6,280,35484.0
2024-10-06T02:00,2,6,280,36392.0
2024-10-06T03:00,3,6,280,35640.0
2024-10-06T04:00,4,6,280,34268.0
2024-10-06T05:00,5,6,280,32339.0
2024-10-06T06:00,6,6,280,30887.0
2024-10-06T07:00,7,6,280,29069.0
2024-10-06T08:00,8,6,280,27100.0
2024-10-06T09:00,9,6,280,25793.0
2024-10-06T10:00,10,6,280,24669.0
2024-10-06T11:00,11,6,280,23543.0
2024-10-06T12:00,12,6,280,22734.0
2024-10-06T13:00,13,6,280,22316.0
2024-10-06T14:00,14,6,280,22403.0
2024-10-06T15:00,15,6,280,22689.0
2024-10-06T16:00,16,6,280,23708.0
2024-10-06T17:00,17,6,280,27317.0
2024-10-06T18:00,18,6,280,28579.0
2024-10-06T19:00,19,6,280,28586.0
2024-10-06T20:00,20,6,280,29107.0
2024-10-06T21:00,21,6,280,28898.0
2024-10-06T22:00,22,6,280,29471.0
2024-10-06T23:00,23,6,280,31004.0
2024-10-07T00:00,0,0,281,33703.0
2024-10-07T01:00,1,0,281,35987.0
2024-10-07T02:00,2,0,281,37322.0
2024-10-07T03:00,3,0,281,36761.0
2024-10-07T04:00,4,0,281,35262.0
2024-10-07T05:00,5,0,281,33440.0
2024-10-07T06:00,6,0,281,31563.0
2024-10-07T07:00,7,0,281,29425.0
2024-10-07T08:00,8,0,281,27153.0
2024-10-07T09:00,9,0,281,26115.0
2024-10-07T10:00,10,0,281,25224.0
2024-10-07T11:00,11,0,281,24800.0
2024-10-07T12:00,12,0,281,23986.0
2024-10-07T13:00,13,0,281,23513.0
2024-10-07T14:00,14,0,281,23958.0
2024-10-07T15:00,15,0,281,25618.0
2024-10-07T16:00,16,0,281,27273.0
2024-10-07T17:00,17,0,281,30599.0
2024-10-07T18:00,18,0,281,33165.0
2024-10-07T19:00,19,0,281,33303.0
2024-10-07T20:00,20,0,281,33825.0
2024-10-07T21:00,21,0,281,33709.0
2024-10-07T22:00,22,0,281,34226.0
2024-10-07T23:00,23,0,281,35730.0
2024-10-08T00:00,0,1,282,37710.0
2024-10-08T01:00,1,1,282,39497.0
2024-10-08T02:00,2,1,282,39943.0
2024-10-08T03:00,3,1,282,38608.0
2024-10-08T04:00,4,1,282,37207.0
2024-10-08T05:00,5,1,282,34843.0
2024-10-08T06:00,6,1,282,32696.0
2024-10-08T07:00,7,1,282,30221.0
2024-10-08T08:00,8,1,282,28163.0
2024-10-08T09:00,9,1,282,26713.0
2024-10-08T10:00,10,1,282,25975.0
2024-10-08T11:00,11,1,282,25083.0
2024-10-08T12:00,12,1,282,24620.0
2024-10-08T13:00,13,1,282,24236.0
2024-10-08T14:00,14,1,282,24583.0
2024-10-08T15:00,15,1,282,26072.0
2024-10-08T16:00,16,1,282,27504.0
2024-10-08T17:00,17,1,282,30333.0
2024-10-08T18:00,18,1,282,32031.0
2024-10-08T19:00,19,1,282,31719.0
2024-10-08T20:00,20,1,282,32113.0
2024-10-08T21:00,21,1,282,31527.0
2024-10-08T22:00,22,1,282,31713.0
2024-10-08T23:00,23,1,282,32647.0
2024-10-09T00:00,0,2,283,34311.0
2024-10-09T01:00,1,2,283,35840.0
2024-10-09T02:00,2,2,283,36546.0
2024-10-09T03:00,3,2,283,35718.0
2024-10-09T04:00,4,2,283,34380.0
2024-10-09T05:00,5,2,283,32548.0
2024-10-09T06:00,6,2,283,30891.0
2024-10-09T07:00,7,2,283,28871.0
2024-10-09T08:00,8,2,283,26982.0
2024-10-09T09:00,9,2,283,25894.0
2024-10-09T10:00,10,2,283,25108.0
2024-10-09T11:00,11,2,283,24105.0
2024-10-09T12:00,12,2,283,23715.0
2024-10-09T13:00,13,2,283,23512.0
2024-10-09T14:00,14,2,283,23896.0
2024-10-09T15:00,15,2,283,25427.0
2024-10-09T16:00,16,2,283,26706.0
2024-10-09T17:00,17,2,283,29216.0
2024-10-09T18:00,18,2,283,31110.0
2024-10-09T19:00,19,2,283,30691.0
2024-10-09T20:00,20,2,283,29433.0
2024-10-09T21:00,21,2,283,29498.0
2024-10-09T22:00,22,2,283,28923.0
2024-10-09T23:00,23,2,283,29485.0
2024-10-10T00:00,0,3,284,30994.0
2024-10-10T01:00,1,3,284,32236.0
2024-10-10T02:00,2,3,284,33230.0
2024-10-10T03:00,3,3,284,33070.0
2024-10-10T04:00,4,3,284,32086.0
2024-10-10T05:00,5,3,284,30692.0
2024-10-10T06:00,6,3,284,29473.0
2024-10-10T07:00,7,3,284,27707.0
2024-10-10T08:00,8,3,284,25666.0
2024-10-10T09:00,9,3,284,24907.0
2024-10-10T10:00,10,3,284,24309.0
2024-10-10T11:00,11,3,284,23460.0
2024-10-10T12:00,12,3,284,23039.0
2024-10-10T13:00,13,3,284,22997.0
2024-10-10T14:00,14,3,284,23476.0
2024-10-10T15:00,15,3,284,25105.0
2024-10-10T16:00,16,3,284,26368.0
2024-10-10T17:00,17,3,284,28493.0
2024-10-10T18:00,18,3,284,30131.0
2024-10-10T19:00,19,3,284,29506.0
2024-10-10T20:00,20,3,284,28767.0
2024-10-10T21:00,21,3,284,27876.0
2024-10-10T22:00,22,3,284,28329.0
2024-10-10T23:00,23,3,284,29109.0
2024-10-11T00:00,0,4,285,30239.0
2024-10-11T01:00,1,4,285,31505.0
2024-10-11T02:00,2,4,285,32167.0
2024-10-11T03:00,3,4,285,32055.0
2024-10-11T04:00,4,4,285,31507.0
2024-10-11T05:00,5,4,285,30074.0
2024-10-11T06:00,6,4,285,28805.0
2024-10-11T07:00,7,4,285,27062.0
2024-10-11T08:00,8,4,285,25282.0
2024-10-11T09:00,9,4,285,24459.0
2024-10-11T10:00,10,4,285,23400.0
2024-10-11T11:00,11,4,285,22618.0
2024-10-11T12:00,12,4,285,22089.0
2024-10-11T13:00,13,4,285,22191.0
2024-10-11T14:00,14,4,285,22971.0
2024-10-11T15:00,15,4,285,24305.0
2024-10-11T16:00,16,4,285,25667.0
2024-10-11T17:00,17,4,285,28111.0
2024-10-11T18:00,18,4,285,29358.0
2024-10-11T19:00,19,4,285,28653.0
2024-10-11T20:00,20,4,285,28499.0
2024-10-11T21:00,21,4,285,27809.0
2024-10-11T22:00,22,4,285,27869.0
2024-10-11T23:00,23,4,285,28232.0
2024-10-12T00:00,0,5,286,28426.0
2024-10-12T01:00,1,5,286,29784.0
2024-10-12T02:00,2,5,286,31139.0
2024-10-12T03:00,3,5,286,30901.0
2024-10-12T04:00,4,5,286,30300.0
2024-10-12T05:00,5,5,286,28992.0
2024-10-12T06:00,6,5,286,27893.0
2024-10-12T07:00,7,5,286,26669.0
2024-10-12T08:00,8,5,286,25403.0
2024-10-12T09:00,9,5,286,24593.0
2024-10-12T10:00,10,5,286,23486.0
2024-10-12T11:00,11,5,286,22639.0
2024-10-12T12:00,12,5,286,22068.0
2024-10-12T13:00,13,5,286,21839.0
2024-10-12T14:00,14,5,286,21760.0
2024-10-12T15:00,15,5,286,21977.0
2024-10-12T16:00,16,5,286,22901.0
2024-10-12T17:00,17,5,286,24908.0
2024-10-12T18:00,18,5,286,25708.0
2024-10-12T19:00,19,5,286,24931.0
2024-10-12T20:00,20,5,286,23838.0
2024-10-12T21:00,21,5,286,23239.0
2024-10-12T22:00,22,5,286,22967.0
2024-10-12T23:00,23,5,286,23516.0
2024-10-13T00:00,0,6,287,24489.0
2024-10-13T01:00,1,6,287,26251.0
2024-10-13T02:00,2,6,287,27387.0
2024-10-13T03:00,3,6,287,28078.0
2024-10-13T04:00,4,6,287,27679.0
2024-10-13T05:00,5,6,287,26865.0
2024-10-13T06:00,6,6,287,25875.0
2024-10-13T07:00,7,6,287,24665.0
2024-10-13T08:00,8,6,287,23510.0
2024-10-13T09:00,9,6,287,22498.0
2024-10-13T10:00,10,6,287,21668.0
2024-10-13T11:00,11,6,287,20865.0
2024-10-13T12:00,12,6,287,20321.0
2024-10-13T13:00,13,6,287,20053.0
2024-10-13T14:00,14,6,287,20189.0
2024-10-13T15:00,15,6,287,20524.0
2024-10-13T16:00,16,6,287,21427.0
2024-10-13T17:00,17,6,287,22995.0
2024-10-13T18:00,18,6,287,23606.0
2024-10-13T19:00,19,6,287,22494.0
2024-10-13T20:00,20,6,287,21449.0
2024-10-13T21:00,21,6,287,21304.0
2024-10-13T22:00,22,6,287,21668.0
2024-10-13T23:00,23,6,287,22331.0
2024-10-14T00:00,0,0,288,23744.0
2024-10-14T01:00,1,0,288,25306.0
2024-10-14T02:00,2,0,288,27134.0
2024-10-14T03:00,3,0,288,27849.0
2024-10-14T04:00,4,0,288,27507.0
2024-10-14T05:00,5,0,288,26738.0
2024-10-14T06:00,6,0,288,25846.0
2024-10-14T07:00,7,0,288,24402.0
2024-10-14T08:00,8,0,288,23278.0
2024-10-14T09:00,9,0,288,22764.0
2024-10-14T10:00,10,0,288,22503.0
2024-10-14T11:00,11,0,288,21976.0
2024-10-14T12:00,12,0,288,21585.0
2024-10-14T13:00,13,0,288,21209.0
2024-10-14T14:00,14,0,288,21836.0
2024-10-14T15:00,15,0,288,23341.0
2024-10-14T16:00,16,0,288,25283.0
2024-10-14T17:00,17,0,288,27147.0
2024-10-14T18:00,18,0,288,27425.0
2024-10-14T19:00,19,0,288,27214.0
2024-10-14T20:00,20,0,288,26338.0
2024-10-14T21:00,21,0,288,26006.0
2024-10-14T22:00,22,0,288,26289.0
2024-10-14T23:00,23,0,288,26148.0
2024-10-15T00:00,0,1,289,27306.0
2024-10-15T01:00,1,1,289,27964.0
2024-10-15T02:00,2,1,289,29328.0
2024-10-15T03:00,3,1,289,29890.0
2024-10-15T04:00,4,1,289,29454.0
2024-10-15T05:00,5,1,289,28364.0
2024-10-15T06:00,6,1,289,27359.0
2024-10-15T07:00,7,1,289,25867.0
2024-10-15T08:00,8,1,289,24354.0
2024-10-15T09:00,9,1,289,23580.0
2024-10-15T10:00,10,1,289,22888.0
2024-10-15T11:00,11,1,289,22260.0
2024-10-15T12:00,12,1,289,21801.0
2024-10-15T13:00,13,1,289,21803.0
2024-10-15T14:00,14,1,289,22644.0
2024-10-15T15:00,15,1,289,24522.0
2024-10-15T16:00,16,1,289,26103.0
2024-10-15T17:00,17,1,289,27436.0
2024-10-15T18:00,18,1,289,28317.0
2024-10-15T19:00,19,1,289,27790.0
2024-10-15T20:00,20,1,289,27063.0
2024-10-15T21:00,21,1,289,26971.0
2024-10-15T22:00,22,1,289,27498.0
2024-10-15T23:00,23,1,289,27707.0
2024-10-16T00:00,0,2,290,28981.0
2024-10-16T01:00,1,2,290,29077.0
2024-10-16T02:00,2,2,290,29354.0
2024-10-16T03:00,3,2,290,29932.0
2024-10-16T04:00,4,2,290,29574.0
2024-10-16T05:00,5,2,290,28537.0
2024-10-16T06:00,6,2,290,27532.0
2024-10-16T07:00,7,2,290,25891.0
2024-10-16T08:00,8,2,290,24853.0
2024-10-16T09:00,9,2,290,23898.0
2024-10-16T10:00,10,2,290,22795.0
2024-10-16T11:00,11,2,290,22080.0
2024-10-16T12:00,12,2,290,21885.0
2024-10-16T13:00,13,2,290,22119.0
2024-10-16T14:00,14,2,290,22906.0
2024-10-16T15:00,15,2,290,24597.0
2024-10-16T16:00,16,2,290,26237.0
2024-10-16T17:00,17,2,290,28070.0
2024-10-16T18:00,18,2,290,29295.0
2024-10-16T19:00,19,2,290,29167.0
2024-10-16T20:00,20,2,290,28565.0
2024-10-16T21:00,21,2,290,28656.0
2024-10-16T22:00,22,2,290,28421.0
2024-10-16T23:00,23,2,290,29495.0
2024-10-17T00:00,0,3,291,28985.0
2024-10-17T01:00,1,3,291,27840.0
2024-10-17T02:00,2,3,291,27721.0
2024-10-17T03:00,3,3,291,28427.0
2024-10-17T04:00,4,3,291,28066.0
2024-10-17T05:00,5,3,291,27460.0
2024-10-17T06:00,6,3,291,26590.0
2024-10-17T07:00,7,3,291,25243.0
2024-10-17T08:00,8,3,291,24036.0
2024-10-17T09:00,9,3,291,23198.0
2024-10-17T10:00,10,3,291,22436.0
2024-10-17T11:00,11,3,291,22069.0
2024-10-17T12:00,12,3,291,21867.0
2024-10-17T13:00,13,3,291,21970.0
2024-10-17T14:00,14,3,291,22825.0
2024-10-17T15:00,15,3,291,24457.0
2024-10-17T16:00,16,3,291,26040.0
2024-10-17T17:00,17,3,291,27594.0
2024-10-17T18:00,18,3,291,28375.0
2024-10-17T19:00,19,3,291,27912.0
2024-10-17T20:00,20,3,291,27821.0
2024-10-17T21:00,21,3,291,27310.0
2024-10-17T22:00,22,3,291,27416.0
2024-10-17T23:00,23,3,291,26670.0
2024-10-18T00:00,0,4,292,25691.0
2024-10-18T01:00,1,4,292,26081.0
2024-10-18T02:00,2,4,292,26573.0
2024-10-18T03:00,3,4,292,27671.0
2024-10-18T04:00,4,4,292,27606.0
2024-10-18T05:00,5,4,292,27023.0
2024-10-18T06:00,6,4,292,26185.0
2024-10-18T07:00,7,4,292,24854.0
2024-10-18T08:00,8,4,292,23807.0
2024-10-18T09:00,9,4,292,23266.0
2024-10-18T10:00,10,4,292,22347.0
2024-10-18T11:00,11,4,292,21911.0
2024-10-18T12:00,12,4,292,21584.0
2024-10-18T13:00,13,4,292,21555.0
2024-10-18T14:00,14,4,292,22536.0
2024-10-18T15:00,15,4,292,24043.0
2024-10-18T16:00,16,4,292,25101.0
2024-10-18T17:00,17,4,292,25195.0
2024-10-18T18:00,18,4,292,24907.0
2024-10-18T19:00,19,4,292,23188.0
2024-10-18T20:00,20,4,292,23576.0
2024-10-18T21:00,21,4,292,24026.0
2024-10-18T22:00,22,4,292,24312.0
2024-10-18T23:00,23,4,292,24483.0
2024-10-19T00:00,0,5,293,25309.0
2024-10-19T01:00,1,5,293,25744.0
2024-10-19T02:00,2,5,293,25935.0
2024-10-19T03:00,3,5,293,26727.0
2024-10-19T04:00,4,5,293,26766.0
2024-10-19T05:00,5,5,293,26291.0
2024-10-19T06:00,6,5,293,25369.0
2024-10-19T07:00,7,5,293,24232.0
2024-10-19T08:00,8,5,293,23277.0
2024-10-19T09:00,9,5,293,22502.0
2024-10-19T10:00,10,5,293,21782.0
2024-10-19T11:00,11,5,293,21112.0
2024-10-19T12:00,12,5,293,20821.0
2024-10-19T13:00,13,5,293,20594.0
2024-10-19T14:00,14,5,293,21040.0
2024-10-19T15:00,15,5,293,21612.0
2024-10-19T16:00,16,5,293,22026.0
2024-10-19T17:00,17,5,293,22464.0
2024-10-19T18:00,18,5,293,23470.0
2024-10-19T19:00,19,5,293,24094.0
2024-10-19T20:00,20,5,293,23189.0
2024-10-19T21:00,21,5,293,22994.0
2024-10-19T22:00,22,5,293,22013.0
2024-10-19T23:00,23,5,293,21035.0
2024-10-20T00:00,0,6,294,21488.0
2024-10-20T01:00,1,6,294,22799.0
2024-10-20T02:00,2,6,294,24688.0
2024-10-20T03:00,3,6,294,25732.0
2024-10-20T04:00,4,6,294,25755.0
2024-10-20T05:00,5,6,294,24856.0
2024-10-20T06:00,6,6,294,24101.0
2024-10-20T07:00,7,6,294,23050.0
2024-10-20T08:00,8,6,294,22304.0
2024-10-20T09:00,9,6,294,21300.0
2024-10-20T10:00,10,6,294,20454.0
2024-10-20T11:00,11,6,294,20042.0
2024-10-20T12:00,12,6,294,20048.0
2024-10-20T13:00,13,6,294,19728.0
2024-10-20T14:00,14,6,294,19754.0
2024-10-20T15:00,15,6,294,20099.0
2024-10-20T16:00,16,6,294,20345.0
2024-10-20T17:00,17,6,294,22248.0
2024-10-20T18:00,18,6,294,22708.0
2024-10-20T19:00,19,6,294,22575.0
2024-10-20T20:00,20,6,294,22102.0
2024-10-20T21:00,21,6,294,21782.0
2024-10-20T22:00,22,6,294,20906.0
2024-10-20T23:00,23,6,294,21256.0
2024-10-21T00:00,0,0,295,21890.0
2024-10-21T01:00,1,0,295,23673.0
2024-10-21T02:00,2,0,295,25515.0
2024-10-21T03:00,3,0,295,26455.0
2024-10-21T04:00,4,0,295,26407.0
2024-10-21T05:00,5,0,295,25565.0
2024-10-21T06:00,6,0,295,24536.0
2024-10-21T07:00,7,0,295,23193.0
2024-10-21T08:00,8,0,295,22172.0
2024-10-21T09:00,9,0,295,21396.0
2024-10-21T10:00,10,0,295,20767.0
2024-10-21T11:00,11,0,295,20175.0
2024-10-21T12:00,12,0,295,19838.0
2024-10-21T13:00,13,0,295,19893.0
2024-10-21T14:00,14,0,295,20672.0
2024-10-21T15:00,15,0,295,22568.0
2024-10-21T16:00,16,0,295,24262.0
2024-10-21T17:00,17,0,295,26096.0
2024-10-21T18:00,18,0,295,26967.0
2024-10-21T19:00,19,0,295,26361.0
2024-10-21T20:00,20,0,295,25256.0
2024-10-21T21:00,21,0,295,25070.0
2024-10-21T22:00,22,0,295,24578.0
2024-10-21T23:00,23,0,295,25043.0
2024-10-22T00:00,0,1,296,25864.0
2024-10-22T01:00,1,1,296,26729.0
2024-10-22T02:00,2,1,296,27853.0
2024-10-22T03:00,3,1,296,28869.0
2024-10-22T04:00,4,1,296,28430.0
2024-10-22T05:00,5,1,296,27427.0
2024-10-22T06:00,6,1,296,26288.0
2024-10-22T07:00,7,1,296,24802.0
2024-10-22T08:00,8,1,296,23537.0
2024-10-22T09:00,9,1,296,22295.0
2024-10-22T10:00,10,1,296,21631.0
2024-10-22T11:00,11,1,296,21036.0
2024-10-22T12:00,12,1,296,20737.0
2024-10-22T13:00,13,1,296,20765.0
2024-10-22T14:00,14,1,296,21621.0
2024-10-22T15:00,15,1,296,23390.0
2024-10-22T16:00,16,1,296,24859.0
2024-10-22T17:00,17,1,296,26455.0
2024-10-22T18:00,18,1,296,27423.0
2024-10-22T19:00,19,1,296,26427.0
2024-10-22T20:00,20,1,296,25597.0
2024-10-22T21:00,21,1,296,25367.0
2024-10-22T22:00,22,1,296,25019.0
2024-10-22T23:00,23,1,296,25157.0
2024-10-23T00:00,0,2,297,26280.0
2024-10-23T01:00,1,2,297,27549.0
2024-10-23T02:00,2,2,297,28578.0
2024-10-23T03:00,3,2,297,29277.0
2024-10-23T04:00,4,2,297,28637.0
2024-10-23T05:00,5,2,297,27468.0
2024-10-23T06:00,6,2,297,26492.0
2024-10-23T07:00,7,2,297,24829.0
2024-10-23T08:00,8,2,297,23446.0
2024-10-23T09:00,9,2,297,22826.0
2024-10-23T10:00,10,2,297,22053.0
2024-10-23T11:00,11,2,297,21493.0
2024-10-23T12:00,12,2,297,21169.0
2024-10-23T13:00,13,2,297,21138.0
2024-10-23T14:00,14,2,297,21919.0
2024-10-23T15:00,15,2,297,23673.0
2024-10-23T16:00,16,2,297,25119.0
2024-10-23T17:00,17,2,297,26663.0
2024-10-23T18:00,18,2,297,26635.0
2024-10-23T19:00,19,2,297,26377.0
2024-10-23T20:00,20,2,297,25427.0
2024-10-23T21:00,21,2,297,25263.0
2024-10-23T22:00,22,2,297,25658.0
2024-10-23T23:00,23,2,297,26539.0
2024-10-24T00:00,0,3,298,27224.0
2024-10-24T01:00,1,3,298,28045.0
2024-10-24T02:00,2,3,298,28901.0
2024-10-24T03:00,3,3,298,29307.0
2024-10-24T04:00,4,3,298,28764.0
2024-10-24T05:00,5,3,298,27466.0
2024-10-24T06:00,6,3,298,26424.0
2024-10-24T07:00,7,3,298,24904.0
2024-10-24T08:00,8,3,298,23766.0
2024-10-24T09:00,9,3,298,22998.0
2024-10-24T10:00,10,3,298,22243.0
2024-10-24T11:00,11,3,298,21637.0
2024-10-24T12:00,12,3,298,20937.0
2024-10-24T13:00,13,3,298,21103.0
2024-10-24T14:00,14,3,298,21807.0
2024-10-24T15:00,15,3,298,23689.0
2024-10-24T16:00,16,3,298,24995.0
2024-10-24T17:00,17,3,298,26237.0
2024-10-24T18:00,18,3,298,26772.0
2024-10-24T19:00,19,3,298,26006.0
2024-10-24T20:00,20,3,298,25526.0
2024-10-24T21:00,21,3,298,25333.0
2024-10-24T22:00,22,3,298,25180.0
2024-10-24T23:00,23,3,298,25705.0
2024-10-25T00:00,0,4,299,26278.0
2024-10-25T01:00,1,4,299,26820.0
2024-10-25T02:00,2,4,299,27769.0
2024-10-25T03:00,3,4,299,28470.0
2024-10-25T04:00,4,4,299,27961.0
2024-10-25T05:00,5,4,299,26757.0
2024-10-25T06:00,6,4,299,25979.0
2024-10-25T07:00,7,4,299,24531.0
2024-10-25T08:00,8,4,299,23045.0
2024-10-25T09:00,9,4,299,22575.0
2024-10-25T10:00,10,4,299,21539.0
2024-10-25T11:00,11,4,299,20866.0
2024-10-25T12:00,12,4,299,20574.0
2024-10-25T13:00,13,4,299,20712.0
2024-10-25T14:00,14,4,299,21559.0
2024-10-25T15:00,15,4,299,23295.0
2024-10-25T16:00,16,4,299,24582.0
2024-10-25T17:00,17,4,299,25767.0
2024-10-25T18:00,18,4,299,27226.0
2024-10-25T19:00,19,4,299,26512.0
2024-10-25T20:00,20,4,299,26024.0
2024-10-25T21:00,21,4,299,24953.0
2024-10-25T22:00,22,4,299,24840.0
2024-10-25T23:00,23,4,299,24697.0
2024-10-26T00:00,0,5,300,25136.0
2024-10-26T01:00,1,5,300,26015.0
2024-10-26T02:00,2,5,300,27031.0
2024-10-26T03:00,3,5,300,27716.0
2024-10-26T04:00,4,5,300,27108.0
2024-10-26T05:00,5,5,300,26049.0
2024-10-26T06:00,6,5,300,25357.0
2024-10-26T07:00,7,5,300,24139.0
2024-10-26T08:00,8,5,300,22976.0
2024-10-26T09:00,9,5,300,22627.0
2024-10-26T10:00,10,5,300,21569.0
2024-10-26T11:00,11,5,300,20662.0
2024-10-26T12:00,12,5,300,20280.0
2024-10-26T13:00,13,5,300,20177.0
2024-10-26T14:00,14,5,300,20519.0
2024-10-26T15:00,15,5,300,21587.0
2024-10-26T16:00,16,5,300,22117.0
2024-10-26T17:00,17,5,300,23747.0
2024-10-26T18:00,18,5,300,24945.0
2024-10-26T19:00,19,5,300,25031.0
2024-10-26T20:00,20,5,300,24432.0
2024-10-26T21:00,21,5,300,23525.0
2024-10-26T22:00,22,5,300,22947.0
2024-10-26T23:00,23,5,300,22440.0
2024-10-27T00:00,0,6,301,23540.0
2024-10-27T01:00,1,6,301,24707.0
2024-10-27T02:00,2,6,301,25906.0
2024-10-27T03:00,3,6,301,26680.0
2024-10-27T04:00,4,6,301,26052.0
2024-10-27T05:00,5,6,301,25228.0
2024-10-27T06:00,6,6,301,24675.0
2024-10-27T07:00,7,6,301,23499.0
2024-10-27T08:00,8,6,301,22569.0
2024-10-27T09:00,9,6,301,21898.0
2024-10-27T10:00,10,6,301,20990.0
2024-10-27T11:00,11,6,301,20392.0
2024-10-27T12:00,12,6,301,19961.0
2024-10-27T13:00,13,6,301,19842.0
2024-10-27T14:00,14,6,301,20288.0
2024-10-27T15:00,15,6,301,20797.0
2024-10-27T16:00,16,6,301,20815.0
2024-10-27T17:00,17,6,301,21414.0
2024-10-27T18:00,18,6,301,22204.0
2024-10-27T19:00,19,6,301,24185.0
2024-10-27T20:00,20,6,301,24593.0
2024-10-27T21:00,21,6,301,24052.0
2024-10-27T22:00,22,6,301,24533.0
2024-10-27T23:00,23,6,301,24018.0
2024-10-28T00:00,0,0,302,24319.0
2024-10-28T01:00,1,0,302,24281.0
2024-10-28T02:00,2,0,302,25468.0
2024-10-28T03:00,3,0,302,26973.0
2024-10-28T04:00,4,0,302,26401.0
2024-10-28T05:00,5,0,302,25479.0
2024-10-28T06:00,6,0,302,24872.0
2024-10-28T07:00,7,0,302,23630.0
2024-10-28T08:00,8,0,302,22961.0
2024-10-28T09:00,9,0,302,21837.0
2024-10-28T10:00,10,0,302,21530.0
2024-10-28T11:00,11,0,302,21135.0
2024-10-28T12:00,12,0,302,21210.0
2024-10-28T13:00,13,0,302,21189.0
2024-10-28T14:00,14,0,302,21868.0
2024-10-28T15:00,15,0,302,23960.0
2024-10-28T16:00,16,0,302,25598.0
2024-10-28T17:00,17,0,302,26113.0
2024-10-28T18:00,18,0,302,26949.0
2024-10-28T19:00,19,0,302,26727.0
2024-10-28T20:00,20,0,302,26292.0
2024-10-28T21:00,21,0,302,26821.0
2024-10-28T22:00,22,0,302,26865.0
2024-10-28T23:00,23,0,302,26321.0
2024-10-29T00:00,0,1,303,25806.0
2024-10-29T01:00,1,1,303,25300.0
2024-10-29T02:00,2,1,303,26112.0
2024-10-29T03:00,3,1,303,27443.0
2024-10-29T04:00,4,1,303,27046.0
2024-10-29T05:00,5,1,303,26111.0
2024-10-29T06:00,6,1,303,25383.0
2024-10-29T07:00,7,1,303,23986.0
2024-10-29T08:00,8,1,303,22796.0
2024-10-29T09:00,9,1,303,22482.0
2024-10-29T10:00,10,1,303,21646.0
2024-10-29T11:00,11,1,303,21350.0
2024-10-29T12:00,12,1,303,20770.0
2024-10-29T13:00,13,1,303,21077.0
2024-10-29T14:00,14,1,303,22224.0
2024-10-29T15:00,15,1,303,24023.0
2024-10-29T16:00,16,1,303,25750.0
2024-10-29T17:00,17,1,303,26036.0
2024-10-29T18:00,18,1,303,26590.0
2024-10-29T19:00,19,1,303,26357.0
2024-10-29T20:00,20,1,303,25455.0
2024-10-29T21:00,21,1,303,24961.0
2024-10-29T22:00,22,1,303,24268.0
2024-10-29T23:00,23,1,303,23311.0
2024-10-30T00:00,0,2,304,23251.0
2024-10-30T01:00,1,2,304,24062.0
2024-10-30T02:00,2,2,304,25779.0
2024-10-30T03:00,3,2,304,27067.0
2024-10-30T04:00,4,2,304,26696.0
2024-10-30T05:00,5,2,304,26010.0
2024-10-30T06:00,6,2,304,25243.0
2024-10-30T07:00,7,2,304,23922.0
2024-10-30T08:00,8,2,304,22580.0
2024-10-30T09:00,9,2,304,22255.0
2024-10-30T10:00,10,2,304,21617.0
2024-10-30T11:00,11,2,304,20983.0
2024-10-30T12:00,12,2,304,20687.0
2024-10-30T13:00,13,2,304,21150.0
2024-10-30T14:00,14,2,304,22598.0
2024-10-30T15:00,15,2,304,24658.0
2024-10-30T16:00,16,2,304,25981.0
2024-10-30T17:00,17,2,304,27300.0
2024-10-30T18:00,18,2,304,27899.0
2024-10-30T19:00,19,2,304,27042.0
2024-10-30T20:00,20,2,304,26679.0
2024-10-30T21:00,21,2,304,25625.0
2024-10-30T22:00,22,2,304,24856.0
2024-10-30T23:00,23,2,304,24335.0
2024-10-31T00:00,0,3,305,24090.0
2024-10-31T01:00,1,3,305,24379.0
2024-10-31T02:00,2,3,305,25913.0
2024-10-31T03:00,3,3,305,27242.0
2024-10-31T04:00,4,3,305,27003.0
2024-10-31T05:00,5,3,305,26263.0
2024-10-31T06:00,6,3,305,25528.0
2024-10-31T07:00,7,3,305,24299.0
2024-10-31T08:00,8,3,305,23279.0
2024-10-31T09:00,9,3,305,23357.0
2024-10-31T10:00,10,3,305,22309.0
2024-10-31T11:00,11,3,305,22078.0
2024-10-31T12:00,12,3,305,21373.0
2024-10-31T13:00,13,3,305,21356.0
2024-10-31T14:00,14,3,305,22247.0
2024-10-31T15:00,15,3,305,24301.0
2024-10-31T16:00,16,3,305,26007.0
2024-10-31T17:00,17,3,305,26408.0
2024-10-31T18:00,18,3,305,26469.0
2024-10-31T19:00,19,3,305,25843.0
2024-10-31T20:00,20,3,305,25807.0
2024-10-31T21:00,21,3,305,25077.0
2024-10-31T22:00,22,3,305,24977.0
2024-10-31T23:00,23,3,305,24692.0
2024-11-01T00:00,0,4,306,24390.0
2024-11-01T01:00,1,4,306,24225.0
2024-11-01T02:00,2,4,306,25644.0
2024-11-01T03:00,3,4,306,26339.0
2024-11-01T04:00,4,4,306,25974.0
2024-11-01T05:00,5,4,306,25090.0
2024-11-01T06:00,6,4,306,25297.0
2024-11-01T07:00,7,4,306,23900.0
2024-11-01T08:00,8,4,306,22719.0
2024-11-01T09:00,9,4,306,22526.0
2024-11-01T10:00,10,4,306,21917.0
2024-11-01T11:00,11,4,306,21851.0
2024-11-01T12:00,12,4,306,21226.0
2024-11-01T13:00,13,4,306,21123.0
2024-11-01T14:00,14,4,306,21965.0
2024-11-01T15:00,15,4,306,23910.0
2024-11-01T16:00,16,4,306,25515.0
2024-11-01T17:00,17,4,306,25523.0
2024-11-01T18:00,18,4,306,25809.0
2024-11-01T19:00,19,4,306,25244.0
2024-11-01T20:00,20,4,306,24637.0
2024-11-01T21:00,21,4,306,24111.0
2024-11-01T22:00,22,4,306,23523.0
2024-11-01T23:00,23,4,306,24274.0
2024-11-02T00:00,0,5,307,24462.0
2024-11-02T01:00,1,5,307,24908.0
2024-11-02T02:00,2,5,307,25529.0
2024-11-02T03:00,3,5,307,26609.0
2024-11-02T04:00,4,5,307,26134.0
2024-11-02T05:00,5,5,307,25436.0
2024-11-02T06:00,6,5,307,24943.0
2024-11-02T07:00,7,5,307,23992.0
2024-11-02T08:00,8,5,307,22778.0
2024-11-02T09:00,9,5,307,22102.0
2024-11-02T10:00,10,5,307,22102.0
2024-11-02T11:00,11,5,307,21851.0
2024-11-02T12:00,12,5,307,21226.0
2024-11-02T13:00,13,5,307,21123.0
2024-11-02T14:00,14,5,307,21965.0
2024-11-02T15:00,15,5,307,23910.0
2024-11-02T16:00,16,5,307,25515.0
2024-11-02T17:00,17,5,307,25523.0
2024-11-02T18:00,18,5,307,25809.0
2024-11-02T19:00,19,5,307,25244.0
2024-11-02T20:00,20,5,307,24637.0
2024-11-02T21:00,21,5,307,24111.0
2024-11-02T22:00,22,5,307,23523.0
2024-11-02T23:00,23,5,307,24274.0
2024-11-03T00:00,0,6,308,24462.0
2024-11-03T01:00,1,6,308,24908.0
2024-11-03T02:00,2,6,308,25529.0
2024-11-03T03:00,3,6,308,26609.0
2024-11-03T04:00,4,6,308,26134.0
2024-11-03T05:00,5,6,308,25436.0
2024-11-03T06:00,6,6,308,24943.0
2024-11-03T07:00,7,6,308,23992.0
2024-11-03T08:00,8,6,308,21942.0
2024-11-03T09:00,9,6,308,21642.0
2024-11-03T10:00,10,6,308,21144.0
2024-11-03T11:00,11,6,308,20271.0
2024-11-03T12:00,12,6,308,19638.0
2024-11-03T13:00,13,6,308,19438.0
2024-11-03T14:00,14,6,308,19639.0
2024-11-03T15:00,15,6,308,19991.0
2024-11-03T16:00,16,6,308,20504.0
2024-11-03T17:00,17,6,308,21310.0
2024-11-03T18:00,18,6,308,22416.0
2024-11-03T19:00,19,6,308,22665.0
2024-11-03T20:00,20,6,308,21924.0
2024-11-03T21:00,21,6,308,21221.0
2024-11-03T22:00,22,6,308,20635.0
2024-11-03T23:00,23,6,308,20399.0
2024-11-04T00:00,0,0,309,20408.0
2024-11-04T01:00,1,0,309,20976.0
2024-11-04T02:00,2,0,309,23342.0
2024-11-04T03:00,3,0,309,25335.0
2024-11-04T04:00,4,0,309,25474.0
2024-11-04T05:00,5,0,309,24937.0
2024-11-04T06:00,6,0,309,24331.0
2024-11-04T07:00,7,0,309,23609.0
2024-11-04T08:00,8,0,309,22350.0
2024-11-04T09:00,9,0,309,21462.0
2024-11-04T10:00,10,0,309,21101.0
2024-11-04T11:00,11,0,309,20616.0
2024-11-04T12:00,12,0,309,20137.0
2024-11-04T13:00,13,0,309,19849.0
2024-11-04T14:00,14,0,309,20379.0
2024-11-04T15:00,15,0,309,21781.0
2024-11-04T16:00,16,0,309,23665.0
2024-11-04T17:00,17,0,309,25146.0
2024-11-04T18:00,18,0,309,25360.0
2024-11-04T19:00,19,0,309,24677.0
2024-11-04T20:00,20,0,309,24183.0
2024-11-04T21:00,21,0,309,24416.0
2024-11-04T22:00,22,0,309,24225.0
2024-11-04T23:00,23,0,309,24541.0
2024-11-05T00:00,0,1,310,24497.0
2024-11-05T01:00,1,1,310,24946.0
2024-11-05T02:00,2,1,310,25955.0
2024-11-05T03:00,3,1,310,27225.0
2024-11-05T04:00,4,1,310,26969.0
2024-11-05T05:00,5,1,310,26230.0
2024-11-05T06:00,6,1,310,25393.0
2024-11-05T07:00,7,1,310,24721.0
2024-11-05T08:00,8,1,310,23466.0
2024-11-05T09:00,9,1,310,22448.0
2024-11-05T10:00,10,1,310,22073.0
2024-11-05T11:00,11,1,310,21653.0
2024-11-05T12:00,12,1,310,21021.0
2024-11-05T13:00,13,1,310,20881.0
2024-11-05T14:00,14,1,310,20897.0
2024-11-05T15:00,15,1,310,22333.0
2024-11-05T16:00,16,1,310,24114.0
2024-11-05T17:00,17,1,310,25970.0
2024-11-05T18:00,18,1,310,25996.0
2024-11-05T19:00,19,1,310,24311.0
2024-11-05T20:00,20,1,310,24841.0
2024-11-05T21:00,21,1,310,25189.0
2024-11-05T22:00,22,1,310,25634.0
2024-11-05T23:00,23,1,310,24767.0
2024-11-06T00:00,0,2,311,24702.0
2024-11-06T01:00,1,2,311,24633.0
2024-11-06T02:00,2,2,311,25969.0
2024-11-06T03:00,3,2,311,27608.0
2024-11-06T04:00,4,2,311,27376.0
2024-11-06T05:00,5,2,311,26332.0
2024-11-06T06:00,6,2,311,25733.0
2024-11-06T07:00,7,2,311,24858.0
2024-11-06T08:00,8,2,311,23730.0
2024-11-06T09:00,9,2,311,22813.0
2024-11-06T10:00,10,2,311,21995.0
2024-11-06T11:00,11,2,311,21504.0
2024-11-06T12:00,12,2,311,20615.0
2024-11-06T13:00,13,2,311,20421.0
2024-11-06T14:00,14,2,311,20866.0
2024-11-06T15:00,15,2,311,22177.0
2024-11-06T16:00,16,2,311,23915.0
2024-11-06T17:00,17,2,311,25304.0
2024-11-06T18:00,18,2,311,26189.0
2024-11-06T19:00,19,2,311,26124.0
2024-11-06T20:00,20,2,311,25606.0
2024-11-06T21:00,21,2,311,25190.0
2024-11-06T22:00,22,2,311,24039.0
2024-11-06T23:00,23,2,311,23476.0
2024-11-07T00:00,0,3,312,23472.0
2024-11-07T01:00,1,3,312,24251.0
2024-11-07T02:00,2,3,312,25783.0
2024-11-07T03:00,3,3,312,27231.0
2024-11-07T04:00,4,3,312,27084.0
2024-11-07T05:00,5,3,312,26416.0
2024-11-07T06:00,6,3,312,25689.0
2024-11-07T07:00,7,3,312,24882.0
2024-11-07T08:00,8,3,312,23547.0
2024-11-07T09:00,9,3,312,22358.0
2024-11-07T10:00,10,3,312,22253.0
2024-11-07T11:00,11,3,312,21233.0
2024-11-07T12:00,12,3,312,20508.0
2024-11-07T13:00,13,3,312,20409.0
2024-11-07T14:00,14,3,312,20828.0
2024-11-07T15:00,15,3,312,22017.0
2024-11-07T16:00,16,3,312,23826.0
2024-11-07T17:00,17,3,312,25175.0
2024-11-07T18:00,18,3,312,25786.0
2024-11-07T19:00,19,3,312,25109.0
2024-11-07T20:00,20,3,312,24111.0
2024-11-07T21:00,21,3,312,23848.0
2024-11-07T22:00,22,3,312,23654.0
2024-11-07T23:00,23,3,312,23919.0
2024-11-08T00:00,0,4,313,24336.0
2024-11-08T01:00,1,4,313,24260.0
2024-11-08T02:00,2,4,313,26038.0
2024-11-08T03:00,3,4,313,27578.0
2024-11-08T04:00,4,4,313,27372.0
2024-11-08T05:00,5,4,313,26800.0
2024-11-08T06:00,6,4,313,26015.0
2024-11-08T07:00,7,4,313,25312.0
2024-11-08T08:00,8,4,313,24091.0
2024-11-08T09:00,9,4,313,22935.0
2024-11-08T10:00,10,4,313,22056.0
2024-11-08T11:00,11,4,313,21527.0
2024-11-08T12:00,12,4,313,20797.0
2024-11-08T13:00,13,4,313,20563.0
2024-11-08T14:00,14,4,313,20931.0
2024-11-08T15:00,15,4,313,22308.0
2024-11-08T16:00,16,4,313,24191.0
2024-11-08T17:00,17,4,313,25238.0
2024-11-08T18:00,18,4,313,25507.0
2024-11-08T19:00,19,4,313,24779.0
2024-11-08T20:00,20,4,313,23360.0
2024-11-08T21:00,21,4,313,22926.0
2024-11-08T22:00,22,4,313,23399.0
2024-11-08T23:00,23,4,313,24041.0
2024-11-09T00:00,0,5,314,25397.0
2024-11-09T01:00,1,5,314,24396.0
2024-11-09T02:00,2,5,314,25486.0
2024-11-09T03:00,3,5,314,26963.0
2024-11-09T04:00,4,5,314,26573.0
2024-11-09T05:00,5,5,314,25819.0
2024-11-09T06:00,6,5,314,25270.0
2024-11-09T07:00,7,5,314,24816.0
2024-11-09T08:00,8,5,314,23780.0
2024-11-09T09:00,9,5,314,22785.0
2024-11-09T10:00,10,5,314,22384.0
2024-11-09T11:00,11,5,314,21660.0
2024-11-09T12:00,12,5,314,20999.0
2024-11-09T13:00,13,5,314,20691.0
2024-11-09T14:00,14,5,314,20758.0
2024-11-09T15:00,15,5,314,21387.0
2024-11-09T16:00,16,5,314,22235.0
2024-11-09T17:00,17,5,314,22739.0
2024-11-09T18:00,18,5,314,23023.0
2024-11-09T19:00,19,5,314,22408.0
2024-11-09T20:00,20,5,314,21647.0
2024-11-09T21:00,21,5,314,21363.0
2024-11-09T22:00,22,5,314,21446.0
2024-11-09T23:00,23,5,314,21859.0
2024-11-10T00:00,0,6,315,22577.0
2024-11-10T01:00,1,6,315,22359.0
2024-11-10T02:00,2,6,315,24114.0
2024-11-10T03:00,3,6,315,25623.0
2024-11-10T04:00,4,6,315,25739.0
2024-11-10T05:00,5,6,315,25082.0
2024-11-10T06:00,6,6,315,24404.0
2024-11-10T07:00,7,6,315,23834.0
2024-11-10T08:00,8,6,315,22889.0
2024-11-10T09:00,9,6,315,22167.0
2024-11-10T10:00,10,6,315,21484.0
2024-11-10T11:00,11,6,315,20775.0
2024-11-10T12:00,12,6,315,20212.0
2024-11-10T13:00,13,6,315,19842.0
2024-11-10T14:00,14,6,315,19857.0
2024-11-10T15:00,15,6,315,20367.0
2024-11-10T16:00,16,6,315,20831.0
2024-11-10T17:00,17,6,315,21458.0
2024-11-10T18:00,18,6,315,21871.0
2024-11-10T19:00,19,6,315,21312.0
2024-11-10T20:00,20,6,315,20496.0
2024-11-10T21:00,21,6,315,20198.0
2024-11-10T22:00,22,6,315,20442.0
2024-11-10T23:00,23,6,315,20674.0
2024-11-11T00:00,0,0,316,21214.0
2024-11-11T01:00,1,0,316,21459.0
2024-11-11T02:00,2,0,316,23590.0
2024-11-11T03:00,3,0,316,25373.0
2024-11-11T04:00,4,0,316,25511.0
2024-11-11T05:00,5,0,316,24894.0
2024-11-11T06:00,6,0,316,24290.0
2024-11-11T07:00,7,0,316,23633.0
2024-11-11T08:00,8,0,316,22750.0
2024-11-11T09:00,9,0,316,21828.0
2024-11-11T10:00,10,0,316,21285.0
2024-11-11T11:00,11,0,316,20575.0
2024-11-11T12:00,12,0,316,20186.0
2024-11-11T13:00,13,0,316,20046.0
2024-11-11T14:00,14,0,316,20464.0
2024-11-11T15:00,15,0,316,21598.0
2024-11-11T16:00,16,0,316,22995.0
2024-11-11T17:00,17,0,316,24431.0
2024-11-11T18:00,18,0,316,25899.0
2024-11-11T19:00,19,0,316,27011.0
2024-11-11T20:00,20,0,316,26604.0
2024-11-11T21:00,21,0,316,26326.0
2024-11-11T22:00,22,0,316,26311.0
2024-11-11T23:00,23,0,316,26207.0
2024-11-12T00:00,0,1,317,26307.0
2024-11-12T01:00,1,1,317,24828.0
2024-11-12T02:00,2,1,317,26047.0
2024-11-12T03:00,3,1,317,27673.0
2024-11-12T04:00,4,1,317,27463.0
2024-11-12T05:00,5,1,317,26955.0
2024-11-12T06:00,6,1,317,26263.0
2024-11-12T07:00,7,1,317,25397.0
2024-11-12T08:00,8,1,317,24339.0
2024-11-12T09:00,9,1,317,23243.0
2024-11-12T10:00,10,1,317,22622.0
2024-11-12T11:00,11,1,317,21879.0
2024-11-12T12:00,12,1,317,21071.0
2024-11-12T13:00,13,1,317,20644.0
2024-11-12T14:00,14,1,317,20897.0
2024-11-12T15:00,15,1,317,22132.0
2024-11-12T16:00,16,1,317,24031.0
2024-11-12T17:00,17,1,317,25706.0
2024-11-12T18:00,18,1,317,26235.0
2024-11-12T19:00,19,1,317,25705.0
2024-11-12T20:00,20,1,317,24883.0
2024-11-12T21:00,21,1,317,24172.0
2024-11-12T22:00,22,1,317,24150.0
2024-11-12T23:00,23,1,317,23360.0
2024-11-13T00:00,0,2,318,23524.0
2024-11-13T01:00,1,2,318,24256.0
2024-11-13T02:00,2,2,318,25867.0
2024-11-13T03:00,3,2,318,27626.0
2024-11-13T04:00,4,2,318,27425.0
2024-11-13T05:00,5,2,318,26842.0
2024-11-13T06:00,6,2,318,26401.0
2024-11-13T07:00,7,2,318,25435.0
2024-11-13T08:00,8,2,318,24147.0
2024-11-13T09:00,9,2,318,23114.0
2024-11-13T10:00,10,2,318,22298.0
2024-11-13T11:00,11,2,318,21496.0
2024-11-13T12:00,12,2,318,21059.0
2024-11-13T13:00,13,2,318,20861.0
2024-11-13T14:00,14,2,318,21082.0
2024-11-13T15:00,15,2,318,22514.0
2024-11-13T16:00,16,2,318,24440.0
2024-11-13T17:00,17,2,318,25753.0
2024-11-13T18:00,18,2,318,26086.0
2024-11-13T19:00,19,2,318,26081.0
2024-11-13T20:00,20,2,318,25782.0
2024-11-13T21:00,21,2,318,25764.0
2024-11-13T22:00,22,2,318,26062.0
2024-11-13T23:00,23,2,318,26630.0
2024-11-14T00:00,0,3,319,27017.0
2024-11-14T01:00,1,3,319,25329.0
2024-11-14T02:00,2,3,319,26496.0
2024-11-14T03:00,3,3,319,27885.0
2024-11-14T04:00,4,3,319,27598.0
2024-11-14T05:00,5,3,319,27085.0
2024-11-14T06:00,6,3,319,26311.0
2024-11-14T07:00,7,3,319,25342.0
2024-11-14T08:00,8,3,319,24256.0
2024-11-14T09:00,9,3,319,23137.0
2024-11-14T10:00,10,3,319,22336.0
2024-11-14T11:00,11,3,319,21536.0
2024-11-14T12:00,12,3,319,21152.0
2024-11-14T13:00,13,3,319,20884.0
2024-11-14T14:00,14,3,319,21124.0
2024-11-14T15:00,15,3,319,22371.0
2024-11-14T16:00,16,3,319,24320.0
2024-11-14T17:00,17,3,319,25466.0
2024-11-14T18:00,18,3,319,25897.0
2024-11-14T19:00,19,3,319,25655.0
2024-11-14T20:00,20,3,319,24786.0
2024-11-14T21:00,21,3,319,24228.0
2024-11-14T22:00,22,3,319,24577.0
2024-11-14T23:00,23,3,319,24223.0
2024-11-15T00:00,0,4,320,24760.0
2024-11-15T01:00,1,4,320,24339.0
2024-11-15T02:00,2,4,320,25967.0
2024-11-15T03:00,3,4,320,27880.0
2024-11-15T04:00,4,4,320,27486.0
2024-11-15T05:00,5,4,320,26937.0
2024-11-15T06:00,6,4,320,26365.0
2024-11-15T07:00,7,4,320,25497.0
2024-11-15T08:00,8,4,320,24188.0
2024-11-15T09:00,9,4,320,23003.0
2024-11-15T10:00,10,4,320,22793.0
2024-11-15T11:00,11,4,320,22116.0
2024-11-15T12:00,12,4,320,21532.0
2024-11-15T13:00,13,4,320,20981.0
2024-11-15T14:00,14,4,320,20943.0
2024-11-15T15:00,15,4,320,21962.0
2024-11-15T16:00,16,4,320,23845.0
2024-11-15T17:00,17,4,320,25645.0
2024-11-15T18:00,18,4,320,26658.0
2024-11-15T19:00,19,4,320,26480.0
2024-11-15T20:00,20,4,320,26532.0
2024-11-15T21:00,21,4,320,26212.0
2024-11-15T22:00,22,4,320,25407.0
2024-11-15T23:00,23,4,320,24830.0
2024-11-16T00:00,0,5,321,24573.0
2024-11-16T01:00,1,5,321,24123.0
2024-11-16T02:00,2,5,321,25929.0
2024-11-16T03:00,3,5,321,27347.0
2024-11-16T04:00,4,5,321,27002.0
2024-11-16T05:00,5,5,321,26540.0
2024-11-16T06:00,6,5,321,26025.0
2024-11-16T07:00,7,5,321,25520.0
2024-11-16T08:00,8,5,321,24916.0
2024-11-16T09:00,9,5,321,23962.0
2024-11-16T10:00,10,5,321,22920.0
2024-11-16T11:00,11,5,321,22303.0
2024-11-16T12:00,12,5,321,21932.0
2024-11-16T13:00,13,5,321,21473.0
2024-11-16T14:00,14,5,321,20988.0
2024-11-16T15:00,15,5,321,21502.0
2024-11-16T16:00,16,5,321,22309.0
2024-11-16T17:00,17,5,321,23140.0
2024-11-16T18:00,18,5,321,24600.0
2024-11-16T19:00,19,5,321,23941.0
2024-11-16T20:00,20,5,321,23087.0
2024-11-16T21:00,21,5,321,22259.0
2024-11-16T22:00,22,5,321,20776.0
2024-11-16T23:00,23,5,321,20317.0
2024-11-17T00:00,0,6,322,20428.0
2024-11-17T01:00,1,6,322,21341.0
2024-11-17T02:00,2,6,322,23637.0
2024-11-17T03:00,3,6,322,25502.0
2024-11-17T04:00,4,6,322,25435.0
2024-11-17T05:00,5,6,322,25179.0
2024-11-17T06:00,6,6,322,24865.0
2024-11-17T07:00,7,6,322,24681.0
2024-11-17T08:00,8,6,322,23772.0
2024-11-17T09:00,9,6,322,22897.0
2024-11-17T10:00,10,6,322,22218.0
2024-11-17T11:00,11,6,322,21571.0
2024-11-17T12:00,12,6,322,21117.0
2024-11-17T13:00,13,6,322,20763.0
2024-11-17T14:00,14,6,322,20653.0
2024-11-17T15:00,15,6,322,21047.0
2024-11-17T16:00,16,6,322,21585.0
2024-11-17T17:00,17,6,322,22617.0
2024-11-17T18:00,18,6,322,24372.0
2024-11-17T19:00,19,6,322,23660.0
2024-11-17T20:00,20,6,322,23011.0
2024-11-17T21:00,21,6,322,22302.0
2024-11-17T22:00,22,6,322,21770.0
2024-11-17T23:00,23,6,322,21328.0
2024-11-18T00:00,0,0,323,22038.0
2024-11-18T01:00,1,0,323,21926.0
2024-11-18T02:00,2,0,323,23611.0
2024-11-18T03:00,3,0,323,25715.0
2024-11-18T04:00,4,0,323,25718.0
2024-11-18T05:00,5,0,323,25462.0
2024-11-18T06:00,6,0,323,24945.0
2024-11-18T07:00,7,0,323,24307.0
2024-11-18T08:00,8,0,323,23097.0
2024-11-18T09:00,9,0,323,22071.0
2024-11-18T10:00,10,0,323,21896.0
2024-11-18T11:00,11,0,323,21680.0
2024-11-18T12:00,12,0,323,21144.0
2024-11-18T13:00,13,0,323,20959.0
2024-11-18T14:00,14,0,323,21039.0
2024-11-18T15:00,15,0,323,22621.0
2024-11-18T16:00,16,0,323,24748.0
2024-11-18T17:00,17,0,323,26481.0
2024-11-18T18:00,18,0,323,27772.0
2024-11-18T19:00,19,0,323,27454.0
2024-11-18T20:00,20,0,323,26693.0
2024-11-18T21:00,21,0,323,26112.0
2024-11-18T22:00,22,0,323,25368.0
2024-11-18T23:00,23,0,323,24946.0
2024-11-19T00:00,0,1,324,24664.0
2024-11-19T01:00,1,1,324,24431.0
2024-11-19T02:00,2,1,324,26180.0
2024-11-19T03:00,3,1,324,28226.0
2024-11-19T04:00,4,1,324,28171.0
2024-11-19T05:00,5,1,324,27671.0
2024-11-19T06:00,6,1,324,27173.0
2024-11-19T07:00,7,1,324,26406.0
2024-11-19T08:00,8,1,324,25265.0
2024-11-19T09:00,9,1,324,24007.0
2024-11-19T10:00,10,1,324,24147.0
2024-11-19T11:00,11,1,324,23250.0
2024-11-19T12:00,12,1,324,22615.0
2024-11-19T13:00,13,1,324,22580.0
2024-11-19T14:00,14,1,324,22415.0
2024-11-19T15:00,15,1,324,23503.0
2024-11-19T16:00,16,1,324,25689.0
2024-11-19T17:00,17,1,324,26885.0
2024-11-19T18:00,18,1,324,27623.0
2024-11-19T19:00,19,1,324,27036.0
2024-11-19T20:00,20,1,324,26620.0
2024-11-19T21:00,21,1,324,25813.0
2024-11-19T22:00,22,1,324,25055.0
2024-11-19T23:00,23,1,324,24980.0
2024-11-20T00:00,0,2,325,25544.0
2024-11-20T01:00,1,2,325,25486.0
2024-11-20T02:00,2,2,325,27004.0
2024-11-20T03:00,3,2,325,28425.0
2024-11-20T04:00,4,2,325,28203.0
2024-11-20T05:00,5,2,325,27747.0
2024-11-20T06:00,6,2,325,27179.0
2024-11-20T07:00,7,2,325,26427.0
2024-11-20T08:00,8,2,325,25067.0
2024-11-20T09:00,9,2,325,23850.0
2024-11-20T10:00,10,2,325,23269.0
2024-11-20T11:00,11,2,325,22442.0
2024-11-20T12:00,12,2,325,22228.0
2024-11-20T13:00,13,2,325,21966.0
2024-11-20T14:00,14,2,325,22197.0
2024-11-20T15:00,15,2,325,23479.0
2024-11-20T16:00,16,2,325,25460.0
2024-11-20T17:00,17,2,325,26806.0
2024-11-20T18:00,18,2,325,27925.0
2024-11-20T19:00,19,2,325,27806.0
2024-11-20T20:00,20,2,325,28070.0
2024-11-20T21:00,21,2,325,28159.0
2024-11-20T22:00,22,2,325,27686.0
2024-11-20T23:00,23,2,325,27514.0
2024-11-21T00:00,0,3,326,27939.0
2024-11-21T01:00,1,3,326,26319.0
2024-11-21T02:00,2,3,326,26977.0
2024-11-21T03:00,3,3,326,28261.0
2024-11-21T04:00,4,3,326,27969.0
2024-11-21T05:00,5,3,326,27682.0
2024-11-21T06:00,6,3,326,26954.0
2024-11-21T07:00,7,3,326,26062.0
2024-11-21T08:00,8,3,326,24766.0
2024-11-21T09:00,9,3,326,23544.0
2024-11-21T10:00,10,3,326,22772.0
2024-11-21T11:00,11,3,326,22544.0
2024-11-21T12:00,12,3,326,22032.0
2024-11-21T13:00,13,3,326,21795.0
2024-11-21T14:00,14,3,326,22029.0
2024-11-21T15:00,15,3,326,22982.0
2024-11-21T16:00,16,3,326,25077.0
2024-11-21T17:00,17,3,326,26285.0
2024-11-21T18:00,18,3,326,27036.0
2024-11-21T19:00,19,3,326,27050.0
2024-11-21T20:00,20,3,326,27274.0
2024-11-21T21:00,21,3,326,27103.0
2024-11-21T22:00,22,3,326,26826.0
2024-11-21T23:00,23,3,326,26952.0
2024-11-22T00:00,0,4,327,27589.0
2024-11-22T01:00,1,4,327,26168.0
2024-11-22T02:00,2,4,327,26761.0
2024-11-22T03:00,3,4,327,27963.0
2024-11-22T04:00,4,4,327,27796.0
2024-11-22T05:00,5,4,327,27252.0
2024-11-22T06:00,6,4,327,26429.0
2024-11-22T07:00,7,4,327,25751.0
2024-11-22T08:00,8,4,327,24499.0
2024-11-22T09:00,9,4,327,23255.0
2024-11-22T10:00,10,4,327,22943.0
2024-11-22T11:00,11,4,327,22406.0
2024-11-22T12:00,12,4,327,21992.0
2024-11-22T13:00,13,4,327,21848.0
2024-11-22T14:00,14,4,327,22009.0
2024-11-22T15:00,15,4,327,22967.0
2024-11-22T16:00,16,4,327,24973.0
2024-11-22T17:00,17,4,327,26209.0
2024-11-22T18:00,18,4,327,27279.0
2024-11-22T19:00,19,4,327,27607.0
2024-11-22T20:00,20,4,327,27036.0
2024-11-22T21:00,21,4,327,27785.0
2024-11-22T22:00,22,4,327,27715.0
2024-11-22T23:00,23,4,327,28051.0
2024-11-23T00:00,0,5,328,27957.0
2024-11-23T01:00,1,5,328,26231.0
2024-11-23T02:00,2,5,328,26899.0
2024-11-23T03:00,3,5,328,27607.0
2024-11-23T04:00,4,5,328,27289.0
2024-11-23T05:00,5,5,328,26722.0
2024-11-23T06:00,6,5,328,25993.0
2024-11-23T07:00,7,5,328,25416.0
2024-11-23T08:00,8,5,328,24458.0
2024-11-23T09:00,9,5,328,23283.0
2024-11-23T10:00,10,5,328,22747.0
2024-11-23T11:00,11,5,328,21971.0
2024-11-23T12:00,12,5,328,21123.0
2024-11-23T13:00,13,5,328,20952.0
2024-11-23T14:00,14,5,328,20749.0
2024-11-23T15:00,15,5,328,21156.0
2024-11-23T16:00,16,5,328,22007.0
2024-11-23T17:00,17,5,328,22710.0
2024-11-23T18:00,18,5,328,23819.0
2024-11-23T19:00,19,5,328,23315.0
2024-11-23T20:00,20,5,328,23007.0
2024-11-23T21:00,21,5,328,23074.0
2024-11-23T22:00,22,5,328,23424.0
2024-11-23T23:00,23,5,328,23606.0
2024-11-24T00:00,0,6,329,24029.0
2024-11-24T01:00,1,6,329,23358.0
2024-11-24T02:00,2,6,329,24378.0
2024-11-24T03:00,3,6,329,25894.0
2024-11-24T04:00,4,6,329,25790.0
2024-11-24T05:00,5,6,329,25276.0
2024-11-24T06:00,6,6,329,24747.0
2024-11-24T07:00,7,6,329,24289.0
2024-11-24T08:00,8,6,329,23329.0
2024-11-24T09:00,9,6,329,22438.0
2024-11-24T10:00,10,6,329,21606.0
2024-11-24T11:00,11,6,329,20944.0
2024-11-24T12:00,12,6,329,20612.0
2024-11-24T13:00,13,6,329,20129.0
2024-11-24T14:00,14,6,329,19931.0
2024-11-24T15:00,15,6,329,20273.0
2024-11-24T16:00,16,6,329,20864.0
2024-11-24T17:00,17,6,329,21418.0
2024-11-24T18:00,18,6,329,22609.0
2024-11-24T19:00,19,6,329,23454.0
2024-11-24T20:00,20,6,329,22806.0
2024-11-24T21:00,21,6,329,22970.0
2024-11-24T22:00,22,6,329,21947.0
2024-11-24T23:00,23,6,329,21906.0
2024-11-25T00:00,0,0,330,21952.0
2024-11-25T01:00,1,0,330,21659.0
2024-11-25T02:00,2,0,330,23726.0
2024-11-25T03:00,3,0,330,25819.0
2024-11-25T04:00,4,0,330,25693.0
2024-11-25T05:00,5,0,330,25292.0
2024-11-25T06:00,6,0,330,24826.0
2024-11-25T07:00,7,0,330,24245.0
2024-11-25T08:00,8,0,330,23117.0
2024-11-25T09:00,9,0,330,22059.0
2024-11-25T10:00,10,0,330,22034.0
2024-11-25T11:00,11,0,330,21495.0
2024-11-25T12:00,12,0,330,21493.0
2024-11-25T13:00,13,0,330,21213.0
2024-11-25T14:00,14,0,330,21275.0
2024-11-25T15:00,15,0,330,22505.0
2024-11-25T16:00,16,0,330,23891.0
2024-11-25T17:00,17,0,330,25203.0
2024-11-25T18:00,18,0,330,26659.0
2024-11-25T19:00,19,0,330,27194.0
2024-11-25T20:00,20,0,330,27695.0
2024-11-25T21:00,21,0,330,27899.0
2024-11-25T22:00,22,0,330,27636.0
2024-11-25T23:00,23,0,330,27834.0
2024-11-26T00:00,0,1,331,27594.0
2024-11-26T01:00,1,1,331,26295.0
2024-11-26T02:00,2,1,331,26793.0
2024-11-26T03:00,3,1,331,27896.0
2024-11-26T04:00,4,1,331,27494.0
2024-11-26T05:00,5,1,331,26902.0
2024-11-26T06:00,6,1,331,26200.0
2024-11-26T07:00,7,1,331,25528.0
2024-11-26T08:00,8,1,331,24326.0
2024-11-26T09:00,9,1,331,23421.0
2024-11-26T10:00,10,1,331,22566.0
2024-11-26T11:00,11,1,331,22335.0
2024-11-26T12:00,12,1,331,22748.0
2024-11-26T13:00,13,1,331,22650.0
2024-11-26T14:00,14,1,331,22449.0
2024-11-26T15:00,15,1,331,22792.0
2024-11-26T16:00,16,1,331,24221.0
2024-11-26T17:00,17,1,331,25424.0
2024-11-26T18:00,18,1,331,26758.0
2024-11-26T19:00,19,1,331,27064.0
2024-11-26T20:00,20,1,331,27207.0
2024-11-26T21:00,21,1,331,26799.0
2024-11-26T22:00,22,1,331,26238.0
2024-11-26T23:00,23,1,331,26508.0
2024-11-27T00:00,0,2,332,26610.0
2024-11-27T01:00,1,2,332,26267.0
2024-11-27T02:00,2,2,332,26606.0
2024-11-27T03:00,3,2,332,27709.0
2024-11-27T04:00,4,2,332,27530.0
2024-11-27T05:00,5,2,332,26846.0
2024-11-27T06:00,6,2,332,26357.0
2024-11-27T07:00,7,2,332,25730.0
2024-11-27T08:00,8,2,332,24600.0
2024-11-27T09:00,9,2,332,23517.0
2024-11-27T10:00,10,2,332,22954.0
2024-11-27T11:00,11,2,332,21961.0
2024-11-27T12:00,12,2,332,21568.0
2024-11-27T13:00,13,2,332,21295.0
2024-11-27T14:00,14,2,332,21512.0
2024-11-27T15:00,15,2,332,22282.0
2024-11-27T16:00,16,2,332,23813.0
2024-11-27T17:00,17,2,332,24613.0
2024-11-27T18:00,18,2,332,24972.0
2024-11-27T19:00,19,2,332,25752.0
2024-11-27T20:00,20,2,332,25330.0
2024-11-27T21:00,21,2,332,25502.0
2024-11-27T22:00,22,2,332,25241.0
2024-11-27T23:00,23,2,332,25747.0
2024-11-28T00:00,0,3,333,25879.0
2024-11-28T01:00,1,3,333,24675.0
2024-11-28T02:00,2,3,333,25613.0
2024-11-28T03:00,3,3,333,26905.0
2024-11-28T04:00,4,3,333,26489.0
2024-11-28T05:00,5,3,333,26278.0
2024-11-28T06:00,6,3,333,25670.0
2024-11-28T07:00,7,3,333,25555.0
2024-11-28T08:00,8,3,333,24322.0
2024-11-28T09:00,9,3,333,23452.0
2024-11-28T10:00,10,3,333,22466.0
2024-11-28T11:00,11,3,333,21686.0
2024-11-28T12:00,12,3,333,20933.0
2024-11-28T13:00,13,3,333,20481.0
2024-11-28T14:00,14,3,333,20436.0
2024-11-28T15:00,15,3,333,20791.0
2024-11-28T16:00,16,3,333,21610.0
2024-11-28T17:00,17,3,333,22315.0
2024-11-28T18:00,18,3,333,24047.0
2024-11-28T19:00,19,3,333,23853.0
2024-11-28T20:00,20,3,333,24023.0
2024-11-28T21:00,21,3,333,23504.0
2024-11-28T22:00,22,3,333,23793.0
2024-11-28T23:00,23,3,333,23654.0
2024-11-29T00:00,0,4,334,22319.0
2024-11-29T01:00,1,4,334,22420.0
2024-11-29T02:00,2,4,334,23245.0
2024-11-29T03:00,3,4,334,23819.0
2024-11-29T04:00,4,4,334,23392.0
2024-11-29T05:00,5,4,334,22911.0
2024-11-29T06:00,6,4,334,22836.0
2024-11-29T07:00,7,4,334,22634.0
2024-11-29T08:00,8,4,334,22162.0
2024-11-29T09:00,9,4,334,21860.0
2024-11-29T10:00,10,4,334,21200.0
2024-11-29T11:00,11,4,334,20581.0
2024-11-29T12:00,12,4,334,20009.0
2024-11-29T13:00,13,4,334,19779.0
2024-11-29T14:00,14,4,334,20320.0
2024-11-29T15:00,15,4,334,20962.0
2024-11-29T16:00,16,4,334,22055.0
2024-11-29T17:00,17,4,334,22802.0
2024-11-29T18:00,18,4,334,24267.0
2024-11-29T19:00,19,4,334,24626.0
2024-11-29T20:00,20,4,334,25482.0
2024-11-29T21:00,21,4,334,25431.0
2024-11-29T22:00,22,4,334,23769.0
2024-11-29T23:00,23,4,334,22998.0
2024-11-30T00:00,0,5,335,22369.0
2024-11-30T01:00,1,5,335,22913.0
2024-11-30T02:00,2,5,335,24328.0
2024-11-30T03:00,3,5,335,25736.0
2024-11-30T04:00,4,5,335,25605.0
2024-11-30T05:00,5,5,335,24993.0
2024-11-30T06:00,6,5,335,24838.0
2024-11-30T07:00,7,5,335,24248.0
2024-11-30T08:00,8,5,335,23410.0
2024-11-30T09:00,9,5,335,22945.0
2024-11-30T10:00,10,5,335,21941.0
2024-11-30T11:00,11,5,335,21247.0
2024-11-30T12:00,12,5,335,20630.0
2024-11-30T13:00,13,5,335,20375.0
2024-11-30T14:00,14,5,335,20518.0
2024-11-30T15:00,15,5,335,20945.0
2024-11-30T16:00,16,5,335,21839.0
2024-11-30T17:00,17,5,335,22764.0
2024-11-30T18:00,18,5,335,24212.0
2024-11-30T19:00,19,5,335,24978.0
2024-11-30T20:00,20,5,335,24792.0
2024-11-30T21:00,21,5,335,24156.0
2024-11-30T22:00,22,5,335,23787.0
2024-11-30T23:00,23,5,335,23633.0
2024-12-01T00:00,0,6,336,22747.0
2024-12-01T01:00,1,6,336,22478.0
2024-12-01T02:00,2,6,336,23990.0
2024-12-01T03:00,3,6,336,25422.0
2024-12-01T04:00,4,6,336,25299.0
2024-12-01T05:00,5,6,336,24803.0
2024-12-01T06:00,6,6,336,24448.0
2024-12-01T07:00,7,6,336,23988.0
2024-12-01T08:00,8,6,336,22997.0
2024-12-01T09:00,9,6,336,22038.0
2024-12-01T10:00,10,6,336,21328.0
2024-12-01T11:00,11,6,336,20541.0
2024-12-01T12:00,12,6,336,20078.0
2024-12-01T13:00,13,6,336,19856.0
2024-12-01T14:00,14,6,336,20133.0
2024-12-01T15:00,15,6,336,20256.0
2024-12-01T16:00,16,6,336,20882.0
2024-12-01T17:00,17,6,336,21604.0
2024-12-01T18:00,18,6,336,22308.0
2024-12-01T19:00,19,6,336,23911.0
2024-12-01T20:00,20,6,336,24151.0
2024-12-01T21:00,21,6,336,23667.0
2024-12-01T22:00,22,6,336,24054.0
2024-12-01T23:00,23,6,336,23535.0
2024-12-02T00:00,0,0,337,23366.0
2024-12-02T01:00,1,0,337,22304.0
2024-12-02T02:00,2,0,337,24142.0
2024-12-02T03:00,3,0,337,25498.0
2024-12-02T04:00,4,0,337,25596.0
2024-12-02T05:00,5,0,337,25297.0
2024-12-02T06:00,6,0,337,24737.0
2024-12-02T07:00,7,0,337,24028.0
2024-12-02T08:00,8,0,337,22794.0
2024-12-02T09:00,9,0,337,22102.0
2024-12-02T10:00,10,0,337,21688.0
2024-12-02T11:00,11,0,337,20948.0
2024-12-02T12:00,12,0,337,20348.0
2024-12-02T13:00,13,0,337,20634.0
2024-12-02T14:00,14,0,337,20766.0
2024-12-02T15:00,15,0,337,22225.0
2024-12-02T16:00,16,0,337,24471.0
2024-12-02T17:00,17,0,337,26171.0
2024-12-02T18:00,18,0,337,27808.0
2024-12-02T19:00,19,0,337,26816.0
2024-12-02T20:00,20,0,337,25947.0
2024-12-02T21:00,21,0,337,25457.0
2024-12-02T22:00,22,0,337,25208.0
2024-12-02T23:00,23,0,337,24750.0
2024-12-03T00:00,0,1,338,24768.0
2024-12-03T01:00,1,1,338,24294.0
2024-12-03T02:00,2,1,338,25856.0
2024-12-03T03:00,3,1,338,27400.0
2024-12-03T04:00,4,1,338,27323.0
2024-12-03T05:00,5,1,338,26914.0
2024-12-03T06:00,6,1,338,26548.0
2024-12-03T07:00,7,1,338,25808.0
2024-12-03T08:00,8,1,338,24470.0
2024-12-03T09:00,9,1,338,23144.0
2024-12-03T10:00,10,1,338,22429.0
2024-12-03T11:00,11,1,338,21648.0
2024-12-03T12:00,12,1,338,21490.0
2024-12-03T13:00,13,1,338,21041.0
2024-12-03T14:00,14,1,338,21265.0
2024-12-03T15:00,15,1,338,22505.0
2024-12-03T16:00,16,1,338,24790.0
2024-12-03T17:00,17,1,338,26310.0
2024-12-03T18:00,18,1,338,27229.0
2024-12-03T19:00,19,1,338,27257.0
2024-12-03T20:00,20,1,338,26411.0
2024-12-03T21:00,21,1,338,26257.0
2024-12-03T22:00,22,1,338,26010.0
2024-12-03T23:00,23,1,338,25782.0
2024-12-04T00:00,0,2,339,25436.0
2024-12-04T01:00,1,2,339,24540.0
2024-12-04T02:00,2,2,339,25551.0
2024-12-04T03:00,3,2,339,27222.0
2024-12-04T04:00,4,2,339,27252.0
2024-12-04T05:00,5,2,339,26783.0
2024-12-04T06:00,6,2,339,26212.0
2024-12-04T07:00,7,2,339,25715.0
2024-12-04T08:00,8,2,339,24532.0
2024-12-04T09:00,9,2,339,23333.0
2024-12-04T10:00,10,2,339,22568.0
2024-12-04T11:00,11,2,339,22004.0
2024-12-04T12:00,12,2,339,21331.0
2024-12-04T13:00,13,2,339,20990.0
2024-12-04T14:00,14,2,339,21228.0
2024-12-04T15:00,15,2,339,22570.0
2024-12-04T16:00,16,2,339,24573.0
2024-12-04T17:00,17,2,339,26491.0
2024-12-04T18:00,18,2,339,27453.0
2024-12-04T19:00,19,2,339,27336.0
2024-12-04T20:00,20,2,339,26458.0
2024-12-04T21:00,21,2,339,25543.0
2024-12-04T22:00,22,2,339,25217.0
2024-12-04T23:00,23,2,339,25548.0
2024-12-05T00:00,0,3,340,25264.0
2024-12-05T01:00,1,3,340,24314.0
2024-12-05T02:00,2,3,340,25752.0
2024-12-05T03:00,3,3,340,27448.0
2024-12-05T04:00,4,3,340,27303.0
2024-12-05T05:00,5,3,340,26861.0
2024-12-05T06:00,6,3,340,26437.0
2024-12-05T07:00,7,3,340,25839.0
2024-12-05T08:00,8,3,340,24538.0
2024-12-05T09:00,9,3,340,23340.0
2024-12-05T10:00,10,3,340,22585.0
2024-12-05T11:00,11,3,340,21937.0
2024-12-05T12:00,12,3,340,21415.0
2024-12-05T13:00,13,3,340,21105.0
2024-12-05T14:00,14,3,340,21272.0
2024-12-05T15:00,15,3,340,22615.0
2024-12-05T16:00,16,3,340,24557.0
2024-12-05T17:00,17,3,340,26176.0
2024-12-05T18:00,18,3,340,27360.0
2024-12-05T19:00,19,3,340,27443.0
2024-12-05T20:00,20,3,340,27081.0
2024-12-05T21:00,21,3,340,26398.0
2024-12-05T22:00,22,3,340,25831.0
2024-12-05T23:00,23,3,340,25963.0
2024-12-06T00:00,0,4,341,25583.0
2024-12-06T01:00,1,4,341,24784.0
2024-12-06T02:00,2,4,341,25736.0
2024-12-06T03:00,3,4,341,27610.0
2024-12-06T04:00,4,4,341,27396.0
2024-12-06T05:00,5,4,341,27052.0
2024-12-06T06:00,6,4,341,26719.0
2024-12-06T07:00,7,4,341,26085.0
2024-12-06T08:00,8,4,341,24789.0
2024-12-06T09:00,9,4,341,23627.0
2024-12-06T10:00,10,4,341,22860.0
2024-12-06T11:00,11,4,341,22209.0
2024-12-06T12:00,12,4,341,21468.0
2024-12-06T13:00,13,4,341,21727.0
2024-12-06T14:00,14,4,341,21671.0
2024-12-06T15:00,15,4,341,22773.0
2024-12-06T16:00,16,4,341,24724.0
2024-12-06T17:00,17,4,341,25773.0
2024-12-06T18:00,18,4,341,26699.0
2024-12-06T19:00,19,4,341,26357.0
2024-12-06T20:00,20,4,341,25563.0
2024-12-06T21:00,21,4,341,25454.0
2024-12-06T22:00,22,4,341,25399.0
2024-12-06T23:00,23,4,341,26041.0
2024-12-07T00:00,0,5,342,26219.0
2024-12-07T01:00,1,5,342,24708.0
2024-12-07T02:00,2,5,342,25853.0
2024-12-07T03:00,3,5,342,27324.0
2024-12-07T04:00,4,5,342,27106.0
2024-12-07T05:00,5,5,342,26551.0
2024-12-07T06:00,6,5,342,26087.0
2024-12-07T07:00,7,5,342,25676.0
2024-12-07T08:00,8,5,342,24710.0
2024-12-07T09:00,9,5,342,23892.0
2024-12-07T10:00,10,5,342,23016.0
2024-12-07T11:00,11,5,342,22231.0
2024-12-07T12:00,12,5,342,21421.0
2024-12-07T13:00,13,5,342,21035.0
2024-12-07T14:00,14,5,342,21049.0
2024-12-07T15:00,15,5,342,21623.0
2024-12-07T16:00,16,5,342,22628.0
2024-12-07T17:00,17,5,342,23261.0
2024-12-07T18:00,18,5,342,24948.0
2024-12-07T19:00,19,5,342,25354.0
2024-12-07T20:00,20,5,342,24130.0
2024-12-07T21:00,21,5,342,23606.0
2024-12-07T22:00,22,5,342,23714.0
2024-12-07T23:00,23,5,342,24278.0
2024-12-08T00:00,0,6,343,24340.0
2024-12-08T01:00,1,6,343,23083.0
2024-12-08T02:00,2,6,343,24346.0
2024-12-08T03:00,3,6,343,25964.0
2024-12-08T04:00,4,6,343,25619.0
2024-12-08T05:00,5,6,343,25322.0
2024-12-08T06:00,6,6,343,25090.0
2024-12-08T07:00,7,6,343,24724.0
2024-12-08T08:00,8,6,343,23859.0
2024-12-08T09:00,9,6,343,22984.0
2024-12-08T10:00,10,6,343,22405.0
2024-12-08T11:00,11,6,343,21616.0
2024-12-08T12:00,12,6,343,20903.0
2024-12-08T13:00,13,6,343,20594.0
2024-12-08T14:00,14,6,343,20390.0
2024-12-08T15:00,15,6,343,20707.0
2024-12-08T16:00,16,6,343,21585.0
2024-12-08T17:00,17,6,343,22389.0
2024-12-08T18:00,18,6,343,24353.0
2024-12-08T19:00,19,6,343,24820.0
2024-12-08T20:00,20,6,343,23698.0
2024-12-08T21:00,21,6,343,22921.0
2024-12-08T22:00,22,6,343,22157.0
2024-12-08T23:00,23,6,343,22001.0
2024-12-09T00:00,0,0,344,21685.0
2024-12-09T01:00,1,0,344,22411.0
2024-12-09T02:00,2,0,344,24244.0
2024-12-09T03:00,3,0,344,25957.0
2024-12-09T04:00,4,0,344,25950.0
2024-12-09T05:00,5,0,344,25787.0
2024-12-09T06:00,6,0,344,25470.0
2024-12-09T07:00,7,0,344,24913.0
2024-12-09T08:00,8,0,344,23627.0
2024-12-09T09:00,9,0,344,22799.0
2024-12-09T10:00,10,0,344,22091.0
2024-12-09T11:00,11,0,344,21525.0
2024-12-09T12:00,12,0,344,20851.0
2024-12-09T13:00,13,0,344,20823.0
2024-12-09T14:00,14,0,344,21340.0
2024-12-09T15:00,15,0,344,22768.0
2024-12-09T16:00,16,0,344,25141.0
2024-12-09T17:00,17,0,344,26748.0
2024-12-09T18:00,18,0,344,27296.0
2024-12-09T19:00,19,0,344,27626.0
2024-12-09T20:00,20,0,344,26860.0
2024-12-09T21:00,21,0,344,27028.0
2024-12-09T22:00,22,0,344,27808.0
2024-12-09T23:00,23,0,344,27133.0
2024-12-10T00:00,0,1,345,26614.0
2024-12-10T01:00,1,1,345,25320.0
2024-12-10T02:00,2,1,345,26620.0
2024-12-10T03:00,3,1,345,28242.0
2024-12-10T04:00,4,1,345,28169.0
2024-12-10T05:00,5,1,345,27753.0
2024-12-10T06:00,6,1,345,27297.0
2024-12-10T07:00,7,1,345,26737.0
2024-12-10T08:00,8,1,345,25241.0
2024-12-10T09:00,9,1,345,23948.0
2024-12-10T10:00,10,1,345,23194.0
2024-12-10T11:00,11,1,345,22368.0
2024-12-10T12:00,12,1,345,22199.0
2024-12-10T13:00,13,1,345,21814.0
2024-12-10T14:00,14,1,345,22100.0
2024-12-10T15:00,15,1,345,23585.0
2024-12-10T16:00,16,1,345,25778.0
2024-12-10T17:00,17,1,345,27509.0
2024-12-10T18:00,18,1,345,28474.0
2024-12-10T19:00,19,1,345,28158.0
2024-12-10T20:00,20,1,345,26956.0
2024-12-10T21:00,21,1,345,27052.0
2024-12-10T22:00,22,1,345,26821.0
2024-12-10T23:00,23,1,345,26905.0
2024-12-11T00:00,0,2,346,26362.0
2024-12-11T01:00,1,2,346,24941.0
2024-12-11T02:00,2,2,346,26709.0
2024-12-11T03:00,3,2,346,28201.0
2024-12-11T04:00,4,2,346,28613.0
2024-12-11T05:00,5,2,346,28170.0
2024-12-11T06:00,6,2,346,27501.0
2024-12-11T07:00,7,2,346,26923.0
2024-12-11T08:00,8,2,346,25751.0
2024-12-11T09:00,9,2,346,24656.0
2024-12-11T10:00,10,2,346,23527.0
2024-12-11T11:00,11,2,346,23329.0
2024-12-11T12:00,12,2,346,22851.0
2024-12-11T13:00,13,2,346,22444.0
2024-12-11T14:00,14,2,346,22689.0
2024-12-11T15:00,15,2,346,24123.0
2024-12-11T16:00,16,2,346,26490.0
2024-12-11T17:00,17,2,346,28133.0
2024-12-11T18:00,18,2,346,28287.0
2024-12-11T19:00,19,2,346,28743.0
2024-12-11T20:00,20,2,346,28190.0
2024-12-11T21:00,21,2,346,27777.0
2024-12-11T22:00,22,2,346,27196.0
2024-12-11T23:00,23,2,346,27334.0
2024-12-12T00:00,0,3,347,26375.0
2024-12-12T01:00,1,3,347,25982.0
2024-12-12T02:00,2,3,347,27175.0
2024-12-12T03:00,3,3,347,28591.0
2024-12-12T04:00,4,3,347,28489.0
2024-12-12T05:00,5,3,347,28170.0
2024-12-12T06:00,6,3,347,27810.0
2024-12-12T07:00,7,3,347,27002.0
2024-12-12T08:00,8,3,347,25770.0
2024-12-12T09:00,9,3,347,24310.0
2024-12-12T10:00,10,3,347,23862.0
2024-12-12T11:00,11,3,347,23425.0
2024-12-12T12:00,12,3,347,22828.0
2024-12-12T13:00,13,3,347,22875.0
2024-12-12T14:00,14,3,347,22538.0
2024-12-12T15:00,15,3,347,23951.0
2024-12-12T16:00,16,3,347,26257.0
2024-12-12T17:00,17,3,347,27750.0
2024-12-12T18:00,18,3,347,27444.0
2024-12-12T19:00,19,3,347,26816.0
2024-12-12T20:00,20,3,347,27263.0
2024-12-12T21:00,21,3,347,28280.0
2024-12-12T22:00,22,3,347,29010.0
2024-12-12T23:00,23,3,347,29961.0
2024-12-13T00:00,0,4,348,29774.0
2024-12-13T01:00,1,4,348,27619.0
2024-12-13T02:00,2,4,348,27681.0
2024-12-13T03:00,3,4,348,29361.0
2024-12-13T04:00,4,4,348,28999.0
2024-12-13T05:00,5,4,348,28820.0
2024-12-13T06:00,6,4,348,28287.0
2024-12-13T07:00,7,4,348,27675.0
2024-12-13T08:00,8,4,348,26557.0
2024-12-13T09:00,9,4,348,25890.0
2024-12-13T10:00,10,4,348,24348.0
2024-12-13T11:00,11,4,348,23716.0
2024-12-13T12:00,12,4,348,23114.0
2024-12-13T13:00,13,4,348,22778.0
2024-12-13T14:00,14,4,348,22347.0
2024-12-13T15:00,15,4,348,23389.0
2024-12-13T16:00,16,4,348,25493.0
2024-12-13T17:00,17,4,348,27273.0
2024-12-13T18:00,18,4,348,29010.0
2024-12-13T19:00,19,4,348,29937.0
2024-12-13T20:00,20,4,348,28616.0
2024-12-13T21:00,21,4,348,28054.0
2024-12-13T22:00,22,4,348,27684.0
2024-12-13T23:00,23,4,348,27896.0
2024-12-14T00:00,0,5,349,27542.0
2024-12-14T01:00,1,5,349,26138.0
2024-12-14T02:00,2,5,349,27040.0
2024-12-14T03:00,3,5,349,28528.0
2024-12-14T04:00,4,5,349,28064.0
2024-12-14T05:00,5,5,349,27826.0
2024-12-14T06:00,6,5,349,27227.0
2024-12-14T07:00,7,5,349,26677.0
2024-12-14T08:00,8,5,349,25823.0
2024-12-14T09:00,9,5,349,24348.0
2024-12-14T10:00,10,5,349,23911.0
2024-12-14T11:00,11,5,349,23085.0
2024-12-14T12:00,12,5,349,21850.0
2024-12-14T13:00,13,5,349,21587.0
2024-12-14T14:00,14,5,349,21503.0
2024-12-14T15:00,15,5,349,22137.0
2024-12-14T16:00,16,5,349,23186.0
2024-12-14T17:00,17,5,349,23630.0
2024-12-14T18:00,18,5,349,23852.0
2024-12-14T19:00,19,5,349,24855.0
2024-12-14T20:00,20,5,349,25487.0
2024-12-14T21:00,21,5,349,25382.0
2024-12-14T22:00,22,5,349,24852.0
2024-12-14T23:00,23,5,349,24733.0
2024-12-15T00:00,0,6,350,24335.0
2024-12-15T01:00,1,6,350,23942.0
2024-12-15T02:00,2,6,350,24970.0
2024-12-15T03:00,3,6,350,26613.0
2024-12-15T04:00,4,6,350,26575.0
2024-12-15T05:00,5,6,350,26165.0
2024-12-15T06:00,6,6,350,25934.0
2024-12-15T07:00,7,6,350,25667.0
2024-12-15T08:00,8,6,350,24620.0
2024-12-15T09:00,9,6,350,23753.0
2024-12-15T10:00,10,6,350,22784.0
2024-12-15T11:00,11,6,350,22063.0
2024-12-15T12:00,12,6,350,21298.0
2024-12-15T13:00,13,6,350,20920.0
2024-12-15T14:00,14,6,350,20800.0
2024-12-15T15:00,15,6,350,21415.0
2024-12-15T16:00,16,6,350,22316.0
2024-12-15T17:00,17,6,350,22903.0
2024-12-15T18:00,18,6,350,23972.0
2024-12-15T19:00,19,6,350,24922.0
2024-12-15T20:00,20,6,350,24376.0
2024-12-15T21:00,21,6,350,24247.0
2024-12-15T22:00,22,6,350,23913.0
2024-12-15T23:00,23,6,350,23312.0
2024-12-16T00:00,0,0,351,22750.0
2024-12-16T01:00,1,0,351,22518.0
2024-12-16T02:00,2,0,351,24656.0
2024-12-16T03:00,3,0,351,26942.0
2024-12-16T04:00,4,0,351,27137.0
2024-12-16T05:00,5,0,351,27132.0
2024-12-16T06:00,6,0,351,26750.0
2024-12-16T07:00,7,0,351,26230.0
2024-12-16T08:00,8,0,351,25055.0
2024-12-16T09:00,9,0,351,23789.0
2024-12-16T10:00,10,0,351,23729.0
2024-12-16T11:00,11,0,351,23459.0
2024-12-16T12:00,12,0,351,22933.0
2024-12-16T13:00,13,0,351,22676.0
2024-12-16T14:00,14,0,351,22511.0
2024-12-16T15:00,15,0,351,23806.0
2024-12-16T16:00,16,0,351,25975.0
2024-12-16T17:00,17,0,351,27557.0
2024-12-16T18:00,18,0,351,28122.0
2024-12-16T19:00,19,0,351,28424.0
2024-12-16T20:00,20,0,351,28411.0
2024-12-16T21:00,21,0,351,28227.0
2024-12-16T22:00,22,0,351,28549.0
2024-12-16T23:00,23,0,351,28590.0
2024-12-17T00:00,0,1,352,28203.0
2024-12-17T01:00,1,1,352,27047.0
2024-12-17T02:00,2,1,352,27873.0
2024-12-17T03:00,3,1,352,29475.0
2024-12-17T04:00,4,1,352,29383.0
2024-12-17T05:00,5,1,352,28952.0
2024-12-17T06:00,6,1,352,28318.0
2024-12-17T07:00,7,1,352,27540.0
2024-12-17T08:00,8,1,352,26166.0
2024-12-17T09:00,9,1,352,24708.0
2024-12-17T10:00,10,1,352,23807.0
2024-12-17T11:00,11,1,352,22833.0
2024-12-17T12:00,12,1,352,22860.0
2024-12-17T13:00,13,1,352,21975.0
2024-12-17T14:00,14,1,352,22240.0
2024-12-17T15:00,15,1,352,23703.0
2024-12-17T16:00,16,1,352,25980.0
2024-12-17T17:00,17,1,352,27301.0
2024-12-17T18:00,18,1,352,27896.0
2024-12-17T19:00,19,1,352,28281.0
2024-12-17T20:00,20,1,352,27465.0
2024-12-17T21:00,21,1,352,26899.0
2024-12-17T22:00,22,1,352,27409.0
2024-12-17T23:00,23,1,352,28029.0
2024-12-18T00:00,0,2,353,28312.0
2024-12-18T01:00,1,2,353,26351.0
2024-12-18T02:00,2,2,353,26982.0
2024-12-18T03:00,3,2,353,28917.0
2024-12-18T04:00,4,2,353,28850.0
2024-12-18T05:00,5,2,353,28707.0
2024-12-18T06:00,6,2,353,27905.0
2024-12-18T07:00,7,2,353,27239.0
2024-12-18T08:00,8,2,353,25934.0
2024-12-18T09:00,9,2,353,24621.0
2024-12-18T10:00,10,2,353,23681.0
2024-12-18T11:00,11,2,353,22851.0
2024-12-18T12:00,12,2,353,22172.0
2024-12-18T13:00,13,2,353,21853.0
2024-12-18T14:00,14,2,353,22387.0
2024-12-18T15:00,15,2,353,23787.0
2024-12-18T16:00,16,2,353,25809.0
2024-12-18T17:00,17,2,353,27545.0
2024-12-18T18:00,18,2,353,28089.0
2024-12-18T19:00,19,2,353,28461.0
2024-12-18T20:00,20,2,353,28027.0
2024-12-18T21:00,21,2,353,28025.0
2024-12-18T22:00,22,2,353,28037.0
2024-12-18T23:00,23,2,353,28707.0
2024-12-19T00:00,0,3,354,28859.0
2024-12-19T01:00,1,3,354,27113.0
2024-12-19T02:00,2,3,354,27077.0
2024-12-19T03:00,3,3,354,28507.0
2024-12-19T04:00,4,3,354,28389.0
2024-12-19T05:00,5,3,354,28088.0
2024-12-19T06:00,6,3,354,27557.0
2024-12-19T07:00,7,3,354,27120.0
2024-12-19T08:00,8,3,354,25611.0
2024-12-19T09:00,9,3,354,24279.0
2024-12-19T10:00,10,3,354,23805.0
2024-12-19T11:00,11,3,354,22961.0
2024-12-19T12:00,12,3,354,22447.0
2024-12-19T13:00,13,3,354,22061.0
2024-12-19T14:00,14,3,354,21728.0
2024-12-19T15:00,15,3,354,22808.0
2024-12-19T16:00,16,3,354,25015.0
2024-12-19T17:00,17,3,354,26622.0
2024-12-19T18:00,18,3,354,27294.0
2024-12-19T19:00,19,3,354,27093.0
2024-12-19T20:00,20,3,354,26196.0
2024-12-19T21:00,21,3,354,26102.0
2024-12-19T22:00,22,3,354,26154.0
2024-12-19T23:00,23,3,354,26603.0
2024-12-20T00:00,0,4,355,26531.0
2024-12-20T01:00,1,4,355,25628.0
2024-12-20T02:00,2,4,355,26697.0
2024-12-20T03:00,3,4,355,28285.0
2024-12-20T04:00,4,4,355,28172.0
2024-12-20T05:00,5,4,355,27585.0
2024-12-20T06:00,6,4,355,27083.0
2024-12-20T07:00,7,4,355,26380.0
2024-12-20T08:00,8,4,355,25012.0
2024-12-20T09:00,9,4,355,23515.0
2024-12-20T10:00,10,4,355,23061.0
2024-12-20T11:00,11,4,355,22169.0
2024-12-20T12:00,12,4,355,21587.0
2024-12-20T13:00,13,4,355,21165.0
2024-12-20T14:00,14,4,355,21438.0
2024-12-20T15:00,15,4,355,22706.0
2024-12-20T16:00,16,4,355,24822.0
2024-12-20T17:00,17,4,355,26450.0
2024-12-20T18:00,18,4,355,27416.0
2024-12-20T19:00,19,4,355,28040.0
2024-12-20T20:00,20,4,355,27987.0
2024-12-20T21:00,21,4,355,27724.0
2024-12-20T22:00,22,4,355,27655.0
2024-12-20T23:00,23,4,355,27513.0
2024-12-21T00:00,0,5,356,26848.0
2024-12-21T01:00,1,5,356,25364.0
2024-12-21T02:00,2,5,356,26257.0
2024-12-21T03:00,3,5,356,27860.0
2024-12-21T04:00,4,5,356,27518.0
2024-12-21T05:00,5,5,356,27099.0
2024-12-21T06:00,6,5,356,26465.0
2024-12-21T07:00,7,5,356,25983.0
2024-12-21T08:00,8,5,356,24895.0
2024-12-21T09:00,9,5,356,23457.0
2024-12-21T10:00,10,5,356,22588.0
2024-12-21T11:00,11,5,356,21958.0
2024-12-21T12:00,12,5,356,21246.0
2024-12-21T13:00,13,5,356,20770.0
2024-12-21T14:00,14,5,356,20827.0
2024-12-21T15:00,15,5,356,21214.0
2024-12-21T16:00,16,5,356,21941.0
2024-12-21T17:00,17,5,356,22748.0
2024-12-21T18:00,18,5,356,24918.0
2024-12-21T19:00,19,5,356,25766.0
2024-12-21T20:00,20,5,356,25040.0
2024-12-21T21:00,21,5,356,25214.0
2024-12-21T22:00,22,5,356,25493.0
2024-12-21T23:00,23,5,356,25278.0
2024-12-22T00:00,0,6,357,25514.0
2024-12-22T01:00,1,6,357,23666.0
2024-12-22T02:00,2,6,357,24345.0
2024-12-22T03:00,3,6,357,25582.0
2024-12-22T04:00,4,6,357,25521.0
2024-12-22T05:00,5,6,357,25246.0
2024-12-22T06:00,6,6,357,24825.0
2024-12-22T07:00,7,6,357,24574.0
2024-12-22T08:00,8,6,357,23574.0
2024-12-22T09:00,9,6,357,22404.0
2024-12-22T10:00,10,6,357,21819.0
2024-12-22T11:00,11,6,357,20884.0
2024-12-22T12:00,12,6,357,20390.0
2024-12-22T13:00,13,6,357,20019.0
2024-12-22T14:00,14,6,357,19755.0
2024-12-22T15:00,15,6,357,20137.0
2024-12-22T16:00,16,6,357,20825.0
2024-12-22T17:00,17,6,357,21793.0
2024-12-22T18:00,18,6,357,22976.0
2024-12-22T19:00,19,6,357,23221.0
2024-12-22T20:00,20,6,357,22999.0
2024-12-22T21:00,21,6,357,22176.0
2024-12-22T22:00,22,6,357,22526.0
2024-12-22T23:00,23,6,357,23959.0
2024-12-23T00:00,0,0,358,24201.0
2024-12-23T01:00,1,0,358,23332.0
2024-12-23T02:00,2,0,358,24042.0
2024-12-23T03:00,3,0,358,25819.0
2024-12-23T04:00,4,0,358,25768.0
2024-12-23T05:00,5,0,358,25481.0
2024-12-23T06:00,6,0,358,24852.0
2024-12-23T07:00,7,0,358,24585.0
2024-12-23T08:00,8,0,358,23359.0
2024-12-23T09:00,9,0,358,22178.0
2024-12-23T10:00,10,0,358,21976.0
2024-12-23T11:00,11,0,358,21440.0
2024-12-23T12:00,12,0,358,21109.0
2024-12-23T13:00,13,0,358,20547.0
2024-12-23T14:00,14,0,358,20508.0
2024-12-23T15:00,15,0,358,21284.0
2024-12-23T16:00,16,0,358,22960.0
2024-12-23T17:00,17,0,358,24318.0
2024-12-23T18:00,18,0,358,25732.0
2024-12-23T19:00,19,0,358,26725.0
2024-12-23T20:00,20,0,358,26709.0
2024-12-23T21:00,21,0,358,26085.0
2024-12-23T22:00,22,0,358,25749.0
2024-12-23T23:00,23,0,358,25370.0
2024-12-24T00:00,0,1,359,25531.0
2024-12-24T01:00,1,1,359,24635.0
2024-12-24T02:00,2,1,359,25290.0
2024-12-24T03:00,3,1,359,26856.0
2024-12-24T04:00,4,1,359,26639.0
2024-12-24T05:00,5,1,359,26117.0
2024-12-24T06:00,6,1,359,25552.0
2024-12-24T07:00,7,1,359,25108.0
2024-12-24T08:00,8,1,359,23931.0
2024-12-24T09:00,9,1,359,22572.0
2024-12-24T10:00,10,1,359,21790.0
2024-12-24T11:00,11,1,359,20830.0
2024-12-24T12:00,12,1,359,20200.0
2024-12-24T13:00,13,1,359,20559.0
2024-12-24T14:00,14,1,359,20019.0
2024-12-24T15:00,15,1,359,20892.0
2024-12-24T16:00,16,1,359,21708.0
2024-12-24T17:00,17,1,359,22897.0
2024-12-24T18:00,18,1,359,23790.0
2024-12-24T19:00,19,1,359,24601.0
2024-12-24T20:00,20,1,359,25698.0
2024-12-24T21:00,21,1,359,25366.0
2024-12-24T22:00,22,1,359,26444.0
2024-12-24T23:00,23,1,359,26589.0
2024-12-25T00:00,0,2,360,26085.0
2024-12-25T01:00,1,2,360,24778.0
2024-12-25T02:00,2,2,360,24382.0
2024-12-25T03:00,3,2,360,25711.0
2024-12-25T04:00,4,2,360,25026.0
2024-12-25T05:00,5,2,360,24155.0
2024-12-25T06:00,6,2,360,23944.0
2024-12-25T07:00,7,2,360,23487.0
2024-12-25T08:00,8,2,360,22710.0
2024-12-25T09:00,9,2,360,21928.0
2024-12-25T10:00,10,2,360,21506.0
2024-12-25T11:00,11,2,360,21016.0
2024-12-25T12:00,12,2,360,20500.0
2024-12-25T13:00,13,2,360,19964.0
2024-12-25T14:00,14,2,360,19582.0
2024-12-25T15:00,15,2,360,19959.0
2024-12-25T16:00,16,2,360,20791.0
2024-12-25T17:00,17,2,360,21196.0
2024-12-25T18:00,18,2,360,22340.0
2024-12-25T19:00,19,2,360,22439.0
2024-12-25T20:00,20,2,360,22913.0
2024-12-25T21:00,21,2,360,22761.0
2024-12-25T22:00,22,2,360,23462.0
2024-12-25T23:00,23,2,360,24296.0
2024-12-26T00:00,0,3,361,24646.0
2024-12-26T01:00,1,3,361,21966.0
2024-12-26T02:00,2,3,361,22551.0
2024-12-26T03:00,3,3,361,23946.0
2024-12-26T04:00,4,3,361,23916.0
2024-12-26T05:00,5,3,361,23759.0
2024-12-26T06:00,6,3,361,23511.0
2024-12-26T07:00,7,3,361,23321.0
2024-12-26T08:00,8,3,361,22430.0
2024-12-26T09:00,9,3,361,21562.0
2024-12-26T10:00,10,3,361,20914.0
2024-12-26T11:00,11,3,361,20434.0
2024-12-26T12:00,12,3,361,20974.0
2024-12-26T13:00,13,3,361,21181.0
2024-12-26T14:00,14,3,361,21129.0
2024-12-26T15:00,15,3,361,22001.0
2024-12-26T16:00,16,3,361,23191.0
2024-12-26T17:00,17,3,361,23592.0
2024-12-26T18:00,18,3,361,24324.0
2024-12-26T19:00,19,3,361,25413.0
2024-12-26T20:00,20,3,361,26213.0
2024-12-26T21:00,21,3,361,26057.0
2024-12-26T22:00,22,3,361,26510.0
2024-12-26T23:00,23,3,361,26313.0
2024-12-27T00:00,0,4,362,26139.0
2024-12-27T01:00,1,4,362,24960.0
2024-12-27T02:00,2,4,362,25322.0
2024-12-27T03:00,3,4,362,26901.0
2024-12-27T04:00,4,4,362,26611.0
2024-12-27T05:00,5,4,362,26285.0
2024-12-27T06:00,6,4,362,25689.0
2024-12-27T07:00,7,4,362,25114.0
2024-12-27T08:00,8,4,362,23884.0
2024-12-27T09:00,9,4,362,22586.0
2024-12-27T10:00,10,4,362,21694.0
2024-12-27T11:00,11,4,362,21032.0
2024-12-27T12:00,12,4,362,20436.0
2024-12-27T13:00,13,4,362,20168.0
2024-12-27T14:00,14,4,362,20207.0
2024-12-27T15:00,15,4,362,21119.0
2024-12-27T16:00,16,4,362,22513.0
2024-12-27T17:00,17,4,362,23850.0
2024-12-27T18:00,18,4,362,25017.0
2024-12-27T19:00,19,4,362,26714.0
2024-12-27T20:00,20,4,362,26494.0
2024-12-27T21:00,21,4,362,26773.0
2024-12-27T22:00,22,4,362,26964.0
2024-12-27T23:00,23,4,362,26596.0
2024-12-28T00:00,0,5,363,26632.0
2024-12-28T01:00,1,5,363,24757.0
2024-12-28T02:00,2,5,363,24863.0
2024-12-28T03:00,3,5,363,26722.0
2024-12-28T04:00,4,5,363,26429.0
2024-12-28T05:00,5,5,363,26039.0
2024-12-28T06:00,6,5,363,25201.0
2024-12-28T07:00,7,5,363,24651.0
2024-12-28T08:00,8,5,363,23600.0
2024-12-28T09:00,9,5,363,22383.0
2024-12-28T10:00,10,5,363,21767.0
2024-12-28T11:00,11,5,363,20816.0
2024-12-28T12:00,12,5,363,19949.0
2024-12-28T13:00,13,5,363,19522.0
2024-12-28T14:00,14,5,363,19560.0
2024-12-28T15:00,15,5,363,19956.0
2024-12-28T16:00,16,5,363,20875.0
2024-12-28T17:00,17,5,363,21867.0
2024-12-28T18:00,18,5,363,22576.0
2024-12-28T19:00,19,5,363,24629.0
2024-12-28T20:00,20,5,363,24922.0
2024-12-28T21:00,21,5,363,25892.0
2024-12-28T22:00,22,5,363,25719.0
2024-12-28T23:00,23,5,363,24824.0
2024-12-29T00:00,0,6,364,24102.0
2024-12-29T01:00,1,6,364,22429.0
2024-12-29T02:00,2,6,364,22880.0
2024-12-29T03:00,3,6,364,24937.0
2024-12-29T04:00,4,6,364,24864.0
2024-12-29T05:00,5,6,364,24828.0
2024-12-29T06:00,6,6,364,24184.0
2024-12-29T07:00,7,6,364,23966.0
2024-12-29T08:00,8,6,364,22857.0
2024-12-29T09:00,9,6,364,22197.0
2024-12-29T10:00,10,6,364,21119.0
2024-12-29T11:00,11,6,364,20584.0
2024-12-29T12:00,12,6,364,19825.0
2024-12-29T13:00,13,6,364,19477.0
2024-12-29T14:00,14,6,364,19348.0
2024-12-29T15:00,15,6,364,19627.0
2024-12-29T16:00,16,6,364,20358.0
2024-12-29T17:00,17,6,364,21467.0
2024-12-29T18:00,18,6,364,23076.0
2024-12-29T19:00,19,6,364,24043.0
2024-12-29T20:00,20,6,364,24297.0
2024-12-29T21:00,21,6,364,24363.0
2024-12-29T22:00,22,6,364,24377.0
2024-12-29T23:00,23,6,364,24436.0
2024-12-30T00:00,0,0,365,24363.0
2024-12-30T01:00,1,0,365,22458.0
2024-12-30T02:00,2,0,365,23249.0
2024-12-30T03:00,3,0,365,25126.0
2024-12-30T04:00,4,0,365,25424.0
2024-12-30T05:00,5,0,365,25134.0
2024-12-30T06:00,6,0,365,24824.0
2024-12-30T07:00,7,0,365,24263.0
2024-12-30T08:00,8,0,365,23027.0
2024-12-30T09:00,9,0,365,21955.0
2024-12-30T10:00,10,0,365,21522.0
2024-12-30T11:00,11,0,365,20870.0
2024-12-30T12:00,12,0,365,20605.0
2024-12-30T13:00,13,0,365,20112.0
2024-12-30T14:00,14,0,365,19955.0
2024-12-30T15:00,15,0,365,21258.0
2024-12-30T16:00,16,0,365,23164.0
2024-12-30T17:00,17,0,365,24584.0
2024-12-30T18:00,18,0,365,26465.0
2024-12-30T19:00,19,0,365,26510.0
2024-12-30T20:00,20,0,365,25637.0
2024-12-30T21:00,21,0,365,24155.0
2024-12-30T22:00,22,0,365,23807.0
2024-12-30T23:00,23,0,365,23593.0
2024-12-31T00:00,0,1,366,22854.0
